po_id,received_date,qty_received,qty_rejected
PO0000021,2023-04-10,576,4
PO0000001,2023-04-11,192,2
PO0000002,2023-04-11,210,7
PO0000003,2023-04-11,192,6
PO0000007,2023-04-11,156,0
PO0000020,2023-04-11,432,3
PO0000023,2023-04-11,984,6
PO0000027,2023-04-11,336,5
PO0000028,2023-04-11,672,8
PO0000004,2023-04-12,432,2
PO0000005,2023-04-12,570,6
PO0000011,2023-04-12,336,2
PO0000013,2023-04-12,336,1
PO0000014,2023-04-12,201,5
PO0000025,2023-04-12,510,6
PO0000030,2023-04-12,804,20
PO0000032,2023-04-12,912,4
PO0000038,2023-04-12,792,7
PO0000041,2023-04-12,216,10
PO0000009,2023-04-13,384,2
PO0000010,2023-04-13,310,6
PO0000017,2023-04-13,312,6
PO0000018,2023-04-13,576,5
PO0000019,2023-04-13,678,19
PO0000022,2023-04-13,888,45
PO0000031,2023-04-13,804,19
PO0000033,2023-04-13,804,7
PO0000035,2023-04-13,225,0
PO0000037,2023-04-13,354,3
PO0000039,2023-04-13,414,7
PO0000040,2023-04-13,1392,17
PO0000044,2023-04-13,563,6
PO0000047,2023-04-13,1476,20
PO0000050,2023-04-13,888,20
PO0000051,2023-04-13,912,19
PO0000057,2023-04-13,336,7
PO0000058,2023-04-13,288,5
PO0000007,2023-04-14,156,1
PO0000026,2023-04-14,471,6
PO0000034,2023-04-14,768,9
PO0000045,2023-04-14,276,2
PO0000048,2023-04-14,408,9
PO0000052,2023-04-14,1308,43
PO0000059,2023-04-14,312,8
PO0000066,2023-04-14,420,5
PO0000067,2023-04-14,312,2
PO0000070,2023-04-14,300,6
PO0000008,2023-04-15,384,2
PO0000014,2023-04-15,201,2
PO0000024,2023-04-15,192,0
PO0000042,2023-04-15,1200,17
PO0000045,2023-04-15,276,4
PO0000046,2023-04-15,288,6
PO0000049,2023-04-15,480,11
PO0000055,2023-04-15,984,9
PO0000058,2023-04-15,288,4
PO0000059,2023-04-15,312,12
PO0000061,2023-04-15,216,3
PO0000062,2023-04-15,1152,11
PO0000063,2023-04-15,2523,31
PO0000068,2023-04-15,546,2
PO0000069,2023-04-15,816,9
PO0000076,2023-04-15,582,11
PO0000015,2023-04-16,504,4
PO0000029,2023-04-16,312,9
PO0000034,2023-04-16,768,8
PO0000043,2023-04-16,456,2
PO0000065,2023-04-16,384,15
PO0000081,2023-04-16,288,2
PO0000084,2023-04-16,912,17
PO0000086,2023-04-16,900,19
PO0000087,2023-04-16,540,8
PO0000008,2023-04-17,384,7
PO0000035,2023-04-17,225,1
PO0000037,2023-04-17,354,3
PO0000072,2023-04-17,480,1
PO0000073,2023-04-17,726,2
PO0000077,2023-04-17,1008,33
PO0000079,2023-04-17,240,5
PO0000085,2023-04-17,96,3
PO0000087,2023-04-17,540,9
PO0000091,2023-04-17,1722,16
PO0000094,2023-04-17,540,4
PO0000096,2023-04-17,192,3
PO0000101,2023-04-17,348,2
PO0000124,2023-04-17,600,7
PO0000026,2023-04-18,471,11
PO0000053,2023-04-18,1416,26
PO0000071,2023-04-18,1152,17
PO0000074,2023-04-18,234,1
PO0000076,2023-04-18,582,6
PO0000078,2023-04-18,1254,14
PO0000080,2023-04-18,2472,21
PO0000082,2023-04-18,348,4
PO0000083,2023-04-18,426,7
PO0000098,2023-04-18,1626,7
PO0000099,2023-04-18,780,47
PO0000100,2023-04-18,456,5
PO0000107,2023-04-18,2064,55
PO0000109,2023-04-18,1740,26
PO0000110,2023-04-18,426,9
PO0000112,2023-04-18,888,13
PO0000119,2023-04-18,1368,12
PO0000122,2023-04-18,441,8
PO0000126,2023-04-18,2256,33
PO0000128,2023-04-18,5952,123
PO0000129,2023-04-18,1008,52
PO0000133,2023-04-18,240,2
PO0000134,2023-04-18,1320,18
PO0000136,2023-04-18,360,2
PO0000137,2023-04-18,888,6
PO0000139,2023-04-18,528,6
PO0000140,2023-04-18,360,6
PO0000143,2023-04-18,2448,18
PO0000145,2023-04-18,900,10
PO0000154,2023-04-18,456,2
PO0000192,2023-04-18,3678,37
PO0000056,2023-04-19,360,11
PO0000064,2023-04-19,270,1
PO0000068,2023-04-19,546,1
PO0000089,2023-04-19,672,5
PO0000092,2023-04-19,921,13
PO0000093,2023-04-19,900,47
PO0000102,2023-04-19,96,1
PO0000104,2023-04-19,393,2
PO0000105,2023-04-19,876,20
PO0000106,2023-04-19,1296,31
PO0000114,2023-04-19,1032,5
PO0000116,2023-04-19,612,5
PO0000135,2023-04-19,216,3
PO0000138,2023-04-19,99,1
PO0000144,2023-04-19,903,19
PO0000148,2023-04-19,4164,73
PO0000152,2023-04-19,336,14
PO0000163,2023-04-19,5424,52
PO0000167,2023-04-19,3318,77
PO0000168,2023-04-19,6288,71
PO0000171,2023-04-19,1134,12
PO0000174,2023-04-19,684,2
PO0000178,2023-04-19,1728,7
PO0000180,2023-04-19,2472,37
PO0000181,2023-04-19,663,12
PO0000183,2023-04-19,1842,10
PO0000185,2023-04-19,303,12
PO0000189,2023-04-19,606,4
PO0000200,2023-04-19,576,7
PO0000232,2023-04-19,768,5
PO0000236,2023-04-19,236,0
PO0000242,2023-04-19,637,2
PO0000243,2023-04-19,2526,19
PO0000036,2023-04-20,504,3
PO0000054,2023-04-20,276,6
PO0000085,2023-04-20,96,0
PO0000092,2023-04-20,921,22
PO0000101,2023-04-20,348,1
PO0000108,2023-04-20,1728,28
PO0000113,2023-04-20,240,7
PO0000118,2023-04-20,552,1
PO0000121,2023-04-20,3696,21
PO0000123,2023-04-20,2496,53
PO0000130,2023-04-20,1044,4
PO0000131,2023-04-20,1218,2
PO0000132,2023-04-20,384,1
PO0000142,2023-04-20,3552,32
PO0000147,2023-04-20,1674,20
PO0000151,2023-04-20,1152,19
PO0000153,2023-04-20,816,6
PO0000156,2023-04-20,408,7
PO0000157,2023-04-20,432,4
PO0000158,2023-04-20,840,8
PO0000162,2023-04-20,588,8
PO0000165,2023-04-20,4752,29
PO0000166,2023-04-20,1152,24
PO0000170,2023-04-20,1248,27
PO0000171,2023-04-20,1134,6
PO0000173,2023-04-20,2016,21
PO0000175,2023-04-20,1044,3
PO0000187,2023-04-20,864,4
PO0000188,2023-04-20,474,0
PO0000190,2023-04-20,594,1
PO0000191,2023-04-20,1170,8
PO0000196,2023-04-20,1656,24
PO0000197,2023-04-20,816,22
PO0000204,2023-04-20,1056,46
PO0000205,2023-04-20,720,4
PO0000211,2023-04-20,240,3
PO0000213,2023-04-20,168,3
PO0000216,2023-04-20,756,14
PO0000217,2023-04-20,1056,10
PO0000219,2023-04-20,888,12
PO0000221,2023-04-20,960,22
PO0000222,2023-04-20,390,6
PO0000224,2023-04-20,336,2
PO0000228,2023-04-20,924,48
PO0000229,2023-04-20,1824,15
PO0000234,2023-04-20,1488,62
PO0000239,2023-04-20,1092,5
PO0000016,2023-04-21,624,12
PO0000097,2023-04-21,720,9
PO0000122,2023-04-21,441,6
PO0000141,2023-04-21,1020,7
PO0000155,2023-04-21,720,2
PO0000159,2023-04-21,618,10
PO0000161,2023-04-21,288,5
PO0000172,2023-04-21,8196,182
PO0000176,2023-04-21,1032,2
PO0000177,2023-04-21,4632,50
PO0000180,2023-04-21,2472,24
PO0000184,2023-04-21,6012,138
PO0000185,2023-04-21,303,13
PO0000186,2023-04-21,960,49
PO0000193,2023-04-21,768,15
PO0000199,2023-04-21,648,7
PO0000203,2023-04-21,120,2
PO0000206,2023-04-21,576,13
PO0000207,2023-04-21,1470,7
PO0000208,2023-04-21,576,4
PO0000209,2023-04-21,480,3
PO0000211,2023-04-21,240,5
PO0000231,2023-04-21,1704,18
PO0000235,2023-04-21,636,4
PO0000240,2023-04-21,660,10
PO0000256,2023-04-21,252,4
PO0000259,2023-04-21,1032,15
PO0000266,2023-04-21,816,18
PO0000006,2023-04-22,1824,17
PO0000075,2023-04-22,240,1
PO0000095,2023-04-22,960,8
PO0000120,2023-04-22,4704,47
PO0000146,2023-04-22,3360,36
PO0000152,2023-04-22,336,15
PO0000179,2023-04-22,2610,58
PO0000195,2023-04-22,1008,4
PO0000210,2023-04-22,630,1
PO0000212,2023-04-22,1128,4
PO0000214,2023-04-22,948,12
PO0000215,2023-04-22,456,4
PO0000218,2023-04-22,768,12
PO0000222,2023-04-22,390,3
PO0000223,2023-04-22,2256,21
PO0000225,2023-04-22,816,14
PO0000226,2023-04-22,576,7
PO0000227,2023-04-22,1488,17
PO0000230,2023-04-22,576,2
PO0000233,2023-04-22,192,1
PO0000244,2023-04-22,1536,20
PO0000245,2023-04-22,216,0
PO0000246,2023-04-22,576,14
PO0000247,2023-04-22,336,2
PO0000248,2023-04-22,996,8
PO0000250,2023-04-22,357,3
PO0000251,2023-04-22,852,4
PO0000255,2023-04-22,1224,15
PO0000261,2023-04-22,1152,58
PO0000264,2023-04-22,992,11
PO0000267,2023-04-22,330,3
PO0000271,2023-04-22,312,1
PO0000277,2023-04-22,720,7
PO0000288,2023-04-22,360,3
PO0000060,2023-04-23,336,11
PO0000104,2023-04-23,393,3
PO0000111,2023-04-23,1392,8
PO0000127,2023-04-23,959,15
PO0000144,2023-04-23,903,13
PO0000178,2023-04-23,1728,9
PO0000181,2023-04-23,663,8
PO0000249,2023-04-23,456,6
PO0000252,2023-04-23,396,10
PO0000253,2023-04-23,603,3
PO0000254,2023-04-23,984,14
PO0000260,2023-04-23,1008,10
PO0000263,2023-04-23,384,7
PO0000268,2023-04-23,1632,31
PO0000270,2023-04-23,815,13
PO0000272,2023-04-23,144,7
PO0000273,2023-04-23,504,9
PO0000276,2023-04-23,396,2
PO0000279,2023-04-23,528,3
PO0000282,2023-04-23,690,5
PO0000283,2023-04-23,768,10
PO0000286,2023-04-23,516,3
PO0000294,2023-04-23,252,2
PO0000296,2023-04-23,864,11
PO0000298,2023-04-23,660,11
PO0000333,2023-04-23,336,1
PO0000345,2023-04-23,1680,9
PO0000012,2023-04-24,408,4
PO0000090,2023-04-24,714,11
PO0000103,2023-04-24,276,2
PO0000115,2023-04-24,330,5
PO0000118,2023-04-24,552,6
PO0000219,2023-04-24,888,11
PO0000251,2023-04-24,852,6
PO0000253,2023-04-24,603,5
PO0000277,2023-04-24,720,5
PO0000278,2023-04-24,102,2
PO0000289,2023-04-24,2004,23
PO0000292,2023-04-24,2016,14
PO0000306,2023-04-24,387,6
PO0000308,2023-04-24,3504,185
PO0000313,2023-04-24,288,1
PO0000317,2023-04-24,480,14
PO0000318,2023-04-24,336,7
PO0000320,2023-04-24,1440,7
PO0000324,2023-04-24,438,8
PO0000325,2023-04-24,1968,38
PO0000330,2023-04-24,816,9
PO0000331,2023-04-24,207,0
PO0000334,2023-04-24,411,4
PO0000335,2023-04-24,2460,49
PO0000336,2023-04-24,1908,31
PO0000340,2023-04-24,522,5
PO0000349,2023-04-24,468,5
PO0000377,2023-04-24,822,5
PO0000420,2023-04-24,720,2
PO0000117,2023-04-25,363,4
PO0000194,2023-04-25,888,7
PO0000275,2023-04-25,588,5
PO0000284,2023-04-25,576,8
PO0000290,2023-04-25,876,26
PO0000291,2023-04-25,720,8
PO0000293,2023-04-25,1158,5
PO0000294,2023-04-25,252,2
PO0000295,2023-04-25,1212,16
PO0000299,2023-04-25,192,1
PO0000300,2023-04-25,1128,10
PO0000307,2023-04-25,792,6
PO0000310,2023-04-25,2160,28
PO0000312,2023-04-25,912,7
PO0000315,2023-04-25,1320,18
PO0000326,2023-04-25,96,0
PO0000327,2023-04-25,288,3
PO0000328,2023-04-25,1740,39
PO0000329,2023-04-25,270,0
PO0000342,2023-04-25,2496,122
PO0000348,2023-04-25,528,2
PO0000359,2023-04-25,684,10
PO0000360,2023-04-25,511,2
PO0000365,2023-04-25,2700,45
PO0000367,2023-04-25,1716,27
PO0000368,2023-04-25,552,12
PO0000369,2023-04-25,1452,13
PO0000374,2023-04-25,3312,154
PO0000381,2023-04-25,1608,19
PO0000383,2023-04-25,3486,44
PO0000387,2023-04-25,3706,27
PO0000389,2023-04-25,1344,15
PO0000390,2023-04-25,2004,40
PO0000392,2023-04-25,798,10
PO0000394,2023-04-25,1368,5
PO0000396,2023-04-25,2424,29
PO0000398,2023-04-25,402,5
PO0000402,2023-04-25,1680,12
PO0000405,2023-04-25,768,5
PO0000412,2023-04-25,2130,26
PO0000417,2023-04-25,756,15
PO0000418,2023-04-25,3792,62
PO0000425,2023-04-25,852,41
PO0000428,2023-04-25,468,9
PO0000429,2023-04-25,1356,4
PO0000431,2023-04-25,2334,28
PO0000435,2023-04-25,1188,24
PO0000438,2023-04-25,384,4
PO0000439,2023-04-25,58,0
PO0000440,2023-04-25,1428,40
PO0000441,2023-04-25,1944,17
PO0000445,2023-04-25,3048,37
PO0000447,2023-04-25,3072,15
PO0000448,2023-04-25,1104,4
PO0000449,2023-04-25,1344,13
PO0000455,2023-04-25,2802,24
PO0000458,2023-04-25,1302,18
PO0000461,2023-04-25,768,11
PO0000462,2023-04-25,864,26
PO0000464,2023-04-25,888,7
PO0000468,2023-04-25,1872,98
PO0000508,2023-04-25,720,6
PO0000533,2023-04-25,1272,18
PO0000550,2023-04-25,1620,28
PO0000554,2023-04-25,480,3
PO0000201,2023-04-26,480,10
PO0000202,2023-04-26,336,5
PO0000220,2023-04-26,432,12
PO0000238,2023-04-26,630,8
PO0000269,2023-04-26,984,8
PO0000280,2023-04-26,894,7
PO0000289,2023-04-26,2004,27
PO0000304,2023-04-26,816,23
PO0000311,2023-04-26,168,4
PO0000317,2023-04-26,480,10
PO0000319,2023-04-26,372,7
PO0000321,2023-04-26,1632,31
PO0000323,2023-04-26,1440,24
PO0000329,2023-04-26,270,0
PO0000332,2023-04-26,294,1
PO0000339,2023-04-26,1281,19
PO0000343,2023-04-26,3540,18
PO0000344,2023-04-26,3312,43
PO0000346,2023-04-26,162,4
PO0000347,2023-04-26,888,3
PO0000351,2023-04-26,1188,9
PO0000352,2023-04-26,1116,12
PO0000354,2023-04-26,2616,12
PO0000357,2023-04-26,1248,22
PO0000362,2023-04-26,288,6
PO0000363,2023-04-26,834,7
PO0000364,2023-04-26,3360,49
PO0000370,2023-04-26,2496,27
PO0000371,2023-04-26,432,3
PO0000373,2023-04-26,702,1
PO0000375,2023-04-26,2112,36
PO0000378,2023-04-26,1008,11
PO0000379,2023-04-26,1974,6
PO0000384,2023-04-26,408,3
PO0000397,2023-04-26,4344,39
PO0000400,2023-04-26,4176,28
PO0000406,2023-04-26,708,11
PO0000407,2023-04-26,1262,16
PO0000408,2023-04-26,3288,25
PO0000416,2023-04-26,732,16
PO0000419,2023-04-26,2232,13
PO0000420,2023-04-26,720,3
PO0000421,2023-04-26,196,1
PO0000430,2023-04-26,408,1
PO0000436,2023-04-26,762,13
PO0000437,2023-04-26,2124,28
PO0000451,2023-04-26,720,3
PO0000456,2023-04-26,1446,5
PO0000457,2023-04-26,384,5
PO0000463,2023-04-26,396,1
PO0000465,2023-04-26,2496,46
PO0000466,2023-04-26,144,4
PO0000471,2023-04-26,4260,41
PO0000472,2023-04-26,2724,61
PO0000476,2023-04-26,4848,121
PO0000479,2023-04-26,5568,37
PO0000482,2023-04-26,570,4
PO0000486,2023-04-26,2496,13
PO0000494,2023-04-26,882,11
PO0000495,2023-04-26,4848,30
PO0000500,2023-04-26,1260,34
PO0000505,2023-04-26,1560,17
PO0000507,2023-04-26,3012,27
PO0000509,2023-04-26,2448,34
PO0000515,2023-04-26,888,5
PO0000519,2023-04-26,528,9
PO0000521,2023-04-26,2088,23
PO0000524,2023-04-26,468,5
PO0000525,2023-04-26,3600,51
PO0000527,2023-04-26,1440,63
PO0000529,2023-04-26,2688,124
PO0000534,2023-04-26,384,10
PO0000536,2023-04-26,1056,16
PO0000545,2023-04-26,1056,11
PO0000547,2023-04-26,864,9
PO0000548,2023-04-26,552,7
PO0000549,2023-04-26,444,7
PO0000585,2023-04-26,912,6
PO0000590,2023-04-26,348,6
PO0000596,2023-04-26,306,2
PO0000164,2023-04-27,6168,69
PO0000169,2023-04-27,2928,29
PO0000182,2023-04-27,1140,26
PO0000265,2023-04-27,1116,13
PO0000278,2023-04-27,102,0
PO0000331,2023-04-27,207,1
PO0000356,2023-04-27,714,2
PO0000357,2023-04-27,1248,24
PO0000358,2023-04-27,1536,10
PO0000361,2023-04-27,240,1
PO0000366,2023-04-27,1464,12
PO0000376,2023-04-27,1968,49
PO0000382,2023-04-27,360,1
PO0000385,2023-04-27,384,7
PO0000386,2023-04-27,792,4
PO0000388,2023-04-27,2916,25
PO0000393,2023-04-27,2712,17
PO0000395,2023-04-27,3648,66
PO0000401,2023-04-27,1392,18
PO0000403,2023-04-27,984,16
PO0000404,2023-04-27,528,8
PO0000409,2023-04-27,4218,38
PO0000410,2023-04-27,1932,10
PO0000422,2023-04-27,546,22
PO0000423,2023-04-27,768,4
PO0000432,2023-04-27,162,0
PO0000433,2023-04-27,3120,22
PO0000434,2023-04-27,144,0
PO0000452,2023-04-27,2502,21
PO0000459,2023-04-27,1782,13
PO0000460,2023-04-27,1680,12
PO0000469,2023-04-27,564,25
PO0000473,2023-04-27,636,1
PO0000485,2023-04-27,5052,43
PO0000487,2023-04-27,1932,11
PO0000496,2023-04-27,972,49
PO0000501,2023-04-27,2010,6
PO0000503,2023-04-27,1248,16
PO0000504,2023-04-27,4512,36
PO0000510,2023-04-27,4704,54
PO0000511,2023-04-27,1176,11
PO0000512,2023-04-27,96,2
PO0000513,2023-04-27,3040,18
PO0000517,2023-04-27,3990,34
PO0000523,2023-04-27,2532,19
PO0000526,2023-04-27,1128,20
PO0000528,2023-04-27,2784,159
PO0000530,2023-04-27,163,1
PO0000535,2023-04-27,1050,15
PO0000543,2023-04-27,4320,25
PO0000544,2023-04-27,480,5
PO0000552,2023-04-27,204,2
PO0000562,2023-04-27,1056,19
PO0000563,2023-04-27,144,2
PO0000568,2023-04-27,1885,40
PO0000569,2023-04-27,1368,13
PO0000573,2023-04-27,4080,70
PO0000575,2023-04-27,480,3
PO0000576,2023-04-27,336,0
PO0000592,2023-04-27,972,16
PO0000599,2023-04-27,4224,50
PO0000617,2023-04-27,5520,12
PO0000627,2023-04-27,2136,7
PO0000090,2023-04-28,714,9
PO0000125,2023-04-28,4656,50
PO0000160,2023-04-28,1218,20
PO0000306,2023-04-28,387,6
PO0000351,2023-04-28,1188,5
PO0000381,2023-04-28,1608,20
PO0000416,2023-04-28,732,26
PO0000439,2023-04-28,58,0
PO0000450,2023-04-28,384,7
PO0000470,2023-04-28,1218,23
PO0000474,2023-04-28,2496,38
PO0000478,2023-04-28,1200,14
PO0000481,2023-04-28,2616,26
PO0000483,2023-04-28,888,14
PO0000488,2023-04-28,771,15
PO0000489,2023-04-28,3216,25
PO0000490,2023-04-28,360,7
PO0000491,2023-04-28,1548,8
PO0000493,2023-04-28,1440,4
PO0000499,2023-04-28,1824,10
PO0000502,2023-04-28,288,5
PO0000506,2023-04-28,354,3
PO0000514,2023-04-28,1584,18
PO0000516,2023-04-28,528,6
PO0000520,2023-04-28,1848,26
PO0000531,2023-04-28,3660,26
PO0000532,2023-04-28,3648,48
PO0000537,2023-04-28,240,4
PO0000539,2023-04-28,1356,8
PO0000540,2023-04-28,606,3
PO0000541,2023-04-28,1236,16
PO0000542,2023-04-28,1188,8
PO0000546,2023-04-28,648,16
PO0000553,2023-04-28,216,2
PO0000555,2023-04-28,360,3
PO0000556,2023-04-28,1968,24
PO0000561,2023-04-28,4464,81
PO0000564,2023-04-28,1728,23
PO0000566,2023-04-28,924,9
PO0000570,2023-04-28,2100,52
PO0000571,2023-04-28,1536,9
PO0000574,2023-04-28,288,2
PO0000580,2023-04-28,1320,29
PO0000582,2023-04-28,2232,20
PO0000584,2023-04-28,1380,15
PO0000587,2023-04-28,1032,9
PO0000588,2023-04-28,558,6
PO0000590,2023-04-28,348,5
PO0000593,2023-04-28,1296,17
PO0000594,2023-04-28,2928,10
PO0000595,2023-04-28,1344,8
PO0000597,2023-04-28,1608,23
PO0000598,2023-04-28,1488,30
PO0000600,2023-04-28,360,5
PO0000603,2023-04-28,2112,48
PO0000607,2023-04-28,786,1
PO0000608,2023-04-28,288,3
PO0000609,2023-04-28,552,3
PO0000612,2023-04-28,2136,29
PO0000615,2023-04-28,636,7
PO0000624,2023-04-28,1302,26
PO0000631,2023-04-28,144,1
PO0000632,2023-04-28,634,7
PO0000633,2023-04-28,108,0
PO0000149,2023-04-29,769,14
PO0000150,2023-04-29,432,5
PO0000202,2023-04-29,336,2
PO0000305,2023-04-29,912,24
PO0000316,2023-04-29,432,10
PO0000339,2023-04-29,1281,9
PO0000341,2023-04-29,600,4
PO0000355,2023-04-29,2112,23
PO0000366,2023-04-29,1464,18
PO0000368,2023-04-29,552,16
PO0000391,2023-04-29,720,7
PO0000399,2023-04-29,504,9
PO0000403,2023-04-29,984,9
PO0000407,2023-04-29,1263,19
PO0000423,2023-04-29,768,8
PO0000428,2023-04-29,468,11
PO0000432,2023-04-29,162,3
PO0000436,2023-04-29,762,11
PO0000482,2023-04-29,570,1
PO0000497,2023-04-29,4728,56
PO0000540,2023-04-29,606,4
PO0000546,2023-04-29,648,15
PO0000552,2023-04-29,204,2
PO0000557,2023-04-29,3756,22
PO0000558,2023-04-29,1656,25
PO0000559,2023-04-29,236,4
PO0000560,2023-04-29,2292,35
PO0000565,2023-04-29,3486,36
PO0000572,2023-04-29,696,5
PO0000578,2023-04-29,3702,31
PO0000579,2023-04-29,2376,19
PO0000581,2023-04-29,924,12
PO0000585,2023-04-29,912,7
PO0000586,2023-04-29,720,13
PO0000602,2023-04-29,6000,52
PO0000606,2023-04-29,720,13
PO0000610,2023-04-29,5856,75
PO0000613,2023-04-29,990,4
PO0000614,2023-04-29,4632,49
PO0000616,2023-04-29,498,8
PO0000618,2023-04-29,2544,18
PO0000620,2023-04-29,750,13
PO0000621,2023-04-29,672,6
PO0000626,2023-04-29,450,2
PO0000630,2023-04-29,270,0
PO0000637,2023-04-29,480,4
PO0000640,2023-04-29,354,2
PO0000274,2023-04-30,1440,27
PO0000281,2023-04-30,240,1
PO0000303,2023-04-30,1128,6
PO0000352,2023-04-30,1116,14
PO0000362,2023-04-30,288,1
PO0000372,2023-04-30,1824,9
PO0000426,2023-04-30,1344,23
PO0000442,2023-04-30,384,6
PO0000535,2023-04-30,1050,31
PO0000551,2023-04-30,276,4
PO0000571,2023-04-30,1536,6
PO0000601,2023-04-30,642,1
PO0000604,2023-04-30,168,1
PO0000605,2023-04-30,1752,10
PO0000619,2023-04-30,576,19
PO0000622,2023-04-30,2400,12
PO0000625,2023-04-30,1188,2
PO0000627,2023-04-30,2136,7
PO0000634,2023-04-30,960,4
PO0000645,2023-04-30,912,11
PO0000649,2023-04-30,528,2
PO0000652,2023-04-30,408,7
PO0000653,2023-04-30,372,4
PO0000666,2023-04-30,192,3
PO0000088,2023-05-01,552,2
PO0000198,2023-05-01,192,3
PO0000237,2023-05-01,360,5
PO0000262,2023-05-01,1356,5
PO0000380,2023-05-01,816,7
PO0000443,2023-05-01,2640,63
PO0000453,2023-05-01,444,7
PO0000488,2023-05-01,771,13
PO0000518,2023-05-01,1986,5
PO0000587,2023-05-01,1032,20
PO0000611,2023-05-01,1488,27
PO0000629,2023-05-01,516,1
PO0000638,2023-05-01,336,5
PO0000641,2023-05-01,210,2
PO0000646,2023-05-01,840,12
PO0000648,2023-05-01,396,6
PO0000651,2023-05-01,432,8
PO0000657,2023-05-01,1584,55
PO0000660,2023-05-01,393,2
PO0000666,2023-05-01,192,3
PO0000672,2023-05-01,240,2
PO0000676,2023-05-01,2256,124
PO0000699,2023-05-01,624,2
PO0000287,2023-05-02,384,6
PO0000309,2023-05-02,1104,9
PO0000322,2023-05-02,1512,3
PO0000337,2023-05-02,1572,18
PO0000446,2023-05-02,282,7
PO0000477,2023-05-02,3096,46
PO0000538,2023-05-02,852,12
PO0000564,2023-05-02,1728,20
PO0000572,2023-05-02,696,5
PO0000623,2023-05-02,1536,15
PO0000633,2023-05-02,108,0
PO0000636,2023-05-02,1752,30
PO0000639,2023-05-02,1428,21
PO0000642,2023-05-02,468,3
PO0000643,2023-05-02,522,1
PO0000644,2023-05-02,108,1
PO0000647,2023-05-02,1368,14
PO0000650,2023-05-02,108,4
PO0000652,2023-05-02,408,5
PO0000655,2023-05-02,492,1
PO0000656,2023-05-02,672,3
PO0000662,2023-05-02,96,1
PO0000667,2023-05-02,696,14
PO0000668,2023-05-02,300,9
PO0000670,2023-05-02,672,6
PO0000673,2023-05-02,384,10
PO0000678,2023-05-02,168,0
PO0000679,2023-05-02,288,6
PO0000682,2023-05-02,390,3
PO0000686,2023-05-02,266,4
PO0000687,2023-05-02,1368,11
PO0000692,2023-05-02,480,9
PO0000701,2023-05-02,342,0
PO0000705,2023-05-02,984,20
PO0000706,2023-05-02,1146,15
PO0000707,2023-05-02,594,4
PO0000257,2023-05-03,402,3
PO0000297,2023-05-03,924,14
PO0000302,2023-05-03,1296,8
PO0000314,2023-05-03,1767,15
PO0000380,2023-05-03,816,7
PO0000413,2023-05-03,354,4
PO0000415,2023-05-03,408,9
PO0000424,2023-05-03,696,8
PO0000583,2023-05-03,540,2
PO0000589,2023-05-03,768,4
PO0000658,2023-05-03,78,1
PO0000659,2023-05-03,1332,6
PO0000663,2023-05-03,228,1
PO0000664,2023-05-03,1008,7
PO0000665,2023-05-03,462,6
PO0000669,2023-05-03,534,5
PO0000675,2023-05-03,75,0
PO0000677,2023-05-03,168,7
PO0000681,2023-05-03,500,7
PO0000683,2023-05-03,192,4
PO0000685,2023-05-03,600,4
PO0000688,2023-05-03,1968,10
PO0000693,2023-05-03,384,0
PO0000696,2023-05-03,480,14
PO0000697,2023-05-03,300,1
PO0000704,2023-05-03,960,23
PO0000712,2023-05-03,552,14
PO0000713,2023-05-03,906,12
PO0000730,2023-05-03,264,1
PO0000237,2023-05-04,360,3
PO0000257,2023-05-04,402,3
PO0000414,2023-05-04,2352,16
PO0000424,2023-05-04,696,11
PO0000427,2023-05-04,1464,11
PO0000444,2023-05-04,1704,21
PO0000467,2023-05-04,1872,89
PO0000484,2023-05-04,4134,36
PO0000522,2023-05-04,1206,13
PO0000567,2023-05-04,1824,37
PO0000591,2023-05-04,1248,20
PO0000635,2023-05-04,900,12
PO0000641,2023-05-04,210,3
PO0000658,2023-05-04,78,0
PO0000680,2023-05-04,996,11
PO0000684,2023-05-04,588,13
PO0000689,2023-05-04,252,2
PO0000690,2023-05-04,126,3
PO0000694,2023-05-04,216,2
PO0000695,2023-05-04,576,21
PO0000702,2023-05-04,900,12
PO0000703,2023-05-04,612,4
PO0000708,2023-05-04,840,11
PO0000717,2023-05-04,240,2
PO0000719,2023-05-04,660,26
PO0000721,2023-05-04,324,9
PO0000727,2023-05-04,161,2
PO0000728,2023-05-04,1344,8
PO0000729,2023-05-04,624,1
PO0000731,2023-05-04,72,1
PO0000732,2023-05-04,384,2
PO0000733,2023-05-04,132,1
PO0000735,2023-05-04,342,2
PO0000744,2023-05-04,732,11
PO0000747,2023-05-04,144,1
PO0000301,2023-05-05,1080,19
PO0000350,2023-05-05,264,2
PO0000415,2023-05-05,408,9
PO0000475,2023-05-05,3624,27
PO0000650,2023-05-05,108,3
PO0000675,2023-05-05,75,1
PO0000689,2023-05-05,252,3
PO0000698,2023-05-05,264,2
PO0000711,2023-05-05,132,0
PO0000716,2023-05-05,300,16
PO0000718,2023-05-05,144,1
PO0000722,2023-05-05,109,0
PO0000723,2023-05-05,600,5
PO0000724,2023-05-05,204,8
PO0000726,2023-05-05,1728,20
PO0000734,2023-05-05,816,12
PO0000739,2023-05-05,240,2
PO0000740,2023-05-05,582,4
PO0000742,2023-05-05,192,1
PO0000745,2023-05-05,168,1
PO0000748,2023-05-05,1176,15
PO0000750,2023-05-05,180,7
PO0000752,2023-05-05,204,2
PO0000754,2023-05-05,288,2
PO0000760,2023-05-05,576,14
PO0000761,2023-05-05,201,2
PO0000241,2023-05-06,384,9
PO0000258,2023-05-06,1272,7
PO0000350,2023-05-06,264,2
PO0000411,2023-05-06,1242,17
PO0000446,2023-05-06,282,4
PO0000644,2023-05-06,108,1
PO0000671,2023-05-06,1602,24
PO0000725,2023-05-06,720,10
PO0000738,2023-05-06,156,2
PO0000741,2023-05-06,492,6
PO0000746,2023-05-06,300,1
PO0000749,2023-05-06,60,1
PO0000751,2023-05-06,1338,39
PO0000753,2023-05-06,360,8
PO0000756,2023-05-06,198,2
PO0000757,2023-05-06,768,8
PO0000758,2023-05-06,216,3
PO0000454,2023-05-07,2304,21
PO0000492,2023-05-07,336,5
PO0000498,2023-05-07,1248,8
PO0000674,2023-05-07,1068,21
PO0000684,2023-05-07,588,8
PO0000727,2023-05-07,161,1
PO0000755,2023-05-07,516,5
PO0000759,2023-05-07,1008,20
PO0000762,2023-05-07,228,4
PO0000782,2023-05-07,288,4
PO0000353,2023-05-08,936,2
PO0000480,2023-05-08,1800,22
PO0000654,2023-05-08,576,6
PO0000698,2023-05-08,264,3
PO0000709,2023-05-08,354,3
PO0000714,2023-05-08,216,1
PO0000716,2023-05-08,300,20
PO0000724,2023-05-08,204,3
PO0000731,2023-05-08,72,0
PO0000736,2023-05-08,648,10
PO0000756,2023-05-08,198,2
PO0000761,2023-05-08,202,2
PO0000764,2023-05-08,432,5
PO0000765,2023-05-08,60,0
PO0000767,2023-05-08,156,1
PO0000768,2023-05-08,432,5
PO0000770,2023-05-08,480,14
PO0000776,2023-05-08,858,8
PO0000781,2023-05-08,360,13
PO0000783,2023-05-08,480,5
PO0000799,2023-05-08,552,5
PO0000801,2023-05-08,654,4
PO0000338,2023-05-09,1032,17
PO0000577,2023-05-09,1992,28
PO0000710,2023-05-09,524,3
PO0000711,2023-05-09,132,1
PO0000737,2023-05-09,1272,16
PO0000753,2023-05-09,360,3
PO0000763,2023-05-09,336,5
PO0000766,2023-05-09,288,2
PO0000773,2023-05-09,312,0
PO0000774,2023-05-09,2076,11
PO0000787,2023-05-09,1392,19
PO0000792,2023-05-09,108,1
PO0000803,2023-05-09,1302,6
PO0000720,2023-05-10,447,1
PO0000746,2023-05-10,300,6
PO0000769,2023-05-10,1584,74
PO0000772,2023-05-10,888,38
PO0000775,2023-05-10,1200,17
PO0000777,2023-05-10,1152,27
PO0000778,2023-05-10,1248,24
PO0000779,2023-05-10,288,4
PO0000788,2023-05-10,336,2
PO0000794,2023-05-10,282,1
PO0000795,2023-05-10,96,0
PO0000796,2023-05-10,270,3
PO0000802,2023-05-10,1380,16
PO0000804,2023-05-10,432,5
PO0000817,2023-05-10,1716,28
PO0000628,2023-05-11,108,0
PO0000710,2023-05-11,525,6
PO0000765,2023-05-11,60,1
PO0000784,2023-05-11,588,4
PO0000786,2023-05-11,456,5
PO0000789,2023-05-11,240,1
PO0000790,2023-05-11,240,3
PO0000793,2023-05-11,312,23
PO0000800,2023-05-11,384,11
PO0000807,2023-05-11,672,6
PO0000808,2023-05-11,192,1
PO0000812,2023-05-11,594,9
PO0000814,2023-05-11,702,10
PO0000815,2023-05-11,396,6
PO0000816,2023-05-11,960,11
PO0000818,2023-05-11,456,3
PO0000821,2023-05-11,2928,31
PO0000822,2023-05-11,827,10
PO0000823,2023-05-11,1476,28
PO0000824,2023-05-11,933,18
PO0000832,2023-05-11,192,1
PO0000834,2023-05-11,1116,14
PO0000836,2023-05-11,324,1
PO0000715,2023-05-12,3990,53
PO0000720,2023-05-12,447,1
PO0000783,2023-05-12,480,2
PO0000810,2023-05-12,1680,28
PO0000813,2023-05-12,300,3
PO0000815,2023-05-12,396,3
PO0000825,2023-05-12,1488,27
PO0000829,2023-05-12,96,4
PO0000831,2023-05-12,33,1
PO0000837,2023-05-12,276,0
PO0000838,2023-05-12,804,5
PO0000843,2023-05-12,2064,25
PO0000848,2023-05-12,1380,21
PO0000285,2023-05-13,1644,20
PO0000780,2023-05-13,1536,74
PO0000805,2023-05-13,756,31
PO0000806,2023-05-13,199,1
PO0000811,2023-05-13,2034,48
PO0000816,2023-05-13,960,11
PO0000820,2023-05-13,1536,16
PO0000826,2023-05-13,357,0
PO0000827,2023-05-13,648,5
PO0000828,2023-05-13,336,5
PO0000830,2023-05-13,1404,31
PO0000833,2023-05-13,150,0
PO0000839,2023-05-13,408,3
PO0000840,2023-05-13,5496,61
PO0000844,2023-05-13,168,2
PO0000846,2023-05-13,2592,22
PO0000851,2023-05-13,96,0
PO0000853,2023-05-13,72,0
PO0000700,2023-05-14,384,1
PO0000804,2023-05-14,432,6
PO0000812,2023-05-14,594,6
PO0000831,2023-05-14,33,0
PO0000837,2023-05-14,276,1
PO0000841,2023-05-14,2660,13
PO0000847,2023-05-14,6828,130
PO0000849,2023-05-14,393,1
PO0000852,2023-05-14,240,3
PO0000854,2023-05-14,192,7
PO0000855,2023-05-14,6132,62
PO0000857,2023-05-14,7344,85
PO0000861,2023-05-14,300,0
PO0000865,2023-05-14,500,9
PO0000871,2023-05-14,468,2
PO0000873,2023-05-14,2736,11
PO0000880,2023-05-14,768,2
PO0000881,2023-05-14,738,3
PO0000628,2023-05-15,108,1
PO0000743,2023-05-15,504,5
PO0000791,2023-05-15,1368,16
PO0000824,2023-05-15,933,21
PO0000845,2023-05-15,1116,23
PO0000849,2023-05-15,393,2
PO0000859,2023-05-15,1020,4
PO0000868,2023-05-15,1452,23
PO0000874,2023-05-15,1872,19
PO0000875,2023-05-15,159,6
PO0000879,2023-05-15,144,1
PO0000883,2023-05-15,996,20
PO0000884,2023-05-15,2664,14
PO0000888,2023-05-15,474,6
PO0000889,2023-05-15,3312,152
PO0000894,2023-05-15,4128,29
PO0000900,2023-05-15,912,44
PO0000912,2023-05-15,852,15
PO0000923,2023-05-15,3174,41
PO0000661,2023-05-16,1776,21
PO0000797,2023-05-16,138,0
PO0000819,2023-05-16,1248,16
PO0000826,2023-05-16,357,1
PO0000830,2023-05-16,1404,35
PO0000844,2023-05-16,168,2
PO0000856,2023-05-16,3780,102
PO0000860,2023-05-16,9204,199
PO0000862,2023-05-16,864,15
PO0000863,2023-05-16,354,4
PO0000864,2023-05-16,2952,59
PO0000866,2023-05-16,5760,86
PO0000867,2023-05-16,408,0
PO0000872,2023-05-16,1296,4
PO0000876,2023-05-16,348,2
PO0000877,2023-05-16,714,8
PO0000887,2023-05-16,1068,25
PO0000899,2023-05-16,2316,46
PO0000908,2023-05-16,1536,17
PO0000909,2023-05-16,1128,5
PO0000910,2023-05-16,384,3
PO0000914,2023-05-16,4140,51
PO0000915,2023-05-16,5448,55
PO0000916,2023-05-16,3252,25
PO0000917,2023-05-16,348,2
PO0000926,2023-05-16,1008,20
PO0000940,2023-05-16,4818,49
PO0000944,2023-05-16,216,7
PO0000785,2023-05-17,48,0
PO0000798,2023-05-17,408,5
PO0000861,2023-05-17,300,0
PO0000863,2023-05-17,354,1
PO0000878,2023-05-17,1368,6
PO0000879,2023-05-17,144,0
PO0000882,2023-05-17,2736,15
PO0000886,2023-05-17,192,2
PO0000890,2023-05-17,384,4
PO0000893,2023-05-17,648,3
PO0000895,2023-05-17,144,3
PO0000896,2023-05-17,1944,43
PO0000897,2023-05-17,456,7
PO0000901,2023-05-17,804,7
PO0000903,2023-05-17,240,5
PO0000904,2023-05-17,1056,18
PO0000905,2023-05-17,1284,23
PO0000906,2023-05-17,1170,11
PO0000911,2023-05-17,408,7
PO0000918,2023-05-17,1824,83
PO0000922,2023-05-17,792,9
PO0000925,2023-05-17,3696,44
PO0000927,2023-05-17,528,6
PO0000936,2023-05-17,288,1
PO0000937,2023-05-17,372,5
PO0000941,2023-05-17,588,19
PO0000942,2023-05-17,1032,39
PO0000945,2023-05-17,1680,20
PO0000946,2023-05-17,2064,10
PO0000950,2023-05-17,840,19
PO0000951,2023-05-17,648,6
PO0000962,2023-05-17,180,0
PO0000691,2023-05-18,240,6
PO0000850,2023-05-18,216,1
PO0000870,2023-05-18,2136,42
PO0000875,2023-05-18,159,3
PO0000882,2023-05-18,2736,12
PO0000891,2023-05-18,384,4
PO0000902,2023-05-18,444,5
PO0000907,2023-05-18,576,23
PO0000917,2023-05-18,348,4
PO0000921,2023-05-18,528,5
PO0000928,2023-05-18,720,4
PO0000929,2023-05-18,432,4
PO0000932,2023-05-18,408,0
PO0000933,2023-05-18,912,9
PO0000939,2023-05-18,384,5
PO0000941,2023-05-18,588,19
PO0000949,2023-05-18,696,18
PO0000959,2023-05-18,456,5
PO0000960,2023-05-18,540,2
PO0000963,2023-05-18,450,10
PO0000964,2023-05-18,996,7
PO0000965,2023-05-18,3450,35
PO0000967,2023-05-18,144,2
PO0000968,2023-05-18,804,14
PO0000979,2023-05-18,786,6
PO0000797,2023-05-19,138,2
PO0000835,2023-05-19,1200,6
PO0000885,2023-05-19,447,1
PO0000903,2023-05-19,240,3
PO0000911,2023-05-19,408,10
PO0000924,2023-05-19,3720,37
PO0000930,2023-05-19,1140,13
PO0000931,2023-05-19,1080,11
PO0000936,2023-05-19,288,5
PO0000947,2023-05-19,1224,6
PO0000948,2023-05-19,408,1
PO0000952,2023-05-19,312,1
PO0000957,2023-05-19,984,13
PO0000961,2023-05-19,852,4
PO0000968,2023-05-19,804,13
PO0000969,2023-05-19,456,1
PO0000971,2023-05-19,816,7
PO0000974,2023-05-19,1245,9
PO0000978,2023-05-19,2496,33
PO0000980,2023-05-19,972,14
PO0000983,2023-05-19,3708,53
PO0000985,2023-05-19,1152,3
PO0000987,2023-05-19,192,1
PO0000988,2023-05-19,444,8
PO0000990,2023-05-19,600,6
PO0000993,2023-05-19,810,2
PO0000996,2023-05-19,234,1
PO0000997,2023-05-19,150,2
PO0001000,2023-05-19,672,2
PO0000771,2023-05-20,3066,22
PO0000876,2023-05-20,348,2
PO0000899,2023-05-20,2316,50
PO0000908,2023-05-20,1536,16
PO0000954,2023-05-20,120,2
PO0000955,2023-05-20,474,8
PO0000956,2023-05-20,4056,18
PO0000962,2023-05-20,180,1
PO0000966,2023-05-20,1476,16
PO0000972,2023-05-20,96,1
PO0000983,2023-05-20,3708,40
PO0000991,2023-05-20,2712,32
PO0000999,2023-05-20,768,12
PO0001010,2023-05-20,564,1
PO0001012,2023-05-20,360,1
PO0000785,2023-05-21,48,0
PO0000809,2023-05-21,1320,20
PO0000892,2023-05-21,228,2
PO0000954,2023-05-21,120,1
PO0000975,2023-05-21,294,4
PO0000976,2023-05-21,96,4
PO0000977,2023-05-21,480,14
PO0000986,2023-05-21,2880,45
PO0000987,2023-05-21,192,2
PO0000989,2023-05-21,618,2
PO0000991,2023-05-21,2712,29
PO0000992,2023-05-21,768,10
PO0000994,2023-05-21,66,3
PO0000998,2023-05-21,276,2
PO0001004,2023-05-21,612,5
PO0001005,2023-05-21,528,3
PO0001007,2023-05-21,828,12
PO0001009,2023-05-21,384,5
PO0001014,2023-05-21,1632,13
PO0001016,2023-05-21,1776,96
PO0001036,2023-05-21,528,3
PO0001040,2023-05-21,768,6
PO0000858,2023-05-22,1776,35
PO0000920,2023-05-22,1008,5
PO0000938,2023-05-22,528,8
PO0000939,2023-05-22,384,2
PO0000967,2023-05-22,144,0
PO0000972,2023-05-22,96,0
PO0000995,2023-05-22,624,12
PO0000996,2023-05-22,234,0
PO0001001,2023-05-22,1758,4
PO0001002,2023-05-22,1512,17
PO0001011,2023-05-22,144,2
PO0001015,2023-05-22,1938,8
PO0001018,2023-05-22,480,6
PO0001022,2023-05-22,2664,56
PO0001024,2023-05-22,330,2
PO0001025,2023-05-22,1404,19
PO0001029,2023-05-22,774,4
PO0001031,2023-05-22,276,3
PO0001037,2023-05-22,396,6
PO0001038,2023-05-22,480,11
PO0001041,2023-05-22,207,0
PO0000885,2023-05-23,447,3
PO0000898,2023-05-23,906,12
PO0000919,2023-05-23,312,3
PO0000934,2023-05-23,600,8
PO0000935,2023-05-23,1392,11
PO0000994,2023-05-23,66,0
PO0001003,2023-05-23,1662,11
PO0001006,2023-05-23,792,7
PO0001008,2023-05-23,1500,22
PO0001017,2023-05-23,996,15
PO0001018,2023-05-23,480,9
PO0001020,2023-05-23,192,0
PO0001021,2023-05-23,480,3
PO0001023,2023-05-23,708,7
PO0001033,2023-05-23,432,2
PO0001037,2023-05-23,396,4
PO0001044,2023-05-23,798,6
PO0001048,2023-05-23,3504,158
PO0001050,2023-05-23,1116,4
PO0001057,2023-05-23,636,23
PO0001058,2023-05-23,2688,133
PO0001065,2023-05-23,990,11
PO0001068,2023-05-23,720,7
PO0001096,2023-05-23,354,5
PO0001110,2023-05-23,480,5
PO0000953,2023-05-24,1152,12
PO0000958,2023-05-24,267,2
PO0000970,2023-05-24,276,1
PO0000981,2023-05-24,690,15
PO0000992,2023-05-24,768,4
PO0001026,2023-05-24,3300,38
PO0001027,2023-05-24,528,6
PO0001028,2023-05-24,606,5
PO0001029,2023-05-24,774,4
PO0001030,2023-05-24,1464,5
PO0001032,2023-05-24,468,3
PO0001034,2023-05-24,1368,10
PO0001035,2023-05-24,4416,36
PO0001041,2023-05-24,207,0
PO0001047,2023-05-24,1152,31
PO0001049,2023-05-24,516,5
PO0001051,2023-05-24,1776,10
PO0001053,2023-05-24,192,0
PO0001054,2023-05-24,816,7
PO0001055,2023-05-24,636,3
PO0001063,2023-05-24,348,3
PO0001069,2023-05-24,414,18
PO0001071,2023-05-24,1872,17
PO0001075,2023-05-24,1335,29
PO0001081,2023-05-24,2928,25
PO0001083,2023-05-24,1896,26
PO0001089,2023-05-24,2112,36
PO0001094,2023-05-24,1398,9
PO0001095,2023-05-24,480,2
PO0001096,2023-05-24,354,7
PO0001099,2023-05-24,372,6
PO0001100,2023-05-24,822,15
PO0001107,2023-05-24,544,5
PO0001111,2023-05-24,2436,8
PO0001112,2023-05-24,396,3
PO0001126,2023-05-24,852,1
PO0000842,2023-05-25,7032,147
PO0000913,2023-05-25,240,1
PO0000973,2023-05-25,480,9
PO0000984,2023-05-25,1344,30
PO0001024,2023-05-25,330,4
PO0001060,2023-05-25,948,50
PO0001062,2023-05-25,378,0
PO0001063,2023-05-25,348,0
PO0001066,2023-05-25,840,11
PO0001072,2023-05-25,1680,33
PO0001073,2023-05-25,2168,58
PO0001076,2023-05-25,2820,40
PO0001079,2023-05-25,1068,14
PO0001082,2023-05-25,114,1
PO0001091,2023-05-25,672,3
PO0001093,2023-05-25,2016,9
PO0001101,2023-05-25,680,15
PO0001102,2023-05-25,1194,17
PO0001103,2023-05-25,458,4
PO0001106,2023-05-25,1224,16
PO0001116,2023-05-25,4656,82
PO0001118,2023-05-25,1200,18
PO0001121,2023-05-25,2400,19
PO0001122,2023-05-25,960,9
PO0001124,2023-05-25,480,3
PO0001125,2023-05-25,1656,16
PO0001129,2023-05-25,885,8
PO0001134,2023-05-25,624,14
PO0001138,2023-05-25,432,8
PO0001147,2023-05-25,966,10
PO0001149,2023-05-25,1104,10
PO0001155,2023-05-25,360,3
PO0001184,2023-05-25,1344,4
PO0000898,2023-05-26,906,10
PO0000958,2023-05-26,267,2
PO0000982,2023-05-26,1110,7
PO0001006,2023-05-26,792,8
PO0001020,2023-05-26,192,0
PO0001078,2023-05-26,1716,12
PO0001080,2023-05-26,756,8
PO0001084,2023-05-26,984,1
PO0001085,2023-05-26,408,0
PO0001088,2023-05-26,792,2
PO0001090,2023-05-26,1752,45
PO0001105,2023-05-26,612,7
PO0001108,2023-05-26,591,4
PO0001109,2023-05-26,192,1
PO0001114,2023-05-26,2796,63
PO0001117,2023-05-26,216,4
PO0001123,2023-05-26,600,12
PO0001124,2023-05-26,480,10
PO0001128,2023-05-26,2076,12
PO0001131,2023-05-26,699,12
PO0001133,2023-05-26,3696,74
PO0001135,2023-05-26,864,18
PO0001136,2023-05-26,2736,155
PO0001137,2023-05-26,3648,16
PO0001139,2023-05-26,396,3
PO0001140,2023-05-26,96,0
PO0001142,2023-05-26,846,13
PO0001145,2023-05-26,192,11
PO0001148,2023-05-26,1374,7
PO0001150,2023-05-26,137,1
PO0001153,2023-05-26,1062,17
PO0001161,2023-05-26,504,5
PO0001162,2023-05-26,336,4
PO0001163,2023-05-26,5088,103
PO0001169,2023-05-26,2508,17
PO0001171,2023-05-26,996,7
PO0001172,2023-05-26,1542,18
PO0001179,2023-05-26,4440,42
PO0001183,2023-05-26,492,3
PO0001187,2023-05-26,4200,53
PO0001193,2023-05-26,132,1
PO0001195,2023-05-26,606,8
PO0000919,2023-05-27,312,4
PO0001055,2023-05-27,636,11
PO0001059,2023-05-27,1854,14
PO0001097,2023-05-27,1104,17
PO0001115,2023-05-27,1704,17
PO0001119,2023-05-27,288,5
PO0001120,2023-05-27,540,2
PO0001130,2023-05-27,2514,26
PO0001132,2023-05-27,1848,21
PO0001141,2023-05-27,4068,25
PO0001143,2023-05-27,1440,11
PO0001144,2023-05-27,624,14
PO0001146,2023-05-27,984,5
PO0001151,2023-05-27,792,9
PO0001156,2023-05-27,1776,78
PO0001170,2023-05-27,1146,20
PO0001171,2023-05-27,996,3
PO0001173,2023-05-27,1056,31
PO0001175,2023-05-27,2472,7
PO0001176,2023-05-27,2064,31
PO0001182,2023-05-27,264,0
PO0001191,2023-05-27,1494,29
PO0001192,2023-05-27,864,4
PO0001197,2023-05-27,984,25
PO0001201,2023-05-27,348,1
PO0000869,2023-05-28,1248,11
PO0000943,2023-05-28,504,5
PO0000970,2023-05-28,276,4
PO0000982,2023-05-28,1110,5
PO0001039,2023-05-28,1560,36
PO0001046,2023-05-28,1080,26
PO0001052,2023-05-28,1884,40
PO0001054,2023-05-28,816,16
PO0001074,2023-05-28,288,3
PO0001080,2023-05-28,756,2
PO0001157,2023-05-28,2097,15
PO0001158,2023-05-28,1242,16
PO0001160,2023-05-28,3852,34
PO0001164,2023-05-28,390,3
PO0001166,2023-05-28,1080,12
PO0001167,2023-05-28,744,12
PO0001168,2023-05-28,5196,40
PO0001174,2023-05-28,1872,90
PO0001178,2023-05-28,900,56
PO0001180,2023-05-28,360,7
PO0001185,2023-05-28,3408,36
PO0001186,2023-05-28,2640,17
PO0001189,2023-05-28,252,3
PO0001196,2023-05-28,672,13
PO0001199,2023-05-28,2352,36
PO0001200,2023-05-28,144,5
PO0001202,2023-05-28,288,2
PO0001203,2023-05-28,696,3
PO0001209,2023-05-28,1368,13
PO0001210,2023-05-28,5376,13
PO0001214,2023-05-28,720,18
PO0001217,2023-05-28,1536,16
PO0001219,2023-05-28,1872,32
PO0001221,2023-05-28,1824,36
PO0001223,2023-05-28,672,6
PO0001224,2023-05-28,564,1
PO0001227,2023-05-28,504,3
PO0001232,2023-05-28,684,6
PO0001233,2023-05-28,4080,42
PO0001241,2023-05-28,3552,60
PO0001243,2023-05-28,912,15
PO0001256,2023-05-28,2856,8
PO0001306,2023-05-28,1100,13
PO0001013,2023-05-29,1008,15
PO0001043,2023-05-29,1068,19
PO0001056,2023-05-29,1824,45
PO0001067,2023-05-29,1488,18
PO0001070,2023-05-29,2208,26
PO0001082,2023-05-29,114,1
PO0001103,2023-05-29,458,3
PO0001105,2023-05-29,612,12
PO0001127,2023-05-29,240,0
PO0001146,2023-05-29,984,10
PO0001155,2023-05-29,360,0
PO0001161,2023-05-29,504,8
PO0001165,2023-05-29,1128,18
PO0001175,2023-05-29,2472,12
PO0001205,2023-05-29,2472,57
PO0001211,2023-05-29,2100,26
PO0001215,2023-05-29,3096,25
PO0001216,2023-05-29,228,5
PO0001225,2023-05-29,1296,1
PO0001226,2023-05-29,792,6
PO0001228,2023-05-29,4512,56
PO0001229,2023-05-29,1104,6
PO0001235,2023-05-29,864,13
PO0001237,2023-05-29,870,8
PO0001238,2023-05-29,426,5
PO0001246,2023-05-29,2928,31
PO0001247,2023-05-29,1632,10
PO0001253,2023-05-29,2856,34
PO0001254,2023-05-29,1464,20
PO0001259,2023-05-29,1638,29
PO0001260,2023-05-29,2381,30
PO0001262,2023-05-29,1056,8
PO0001268,2023-05-29,2280,15
PO0001269,2023-05-29,4272,20
PO0001270,2023-05-29,2064,13
PO0001273,2023-05-29,2428,30
PO0001279,2023-05-29,2832,17
PO0001281,2023-05-29,264,7
PO0001285,2023-05-29,480,5
PO0001289,2023-05-29,981,16
PO0001290,2023-05-29,2172,23
PO0001292,2023-05-29,3456,57
PO0001293,2023-05-29,4176,18
PO0001300,2023-05-29,1056,5
PO0001303,2023-05-29,1488,11
PO0001308,2023-05-29,1896,18
PO0001309,2023-05-29,1212,18
PO0001315,2023-05-29,360,6
PO0001316,2023-05-29,2532,26
PO0001320,2023-05-29,564,3
PO0001344,2023-05-29,432,6
PO0001352,2023-05-29,1272,23
PO0000943,2023-05-30,504,2
PO0001045,2023-05-30,1368,9
PO0001059,2023-05-30,1854,6
PO0001064,2023-05-30,672,17
PO0001077,2023-05-30,1920,46
PO0001084,2023-05-30,984,9
PO0001139,2023-05-30,396,6
PO0001157,2023-05-30,2097,25
PO0001181,2023-05-30,4368,40
PO0001188,2023-05-30,1308,9
PO0001193,2023-05-30,132,0
PO0001194,2023-05-30,744,7
PO0001200,2023-05-30,144,2
PO0001204,2023-05-30,1512,13
PO0001206,2023-05-30,1110,6
PO0001207,2023-05-30,852,4
PO0001208,2023-05-30,3096,40
PO0001212,2023-05-30,2400,30
PO0001213,2023-05-30,4470,43
PO0001218,2023-05-30,336,5
PO0001220,2023-05-30,228,5
PO0001222,2023-05-30,1482,11
PO0001231,2023-05-30,1314,15
PO0001239,2023-05-30,1704,7
PO0001240,2023-05-30,1488,21
PO0001244,2023-05-30,222,1
PO0001245,2023-05-30,582,6
PO0001249,2023-05-30,4032,52
PO0001250,2023-05-30,5568,41
PO0001252,2023-05-30,720,10
PO0001255,2023-05-30,1620,26
PO0001256,2023-05-30,2856,14
PO0001261,2023-05-30,1632,16
PO0001263,2023-05-30,1848,50
PO0001265,2023-05-30,2802,33
PO0001267,2023-05-30,1200,24
PO0001271,2023-05-30,192,2
PO0001272,2023-05-30,1038,1
PO0001274,2023-05-30,194,5
PO0001275,2023-05-30,336,11
PO0001287,2023-05-30,3900,40
PO0001296,2023-05-30,1272,58
PO0001299,2023-05-30,804,2
PO0001304,2023-05-30,840,11
PO0001305,2023-05-30,336,5
PO0001311,2023-05-30,300,8
PO0001312,2023-05-30,1020,13
PO0001317,2023-05-30,375,5
PO0001319,2023-05-30,1200,20
PO0001324,2023-05-30,1518,18
PO0001326,2023-05-30,864,12
PO0001330,2023-05-30,636,5
PO0001331,2023-05-30,600,6
PO0001335,2023-05-30,600,10
PO0001336,2023-05-30,2976,24
PO0001337,2023-05-30,1692,16
PO0001339,2023-05-30,417,3
PO0001341,2023-05-30,240,0
PO0001345,2023-05-30,276,1
PO0001351,2023-05-30,888,5
PO0001365,2023-05-30,252,2
PO0001367,2023-05-30,726,15
PO0001368,2023-05-30,504,2
PO0001042,2023-05-31,96,1
PO0001092,2023-05-31,504,2
PO0001098,2023-05-31,816,10
PO0001120,2023-05-31,540,1
PO0001164,2023-05-31,390,1
PO0001177,2023-05-31,2544,9
PO0001190,2023-05-31,1296,25
PO0001223,2023-05-31,672,4
PO0001248,2023-05-31,2316,11
PO0001251,2023-05-31,306,2
PO0001257,2023-05-31,2880,20
PO0001258,2023-05-31,3072,140
PO0001264,2023-05-31,3744,73
PO0001272,2023-05-31,1038,2
PO0001276,2023-05-31,1824,33
PO0001277,2023-05-31,378,10
PO0001278,2023-05-31,1020,21
PO0001280,2023-05-31,1764,28
PO0001283,2023-05-31,1008,10
PO0001286,2023-05-31,240,2
PO0001288,2023-05-31,1860,11
PO0001296,2023-05-31,1272,70
PO0001297,2023-05-31,408,5
PO0001298,2023-05-31,528,15
PO0001302,2023-05-31,1194,14
PO0001305,2023-05-31,336,2
PO0001307,2023-05-31,2880,20
PO0001321,2023-05-31,288,2
PO0001325,2023-05-31,1128,10
PO0001328,2023-05-31,2158,20
PO0001329,2023-05-31,1368,18
PO0001332,2023-05-31,1200,9
PO0001338,2023-05-31,324,7
PO0001340,2023-05-31,1152,12
PO0001342,2023-05-31,336,1
PO0001347,2023-05-31,528,1
PO0001349,2023-05-31,1392,4
PO0001350,2023-05-31,594,2
PO0001353,2023-05-31,2832,7
PO0001354,2023-05-31,1416,11
PO0001356,2023-05-31,432,2
PO0001357,2023-05-31,384,8
PO0001362,2023-05-31,384,7
PO0001366,2023-05-31,2688,19
PO0001369,2023-05-31,612,9
PO0001373,2023-05-31,480,3
PO0001381,2023-05-31,1254,4
PO0001382,2023-05-31,192,6
PO0001396,2023-05-31,384,2
PO0001019,2023-06-01,600,7
PO0001046,2023-06-01,1080,16
PO0001086,2023-06-01,2076,36
PO0001154,2023-06-01,252,2
PO0001189,2023-06-01,252,6
PO0001238,2023-06-01,426,8
PO0001242,2023-06-01,240,0
PO0001243,2023-06-01,912,6
PO0001251,2023-06-01,306,4
PO0001253,2023-06-01,2856,28
PO0001261,2023-06-01,1632,14
PO0001301,2023-06-01,414,2
PO0001323,2023-06-01,576,2
PO0001327,2023-06-01,1272,21
PO0001333,2023-06-01,348,7
PO0001334,2023-06-01,246,5
PO0001343,2023-06-01,1728,16
PO0001346,2023-06-01,720,6
PO0001348,2023-06-01,504,9
PO0001355,2023-06-01,1200,16
PO0001358,2023-06-01,3612,21
PO0001360,2023-06-01,480,11
PO0001361,2023-06-01,1128,22
PO0001363,2023-06-01,83,0
PO0001364,2023-06-01,443,6
PO0001365,2023-06-01,253,3
PO0001371,2023-06-01,834,12
PO0001372,2023-06-01,4224,27
PO0001376,2023-06-01,480,6
PO0001378,2023-06-01,1380,14
PO0001380,2023-06-01,528,5
PO0001387,2023-06-01,426,5
PO0001388,2023-06-01,120,0
PO0001393,2023-06-01,516,6
PO0001396,2023-06-01,384,1
PO0001400,2023-06-01,480,7
PO0001405,2023-06-01,735,3
PO0001414,2023-06-01,432,3
PO0001159,2023-06-02,192,4
PO0001216,2023-06-02,228,0
PO0001245,2023-06-02,583,6
PO0001282,2023-06-02,2352,29
PO0001284,2023-06-02,1548,17
PO0001295,2023-06-02,384,4
PO0001310,2023-06-02,2448,43
PO0001318,2023-06-02,456,23
PO0001323,2023-06-02,576,3
PO0001330,2023-06-02,636,8
PO0001345,2023-06-02,276,1
PO0001349,2023-06-02,1392,5
PO0001356,2023-06-02,432,0
PO0001359,2023-06-02,750,7
PO0001371,2023-06-02,834,11
PO0001384,2023-06-02,618,1
PO0001386,2023-06-02,1890,12
PO0001399,2023-06-02,330,0
PO0001403,2023-06-02,1224,12
PO0001406,2023-06-02,1104,7
PO0001407,2023-06-02,912,13
PO0001417,2023-06-02,240,4
PO0001420,2023-06-02,456,2
PO0001424,2023-06-02,210,2
PO0001425,2023-06-02,1320,12
PO0001430,2023-06-02,912,3
PO0001061,2023-06-03,3624,46
PO0001104,2023-06-03,876,8
PO0001113,2023-06-03,2112,15
PO0001207,2023-06-03,852,4
PO0001222,2023-06-03,1482,18
PO0001236,2023-06-03,372,4
PO0001271,2023-06-03,192,4
PO0001278,2023-06-03,1020,19
PO0001291,2023-06-03,408,11
PO0001313,2023-06-03,156,1
PO0001317,2023-06-03,375,9
PO0001339,2023-06-03,417,1
PO0001383,2023-06-03,144,2
PO0001391,2023-06-03,624,10
PO0001392,2023-06-03,576,3
PO0001394,2023-06-03,120,1
PO0001395,2023-06-03,1728,36
PO0001397,2023-06-03,648,34
PO0001398,2023-06-03,72,0
PO0001401,2023-06-03,252,1
PO0001404,2023-06-03,1668,32
PO0001408,2023-06-03,3642,38
PO0001409,2023-06-03,960,19
PO0001410,2023-06-03,648,7
PO0001413,2023-06-03,666,4
PO0001416,2023-06-03,192,0
PO0001418,2023-06-03,390,6
PO0001419,2023-06-03,534,4
PO0001422,2023-06-03,264,9
PO0001423,2023-06-03,384,4
PO0001432,2023-06-03,288,1
PO0001434,2023-06-03,2820,36
PO0001444,2023-06-03,360,5
PO0001230,2023-06-04,456,6
PO0001277,2023-06-04,378,5
PO0001291,2023-06-04,408,13
PO0001385,2023-06-04,192,1
PO0001388,2023-06-04,120,1
PO0001390,2023-06-04,288,4
PO0001412,2023-06-04,1308,72
PO0001416,2023-06-04,192,0
PO0001426,2023-06-04,390,1
PO0001427,2023-06-04,228,2
PO0001429,2023-06-04,444,26
PO0001440,2023-06-04,393,1
PO0001442,2023-06-04,348,8
PO0001443,2023-06-04,720,13
PO0001445,2023-06-04,1332,29
PO0001451,2023-06-04,768,10
PO0001460,2023-06-04,480,3
PO0001230,2023-06-05,456,4
PO0001266,2023-06-05,1380,13
PO0001363,2023-06-05,83,0
PO0001405,2023-06-05,735,4
PO0001422,2023-06-05,264,2
PO0001431,2023-06-05,276,2
PO0001437,2023-06-05,1152,9
PO0001438,2023-06-05,1224,14
PO0001446,2023-06-05,552,6
PO0001449,2023-06-05,960,19
PO0001450,2023-06-05,816,32
PO0001453,2023-06-05,432,3
PO0001462,2023-06-05,2004,32
PO0001463,2023-06-05,720,2
PO0001464,2023-06-05,1296,17
PO0001468,2023-06-05,768,18
PO0001479,2023-06-05,336,6
PO0001294,2023-06-06,1992,14
PO0001318,2023-06-06,456,20
PO0001377,2023-06-06,2280,19
PO0001394,2023-06-06,120,1
PO0001411,2023-06-06,1008,13
PO0001418,2023-06-06,390,0
PO0001433,2023-06-06,906,13
PO0001435,2023-06-06,492,8
PO0001441,2023-06-06,1733,22
PO0001448,2023-06-06,978,13
PO0001455,2023-06-06,312,6
PO0001459,2023-06-06,336,7
PO0001466,2023-06-06,462,1
PO0001467,2023-06-06,162,4
PO0001469,2023-06-06,672,5
PO0001471,2023-06-06,240,4
PO0001472,2023-06-06,384,4
PO0001474,2023-06-06,2016,20
PO0001476,2023-06-06,180,1
PO0001484,2023-06-06,288,1
PO0001491,2023-06-06,72,0
PO0001152,2023-06-07,552,8
PO0001236,2023-06-07,372,5
PO0001374,2023-06-07,1200,13
PO0001375,2023-06-07,252,1
PO0001402,2023-06-07,294,3
PO0001431,2023-06-07,276,0
PO0001454,2023-06-07,720,7
PO0001456,2023-06-07,2304,28
PO0001457,2023-06-07,432,3
PO0001461,2023-06-07,312,4
PO0001465,2023-06-07,888,42
PO0001473,2023-06-07,996,13
PO0001477,2023-06-07,468,5
PO0001480,2023-06-07,840,13
PO0001482,2023-06-07,288,2
PO0001487,2023-06-07,408,5
PO0001489,2023-06-07,366,7
PO0001495,2023-06-07,2064,14
PO0001502,2023-06-07,684,10
PO0001505,2023-06-07,522,0
PO0001506,2023-06-07,60,0
PO0001523,2023-06-07,360,5
PO0001421,2023-06-08,1224,18
PO0001433,2023-06-08,906,13
PO0001447,2023-06-08,720,28
PO0001450,2023-06-08,816,35
PO0001461,2023-06-08,312,5
PO0001470,2023-06-08,648,18
PO0001481,2023-06-08,840,5
PO0001483,2023-06-08,126,3
PO0001486,2023-06-08,432,8
PO0001490,2023-06-08,1590,14
PO0001492,2023-06-08,906,8
PO0001500,2023-06-08,384,11
PO0001502,2023-06-08,684,10
PO0001503,2023-06-08,144,4
PO0001504,2023-06-08,252,7
PO0001507,2023-06-08,462,0
PO0001510,2023-06-08,414,6
PO0001511,2023-06-08,123,0
PO0001515,2023-06-08,1236,17
PO0001522,2023-06-08,1296,9
PO0001525,2023-06-08,216,3
PO0001087,2023-06-09,708,13
PO0001234,2023-06-09,888,23
PO0001314,2023-06-09,1149,13
PO0001428,2023-06-09,924,16
PO0001458,2023-06-09,654,3
PO0001463,2023-06-09,720,1
PO0001467,2023-06-09,162,1
PO0001493,2023-06-09,324,1
PO0001496,2023-06-09,1392,25
PO0001497,2023-06-09,684,2
PO0001512,2023-06-09,222,2
PO0001517,2023-06-09,792,13
PO0001518,2023-06-09,600,2
PO0001520,2023-06-09,336,10
PO0001524,2023-06-09,720,3
PO0001531,2023-06-09,240,2
PO0001533,2023-06-09,1080,3
PO0001535,2023-06-09,327,14
PO0001536,2023-06-09,1680,11
PO0001539,2023-06-09,696,2
PO0001540,2023-06-09,276,0
PO0001370,2023-06-10,2280,53
PO0001436,2023-06-10,432,8
PO0001439,2023-06-10,570,3
PO0001475,2023-06-10,158,1
PO0001481,2023-06-10,840,2
PO0001498,2023-06-10,264,3
PO0001514,2023-06-10,120,3
PO0001516,2023-06-10,312,1
PO0001530,2023-06-10,144,12
PO0001535,2023-06-10,327,14
PO0001537,2023-06-10,419,3
PO0001541,2023-06-10,2784,22
PO0001542,2023-06-10,1248,18
PO0001543,2023-06-10,144,3
PO0001545,2023-06-10,84,0
PO0001546,2023-06-10,252,1
PO0001552,2023-06-10,738,15
PO0001314,2023-06-11,1149,14
PO0001379,2023-06-11,1185,16
PO0001485,2023-06-11,1962,10
PO0001508,2023-06-11,1506,21
PO0001526,2023-06-11,1086,19
PO0001532,2023-06-11,2454,38
PO0001534,2023-06-11,2268,27
PO0001544,2023-06-11,720,5
PO0001548,2023-06-11,840,4
PO0001553,2023-06-11,1038,6
PO0001556,2023-06-11,210,5
PO0001560,2023-06-11,348,3
PO0001577,2023-06-11,984,9
PO0001389,2023-06-12,192,3
PO0001415,2023-06-12,192,0
PO0001493,2023-06-12,324,1
PO0001501,2023-06-12,1848,21
PO0001509,2023-06-12,540,6
PO0001511,2023-06-12,123,1
PO0001513,2023-06-12,408,2
PO0001519,2023-06-12,648,8
PO0001544,2023-06-12,720,7
PO0001547,2023-06-12,468,2
PO0001549,2023-06-12,1176,14
PO0001555,2023-06-12,324,1
PO0001557,2023-06-12,336,1
PO0001561,2023-06-12,612,6
PO0001564,2023-06-12,261,1
PO0001565,2023-06-12,1392,6
PO0001578,2023-06-12,1452,28
PO0001581,2023-06-12,288,2
PO0001583,2023-06-12,495,8
PO0001494,2023-06-13,864,16
PO0001528,2023-06-13,288,1
PO0001548,2023-06-13,840,4
PO0001550,2023-06-13,654,3
PO0001553,2023-06-13,1038,3
PO0001558,2023-06-13,96,2
PO0001563,2023-06-13,930,10
PO0001569,2023-06-13,60,1
PO0001570,2023-06-13,936,15
PO0001571,2023-06-13,240,2
PO0001572,2023-06-13,336,3
PO0001573,2023-06-13,720,2
PO0001575,2023-06-13,432,6
PO0001576,2023-06-13,276,3
PO0001578,2023-06-13,1452,30
PO0001579,2023-06-13,6804,134
PO0001580,2023-06-13,117,1
PO0001585,2023-06-13,4776,90
PO0001586,2023-06-13,480,1
PO0001594,2023-06-13,216,5
PO0001596,2023-06-13,1182,10
PO0001598,2023-06-13,492,7
PO0001600,2023-06-13,2688,34
PO0001602,2023-06-13,744,6
PO0001608,2023-06-13,744,5
PO0001614,2023-06-13,336,6
PO0001619,2023-06-13,2064,33
PO0001488,2023-06-14,336,7
PO0001514,2023-06-14,120,2
PO0001521,2023-06-14,1656,47
PO0001529,2023-06-14,420,4
PO0001558,2023-06-14,96,0
PO0001562,2023-06-14,432,4
PO0001567,2023-06-14,1200,19
PO0001572,2023-06-14,336,3
PO0001574,2023-06-14,144,0
PO0001584,2023-06-14,948,18
PO0001589,2023-06-14,2190,47
PO0001593,2023-06-14,102,1
PO0001603,2023-06-14,195,1
PO0001605,2023-06-14,3312,35
PO0001609,2023-06-14,5280,28
PO0001613,2023-06-14,168,4
PO0001622,2023-06-14,888,10
PO0001642,2023-06-14,84,0
PO0001478,2023-06-15,768,8
PO0001569,2023-06-15,60,2
PO0001583,2023-06-15,495,2
PO0001587,2023-06-15,3852,80
PO0001588,2023-06-15,7104,99
PO0001592,2023-06-15,432,18
PO0001597,2023-06-15,416,11
PO0001600,2023-06-15,2688,22
PO0001601,2023-06-15,2040,20
PO0001620,2023-06-15,2124,22
PO0001624,2023-06-15,312,8
PO0001627,2023-06-15,432,1
PO0001633,2023-06-15,564,6
PO0001636,2023-06-15,2736,34
PO0001637,2023-06-15,504,1
PO0001638,2023-06-15,262,1
PO0001640,2023-06-15,1224,4
PO0001415,2023-06-16,192,5
PO0001559,2023-06-16,432,1
PO0001580,2023-06-16,117,1
PO0001591,2023-06-16,264,3
PO0001601,2023-06-16,2040,10
PO0001607,2023-06-16,2016,30
PO0001610,2023-06-16,1008,15
PO0001611,2023-06-16,9276,211
PO0001615,2023-06-16,5616,59
PO0001616,2023-06-16,2778,26
PO0001618,2023-06-16,3312,134
PO0001625,2023-06-16,3576,35
PO0001632,2023-06-16,360,3
PO0001639,2023-06-16,240,6
PO0001643,2023-06-16,948,4
PO0001645,2023-06-16,1092,4
PO0001646,2023-06-16,394,3
PO0001647,2023-06-16,576,3
PO0001649,2023-06-16,3504,32
PO0001651,2023-06-16,2736,37
PO0001659,2023-06-16,144,2
PO0001660,2023-06-16,810,15
PO0001661,2023-06-16,3103,31
PO0001663,2023-06-16,225,2
PO0001452,2023-06-17,1680,28
PO0001568,2023-06-17,1488,30
PO0001582,2023-06-17,96,2
PO0001603,2023-06-17,195,9
PO0001604,2023-06-17,461,8
PO0001614,2023-06-17,336,8
PO0001629,2023-06-17,3078,34
PO0001631,2023-06-17,1536,5
PO0001634,2023-06-17,408,3
PO0001641,2023-06-17,192,3
PO0001642,2023-06-17,84,0
PO0001644,2023-06-17,750,5
PO0001652,2023-06-17,96,3
PO0001653,2023-06-17,4404,19
PO0001655,2023-06-17,4746,64
PO0001656,2023-06-17,1368,13
PO0001657,2023-06-17,240,2
PO0001198,2023-06-18,852,4
PO0001499,2023-06-18,240,4
PO0001597,2023-06-18,417,11
PO0001599,2023-06-18,2235,21
PO0001628,2023-06-18,96,0
PO0001632,2023-06-18,360,6
PO0001658,2023-06-18,414,3
PO0001662,2023-06-18,300,4
PO0001665,2023-06-18,285,0
PO0001666,2023-06-18,2016,27
PO0001668,2023-06-18,452,1
PO0001671,2023-06-18,576,8
PO0001673,2023-06-18,210,2
PO0001527,2023-06-19,84,3
PO0001566,2023-06-19,6300,74
PO0001648,2023-06-19,432,3
PO0001667,2023-06-19,264,1
PO0001672,2023-06-19,888,12
PO0001676,2023-06-19,672,1
PO0001678,2023-06-19,1056,14
PO0001683,2023-06-19,1104,8
PO0001684,2023-06-19,1056,17
PO0001694,2023-06-19,1056,35
PO0001695,2023-06-19,774,7
PO0001697,2023-06-19,1140,6
PO0001699,2023-06-19,216,2
PO0001701,2023-06-19,876,9
PO0001702,2023-06-19,288,6
PO0001732,2023-06-19,288,0
PO0001733,2023-06-19,384,6
PO0001595,2023-06-20,1704,24
PO0001612,2023-06-20,480,9
PO0001626,2023-06-20,1926,41
PO0001630,2023-06-20,276,3
PO0001663,2023-06-20,225,2
PO0001664,2023-06-20,564,10
PO0001669,2023-06-20,624,10
PO0001670,2023-06-20,7632,176
PO0001675,2023-06-20,828,18
PO0001681,2023-06-20,510,6
PO0001682,2023-06-20,672,6
PO0001686,2023-06-20,144,0
PO0001687,2023-06-20,522,4
PO0001689,2023-06-20,3444,32
PO0001690,2023-06-20,1716,13
PO0001692,2023-06-20,2472,29
PO0001693,2023-06-20,5376,76
PO0001698,2023-06-20,546,3
PO0001700,2023-06-20,96,0
PO0001703,2023-06-20,216,14
PO0001704,2023-06-20,1200,8
PO0001712,2023-06-20,1680,21
PO0001714,2023-06-20,3264,55
PO0001716,2023-06-20,1056,4
PO0001718,2023-06-20,516,6
PO0001721,2023-06-20,120,3
PO0001724,2023-06-20,570,3
PO0001726,2023-06-20,1344,16
PO0001745,2023-06-20,1320,22
PO0001752,2023-06-20,528,3
PO0001762,2023-06-20,1176,9
PO0001770,2023-06-20,582,1
PO0001777,2023-06-20,192,1
PO0001322,2023-06-21,675,3
PO0001527,2023-06-21,84,0
PO0001650,2023-06-21,2520,18
PO0001665,2023-06-21,285,0
PO0001677,2023-06-21,1296,4
PO0001679,2023-06-21,657,15
PO0001685,2023-06-21,864,32
PO0001691,2023-06-21,144,1
PO0001696,2023-06-21,432,4
PO0001707,2023-06-21,1344,25
PO0001711,2023-06-21,2592,40
PO0001713,2023-06-21,84,0
PO0001721,2023-06-21,120,5
PO0001723,2023-06-21,2808,26
PO0001727,2023-06-21,1920,17
PO0001728,2023-06-21,114,3
PO0001739,2023-06-21,366,3
PO0001741,2023-06-21,2424,39
PO0001743,2023-06-21,1488,13
PO0001757,2023-06-21,2052,31
PO0001759,2023-06-21,186,4
PO0001763,2023-06-21,1020,50
PO0001765,2023-06-21,582,1
PO0001773,2023-06-21,420,11
PO0001774,2023-06-21,972,17
PO0001775,2023-06-21,528,9
PO0001783,2023-06-21,805,12
PO0001793,2023-06-21,624,8
PO0001806,2023-06-21,1488,19
PO0001599,2023-06-22,2235,24
PO0001621,2023-06-22,420,9
PO0001679,2023-06-22,657,14
PO0001702,2023-06-22,288,6
PO0001709,2023-06-22,4272,219
PO0001715,2023-06-22,3228,29
PO0001717,2023-06-22,480,5
PO0001720,2023-06-22,720,17
PO0001722,2023-06-22,1692,12
PO0001729,2023-06-22,168,2
PO0001730,2023-06-22,186,4
PO0001731,2023-06-22,240,3
PO0001734,2023-06-22,48,1
PO0001735,2023-06-22,336,4
PO0001736,2023-06-22,528,13
PO0001738,2023-06-22,720,5
PO0001744,2023-06-22,120,2
PO0001750,2023-06-22,2880,13
PO0001751,2023-06-22,1392,74
PO0001754,2023-06-22,576,11
PO0001760,2023-06-22,960,17
PO0001769,2023-06-22,66,0
PO0001771,2023-06-22,804,5
PO0001778,2023-06-22,299,5
PO0001779,2023-06-22,480,5
PO0001780,2023-06-22,2376,25
PO0001790,2023-06-22,1716,10
PO0001792,2023-06-22,1512,27
PO0001799,2023-06-22,336,0
PO0001800,2023-06-22,612,4
PO0001801,2023-06-22,2394,20
PO0001805,2023-06-22,330,6
PO0001617,2023-06-23,360,2
PO0001623,2023-06-23,384,8
PO0001635,2023-06-23,231,2
PO0001674,2023-06-23,552,7
PO0001687,2023-06-23,522,5
PO0001688,2023-06-23,288,1
PO0001710,2023-06-23,576,3
PO0001742,2023-06-23,528,6
PO0001746,2023-06-23,1032,16
PO0001748,2023-06-23,1788,24
PO0001755,2023-06-23,819,11
PO0001756,2023-06-23,3744,54
PO0001758,2023-06-23,1104,27
PO0001761,2023-06-23,960,17
PO0001764,2023-06-23,1042,15
PO0001766,2023-06-23,4416,43
PO0001767,2023-06-23,456,8
PO0001768,2023-06-23,600,4
PO0001769,2023-06-23,66,2
PO0001776,2023-06-23,300,3
PO0001781,2023-06-23,1584,12
PO0001782,2023-06-23,2016,10
PO0001784,2023-06-23,1824,31
PO0001785,2023-06-23,1248,6
PO0001788,2023-06-23,1032,9
PO0001791,2023-06-23,576,1
PO0001796,2023-06-23,864,40
PO0001802,2023-06-23,480,11
PO0001808,2023-06-23,2043,46
PO0001811,2023-06-23,1752,20
PO0001813,2023-06-23,756,6
PO0001814,2023-06-23,364,0
PO0001817,2023-06-23,3552,166
PO0001821,2023-06-23,960,3
PO0001823,2023-06-23,2208,14
PO0001827,2023-06-23,1824,55
PO0001828,2023-06-23,864,22
PO0001831,2023-06-23,1680,23
PO0001834,2023-06-23,408,8
PO0001836,2023-06-23,2460,17
PO0001538,2023-06-24,5712,56
PO0001551,2023-06-24,1668,18
PO0001590,2023-06-24,1332,16
PO0001635,2023-06-24,231,0
PO0001654,2023-06-24,2892,24
PO0001685,2023-06-24,864,53
PO0001719,2023-06-24,966,11
PO0001734,2023-06-24,48,1
PO0001797,2023-06-24,150,1
PO0001798,2023-06-24,240,0
PO0001804,2023-06-24,438,3
PO0001809,2023-06-24,324,7
PO0001810,2023-06-24,552,2
PO0001818,2023-06-24,1824,7
PO0001819,2023-06-24,2520,31
PO0001825,2023-06-24,216,0
PO0001826,2023-06-24,384,6
PO0001830,2023-06-24,1440,63
PO0001832,2023-06-24,768,24
PO0001833,2023-06-24,144,1
PO0001837,2023-06-24,108,0
PO0001708,2023-06-25,876,12
PO0001725,2023-06-25,936,5
PO0001737,2023-06-25,324,5
PO0001744,2023-06-25,120,1
PO0001789,2023-06-25,1368,25
PO0001809,2023-06-25,324,7
PO0001812,2023-06-25,1056,41
PO0001816,2023-06-25,576,10
PO0001822,2023-06-25,3768,12
PO0001824,2023-06-25,3552,51
PO0001829,2023-06-25,1044,12
PO0001842,2023-06-25,102,0
PO0001849,2023-06-25,432,1
PO0001853,2023-06-25,600,1
PO0001869,2023-06-25,624,5
PO0001874,2023-06-25,324,6
PO0001875,2023-06-25,120,3
PO0001877,2023-06-25,1680,18
PO0001885,2023-06-25,1056,16
PO0001886,2023-06-25,360,4
PO0001911,2023-06-25,120,0
PO0001554,2023-06-26,3084,63
PO0001606,2023-06-26,2736,18
PO0001705,2023-06-26,1008,21
PO0001755,2023-06-26,819,9
PO0001772,2023-06-26,1416,24
PO0001778,2023-06-26,299,7
PO0001804,2023-06-26,438,0
PO0001840,2023-06-26,2538,17
PO0001843,2023-06-26,654,2
PO0001848,2023-06-26,903,15
PO0001851,2023-06-26,3991,32
PO0001852,2023-06-26,2136,55
PO0001854,2023-06-26,1968,38
PO0001855,2023-06-26,984,8
PO0001859,2023-06-26,480,9
PO0001861,2023-06-26,978,25
PO0001862,2023-06-26,804,41
PO0001864,2023-06-26,1632,14
PO0001868,2023-06-26,444,0
PO0001870,2023-06-26,1218,21
PO0001875,2023-06-26,120,1
PO0001878,2023-06-26,744,3
PO0001879,2023-06-26,4266,53
PO0001888,2023-06-26,4998,29
PO0001890,2023-06-26,2862,33
PO0001891,2023-06-26,384,14
PO0001896,2023-06-26,144,1
PO0001897,2023-06-26,1470,11
PO0001898,2023-06-26,4488,53
PO0001905,2023-06-26,1728,19
PO0001907,2023-06-26,1956,46
PO0001908,2023-06-26,2688,19
PO0001909,2023-06-26,3888,84
PO0001910,2023-06-26,4272,47
PO0001912,2023-06-26,1896,20
PO0001913,2023-06-26,587,3
PO0001917,2023-06-26,672,24
PO0001920,2023-06-26,444,3
PO0001925,2023-06-26,1212,3
PO0001927,2023-06-26,2976,21
PO0001928,2023-06-26,300,4
PO0001930,2023-06-26,1608,15
PO0001948,2023-06-26,900,10
PO0001959,2023-06-26,552,6
PO0001706,2023-06-27,3552,31
PO0001753,2023-06-27,1632,25
PO0001787,2023-06-27,570,4
PO0001803,2023-06-27,2544,120
PO0001820,2023-06-27,1560,45
PO0001835,2023-06-27,180,2
PO0001841,2023-06-27,1728,20
PO0001844,2023-06-27,1656,10
PO0001845,2023-06-27,4656,92
PO0001846,2023-06-27,2040,13
PO0001847,2023-06-27,1458,3
PO0001850,2023-06-27,1968,33
PO0001856,2023-06-27,1572,23
PO0001857,2023-06-27,444,6
PO0001858,2023-06-27,1152,12
PO0001863,2023-06-27,2640,121
PO0001865,2023-06-27,276,3
PO0001866,2023-06-27,936,41
PO0001867,2023-06-27,3552,13
PO0001871,2023-06-27,804,12
PO0001873,2023-06-27,2400,44
PO0001874,2023-06-27,324,5
PO0001876,2023-06-27,1728,90
PO0001883,2023-06-27,3768,29
PO0001897,2023-06-27,1470,8
PO0001899,2023-06-27,864,3
PO0001901,2023-06-27,2424,19
PO0001902,2023-06-27,528,3
PO0001906,2023-06-27,2154,52
PO0001914,2023-06-27,624,18
PO0001919,2023-06-27,1380,15
PO0001939,2023-06-27,2694,18
PO0001943,2023-06-27,4129,48
PO0001944,2023-06-27,3096,28
PO0001950,2023-06-27,2184,13
PO0001951,2023-06-27,1230,0
PO0001960,2023-06-27,828,12
PO0001967,2023-06-27,2064,25
PO0001969,2023-06-27,900,43
PO0001971,2023-06-27,1896,15
PO0001981,2023-06-27,268,4
PO0001982,2023-06-27,1044,5
PO0001988,2023-06-27,3984,49
PO0001995,2023-06-27,5664,16
PO0001740,2023-06-28,768,35
PO0001747,2023-06-28,240,2
PO0001795,2023-06-28,96,3
PO0001838,2023-06-28,934,5
PO0001880,2023-06-28,929,10
PO0001881,2023-06-28,1656,5
PO0001884,2023-06-28,2412,51
PO0001886,2023-06-28,360,6
PO0001887,2023-06-28,384,4
PO0001893,2023-06-28,2880,31
PO0001894,2023-06-28,1824,69
PO0001895,2023-06-28,4632,50
PO0001900,2023-06-28,2352,22
PO0001903,2023-06-28,426,13
PO0001911,2023-06-28,120,1
PO0001915,2023-06-28,672,11
PO0001916,2023-06-28,951,12
PO0001918,2023-06-28,1260,18
PO0001922,2023-06-28,1404,16
PO0001928,2023-06-28,300,4
PO0001932,2023-06-28,408,5
PO0001933,2023-06-28,810,2
PO0001934,2023-06-28,5856,32
PO0001935,2023-06-28,816,4
PO0001936,2023-06-28,4944,88
PO0001938,2023-06-28,3216,50
PO0001939,2023-06-28,2694,14
PO0001940,2023-06-28,2424,18
PO0001942,2023-06-28,1008,17
PO0001947,2023-06-28,408,6
PO0001949,2023-06-28,2316,13
PO0001954,2023-06-28,450,6
PO0001958,2023-06-28,378,3
PO0001961,2023-06-28,4140,13
PO0001962,2023-06-28,696,4
PO0001966,2023-06-28,3600,64
PO0001970,2023-06-28,96,2
PO0001972,2023-06-28,1236,29
PO0001973,2023-06-28,1860,14
PO0001975,2023-06-28,180,2
PO0001976,2023-06-28,2976,35
PO0001978,2023-06-28,480,5
PO0001991,2023-06-28,5712,68
PO0001992,2023-06-28,648,6
PO0001997,2023-06-28,456,22
PO0001998,2023-06-28,2544,17
PO0002001,2023-06-28,684,8
PO0002002,2023-06-28,486,2
PO0002009,2023-06-28,1866,17
PO0002010,2023-06-28,384,7
PO0002011,2023-06-28,384,3
PO0002013,2023-06-28,4224,18
PO0002016,2023-06-28,1392,27
PO0002019,2023-06-28,336,2
PO0002021,2023-06-28,588,7
PO0002029,2023-06-28,1104,28
PO0002032,2023-06-28,348,4
PO0002055,2023-06-28,579,5
PO0001706,2023-06-29,3552,35
PO0001749,2023-06-29,641,6
PO0001839,2023-06-29,246,1
PO0001859,2023-06-29,480,11
PO0001860,2023-06-29,3744,66
PO0001916,2023-06-29,951,15
PO0001937,2023-06-29,1080,5
PO0001941,2023-06-29,441,7
PO0001945,2023-06-29,1296,41
PO0001946,2023-06-29,672,7
PO0001953,2023-06-29,600,4
PO0001955,2023-06-29,2952,22
PO0001956,2023-06-29,1368,11
PO0001957,2023-06-29,680,3
PO0001964,2023-06-29,2388,36
PO0001965,2023-06-29,612,13
PO0001983,2023-06-29,438,9
PO0001985,2023-06-29,2304,108
PO0001986,2023-06-29,276,1
PO0001989,2023-06-29,444,3
PO0001990,2023-06-29,288,0
PO0001996,2023-06-29,1224,34
PO0001999,2023-06-29,3372,34
PO0002002,2023-06-29,486,7
PO0002003,2023-06-29,2892,21
PO0002004,2023-06-29,3840,62
PO0002005,2023-06-29,1080,9
PO0002006,2023-06-29,780,12
PO0002010,2023-06-29,384,12
PO0002012,2023-06-29,474,4
PO0002014,2023-06-29,1500,15
PO0002015,2023-06-29,1644,14
PO0002017,2023-06-29,912,27
PO0002018,2023-06-29,1902,4
PO0002024,2023-06-29,4128,12
PO0002025,2023-06-29,1524,33
PO0002028,2023-06-29,108,1
PO0002030,2023-06-29,1392,24
PO0002031,2023-06-29,996,10
PO0002033,2023-06-29,1293,13
PO0002044,2023-06-29,300,2
PO0002050,2023-06-29,864,7
PO0002054,2023-06-29,606,5
PO0002055,2023-06-29,579,10
PO0002059,2023-06-29,720,5
PO0002062,2023-06-29,2892,14
PO0002067,2023-06-29,1368,12
PO0002068,2023-06-29,864,46
PO0001680,2023-06-30,252,2
PO0001749,2023-06-30,642,11
PO0001924,2023-06-30,564,1
PO0001941,2023-06-30,441,3
PO0001959,2023-06-30,552,6
PO0001975,2023-06-30,180,2
PO0002000,2023-06-30,228,2
PO0002001,2023-06-30,684,8
PO0002008,2023-06-30,1038,5
PO0002020,2023-06-30,768,5
PO0002023,2023-06-30,3864,31
PO0002027,2023-06-30,84,0
PO0002034,2023-06-30,594,4
PO0002035,2023-06-30,1074,17
PO0002038,2023-06-30,546,3
PO0002040,2023-06-30,294,9
PO0002041,2023-06-30,1248,7
PO0002049,2023-06-30,2040,28
PO0002052,2023-06-30,672,3
PO0002057,2023-06-30,876,24
PO0002060,2023-06-30,552,7
PO0002066,2023-06-30,1392,14
PO0002074,2023-06-30,792,3
PO0002077,2023-06-30,1968,21
PO0002082,2023-06-30,312,8
PO0002084,2023-06-30,414,8
PO0002087,2023-06-30,1692,15
PO0002091,2023-06-30,480,4
PO0001680,2023-07-01,252,1
PO0001753,2023-07-01,1632,18
PO0001786,2023-07-01,936,12
PO0001794,2023-07-01,828,13
PO0001815,2023-07-01,1728,41
PO0001872,2023-07-01,912,14
PO0001882,2023-07-01,2658,56
PO0001889,2023-07-01,960,11
PO0001929,2023-07-01,432,5
PO0001931,2023-07-01,576,32
PO0001946,2023-07-01,672,5
PO0001952,2023-07-01,782,15
PO0001963,2023-07-01,960,2
PO0001983,2023-07-01,438,5
PO0002036,2023-07-01,1848,28
PO0002037,2023-07-01,972,48
PO0002042,2023-07-01,168,2
PO0002048,2023-07-01,1248,4
PO0002051,2023-07-01,126,0
PO0002056,2023-07-01,294,3
PO0002071,2023-07-01,1392,7
PO0002072,2023-07-01,1080,18
PO0002076,2023-07-01,576,5
PO0002079,2023-07-01,1560,19
PO0002080,2023-07-01,996,5
PO0002084,2023-07-01,414,8
PO0002088,2023-07-01,1176,7
PO0002094,2023-07-01,330,2
PO0002109,2023-07-01,520,0
PO0001795,2023-07-02,96,3
PO0001926,2023-07-02,443,8
PO0001949,2023-07-02,2316,7
PO0001952,2023-07-02,782,17
PO0001977,2023-07-02,57,0
PO0001978,2023-07-02,480,5
PO0001979,2023-07-02,672,6
PO0001997,2023-07-02,456,20
PO0002033,2023-07-02,1293,14
PO0002038,2023-07-02,546,5
PO0002053,2023-07-02,2328,35
PO0002073,2023-07-02,3768,22
PO0002074,2023-07-02,792,2
PO0002078,2023-07-02,1914,12
PO0002081,2023-07-02,2160,14
PO0002085,2023-07-02,1080,5
PO0002086,2023-07-02,996,4
PO0002087,2023-07-02,1692,24
PO0002089,2023-07-02,144,0
PO0002090,2023-07-02,984,15
PO0002092,2023-07-02,792,3
PO0002102,2023-07-02,480,14
PO0002104,2023-07-02,1488,18
PO0002111,2023-07-02,1392,23
PO0002113,2023-07-02,327,2
PO0002115,2023-07-02,324,4
PO0002116,2023-07-02,2232,11
PO0002120,2023-07-02,666,4
PO0002122,2023-07-02,708,5
PO0002130,2023-07-02,1824,6
PO0001923,2023-07-03,960,7
PO0001926,2023-07-03,443,13
PO0001953,2023-07-03,600,5
PO0001965,2023-07-03,612,18
PO0001974,2023-07-03,2448,54
PO0001977,2023-07-03,57,0
PO0002008,2023-07-03,1038,5
PO0002064,2023-07-03,1373,18
PO0002065,2023-07-03,672,6
PO0002070,2023-07-03,1104,19
PO0002075,2023-07-03,1368,13
PO0002080,2023-07-03,996,12
PO0002083,2023-07-03,1464,9
PO0002094,2023-07-03,330,2
PO0002106,2023-07-03,420,1
PO0002110,2023-07-03,1260,22
PO0002113,2023-07-03,327,1
PO0002119,2023-07-03,1344,6
PO0002121,2023-07-03,1200,11
PO0002125,2023-07-03,558,19
PO0002141,2023-07-03,1284,21
PO0002142,2023-07-03,1104,18
PO0002144,2023-07-03,576,0
PO0002145,2023-07-03,168,3
PO0002146,2023-07-03,696,6
PO0002151,2023-07-03,768,10
PO0002161,2023-07-03,129,1
PO0002175,2023-07-03,582,10
PO0001807,2023-07-04,1650,19
PO0001892,2023-07-04,1224,16
PO0001980,2023-07-04,624,4
PO0001984,2023-07-04,996,8
PO0002007,2023-07-04,3942,57
PO0002051,2023-07-04,126,3
PO0002058,2023-07-04,552,7
PO0002061,2023-07-04,1560,22
PO0002093,2023-07-04,2736,5
PO0002096,2023-07-04,528,9
PO0002099,2023-07-04,240,1
PO0002100,2023-07-04,576,6
PO0002101,2023-07-04,3774,26
PO0002103,2023-07-04,1680,45
PO0002105,2023-07-04,384,2
PO0002117,2023-07-04,144,1
PO0002118,2023-07-04,1296,12
PO0002122,2023-07-04,708,6
PO0002124,2023-07-04,1428,22
PO0002125,2023-07-04,558,20
PO0002128,2023-07-04,678,1
PO0002131,2023-07-04,1008,19
PO0002132,2023-07-04,306,1
PO0002135,2023-07-04,1296,13
PO0002137,2023-07-04,731,4
PO0002140,2023-07-04,2760,17
PO0002156,2023-07-04,414,5
PO0002163,2023-07-04,724,2
PO0002168,2023-07-04,1584,8
PO0002169,2023-07-04,264,2
PO0002170,2023-07-04,270,0
PO0002172,2023-07-04,456,3
PO0002176,2023-07-04,1008,27
PO0002180,2023-07-04,588,1
PO0002181,2023-07-04,1122,18
PO0001904,2023-07-05,1728,22
PO0001963,2023-07-05,960,5
PO0002022,2023-07-05,1500,21
PO0002026,2023-07-05,2292,14
PO0002045,2023-07-05,624,6
PO0002069,2023-07-05,811,16
PO0002072,2023-07-05,1080,21
PO0002081,2023-07-05,2160,14
PO0002086,2023-07-05,996,6
PO0002097,2023-07-05,1056,11
PO0002126,2023-07-05,960,10
PO0002127,2023-07-05,378,3
PO0002129,2023-07-05,2520,20
PO0002133,2023-07-05,624,5
PO0002134,2023-07-05,1056,9
PO0002136,2023-07-05,1380,18
PO0002138,2023-07-05,264,5
PO0002147,2023-07-05,300,1
PO0002148,2023-07-05,96,0
PO0002149,2023-07-05,756,14
PO0002150,2023-07-05,1656,10
PO0002152,2023-07-05,499,2
PO0002153,2023-07-05,1032,14
PO0002158,2023-07-05,252,2
PO0002162,2023-07-05,744,1
PO0002173,2023-07-05,288,1
PO0002174,2023-07-05,1587,23
PO0002177,2023-07-05,366,2
PO0002179,2023-07-05,1032,15
PO0002183,2023-07-05,306,1
PO0002187,2023-07-05,1920,31
PO0002190,2023-07-05,351,0
PO0002191,2023-07-05,312,3
PO0002192,2023-07-05,645,4
PO0002193,2023-07-05,504,7
PO0002194,2023-07-05,168,0
PO0002196,2023-07-05,264,4
PO0002197,2023-07-05,576,5
PO0002205,2023-07-05,336,0
PO0002209,2023-07-05,624,4
PO0002213,2023-07-05,624,8
PO0001993,2023-07-06,1164,11
PO0002046,2023-07-06,912,10
PO0002058,2023-07-06,552,1
PO0002107,2023-07-06,201,2
PO0002110,2023-07-06,1260,15
PO0002132,2023-07-06,306,0
PO0002148,2023-07-06,96,2
PO0002157,2023-07-06,48,0
PO0002159,2023-07-06,384,1
PO0002160,2023-07-06,186,0
PO0002161,2023-07-06,130,3
PO0002166,2023-07-06,432,5
PO0002167,2023-07-06,456,5
PO0002171,2023-07-06,576,7
PO0002189,2023-07-06,2952,74
PO0002192,2023-07-06,645,0
PO0002194,2023-07-06,168,2
PO0002201,2023-07-06,576,9
PO0002208,2023-07-06,882,18
PO0002212,2023-07-06,264,1
PO0001921,2023-07-07,582,9
PO0001994,2023-07-07,3360,54
PO0002070,2023-07-07,1104,18
PO0002182,2023-07-07,114,1
PO0002186,2023-07-07,1464,10
PO0002188,2023-07-07,288,4
PO0002190,2023-07-07,351,1
PO0002198,2023-07-07,1554,17
PO0002202,2023-07-07,384,8
PO0002203,2023-07-07,132,0
PO0002204,2023-07-07,180,2
PO0002207,2023-07-07,624,6
PO0002211,2023-07-07,1632,14
PO0002219,2023-07-07,300,2
PO0002223,2023-07-07,260,4
PO0002227,2023-07-07,432,5
PO0001968,2023-07-08,1272,22
PO0002139,2023-07-08,288,5
PO0002143,2023-07-08,1038,16
PO0002169,2023-07-08,264,3
PO0002206,2023-07-08,708,10
PO0002209,2023-07-08,624,1
PO0002210,2023-07-08,342,5
PO0002214,2023-07-08,192,3
PO0002215,2023-07-08,132,0
PO0002216,2023-07-08,1980,11
PO0002217,2023-07-08,192,3
PO0002218,2023-07-08,552,2
PO0002220,2023-07-08,816,7
PO0002224,2023-07-08,1152,65
PO0002230,2023-07-08,336,0
PO0002232,2023-07-08,996,20
PO0002233,2023-07-08,432,5
PO0001987,2023-07-09,192,2
PO0002063,2023-07-09,1266,6
PO0002127,2023-07-09,378,4
PO0002160,2023-07-09,186,0
PO0002164,2023-07-09,348,2
PO0002200,2023-07-09,504,9
PO0002228,2023-07-09,234,1
PO0002229,2023-07-09,528,0
PO0002234,2023-07-09,1056,11
PO0002235,2023-07-09,220,4
PO0002243,2023-07-09,180,0
PO0002246,2023-07-09,336,5
PO0001993,2023-07-10,1164,3
PO0002047,2023-07-10,2592,120
PO0002107,2023-07-10,201,2
PO0002157,2023-07-10,48,3
PO0002165,2023-07-10,672,4
PO0002178,2023-07-10,408,1
PO0002199,2023-07-10,432,7
PO0002221,2023-07-10,288,13
PO0002225,2023-07-10,1140,20
PO0002226,2023-07-10,696,2
PO0002240,2023-07-10,864,13
PO0002249,2023-07-10,144,0
PO0002253,2023-07-10,648,6
PO0002260,2023-07-10,1320,16
PO0002266,2023-07-10,240,0
PO0002043,2023-07-11,444,9
PO0002123,2023-07-11,984,8
PO0002178,2023-07-11,408,3
PO0002184,2023-07-11,594,4
PO0002185,2023-07-11,672,6
PO0002195,2023-07-11,456,6
PO0002237,2023-07-11,120,5
PO0002241,2023-07-11,600,5
PO0002245,2023-07-11,324,1
PO0002247,2023-07-11,243,9
PO0002250,2023-07-11,192,2
PO0002251,2023-07-11,144,6
PO0002257,2023-07-11,483,6
PO0002263,2023-07-11,1680,18
PO0002264,2023-07-11,300,7
PO0002267,2023-07-11,438,10
PO0002269,2023-07-11,924,7
PO0002280,2023-07-11,528,7
PO0002297,2023-07-11,708,3
PO0002313,2023-07-11,264,3
PO0002228,2023-07-12,234,1
PO0002233,2023-07-12,432,5
PO0002236,2023-07-12,864,25
PO0002238,2023-07-12,498,2
PO0002244,2023-07-12,696,1
PO0002247,2023-07-12,243,15
PO0002248,2023-07-12,768,38
PO0002252,2023-07-12,1080,13
PO0002259,2023-07-12,498,7
PO0002261,2023-07-12,384,15
PO0002262,2023-07-12,624,6
PO0002272,2023-07-12,240,2
PO0002279,2023-07-12,324,6
PO0002290,2023-07-12,720,27
PO0002304,2023-07-12,120,2
PO0002307,2023-07-12,240,6
PO0002326,2023-07-12,378,9
PO0002043,2023-07-13,444,4
PO0002098,2023-07-13,1836,30
PO0002112,2023-07-13,774,17
PO0002184,2023-07-13,594,2
PO0002258,2023-07-13,2574,40
PO0002262,2023-07-13,624,7
PO0002265,2023-07-13,336,2
PO0002271,2023-07-13,624,23
PO0002274,2023-07-13,295,1
PO0002275,2023-07-13,288,8
PO0002276,2023-07-13,408,4
PO0002277,2023-07-13,1104,6
PO0002285,2023-07-13,231,1
PO0002287,2023-07-13,684,8
PO0002288,2023-07-13,756,11
PO0002291,2023-07-13,288,5
PO0002298,2023-07-13,1632,20
PO0002302,2023-07-13,144,0
PO0002314,2023-07-13,1182,6
PO0002315,2023-07-13,654,3
PO0002320,2023-07-13,414,3
PO0002324,2023-07-13,1032,10
PO0002114,2023-07-14,798,2
PO0002154,2023-07-14,926,17
PO0002155,2023-07-14,480,11
PO0002237,2023-07-14,120,3
PO0002239,2023-07-14,648,3
PO0002256,2023-07-14,786,3
PO0002257,2023-07-14,483,3
PO0002285,2023-07-14,231,2
PO0002289,2023-07-14,408,7
PO0002292,2023-07-14,816,19
PO0002303,2023-07-14,1020,16
PO0002304,2023-07-14,120,1
PO0002308,2023-07-14,2286,16
PO0002311,2023-07-14,240,2
PO0002317,2023-07-14,684,7
PO0002319,2023-07-14,1380,29
PO0002321,2023-07-14,528,4
PO0002322,2023-07-14,522,3
PO0002323,2023-07-14,912,2
PO0002329,2023-07-14,3360,31
PO0002336,2023-07-14,504,9
PO0002095,2023-07-15,816,14
PO0002231,2023-07-15,303,2
PO0002254,2023-07-15,180,5
PO0002255,2023-07-15,786,12
PO0002268,2023-07-15,374,5
PO0002282,2023-07-15,504,5
PO0002284,2023-07-15,336,2
PO0002286,2023-07-15,96,0
PO0002293,2023-07-15,192,4
PO0002299,2023-07-15,372,4
PO0002300,2023-07-15,192,4
PO0002306,2023-07-15,69,0
PO0002310,2023-07-15,34,1
PO0002324,2023-07-15,1032,9
PO0002327,2023-07-15,685,4
PO0002340,2023-07-15,1278,41
PO0002344,2023-07-15,288,1
PO0002242,2023-07-16,3288,45
PO0002270,2023-07-16,1062,21
PO0002278,2023-07-16,384,11
PO0002286,2023-07-16,96,0
PO0002296,2023-07-16,1248,19
PO0002309,2023-07-16,252,2
PO0002328,2023-07-16,249,1
PO0002330,2023-07-16,1005,12
PO0002332,2023-07-16,2784,58
PO0002333,2023-07-16,144,1
PO0002338,2023-07-16,1176,5
PO0002254,2023-07-17,180,3
PO0002294,2023-07-17,558,7
PO0002301,2023-07-17,894,7
PO0002305,2023-07-17,6336,133
PO0002320,2023-07-17,414,6
PO0002328,2023-07-17,249,4
PO0002335,2023-07-17,691,3
PO0002339,2023-07-17,240,5
PO0002342,2023-07-17,840,8
PO0002343,2023-07-17,402,2
PO0002350,2023-07-17,528,4
PO0002356,2023-07-17,1116,6
PO0002377,2023-07-17,1584,21
PO0002039,2023-07-18,1764,28
PO0002316,2023-07-18,157,1
PO0002346,2023-07-18,1008,7
PO0002365,2023-07-18,336,1
PO0002370,2023-07-18,408,9
PO0002373,2023-07-18,1788,27
PO0002403,2023-07-18,624,4
PO0002273,2023-07-19,72,0
PO0002281,2023-07-19,792,12
PO0002306,2023-07-19,69,0
PO0002310,2023-07-19,35,0
PO0002334,2023-07-19,312,7
PO0002340,2023-07-19,1278,25
PO0002341,2023-07-19,1440,27
PO0002345,2023-07-19,588,4
PO0002348,2023-07-19,510,5
PO0002351,2023-07-19,192,2
PO0002358,2023-07-19,117,0
PO0002368,2023-07-19,720,9
PO0002369,2023-07-19,456,1
PO0002374,2023-07-19,201,0
PO0002379,2023-07-19,552,5
PO0002381,2023-07-19,288,4
PO0002382,2023-07-19,240,8
PO0002393,2023-07-19,1152,15
PO0002407,2023-07-19,396,2
PO0002417,2023-07-19,828,13
PO0002273,2023-07-20,72,0
PO0002312,2023-07-20,456,4
PO0002318,2023-07-20,1584,18
PO0002337,2023-07-20,1524,23
PO0002347,2023-07-20,2718,17
PO0002352,2023-07-20,168,8
PO0002355,2023-07-20,192,3
PO0002359,2023-07-20,1014,7
PO0002361,2023-07-20,4284,105
PO0002363,2023-07-20,558,2
PO0002364,2023-07-20,504,5
PO0002365,2023-07-20,336,2
PO0002375,2023-07-20,642,12
PO0002387,2023-07-20,1560,41
PO0002388,2023-07-20,3031,27
PO0002389,2023-07-20,3552,22
PO0002391,2023-07-20,648,7
PO0002404,2023-07-20,4296,20
PO0002405,2023-07-20,2940,16
PO0002406,2023-07-20,1488,24
PO0002412,2023-07-20,1620,15
PO0002413,2023-07-20,396,23
PO0002415,2023-07-20,168,4
PO0002331,2023-07-21,564,1
PO0002334,2023-07-21,312,5
PO0002343,2023-07-21,402,7
PO0002352,2023-07-21,168,5
PO0002353,2023-07-21,5184,58
PO0002354,2023-07-21,546,31
PO0002367,2023-07-21,6240,67
PO0002376,2023-07-21,1728,74
PO0002378,2023-07-21,1152,24
PO0002379,2023-07-21,552,3
PO0002383,2023-07-21,804,13
PO0002384,2023-07-21,8052,171
PO0002385,2023-07-21,192,2
PO0002394,2023-07-21,4560,26
PO0002397,2023-07-21,1764,26
PO0002399,2023-07-21,96,3
PO0002400,2023-07-21,264,4
PO0002402,2023-07-21,498,1
PO0002419,2023-07-21,810,14
PO0002428,2023-07-21,1560,28
PO0002435,2023-07-21,1368,16
PO0002442,2023-07-21,582,9
PO0002446,2023-07-21,483,7
PO0002450,2023-07-21,264,2
PO0002108,2023-07-22,192,2
PO0002358,2023-07-22,117,0
PO0002374,2023-07-22,201,0
PO0002386,2023-07-22,144,1
PO0002390,2023-07-22,2352,22
PO0002392,2023-07-22,432,11
PO0002401,2023-07-22,144,1
PO0002408,2023-07-22,1188,19
PO0002410,2023-07-22,342,2
PO0002411,2023-07-22,3366,33
PO0002414,2023-07-22,240,5
PO0002418,2023-07-22,4368,44
PO0002421,2023-07-22,660,2
PO0002422,2023-07-22,2274,28
PO0002424,2023-07-22,180,1
PO0002429,2023-07-22,1728,19
PO0002431,2023-07-22,1152,21
PO0002436,2023-07-22,276,1
PO0002438,2023-07-22,600,5
PO0002439,2023-07-22,840,42
PO0002442,2023-07-22,582,6
PO0002445,2023-07-22,1176,8
PO0002449,2023-07-22,96,0
PO0002295,2023-07-23,1944,18
PO0002325,2023-07-23,192,2
PO0002354,2023-07-23,546,23
PO0002357,2023-07-23,1800,29
PO0002380,2023-07-23,186,9
PO0002391,2023-07-23,648,11
PO0002395,2023-07-23,1266,25
PO0002398,2023-07-23,720,7
PO0002409,2023-07-23,1458,7
PO0002415,2023-07-23,168,4
PO0002427,2023-07-23,136,1
PO0002430,2023-07-23,385,5
PO0002433,2023-07-23,450,5
PO0002434,2023-07-23,230,3
PO0002436,2023-07-23,276,3
PO0002443,2023-07-23,3072,40
PO0002447,2023-07-23,240,2
PO0002459,2023-07-23,576,5
PO0002464,2023-07-23,1632,25
PO0002468,2023-07-23,840,6
PO0002283,2023-07-24,174,4
PO0002372,2023-07-24,768,16
PO0002401,2023-07-24,144,1
PO0002412,2023-07-24,1620,19
PO0002425,2023-07-24,768,25
PO0002426,2023-07-24,96,1
PO0002432,2023-07-24,369,7
PO0002440,2023-07-24,1128,20
PO0002441,2023-07-24,4416,34
PO0002444,2023-07-24,2448,33
PO0002446,2023-07-24,483,7
PO0002475,2023-07-24,192,3
PO0002486,2023-07-24,2259,27
PO0002504,2023-07-24,1344,17
PO0002507,2023-07-24,924,12
PO0002511,2023-07-24,2448,115
PO0002512,2023-07-24,120,0
PO0002546,2023-07-24,288,3
PO0002366,2023-07-25,804,6
PO0002458,2023-07-25,2598,21
PO0002460,2023-07-25,3654,52
PO0002461,2023-07-25,507,1
PO0002463,2023-07-25,2400,21
PO0002465,2023-07-25,366,0
PO0002466,2023-07-25,144,0
PO0002472,2023-07-25,1320,3
PO0002473,2023-07-25,1008,4
PO0002491,2023-07-25,2592,153
PO0002497,2023-07-25,2700,18
PO0002501,2023-07-25,552,2
PO0002513,2023-07-25,948,1
PO0002536,2023-07-25,3648,74
PO0002544,2023-07-25,1014,10
PO0002547,2023-07-25,384,4
PO0002553,2023-07-25,336,8
PO0002437,2023-07-26,3024,32
PO0002456,2023-07-26,3294,35
PO0002469,2023-07-26,636,8
PO0002476,2023-07-26,187,1
PO0002479,2023-07-26,4638,64
PO0002482,2023-07-26,1452,12
PO0002488,2023-07-26,2154,38
PO0002496,2023-07-26,936,14
PO0002498,2023-07-26,660,12
PO0002499,2023-07-26,132,1
PO0002500,2023-07-26,570,2
PO0002503,2023-07-26,1608,11
PO0002515,2023-07-26,960,3
PO0002516,2023-07-26,2328,36
PO0002518,2023-07-26,633,12
PO0002521,2023-07-26,2436,37
PO0002524,2023-07-26,489,4
PO0002525,2023-07-26,1914,41
PO0002526,2023-07-26,2646,22
PO0002527,2023-07-26,624,15
PO0002529,2023-07-26,336,5
PO0002530,2023-07-26,1872,105
PO0002532,2023-07-26,2208,41
PO0002535,2023-07-26,540,7
PO0002541,2023-07-26,888,6
PO0002554,2023-07-26,1176,37
PO0002561,2023-07-26,1536,11
PO0002577,2023-07-26,246,0
PO0002580,2023-07-26,1488,15
PO0002581,2023-07-26,1956,48
PO0002585,2023-07-26,1644,26
PO0002586,2023-07-26,816,4
PO0002595,2023-07-26,432,5
PO0002609,2023-07-26,1932,13
PO0002611,2023-07-26,2688,56
PO0002617,2023-07-26,714,2
PO0002650,2023-07-26,4176,14
PO0002222,2023-07-27,432,1
PO0002360,2023-07-27,240,8
PO0002371,2023-07-27,180,1
PO0002416,2023-07-27,828,22
PO0002430,2023-07-27,386,4
PO0002451,2023-07-27,2376,29
PO0002452,2023-07-27,468,6
PO0002455,2023-07-27,420,8
PO0002457,2023-07-27,720,15
PO0002461,2023-07-27,507,5
PO0002467,2023-07-27,1728,32
PO0002471,2023-07-27,2748,12
PO0002474,2023-07-27,1272,15
PO0002477,2023-07-27,1056,10
PO0002480,2023-07-27,825,18
PO0002481,2023-07-27,4848,60
PO0002489,2023-07-27,3888,56
PO0002490,2023-07-27,462,13
PO0002506,2023-07-27,1152,22
PO0002517,2023-07-27,1092,7
PO0002528,2023-07-27,1104,20
PO0002534,2023-07-27,1404,17
PO0002538,2023-07-27,942,16
PO0002539,2023-07-27,1536,28
PO0002544,2023-07-27,1014,9
PO0002545,2023-07-27,480,1
PO0002548,2023-07-27,180,3
PO0002552,2023-07-27,336,2
PO0002555,2023-07-27,270,6
PO0002558,2023-07-27,342,5
PO0002567,2023-07-27,5484,27
PO0002572,2023-07-27,2232,24
PO0002575,2023-07-27,1248,29
PO0002605,2023-07-27,3024,25
PO0002606,2023-07-27,1446,29
PO0002621,2023-07-27,5952,43
PO0002625,2023-07-27,3426,34
PO0002627,2023-07-27,1752,31
PO0002638,2023-07-27,2472,16
PO0002647,2023-07-27,1585,17
PO0002649,2023-07-27,1950,9
PO0002655,2023-07-27,1608,15
PO0002362,2023-07-28,276,13
PO0002426,2023-07-28,96,1
PO0002478,2023-07-28,840,6
PO0002485,2023-07-28,1968,7
PO0002494,2023-07-28,480,0
PO0002495,2023-07-28,480,4
PO0002496,2023-07-28,936,21
PO0002501,2023-07-28,552,6
PO0002502,2023-07-28,732,5
PO0002508,2023-07-28,192,5
PO0002509,2023-07-28,3726,35
PO0002523,2023-07-28,3128,18
PO0002526,2023-07-28,2646,24
PO0002531,2023-07-28,1584,71
PO0002533,2023-07-28,1224,20
PO0002537,2023-07-28,1410,24
PO0002542,2023-07-28,1560,26
PO0002546,2023-07-28,288,3
PO0002548,2023-07-28,180,2
PO0002549,2023-07-28,696,3
PO0002556,2023-07-28,2298,18
PO0002559,2023-07-28,4176,54
PO0002562,2023-07-28,1116,16
PO0002574,2023-07-28,1650,29
PO0002579,2023-07-28,2988,30
PO0002582,2023-07-28,528,3
PO0002583,2023-07-28,306,3
PO0002588,2023-07-28,396,11
PO0002590,2023-07-28,1056,25
PO0002591,2023-07-28,288,3
PO0002594,2023-07-28,2640,19
PO0002598,2023-07-28,4296,49
PO0002600,2023-07-28,1812,28
PO0002601,2023-07-28,618,4
PO0002610,2023-07-28,90,4
PO0002613,2023-07-28,3096,30
PO0002615,2023-07-28,1320,18
PO0002618,2023-07-28,1200,19
PO0002622,2023-07-28,2688,31
PO0002623,2023-07-28,4248,52
PO0002626,2023-07-28,1200,13
PO0002630,2023-07-28,4632,60
PO0002632,2023-07-28,420,3
PO0002633,2023-07-28,336,2
PO0002635,2023-07-28,1974,32
PO0002637,2023-07-28,2478,18
PO0002640,2023-07-28,4464,15
PO0002648,2023-07-28,378,7
PO0002652,2023-07-28,432,5
PO0002656,2023-07-28,660,10
PO0002657,2023-07-28,1104,2
PO0002660,2023-07-28,1488,8
PO0002666,2023-07-28,3264,48
PO0002667,2023-07-28,696,9
PO0002672,2023-07-28,2160,39
PO0002673,2023-07-28,2844,19
PO0002679,2023-07-28,1044,11
PO0002685,2023-07-28,2136,17
PO0002454,2023-07-29,1200,10
PO0002457,2023-07-29,720,10
PO0002466,2023-07-29,144,2
PO0002470,2023-07-29,636,8
PO0002480,2023-07-29,825,8
PO0002483,2023-07-29,3360,175
PO0002484,2023-07-29,552,2
PO0002487,2023-07-29,2016,48
PO0002493,2023-07-29,3624,40
PO0002510,2023-07-29,600,1
PO0002520,2023-07-29,4350,57
PO0002540,2023-07-29,672,8
PO0002550,2023-07-29,378,8
PO0002551,2023-07-29,144,2
PO0002563,2023-07-29,396,5
PO0002572,2023-07-29,2232,24
PO0002576,2023-07-29,1680,19
PO0002592,2023-07-29,1824,26
PO0002597,2023-07-29,576,5
PO0002599,2023-07-29,1896,23
PO0002602,2023-07-29,3420,22
PO0002603,2023-07-29,912,9
PO0002607,2023-07-29,36,0
PO0002612,2023-07-29,1752,19
PO0002616,2023-07-29,552,5
PO0002618,2023-07-29,1200,20
PO0002629,2023-07-29,3792,79
PO0002634,2023-07-29,846,1
PO0002639,2023-07-29,780,6
PO0002646,2023-07-29,2916,25
PO0002649,2023-07-29,1950,9
PO0002651,2023-07-29,276,3
PO0002654,2023-07-29,432,9
PO0002659,2023-07-29,744,1
PO0002662,2023-07-29,1644,27
PO0002682,2023-07-29,348,9
PO0002689,2023-07-29,1620,14
PO0002349,2023-07-30,240,1
PO0002360,2023-07-30,240,8
PO0002416,2023-07-30,828,17
PO0002476,2023-07-30,187,1
PO0002505,2023-07-30,192,4
PO0002518,2023-07-30,633,7
PO0002524,2023-07-30,490,1
PO0002562,2023-07-30,1116,13
PO0002564,2023-07-30,570,2
PO0002565,2023-07-30,5976,81
PO0002568,2023-07-30,2448,25
PO0002577,2023-07-30,246,4
PO0002589,2023-07-30,754,11
PO0002593,2023-07-30,360,6
PO0002604,2023-07-30,816,11
PO0002607,2023-07-30,36,2
PO0002628,2023-07-30,1344,7
PO0002641,2023-07-30,408,5
PO0002661,2023-07-30,1584,23
PO0002664,2023-07-30,618,4
PO0002665,2023-07-30,4992,94
PO0002668,2023-07-30,4080,46
PO0002669,2023-07-30,1848,13
PO0002670,2023-07-30,3144,24
PO0002681,2023-07-30,1812,8
PO0002687,2023-07-30,144,3
PO0002688,2023-07-30,216,2
PO0002690,2023-07-30,936,17
PO0002691,2023-07-30,1392,16
PO0002699,2023-07-30,5664,17
PO0002703,2023-07-30,966,6
PO0002705,2023-07-30,309,0
PO0002718,2023-07-30,336,6
PO0002727,2023-07-30,864,9
PO0002733,2023-07-30,1920,9
PO0002760,2023-07-30,1536,15
PO0002448,2023-07-31,432,9
PO0002462,2023-07-31,1548,22
PO0002492,2023-07-31,3708,19
PO0002508,2023-07-31,192,11
PO0002543,2023-07-31,1356,31
PO0002608,2023-07-31,672,12
PO0002610,2023-07-31,90,2
PO0002624,2023-07-31,234,4
PO0002631,2023-07-31,1482,22
PO0002632,2023-07-31,420,0
PO0002633,2023-07-31,336,4
PO0002634,2023-07-31,846,6
PO0002636,2023-07-31,1350,19
PO0002641,2023-07-31,408,13
PO0002642,2023-07-31,840,14
PO0002644,2023-07-31,546,2
PO0002658,2023-07-31,600,33
PO0002663,2023-07-31,816,4
PO0002674,2023-07-31,840,8
PO0002676,2023-07-31,1962,5
PO0002682,2023-07-31,348,5
PO0002697,2023-07-31,750,3
PO0002720,2023-07-31,2832,11
PO0002721,2023-07-31,2112,15
PO0002730,2023-07-31,1200,11
PO0002734,2023-07-31,5424,52
PO0002736,2023-07-31,1464,29
PO0002748,2023-07-31,888,7
PO0002765,2023-07-31,282,4
PO0002778,2023-07-31,492,1
PO0002420,2023-08-01,2640,26
PO0002514,2023-08-01,960,3
PO0002519,2023-08-01,1776,86
PO0002533,2023-08-01,1224,17
PO0002551,2023-08-01,144,0
PO0002566,2023-08-01,780,5
PO0002569,2023-08-01,888,9
PO0002578,2023-08-01,726,4
PO0002596,2023-08-01,816,10
PO0002601,2023-08-01,618,6
PO0002643,2023-08-01,5352,100
PO0002680,2023-08-01,480,2
PO0002684,2023-08-01,3360,55
PO0002693,2023-08-01,2076,22
PO0002695,2023-08-01,2340,27
PO0002701,2023-08-01,336,4
PO0002707,2023-08-01,462,5
PO0002710,2023-08-01,216,3
PO0002722,2023-08-01,816,41
PO0002735,2023-08-01,504,8
PO0002738,2023-08-01,1128,7
PO0002741,2023-08-01,1008,20
PO0002743,2023-08-01,240,7
PO0002755,2023-08-01,624,10
PO0002762,2023-08-01,1008,11
PO0002764,2023-08-01,552,9
PO0002767,2023-08-01,684,5
PO0002769,2023-08-01,1440,21
PO0002775,2023-08-01,312,1
PO0002782,2023-08-01,648,12
PO0002789,2023-08-01,192,4
PO0002453,2023-08-02,133,0
PO0002557,2023-08-02,672,14
PO0002571,2023-08-02,4656,24
PO0002587,2023-08-02,816,15
PO0002614,2023-08-02,1092,19
PO0002620,2023-08-02,552,6
PO0002671,2023-08-02,1824,52
PO0002675,2023-08-02,4068,43
PO0002678,2023-08-02,192,0
PO0002686,2023-08-02,696,0
PO0002692,2023-08-02,1680,7
PO0002703,2023-08-02,966,4
PO0002708,2023-08-02,816,21
PO0002711,2023-08-02,384,1
PO0002714,2023-08-02,1488,5
PO0002719,2023-08-02,2868,11
PO0002724,2023-08-02,576,10
PO0002731,2023-08-02,1044,12
PO0002742,2023-08-02,2022,15
PO0002745,2023-08-02,120,2
PO0002754,2023-08-02,618,8
PO0002756,2023-08-02,1500,5
PO0002757,2023-08-02,960,13
PO0002766,2023-08-02,696,9
PO0002781,2023-08-02,912,9
PO0002790,2023-08-02,480,11
PO0002793,2023-08-02,282,3
PO0002799,2023-08-02,264,4
PO0002803,2023-08-02,1872,83
PO0002806,2023-08-02,276,4
PO0002808,2023-08-02,1008,11
PO0002828,2023-08-02,618,6
PO0002832,2023-08-02,354,10
PO0002836,2023-08-02,1728,2
PO0002837,2023-08-02,582,1
PO0002584,2023-08-03,474,5
PO0002608,2023-08-03,672,22
PO0002653,2023-08-03,2556,22
PO0002694,2023-08-03,2634,9
PO0002697,2023-08-03,750,6
PO0002700,2023-08-03,2784,13
PO0002705,2023-08-03,309,0
PO0002713,2023-08-03,1584,51
PO0002716,2023-08-03,3984,42
PO0002717,2023-08-03,852,16
PO0002725,2023-08-03,366,1
PO0002726,2023-08-03,3672,31
PO0002728,2023-08-03,1050,7
PO0002732,2023-08-03,960,23
PO0002739,2023-08-03,2256,62
PO0002744,2023-08-03,1152,11
PO0002746,2023-08-03,936,10
PO0002747,2023-08-03,174,2
PO0002749,2023-08-03,150,2
PO0002750,2023-08-03,2838,20
PO0002759,2023-08-03,1440,17
PO0002761,2023-08-03,1206,7
PO0002765,2023-08-03,282,3
PO0002772,2023-08-03,852,11
PO0002774,2023-08-03,936,18
PO0002785,2023-08-03,192,0
PO0002796,2023-08-03,930,12
PO0002800,2023-08-03,432,6
PO0002807,2023-08-03,480,0
PO0002821,2023-08-03,408,2
PO0002827,2023-08-03,1524,31
PO0002840,2023-08-03,228,1
PO0002845,2023-08-03,480,2
PO0002848,2023-08-03,414,4
PO0002860,2023-08-03,1728,11
PO0002619,2023-08-04,2448,8
PO0002624,2023-08-04,234,2
PO0002696,2023-08-04,1704,22
PO0002698,2023-08-04,1392,19
PO0002702,2023-08-04,840,35
PO0002711,2023-08-04,384,4
PO0002712,2023-08-04,4392,45
PO0002737,2023-08-04,360,19
PO0002751,2023-08-04,3966,36
PO0002752,2023-08-04,576,6
PO0002758,2023-08-04,1416,4
PO0002763,2023-08-04,240,1
PO0002767,2023-08-04,684,6
PO0002771,2023-08-04,1128,17
PO0002778,2023-08-04,492,9
PO0002784,2023-08-04,2256,16
PO0002787,2023-08-04,3312,47
PO0002788,2023-08-04,672,12
PO0002791,2023-08-04,278,5
PO0002794,2023-08-04,744,4
PO0002797,2023-08-04,240,2
PO0002798,2023-08-04,684,14
PO0002802,2023-08-04,366,0
PO0002805,2023-08-04,360,3
PO0002810,2023-08-04,1356,9
PO0002811,2023-08-04,624,11
PO0002812,2023-08-04,1044,9
PO0002817,2023-08-04,408,9
PO0002833,2023-08-04,552,8
PO0002835,2023-08-04,672,13
PO0002838,2023-08-04,600,6
PO0002843,2023-08-04,480,4
PO0002850,2023-08-04,768,6
PO0002851,2023-08-04,756,16
PO0002857,2023-08-04,672,18
PO0002862,2023-08-04,366,1
PO0002863,2023-08-04,480,8
PO0002864,2023-08-04,252,2
PO0002869,2023-08-04,540,6
PO0002874,2023-08-04,792,7
PO0002877,2023-08-04,624,2
PO0002570,2023-08-05,2040,23
PO0002683,2023-08-05,384,3
PO0002709,2023-08-05,528,13
PO0002715,2023-08-05,1776,44
PO0002735,2023-08-05,504,9
PO0002752,2023-08-05,576,7
PO0002772,2023-08-05,852,18
PO0002776,2023-08-05,168,1
PO0002779,2023-08-05,384,2
PO0002795,2023-08-05,528,6
PO0002797,2023-08-05,240,3
PO0002798,2023-08-05,684,12
PO0002813,2023-08-05,2112,26
PO0002815,2023-08-05,510,14
PO0002822,2023-08-05,522,9
PO0002824,2023-08-05,1198,6
PO0002825,2023-08-05,192,2
PO0002834,2023-08-05,420,4
PO0002841,2023-08-05,204,2
PO0002844,2023-08-05,864,14
PO0002846,2023-08-05,156,0
PO0002849,2023-08-05,984,18
PO0002852,2023-08-05,2376,41
PO0002856,2023-08-05,192,2
PO0002861,2023-08-05,360,3
PO0002866,2023-08-05,624,4
PO0002867,2023-08-05,425,11
PO0002868,2023-08-05,1332,24
PO0002875,2023-08-05,288,5
PO0002878,2023-08-05,145,4
PO0002887,2023-08-05,388,6
PO0002396,2023-08-06,3168,58
PO0002423,2023-08-06,288,0
PO0002573,2023-08-06,1392,3
PO0002725,2023-08-06,366,0
PO0002749,2023-08-06,150,2
PO0002753,2023-08-06,528,5
PO0002768,2023-08-06,84,1
PO0002770,2023-08-06,528,5
PO0002773,2023-08-06,348,4
PO0002777,2023-08-06,1272,13
PO0002780,2023-08-06,1596,21
PO0002809,2023-08-06,288,3
PO0002830,2023-08-06,240,4
PO0002858,2023-08-06,1062,3
PO0002865,2023-08-06,1320,12
PO0002871,2023-08-06,912,16
PO0002876,2023-08-06,1872,7
PO0002913,2023-08-06,1344,4
PO0002560,2023-08-07,1764,13
PO0002723,2023-08-07,2256,21
PO0002747,2023-08-07,174,3
PO0002779,2023-08-07,384,6
PO0002792,2023-08-07,600,7
PO0002801,2023-08-07,336,3
PO0002804,2023-08-07,1200,3
PO0002839,2023-08-07,1260,17
PO0002847,2023-08-07,168,0
PO0002854,2023-08-07,1056,24
PO0002859,2023-08-07,1476,23
PO0002873,2023-08-07,495,0
PO0002879,2023-08-07,1032,18
PO0002881,2023-08-07,552,11
PO0002883,2023-08-07,774,4
PO0002898,2023-08-07,336,10
PO0002901,2023-08-07,3156,52
PO0002908,2023-08-07,936,3
PO0002918,2023-08-07,1116,2
PO0002822,2023-08-08,522,8
PO0002823,2023-08-08,468,6
PO0002830,2023-08-08,240,1
PO0002853,2023-08-08,480,5
PO0002889,2023-08-08,1104,23
PO0002890,2023-08-08,288,2
PO0002891,2023-08-08,312,2
PO0002893,2023-08-08,1344,19
PO0002895,2023-08-08,324,1
PO0002896,2023-08-08,312,4
PO0002897,2023-08-08,107,0
PO0002898,2023-08-08,336,23
PO0002902,2023-08-08,2544,9
PO0002905,2023-08-08,432,3
PO0002909,2023-08-08,276,1
PO0002916,2023-08-08,474,26
PO0002920,2023-08-08,816,18
PO0002922,2023-08-08,1872,23
PO0002931,2023-08-08,456,1
PO0002938,2023-08-08,377,5
PO0002944,2023-08-08,1032,12
PO0002729,2023-08-09,720,8
PO0002786,2023-08-09,2076,25
PO0002816,2023-08-09,618,12
PO0002819,2023-08-09,1008,7
PO0002823,2023-08-09,468,11
PO0002831,2023-08-09,1950,25
PO0002842,2023-08-09,336,9
PO0002861,2023-08-09,360,3
PO0002878,2023-08-09,146,4
PO0002880,2023-08-09,504,12
PO0002882,2023-08-09,960,0
PO0002884,2023-08-09,816,11
PO0002894,2023-08-09,540,4
PO0002906,2023-08-09,1236,26
PO0002915,2023-08-09,996,13
PO0002921,2023-08-09,198,2
PO0002924,2023-08-09,2610,29
PO0002927,2023-08-09,444,3
PO0002933,2023-08-09,360,2
PO0002935,2023-08-09,240,1
PO0002937,2023-08-09,2028,19
PO0002958,2023-08-09,1416,15
PO0002966,2023-08-09,144,4
PO0002522,2023-08-10,2784,67
PO0002768,2023-08-10,84,2
PO0002826,2023-08-10,768,8
PO0002847,2023-08-10,168,1
PO0002885,2023-08-10,720,5
PO0002888,2023-08-10,2736,138
PO0002903,2023-08-10,510,8
PO0002904,2023-08-10,168,0
PO0002907,2023-08-10,192,3
PO0002911,2023-08-10,654,6
PO0002914,2023-08-10,720,11
PO0002926,2023-08-10,720,7
PO0002929,2023-08-10,432,4
PO0002930,2023-08-10,348,4
PO0002932,2023-08-10,576,32
PO0002934,2023-08-10,300,5
PO0002945,2023-08-10,564,10
PO0002946,2023-08-10,1398,5
PO0002953,2023-08-10,708,13
PO0002965,2023-08-10,1296,5
PO0002969,2023-08-10,390,21
PO0002973,2023-08-10,726,1
PO0002976,2023-08-10,1968,22
PO0002978,2023-08-10,408,7
PO0002706,2023-08-11,360,1
PO0002783,2023-08-11,978,22
PO0002820,2023-08-11,2040,25
PO0002886,2023-08-11,360,7
PO0002897,2023-08-11,107,1
PO0002912,2023-08-11,492,3
PO0002917,2023-08-11,261,0
PO0002919,2023-08-11,276,2
PO0002923,2023-08-11,816,7
PO0002939,2023-08-11,205,2
PO0002941,2023-08-11,444,1
PO0002942,2023-08-11,228,2
PO0002947,2023-08-11,582,2
PO0002948,2023-08-11,1392,26
PO0002949,2023-08-11,840,3
PO0002956,2023-08-11,576,7
PO0002959,2023-08-11,576,11
PO0002961,2023-08-11,1560,20
PO0002962,2023-08-11,162,6
PO0002964,2023-08-11,216,0
PO0002975,2023-08-11,1452,21
PO0002980,2023-08-11,1056,4
PO0002987,2023-08-11,108,2
PO0002740,2023-08-12,192,12
PO0002870,2023-08-12,1152,14
PO0002917,2023-08-12,261,1
PO0002936,2023-08-12,471,1
PO0002940,2023-08-12,168,0
PO0002950,2023-08-12,384,1
PO0002952,2023-08-12,312,0
PO0002957,2023-08-12,804,13
PO0002967,2023-08-12,528,4
PO0002982,2023-08-12,1512,27
PO0002983,2023-08-12,348,1
PO0002984,2023-08-12,408,3
PO0002986,2023-08-12,315,6
PO0002988,2023-08-12,816,4
PO0002991,2023-08-12,186,4
PO0002704,2023-08-13,576,17
PO0002783,2023-08-13,978,20
PO0002826,2023-08-13,768,4
PO0002899,2023-08-13,720,19
PO0002912,2023-08-13,492,3
PO0002925,2023-08-13,600,4
PO0002954,2023-08-13,516,6
PO0002960,2023-08-13,1056,2
PO0002963,2023-08-13,222,3
PO0002964,2023-08-13,216,1
PO0002970,2023-08-13,1344,9
PO0002971,2023-08-13,216,1
PO0002972,2023-08-13,543,4
PO0002977,2023-08-13,480,7
PO0002979,2023-08-13,168,2
PO0002985,2023-08-13,552,31
PO0002986,2023-08-13,315,7
PO0002992,2023-08-13,432,4
PO0002993,2023-08-13,396,7
PO0002995,2023-08-13,144,4
PO0003010,2023-08-13,720,3
PO0003018,2023-08-13,1032,18
PO0002645,2023-08-14,2028,40
PO0002677,2023-08-14,864,6
PO0002818,2023-08-14,249,1
PO0002962,2023-08-14,162,1
PO0002963,2023-08-14,222,0
PO0002972,2023-08-14,543,2
PO0002981,2023-08-14,420,0
PO0002989,2023-08-14,384,12
PO0002998,2023-08-14,1752,42
PO0003018,2023-08-14,1032,19
PO0002829,2023-08-15,192,1
PO0002928,2023-08-15,1224,20
PO0002971,2023-08-15,216,2
PO0002987,2023-08-15,108,4
PO0002997,2023-08-15,96,0
PO0002999,2023-08-15,432,12
PO0003001,2023-08-15,720,7
PO0003002,2023-08-15,582,7
PO0003006,2023-08-15,1014,15
PO0003007,2023-08-15,1406,21
PO0003013,2023-08-15,276,1
PO0003015,2023-08-15,450,1
PO0003016,2023-08-15,3216,36
PO0003036,2023-08-15,768,9
PO0002814,2023-08-16,1614,29
PO0002943,2023-08-16,1776,11
PO0002950,2023-08-16,384,1
PO0002952,2023-08-16,312,0
PO0003005,2023-08-16,264,6
PO0003008,2023-08-16,888,7
PO0003012,2023-08-16,168,1
PO0003014,2023-08-16,960,33
PO0003020,2023-08-16,900,8
PO0003022,2023-08-16,1860,24
PO0003027,2023-08-16,306,6
PO0003029,2023-08-16,444,1
PO0003032,2023-08-16,1110,16
PO0003037,2023-08-16,1296,19
PO0003042,2023-08-16,528,4
PO0003043,2023-08-16,3888,53
PO0003045,2023-08-16,1158,5
PO0003079,2023-08-16,144,0
PO0002818,2023-08-17,249,0
PO0002872,2023-08-17,2112,5
PO0002892,2023-08-17,1584,24
PO0002900,2023-08-17,144,1
PO0002955,2023-08-17,240,3
PO0003000,2023-08-17,972,7
PO0003004,2023-08-17,2112,18
PO0003009,2023-08-17,144,2
PO0003011,2023-08-17,462,8
PO0003019,2023-08-17,432,3
PO0003021,2023-08-17,336,5
PO0003025,2023-08-17,846,23
PO0003026,2023-08-17,960,7
PO0003028,2023-08-17,2064,29
PO0003039,2023-08-17,540,5
PO0003040,2023-08-17,288,9
PO0003044,2023-08-17,216,3
PO0003046,2023-08-17,510,5
PO0003048,2023-08-17,264,2
PO0003051,2023-08-17,1488,19
PO0003054,2023-08-17,618,1
PO0003064,2023-08-17,1969,7
PO0003065,2023-08-17,1074,8
PO0003066,2023-08-17,306,2
PO0003072,2023-08-17,72,1
PO0003077,2023-08-17,229,4
PO0003078,2023-08-17,672,7
PO0003079,2023-08-17,144,1
PO0003082,2023-08-17,348,3
PO0003083,2023-08-17,492,19
PO0003097,2023-08-17,468,8
PO0002910,2023-08-18,672,10
PO0002951,2023-08-18,1080,4
PO0003004,2023-08-18,2112,17
PO0003011,2023-08-18,462,2
PO0003013,2023-08-18,276,5
PO0003017,2023-08-18,96,2
PO0003024,2023-08-18,240,3
PO0003030,2023-08-18,804,10
PO0003034,2023-08-18,696,15
PO0003035,2023-08-18,2400,118
PO0003038,2023-08-18,384,3
PO0003047,2023-08-18,222,2
PO0003049,2023-08-18,672,14
PO0003052,2023-08-18,264,5
PO0003055,2023-08-18,2544,48
PO0003057,2023-08-18,528,3
PO0003060,2023-08-18,672,10
PO0003061,2023-08-18,528,4
PO0003062,2023-08-18,1224,19
PO0003068,2023-08-18,366,5
PO0003069,2023-08-18,1560,6
PO0003073,2023-08-18,1104,65
PO0003081,2023-08-18,426,6
PO0003088,2023-08-18,480,13
PO0002855,2023-08-19,282,3
PO0002990,2023-08-19,1248,12
PO0003005,2023-08-19,264,1
PO0003017,2023-08-19,96,1
PO0003033,2023-08-19,144,0
PO0003053,2023-08-19,528,2
PO0003056,2023-08-19,318,3
PO0003059,2023-08-19,1008,16
PO0003070,2023-08-19,336,4
PO0003071,2023-08-19,1488,21
PO0003072,2023-08-19,72,2
PO0003082,2023-08-19,348,2
PO0003090,2023-08-19,192,1
PO0003091,2023-08-19,528,15
PO0003092,2023-08-19,360,0
PO0003100,2023-08-19,216,1
PO0002855,2023-08-20,282,3
PO0002900,2023-08-20,144,0
PO0003023,2023-08-20,660,10
PO0003052,2023-08-20,264,5
PO0003056,2023-08-20,318,2
PO0003067,2023-08-20,1728,74
PO0003074,2023-08-20,144,0
PO0003080,2023-08-20,4188,28
PO0003084,2023-08-20,528,2
PO0003085,2023-08-20,912,7
PO0003089,2023-08-20,1968,104
PO0003094,2023-08-20,612,6
PO0003095,2023-08-20,2448,45
PO0003096,2023-08-20,4164,26
PO0003098,2023-08-20,768,15
PO0003102,2023-08-20,480,11
PO0003103,2023-08-20,130,1
PO0003105,2023-08-20,240,1
PO0003106,2023-08-20,384,1
PO0003108,2023-08-20,1518,27
PO0003124,2023-08-20,153,4
PO0002974,2023-08-21,552,9
PO0002994,2023-08-21,480,9
PO0003003,2023-08-21,3048,30
PO0003050,2023-08-21,1368,22
PO0003058,2023-08-21,768,8
PO0003063,2023-08-21,720,17
PO0003075,2023-08-21,576,5
PO0003076,2023-08-21,672,11
PO0003077,2023-08-21,230,1
PO0003086,2023-08-21,2376,28
PO0003090,2023-08-21,192,0
PO0003109,2023-08-21,642,5
PO0003112,2023-08-21,1008,14
PO0003114,2023-08-21,492,3
PO0003118,2023-08-21,156,2
PO0003119,2023-08-21,240,2
PO0003133,2023-08-21,192,5
PO0003156,2023-08-21,336,8
PO0002996,2023-08-22,480,3
PO0003063,2023-08-22,720,24
PO0003117,2023-08-22,792,7
PO0003128,2023-08-22,3072,46
PO0003133,2023-08-22,192,9
PO0003158,2023-08-22,264,0
PO0003161,2023-08-22,984,12
PO0002968,2023-08-23,672,13
PO0003074,2023-08-23,144,1
PO0003111,2023-08-23,2892,26
PO0003115,2023-08-23,996,27
PO0003116,2023-08-23,409,0
PO0003121,2023-08-23,672,10
PO0003122,2023-08-23,384,8
PO0003130,2023-08-23,360,5
PO0003132,2023-08-23,780,9
PO0003137,2023-08-23,2424,43
PO0003138,2023-08-23,1248,31
PO0003139,2023-08-23,96,1
PO0003142,2023-08-23,414,6
PO0003143,2023-08-23,366,1
PO0003146,2023-08-23,312,9
PO0003154,2023-08-23,3522,24
PO0003167,2023-08-23,1146,14
PO0003168,2023-08-23,2496,135
PO0003177,2023-08-23,540,4
PO0003179,2023-08-23,396,5
PO0003181,2023-08-23,1140,19
PO0003183,2023-08-23,2790,13
PO0003188,2023-08-23,288,5
PO0003206,2023-08-23,882,5
PO0003209,2023-08-23,348,3
PO0003234,2023-08-23,588,3
PO0003041,2023-08-24,480,4
PO0003087,2023-08-24,3378,42
PO0003093,2023-08-24,406,3
PO0003103,2023-08-24,130,0
PO0003113,2023-08-24,456,28
PO0003123,2023-08-24,1056,10
PO0003124,2023-08-24,153,4
PO0003135,2023-08-24,648,2
PO0003140,2023-08-24,672,4
PO0003141,2023-08-24,552,1
PO0003150,2023-08-24,432,9
PO0003151,2023-08-24,600,7
PO0003153,2023-08-24,1209,26
PO0003157,2023-08-24,967,8
PO0003159,2023-08-24,120,2
PO0003175,2023-08-24,576,22
PO0003179,2023-08-24,396,1
PO0003181,2023-08-24,1140,12
PO0003187,2023-08-24,168,1
PO0003189,2023-08-24,1416,23
PO0003197,2023-08-24,516,2
PO0003200,2023-08-24,540,3
PO0003202,2023-08-24,762,6
PO0003205,2023-08-24,768,9
PO0003214,2023-08-24,384,2
PO0003226,2023-08-24,738,14
PO0003236,2023-08-24,4248,48
PO0003245,2023-08-24,2496,35
PO0003144,2023-08-25,276,1
PO0003145,2023-08-25,240,4
PO0003152,2023-08-25,1896,30
PO0003160,2023-08-25,336,5
PO0003165,2023-08-25,1692,27
PO0003169,2023-08-25,1728,27
PO0003171,2023-08-25,2400,9
PO0003173,2023-08-25,432,8
PO0003194,2023-08-25,228,0
PO0003196,2023-08-25,1056,7
PO0003200,2023-08-25,540,3
PO0003201,2023-08-25,744,15
PO0003203,2023-08-25,1272,47
PO0003213,2023-08-25,1104,9
PO0003215,2023-08-25,462,28
PO0003232,2023-08-25,1116,15
PO0003235,2023-08-25,2676,24
PO0003254,2023-08-25,2448,24
PO0003265,2023-08-25,2124,9
PO0003125,2023-08-26,1014,13
PO0003126,2023-08-26,2682,22
PO0003127,2023-08-26,1344,27
PO0003136,2023-08-26,576,28
PO0003143,2023-08-26,366,6
PO0003155,2023-08-26,3594,33
PO0003162,2023-08-26,972,16
PO0003163,2023-08-26,822,3
PO0003170,2023-08-26,312,9
PO0003174,2023-08-26,2334,23
PO0003176,2023-08-26,1224,12
PO0003178,2023-08-26,492,8
PO0003193,2023-08-26,1296,9
PO0003198,2023-08-26,48,0
PO0003199,2023-08-26,1128,8
PO0003204,2023-08-26,888,9
PO0003207,2023-08-26,1404,6
PO0003208,2023-08-26,100,1
PO0003211,2023-08-26,1218,26
PO0003215,2023-08-26,462,28
PO0003216,2023-08-26,816,4
PO0003221,2023-08-26,2592,35
PO0003222,2023-08-26,498,4
PO0003223,2023-08-26,876,8
PO0003224,2023-08-26,1740,10
PO0003226,2023-08-26,738,10
PO0003227,2023-08-26,3984,63
PO0003228,2023-08-26,714,14
PO0003230,2023-08-26,864,18
PO0003233,2023-08-26,912,36
PO0003247,2023-08-26,2688,37
PO0003248,2023-08-26,1728,77
PO0003249,2023-08-26,96,4
PO0003251,2023-08-26,2136,19
PO0003252,2023-08-26,4314,46
PO0003256,2023-08-26,2100,14
PO0003258,2023-08-26,2880,31
PO0003259,2023-08-26,3306,103
PO0003261,2023-08-26,936,2
PO0003262,2023-08-26,1494,8
PO0003267,2023-08-26,348,4
PO0003268,2023-08-26,96,1
PO0003269,2023-08-26,2592,48
PO0003273,2023-08-26,1386,34
PO0003274,2023-08-26,210,2
PO0003136,2023-08-27,576,29
PO0003147,2023-08-27,2352,31
PO0003178,2023-08-27,492,6
PO0003184,2023-08-27,408,1
PO0003186,2023-08-27,2376,37
PO0003219,2023-08-27,3204,23
PO0003220,2023-08-27,2016,42
PO0003237,2023-08-27,1974,9
PO0003239,2023-08-27,132,1
PO0003242,2023-08-27,1068,16
PO0003251,2023-08-27,2136,25
PO0003260,2023-08-27,3312,151
PO0003267,2023-08-27,348,5
PO0003272,2023-08-27,798,13
PO0003275,2023-08-27,750,4
PO0003278,2023-08-27,2448,55
PO0003282,2023-08-27,612,6
PO0003288,2023-08-27,588,4
PO0003305,2023-08-27,3552,76
PO0003309,2023-08-27,1050,7
PO0003104,2023-08-28,192,1
PO0003149,2023-08-28,408,7
PO0003151,2023-08-28,600,7
PO0003159,2023-08-28,120,1
PO0003172,2023-08-28,327,5
PO0003202,2023-08-28,762,8
PO0003203,2023-08-28,1272,60
PO0003212,2023-08-28,330,7
PO0003218,2023-08-28,1077,18
PO0003225,2023-08-28,1002,9
PO0003231,2023-08-28,1338,29
PO0003240,2023-08-28,816,1
PO0003255,2023-08-28,5202,42
PO0003261,2023-08-28,936,5
PO0003266,2023-08-28,1896,22
PO0003270,2023-08-28,2640,26
PO0003271,2023-08-28,996,8
PO0003277,2023-08-28,612,4
PO0003289,2023-08-28,2544,21
PO0003294,2023-08-28,1500,17
PO0003296,2023-08-28,1020,4
PO0003310,2023-08-28,1848,14
PO0003311,2023-08-28,2952,32
PO0003317,2023-08-28,5436,24
PO0003322,2023-08-28,3984,31
PO0003334,2023-08-28,2844,20
PO0003099,2023-08-29,2880,44
PO0003120,2023-08-29,948,19
PO0003149,2023-08-29,408,11
PO0003163,2023-08-29,822,11
PO0003166,2023-08-29,576,14
PO0003182,2023-08-29,936,10
PO0003185,2023-08-29,624,10
PO0003186,2023-08-29,2376,26
PO0003195,2023-08-29,960,14
PO0003217,2023-08-29,121,3
PO0003218,2023-08-29,1077,22
PO0003238,2023-08-29,1980,45
PO0003253,2023-08-29,708,2
PO0003259,2023-08-29,3306,68
PO0003264,2023-08-29,3636,22
PO0003282,2023-08-29,612,10
PO0003285,2023-08-29,4367,42
PO0003295,2023-08-29,4206,38
PO0003300,2023-08-29,1224,12
PO0003301,2023-08-29,4416,13
PO0003303,2023-08-29,3456,41
PO0003306,2023-08-29,1452,10
PO0003320,2023-08-29,1752,17
PO0003321,2023-08-29,1080,16
PO0003326,2023-08-29,714,4
PO0003332,2023-08-29,582,2
PO0003340,2023-08-29,216,3
PO0003342,2023-08-29,408,3
PO0003350,2023-08-29,1296,14
PO0003352,2023-08-29,348,4
PO0003373,2023-08-29,2772,26
PO0003378,2023-08-29,456,6
PO0003386,2023-08-29,2976,7
PO0003110,2023-08-30,492,7
PO0003120,2023-08-30,948,17
PO0003164,2023-08-30,1392,13
PO0003198,2023-08-30,48,0
PO0003210,2023-08-30,384,5
PO0003229,2023-08-30,2280,15
PO0003262,2023-08-30,1494,10
PO0003278,2023-08-30,2448,48
PO0003286,2023-08-30,2190,15
PO0003287,2023-08-30,4464,52
PO0003288,2023-08-30,588,6
PO0003290,2023-08-30,396,3
PO0003291,2023-08-30,1392,10
PO0003296,2023-08-30,1020,2
PO0003297,2023-08-30,756,10
PO0003312,2023-08-30,180,4
PO0003316,2023-08-30,1800,10
PO0003319,2023-08-30,3948,32
PO0003324,2023-08-30,576,13
PO0003325,2023-08-30,1104,21
PO0003336,2023-08-30,4200,26
PO0003341,2023-08-30,1722,32
PO0003347,2023-08-30,1152,10
PO0003355,2023-08-30,408,7
PO0003359,2023-08-30,1224,13
PO0003363,2023-08-30,2808,19
PO0003366,2023-08-30,1656,7
PO0003369,2023-08-30,804,21
PO0003376,2023-08-30,4272,11
PO0003377,2023-08-30,1488,8
PO0003383,2023-08-30,948,12
PO0003384,2023-08-30,606,12
PO0003389,2023-08-30,528,11
PO0003398,2023-08-30,5664,17
PO0003419,2023-08-30,1968,13
PO0003425,2023-08-30,2016,12
PO0003431,2023-08-30,204,1
PO0003443,2023-08-30,552,12
PO0003444,2023-08-30,432,0
PO0003101,2023-08-31,912,1
PO0003129,2023-08-31,1364,17
PO0003134,2023-08-31,288,1
PO0003172,2023-08-31,328,8
PO0003191,2023-08-31,912,10
PO0003241,2023-08-31,1332,25
PO0003257,2023-08-31,4656,75
PO0003276,2023-08-31,1584,13
PO0003292,2023-08-31,1440,7
PO0003297,2023-08-31,756,7
PO0003298,2023-08-31,2496,12
PO0003304,2023-08-31,498,4
PO0003328,2023-08-31,642,1
PO0003329,2023-08-31,492,3
PO0003333,2023-08-31,1704,34
PO0003338,2023-08-31,672,8
PO0003339,2023-08-31,576,6
PO0003345,2023-08-31,3600,62
PO0003349,2023-08-31,696,16
PO0003354,2023-08-31,300,7
PO0003356,2023-08-31,1056,20
PO0003358,2023-08-31,1956,27
PO0003361,2023-08-31,2904,17
PO0003371,2023-08-31,1872,38
PO0003372,2023-08-31,492,7
PO0003377,2023-08-31,1488,7
PO0003382,2023-08-31,102,1
PO0003387,2023-08-31,2544,36
PO0003388,2023-08-31,351,3
PO0003402,2023-08-31,1416,16
PO0003408,2023-08-31,1338,16
PO0003424,2023-08-31,360,5
PO0003430,2023-08-31,396,7
PO0003434,2023-08-31,192,2
PO0003442,2023-08-31,432,3
PO0003451,2023-08-31,528,5
PO0003452,2023-08-31,2910,29
PO0003461,2023-08-31,570,6
PO0003463,2023-08-31,2712,12
PO0003131,2023-09-01,384,1
PO0003191,2023-09-01,912,13
PO0003263,2023-09-01,2016,41
PO0003280,2023-09-01,3216,43
PO0003281,2023-09-01,5904,64
PO0003284,2023-09-01,4356,52
PO0003293,2023-09-01,4680,69
PO0003308,2023-09-01,2976,21
PO0003313,2023-09-01,3312,56
PO0003323,2023-09-01,1680,19
PO0003348,2023-09-01,912,6
PO0003349,2023-09-01,696,10
PO0003351,2023-09-01,588,7
PO0003355,2023-09-01,408,7
PO0003357,2023-09-01,769,9
PO0003360,2023-09-01,1416,11
PO0003362,2023-09-01,744,5
PO0003364,2023-09-01,2310,26
PO0003367,2023-09-01,1152,17
PO0003368,2023-09-01,960,12
PO0003380,2023-09-01,318,7
PO0003390,2023-09-01,708,12
PO0003391,2023-09-01,432,11
PO0003400,2023-09-01,2400,24
PO0003403,2023-09-01,4608,31
PO0003409,2023-09-01,288,1
PO0003411,2023-09-01,534,2
PO0003412,2023-09-01,3348,28
PO0003413,2023-09-01,3840,46
PO0003417,2023-09-01,804,29
PO0003420,2023-09-01,984,24
PO0003422,2023-09-01,2826,26
PO0003423,2023-09-01,3732,33
PO0003426,2023-09-01,624,41
PO0003430,2023-09-01,396,4
PO0003441,2023-09-01,432,8
PO0003450,2023-09-01,432,0
PO0003471,2023-09-01,672,4
PO0003487,2023-09-01,528,0
PO0003493,2023-09-01,1008,2
PO0003031,2023-09-02,174,0
PO0003107,2023-09-02,498,4
PO0003148,2023-09-02,989,4
PO0003180,2023-09-02,840,4
PO0003190,2023-09-02,84,3
PO0003244,2023-09-02,1632,17
PO0003299,2023-09-02,384,4
PO0003314,2023-09-02,5664,34
PO0003335,2023-09-02,168,2
PO0003343,2023-09-02,744,8
PO0003365,2023-09-02,86,2
PO0003366,2023-09-02,1656,8
PO0003374,2023-09-02,2304,17
PO0003375,2023-09-02,912,18
PO0003379,2023-09-02,618,28
PO0003388,2023-09-02,351,1
PO0003393,2023-09-02,768,4
PO0003395,2023-09-02,1945,26
PO0003416,2023-09-02,5136,123
PO0003418,2023-09-02,720,17
PO0003421,2023-09-02,780,6
PO0003429,2023-09-02,1584,20
PO0003431,2023-09-02,204,0
PO0003440,2023-09-02,360,3
PO0003445,2023-09-02,1164,17
PO0003446,2023-09-02,840,6
PO0003447,2023-09-02,696,39
PO0003448,2023-09-02,1044,19
PO0003449,2023-09-02,1080,8
PO0003458,2023-09-02,744,11
PO0003459,2023-09-02,816,24
PO0003462,2023-09-02,816,2
PO0003465,2023-09-02,844,8
PO0003466,2023-09-02,1344,9
PO0003469,2023-09-02,1818,22
PO0003486,2023-09-02,1017,8
PO0003491,2023-09-02,53,0
PO0003506,2023-09-02,564,1
PO0003302,2023-09-03,732,11
PO0003312,2023-09-03,180,2
PO0003337,2023-09-03,1248,20
PO0003343,2023-09-03,744,11
PO0003348,2023-09-03,912,11
PO0003369,2023-09-03,804,12
PO0003381,2023-09-03,360,10
PO0003392,2023-09-03,1464,16
PO0003397,2023-09-03,840,6
PO0003404,2023-09-03,1710,11
PO0003405,2023-09-03,48,0
PO0003407,2023-09-03,120,0
PO0003414,2023-09-03,1221,16
PO0003426,2023-09-03,624,28
PO0003427,2023-09-03,396,2
PO0003432,2023-09-03,1482,21
PO0003447,2023-09-03,696,33
PO0003448,2023-09-03,1044,13
PO0003469,2023-09-03,1818,19
PO0003472,2023-09-03,372,6
PO0003473,2023-09-03,432,2
PO0003474,2023-09-03,1416,18
PO0003476,2023-09-03,492,4
PO0003482,2023-09-03,2070,31
PO0003484,2023-09-03,1224,10
PO0003486,2023-09-03,1017,8
PO0003488,2023-09-03,372,2
PO0003489,2023-09-03,228,2
PO0003495,2023-09-03,768,15
PO0003180,2023-09-04,840,5
PO0003246,2023-09-04,660,11
PO0003250,2023-09-04,900,8
PO0003263,2023-09-04,2016,39
PO0003279,2023-09-04,288,3
PO0003283,2023-09-04,2580,31
PO0003315,2023-09-04,192,1
PO0003362,2023-09-04,744,6
PO0003385,2023-09-04,1656,26
PO0003393,2023-09-04,768,7
PO0003394,2023-09-04,2712,9
PO0003401,2023-09-04,696,13
PO0003406,2023-09-04,408,2
PO0003409,2023-09-04,288,0
PO0003415,2023-09-04,1284,7
PO0003438,2023-09-04,1008,21
PO0003460,2023-09-04,2196,18
PO0003483,2023-09-04,288,2
PO0003491,2023-09-04,54,1
PO0003494,2023-09-04,402,0
PO0003501,2023-09-04,1896,20
PO0003510,2023-09-04,876,50
PO0003512,2023-09-04,198,2
PO0003516,2023-09-04,318,8
PO0003537,2023-09-04,620,3
PO0003548,2023-09-04,528,13
PO0003551,2023-09-04,480,9
PO0003192,2023-09-05,2016,43
PO0003307,2023-09-05,1680,13
PO0003380,2023-09-05,318,8
PO0003407,2023-09-05,120,1
PO0003418,2023-09-05,720,6
PO0003421,2023-09-05,780,10
PO0003433,2023-09-05,210,2
PO0003437,2023-09-05,2376,7
PO0003441,2023-09-05,432,4
PO0003450,2023-09-05,432,2
PO0003453,2023-09-05,3648,32
PO0003454,2023-09-05,1728,17
PO0003470,2023-09-05,936,7
PO0003480,2023-09-05,696,8
PO0003490,2023-09-05,1008,23
PO0003500,2023-09-05,2436,23
PO0003503,2023-09-05,576,24
PO0003504,2023-09-05,984,21
PO0003507,2023-09-05,288,1
PO0003509,2023-09-05,2112,25
PO0003513,2023-09-05,624,26
PO0003514,2023-09-05,1032,6
PO0003518,2023-09-05,1920,5
PO0003519,2023-09-05,1104,11
PO0003522,2023-09-05,588,8
PO0003538,2023-09-05,376,3
PO0003540,2023-09-05,816,8
PO0003542,2023-09-05,846,4
PO0003543,2023-09-05,582,5
PO0003549,2023-09-05,1536,11
PO0003553,2023-09-05,240,3
PO0003562,2023-09-05,546,3
PO0003585,2023-09-05,384,13
PO0003331,2023-09-06,780,3
PO0003344,2023-09-06,1320,35
PO0003346,2023-09-06,4920,120
PO0003399,2023-09-06,312,4
PO0003428,2023-09-06,1188,22
PO0003455,2023-09-06,672,13
PO0003468,2023-09-06,960,5
PO0003479,2023-09-06,384,8
PO0003496,2023-09-06,816,4
PO0003505,2023-09-06,210,6
PO0003517,2023-09-06,1296,3
PO0003521,2023-09-06,2754,69
PO0003541,2023-09-06,384,6
PO0003544,2023-09-06,144,2
PO0003545,2023-09-06,600,9
PO0003546,2023-09-06,816,13
PO0003547,2023-09-06,768,13
PO0003552,2023-09-06,276,1
PO0003556,2023-09-06,447,3
PO0003557,2023-09-06,192,1
PO0003558,2023-09-06,732,18
PO0003567,2023-09-06,1296,18
PO0003571,2023-09-06,576,3
PO0003572,2023-09-06,588,9
PO0003579,2023-09-06,924,17
PO0003580,2023-09-06,1380,24
PO0003582,2023-09-06,936,10
PO0003583,2023-09-06,1344,12
PO0003584,2023-09-06,120,1
PO0003594,2023-09-06,1824,16
PO0003608,2023-09-06,274,3
PO0003250,2023-09-07,900,15
PO0003331,2023-09-07,780,7
PO0003396,2023-09-07,1248,31
PO0003405,2023-09-07,48,1
PO0003439,2023-09-07,1524,75
PO0003475,2023-09-07,2016,10
PO0003508,2023-09-07,660,20
PO0003511,2023-09-07,156,2
PO0003522,2023-09-07,588,4
PO0003528,2023-09-07,1596,37
PO0003531,2023-09-07,240,1
PO0003534,2023-09-07,2352,93
PO0003555,2023-09-07,192,6
PO0003560,2023-09-07,960,4
PO0003563,2023-09-07,2976,13
PO0003565,2023-09-07,570,1
PO0003569,2023-09-07,804,7
PO0003574,2023-09-07,1200,7
PO0003577,2023-09-07,600,9
PO0003586,2023-09-07,329,7
PO0003587,2023-09-07,174,2
PO0003592,2023-09-07,384,8
PO0003595,2023-09-07,828,3
PO0003596,2023-09-07,1374,3
PO0003602,2023-09-07,1002,12
PO0003604,2023-09-07,551,6
PO0003607,2023-09-07,1056,3
PO0003612,2023-09-07,240,4
PO0003613,2023-09-07,246,2
PO0003615,2023-09-07,660,41
PO0003625,2023-09-07,312,3
PO0003626,2023-09-07,504,13
PO0003243,2023-09-08,336,5
PO0003307,2023-09-08,1680,12
PO0003330,2023-09-08,420,3
PO0003435,2023-09-08,1428,19
PO0003497,2023-09-08,1152,2
PO0003499,2023-09-08,360,3
PO0003502,2023-09-08,2016,42
PO0003519,2023-09-08,1104,15
PO0003525,2023-09-08,576,7
PO0003526,2023-09-08,5160,66
PO0003550,2023-09-08,318,16
PO0003561,2023-09-08,288,3
PO0003564,2023-09-08,444,13
PO0003581,2023-09-08,146,2
PO0003591,2023-09-08,420,5
PO0003606,2023-09-08,120,9
PO0003609,2023-09-08,192,0
PO0003611,2023-09-08,2052,18
PO0003612,2023-09-08,240,7
PO0003370,2023-09-09,552,7
PO0003464,2023-09-09,192,0
PO0003467,2023-09-09,528,4
PO0003477,2023-09-09,108,5
PO0003492,2023-09-09,300,0
PO0003499,2023-09-09,360,1
PO0003505,2023-09-09,210,3
PO0003508,2023-09-09,660,12
PO0003529,2023-09-09,234,1
PO0003533,2023-09-09,720,16
PO0003539,2023-09-09,144,0
PO0003566,2023-09-09,516,13
PO0003568,2023-09-09,2052,43
PO0003570,2023-09-09,672,4
PO0003573,2023-09-09,480,1
PO0003575,2023-09-09,1164,29
PO0003576,2023-09-09,684,11
PO0003584,2023-09-09,120,3
PO0003587,2023-09-09,174,3
PO0003588,2023-09-09,600,22
PO0003589,2023-09-09,540,19
PO0003591,2023-09-09,420,7
PO0003597,2023-09-09,1584,19
PO0003620,2023-09-09,1536,8
PO0003621,2023-09-09,1164,20
PO0003627,2023-09-09,816,37
PO0003631,2023-09-09,1464,10
PO0003633,2023-09-09,420,17
PO0003634,2023-09-09,264,0
PO0003637,2023-09-09,144,1
PO0003318,2023-09-10,1044,18
PO0003410,2023-09-10,1860,28
PO0003456,2023-09-10,3264,34
PO0003498,2023-09-10,239,4
PO0003524,2023-09-10,480,11
PO0003536,2023-09-10,168,4
PO0003590,2023-09-10,132,2
PO0003600,2023-09-10,2160,28
PO0003614,2023-09-10,432,5
PO0003622,2023-09-10,2448,123
PO0003635,2023-09-10,108,0
PO0003638,2023-09-10,648,8
PO0003639,2023-09-10,132,0
PO0003641,2023-09-10,76,0
PO0003654,2023-09-10,240,1
PO0003481,2023-09-11,3960,51
PO0003492,2023-09-11,300,5
PO0003593,2023-09-11,828,12
PO0003604,2023-09-11,552,5
PO0003606,2023-09-11,120,5
PO0003616,2023-09-11,162,3
PO0003619,2023-09-11,288,10
PO0003623,2023-09-11,288,3
PO0003624,2023-09-11,552,3
PO0003628,2023-09-11,840,4
PO0003630,2023-09-11,545,9
PO0003636,2023-09-11,960,32
PO0003637,2023-09-11,144,2
PO0003642,2023-09-11,503,1
PO0003643,2023-09-11,666,1
PO0003645,2023-09-11,864,9
PO0003647,2023-09-11,288,2
PO0003648,2023-09-11,312,1
PO0003649,2023-09-11,1848,23
PO0003657,2023-09-11,144,3
PO0003457,2023-09-12,1320,3
PO0003524,2023-09-12,480,10
PO0003527,2023-09-12,1278,11
PO0003530,2023-09-12,558,7
PO0003550,2023-09-12,318,16
PO0003605,2023-09-12,168,1
PO0003618,2023-09-12,804,14
PO0003629,2023-09-12,1560,11
PO0003641,2023-09-12,77,0
PO0003644,2023-09-12,2388,35
PO0003650,2023-09-12,768,16
PO0003652,2023-09-12,492,14
PO0003653,2023-09-12,960,9
PO0003666,2023-09-12,296,6
PO0003667,2023-09-12,600,8
PO0003668,2023-09-12,1248,7
PO0003669,2023-09-12,162,0
PO0003675,2023-09-12,1200,9
PO0003677,2023-09-12,336,6
PO0003683,2023-09-12,360,6
PO0003700,2023-09-12,300,2
PO0003726,2023-09-12,216,2
PO0003520,2023-09-13,1884,45
PO0003536,2023-09-13,168,4
PO0003610,2023-09-13,264,7
PO0003617,2023-09-13,314,3
PO0003630,2023-09-13,545,7
PO0003638,2023-09-13,648,7
PO0003646,2023-09-13,1168,17
PO0003651,2023-09-13,468,2
PO0003655,2023-09-13,246,2
PO0003658,2023-09-13,432,11
PO0003662,2023-09-13,1464,42
PO0003669,2023-09-13,162,0
PO0003671,2023-09-13,762,14
PO0003672,2023-09-13,1098,25
PO0003673,2023-09-13,96,1
PO0003674,2023-09-13,1008,9
PO0003680,2023-09-13,504,4
PO0003681,2023-09-13,288,8
PO0003690,2023-09-13,516,5
PO0003693,2023-09-13,336,6
PO0003694,2023-09-13,126,0
PO0003701,2023-09-13,144,2
PO0003702,2023-09-13,144,2
PO0003706,2023-09-13,888,9
PO0003712,2023-09-13,720,3
PO0003716,2023-09-13,534,0
PO0003719,2023-09-13,1488,2
PO0003722,2023-09-13,1812,35
PO0003436,2023-09-14,1056,9
PO0003515,2023-09-14,648,11
PO0003535,2023-09-14,1776,24
PO0003559,2023-09-14,2976,130
PO0003578,2023-09-14,2064,17
PO0003603,2023-09-14,192,2
PO0003640,2023-09-14,300,2
PO0003661,2023-09-14,1194,7
PO0003678,2023-09-14,213,2
PO0003685,2023-09-14,288,6
PO0003687,2023-09-14,4512,38
PO0003691,2023-09-14,288,2
PO0003695,2023-09-14,408,27
PO0003703,2023-09-14,576,10
PO0003705,2023-09-14,948,14
PO0003708,2023-09-14,335,2
PO0003714,2023-09-14,101,3
PO0003715,2023-09-14,3360,37
PO0003726,2023-09-14,216,3
PO0003732,2023-09-14,1056,14
PO0003744,2023-09-14,960,9
PO0003746,2023-09-14,288,5
PO0003757,2023-09-14,354,0
PO0003523,2023-09-15,336,8
PO0003599,2023-09-15,960,9
PO0003610,2023-09-15,264,6
PO0003648,2023-09-15,312,8
PO0003659,2023-09-15,672,8
PO0003660,2023-09-15,492,8
PO0003673,2023-09-15,96,0
PO0003692,2023-09-15,744,10
PO0003699,2023-09-15,288,1
PO0003704,2023-09-15,624,6
PO0003711,2023-09-15,216,3
PO0003713,2023-09-15,2040,39
PO0003723,2023-09-15,432,17
PO0003724,2023-09-15,1152,7
PO0003725,2023-09-15,468,6
PO0003741,2023-09-15,480,4
PO0003747,2023-09-15,1392,14
PO0003762,2023-09-15,4236,25
PO0003764,2023-09-15,114,1
PO0003766,2023-09-15,288,3
PO0003485,2023-09-16,816,16
PO0003532,2023-09-16,924,16
PO0003554,2023-09-16,1248,17
PO0003601,2023-09-16,792,15
PO0003640,2023-09-16,300,4
PO0003665,2023-09-16,432,14
PO0003670,2023-09-16,360,4
PO0003682,2023-09-16,1050,10
PO0003689,2023-09-16,300,6
PO0003698,2023-09-16,1884,12
PO0003707,2023-09-16,384,2
PO0003710,2023-09-16,288,0
PO0003717,2023-09-16,360,2
PO0003718,2023-09-16,468,4
PO0003729,2023-09-16,78,0
PO0003730,2023-09-16,431,3
PO0003737,2023-09-16,681,5
PO0003738,2023-09-16,402,5
PO0003748,2023-09-16,514,10
PO0003750,2023-09-16,204,1
PO0003751,2023-09-16,510,7
PO0003752,2023-09-16,1104,22
PO0003768,2023-09-16,486,7
PO0003632,2023-09-17,2670,56
PO0003663,2023-09-17,2448,18
PO0003676,2023-09-17,144,5
PO0003681,2023-09-17,288,3
PO0003684,2023-09-17,336,21
PO0003727,2023-09-17,588,9
PO0003728,2023-09-17,219,4
PO0003731,2023-09-17,2400,17
PO0003733,2023-09-17,568,7
PO0003734,2023-09-17,192,2
PO0003743,2023-09-17,660,1
PO0003745,2023-09-17,1533,13
PO0003753,2023-09-17,480,7
PO0003754,2023-09-17,1890,32
PO0003756,2023-09-17,224,3
PO0003759,2023-09-17,318,0
PO0003761,2023-09-17,144,0
PO0003778,2023-09-17,204,5
PO0003787,2023-09-17,108,0
PO0003808,2023-09-17,1104,2
PO0003603,2023-09-18,192,2
PO0003688,2023-09-18,210,2
PO0003709,2023-09-18,648,15
PO0003720,2023-09-18,684,11
PO0003728,2023-09-18,219,5
PO0003736,2023-09-18,720,16
PO0003740,2023-09-18,654,4
PO0003755,2023-09-18,624,4
PO0003757,2023-09-18,354,2
PO0003760,2023-09-18,606,1
PO0003765,2023-09-18,435,2
PO0003767,2023-09-18,336,5
PO0003770,2023-09-18,1440,27
PO0003776,2023-09-18,288,6
PO0003801,2023-09-18,1056,46
PO0003809,2023-09-18,1320,17
PO0003353,2023-09-19,2070,22
PO0003670,2023-09-19,360,4
PO0003686,2023-09-19,384,3
PO0003731,2023-09-19,2400,20
PO0003737,2023-09-19,681,5
PO0003745,2023-09-19,1533,21
PO0003758,2023-09-19,516,7
PO0003766,2023-09-19,288,0
PO0003769,2023-09-19,1056,56
PO0003774,2023-09-19,594,6
PO0003777,2023-09-19,960,4
PO0003779,2023-09-19,240,3
PO0003782,2023-09-19,882,6
PO0003783,2023-09-19,1920,24
PO0003790,2023-09-19,318,1
PO0003791,2023-09-19,348,0
PO0003794,2023-09-19,1110,8
PO0003797,2023-09-19,192,2
PO0003804,2023-09-19,108,0
PO0003807,2023-09-19,606,13
PO0003813,2023-09-19,33,0
PO0003820,2023-09-19,1686,28
PO0003827,2023-09-19,624,9
PO0003830,2023-09-19,3288,42
PO0003834,2023-09-19,396,9
PO0003839,2023-09-19,561,11
PO0003664,2023-09-20,336,1
PO0003720,2023-09-20,684,5
PO0003742,2023-09-20,840,6
PO0003749,2023-09-20,192,2
PO0003756,2023-09-20,225,3
PO0003759,2023-09-20,318,1
PO0003763,2023-09-20,1200,57
PO0003772,2023-09-20,1320,20
PO0003781,2023-09-20,576,9
PO0003785,2023-09-20,816,25
PO0003786,2023-09-20,528,15
PO0003788,2023-09-20,3672,37
PO0003789,2023-09-20,552,5
PO0003798,2023-09-20,936,8
PO0003799,2023-09-20,703,14
PO0003802,2023-09-20,2952,19
PO0003805,2023-09-20,192,2
PO0003813,2023-09-20,33,0
PO0003815,2023-09-20,234,7
PO0003816,2023-09-20,864,4
PO0003819,2023-09-20,1164,7
PO0003820,2023-09-20,1686,32
PO0003822,2023-09-20,3024,38
PO0003824,2023-09-20,1824,46
PO0003825,2023-09-20,396,2
PO0003826,2023-09-20,600,1
PO0003847,2023-09-20,684,10
PO0003848,2023-09-20,1704,44
PO0003859,2023-09-20,312,2
PO0003866,2023-09-20,192,5
PO0003721,2023-09-21,888,13
PO0003765,2023-09-21,435,3
PO0003771,2023-09-21,2496,40
PO0003773,2023-09-21,279,1
PO0003780,2023-09-21,1248,15
PO0003800,2023-09-21,1200,18
PO0003803,2023-09-21,912,11
PO0003811,2023-09-21,564,5
PO0003828,2023-09-21,2448,33
PO0003829,2023-09-21,552,7
PO0003831,2023-09-21,672,17
PO0003844,2023-09-21,336,3
PO0003850,2023-09-21,268,2
PO0003852,2023-09-21,816,9
PO0003853,2023-09-21,972,7
PO0003861,2023-09-21,372,4
PO0003870,2023-09-21,1368,17
PO0003874,2023-09-21,492,2
PO0003878,2023-09-21,1584,80
PO0003886,2023-09-21,192,6
PO0003327,2023-09-22,2016,7
PO0003656,2023-09-22,527,15
PO0003697,2023-09-22,552,6
PO0003739,2023-09-22,291,5
PO0003806,2023-09-22,480,3
PO0003818,2023-09-22,408,5
PO0003823,2023-09-22,376,1
PO0003835,2023-09-22,576,6
PO0003854,2023-09-22,300,2
PO0003855,2023-09-22,1110,32
PO0003856,2023-09-22,768,4
PO0003857,2023-09-22,132,0
PO0003867,2023-09-22,336,4
PO0003881,2023-09-22,222,3
PO0003882,2023-09-22,240,2
PO0003478,2023-09-23,1644,23
PO0003784,2023-09-23,1050,10
PO0003792,2023-09-23,720,13
PO0003804,2023-09-23,108,0
PO0003814,2023-09-23,402,1
PO0003817,2023-09-23,540,2
PO0003818,2023-09-23,408,7
PO0003821,2023-09-23,1728,15
PO0003846,2023-09-23,351,0
PO0003849,2023-09-23,3354,41
PO0003851,2023-09-23,528,2
PO0003857,2023-09-23,132,0
PO0003860,2023-09-23,264,3
PO0003862,2023-09-23,816,17
PO0003863,2023-09-23,1248,28
PO0003868,2023-09-23,504,7
PO0003869,2023-09-23,4245,47
PO0003871,2023-09-23,1212,22
PO0003879,2023-09-23,492,0
PO0003880,2023-09-23,1038,10
PO0003883,2023-09-23,648,8
PO0003884,2023-09-23,1200,26
PO0003887,2023-09-23,858,2
PO0003896,2023-09-23,234,3
PO0003898,2023-09-23,2448,111
PO0003901,2023-09-23,234,2
PO0003917,2023-09-23,168,1
PO0003598,2023-09-24,2004,47
PO0003786,2023-09-24,528,12
PO0003803,2023-09-24,912,14
PO0003812,2023-09-24,996,9
PO0003825,2023-09-24,396,2
PO0003832,2023-09-24,624,15
PO0003833,2023-09-24,66,3
PO0003836,2023-09-24,438,5
PO0003841,2023-09-24,840,2
PO0003842,2023-09-24,300,4
PO0003845,2023-09-24,1962,15
PO0003846,2023-09-24,351,4
PO0003872,2023-09-24,1320,7
PO0003873,2023-09-24,594,1
PO0003874,2023-09-24,492,2
PO0003876,2023-09-24,1080,11
PO0003877,2023-09-24,216,5
PO0003881,2023-09-24,222,4
PO0003885,2023-09-24,168,4
PO0003888,2023-09-24,498,0
PO0003890,2023-09-24,960,24
PO0003892,2023-09-24,702,28
PO0003895,2023-09-24,552,7
PO0003897,2023-09-24,876,2
PO0003899,2023-09-24,720,4
PO0003900,2023-09-24,1776,28
PO0003903,2023-09-24,348,3
PO0003905,2023-09-24,1440,63
PO0003931,2023-09-24,175,1
PO0003696,2023-09-25,1056,6
PO0003739,2023-09-25,291,2
PO0003773,2023-09-25,279,0
PO0003810,2023-09-25,948,16
PO0003837,2023-09-25,420,6
PO0003875,2023-09-25,1854,19
PO0003876,2023-09-25,1080,12
PO0003891,2023-09-25,576,7
PO0003893,2023-09-25,1092,19
PO0003894,2023-09-25,204,3
PO0003896,2023-09-25,234,4
PO0003902,2023-09-25,216,0
PO0003904,2023-09-25,348,7
PO0003914,2023-09-25,2064,40
PO0003915,2023-09-25,546,4
PO0003923,2023-09-25,1344,15
PO0003927,2023-09-25,1728,85
PO0003931,2023-09-25,176,2
PO0003949,2023-09-25,3552,64
PO0003960,2023-09-25,852,44
PO0003679,2023-09-26,366,3
PO0003775,2023-09-26,306,10
PO0003795,2023-09-26,408,6
PO0003845,2023-09-26,1962,20
PO0003854,2023-09-26,300,1
PO0003858,2023-09-26,204,2
PO0003909,2023-09-26,1704,13
PO0003917,2023-09-26,168,7
PO0003918,2023-09-26,3672,13
PO0003920,2023-09-26,2304,111
PO0003922,2023-09-26,840,4
PO0003929,2023-09-26,1980,42
PO0003938,2023-09-26,2910,24
PO0003942,2023-09-26,444,24
PO0003945,2023-09-26,1584,14
PO0003948,2023-09-26,2808,19
PO0003951,2023-09-26,840,12
PO0003952,2023-09-26,4320,43
PO0003953,2023-09-26,480,4
PO0003955,2023-09-26,1500,9
PO0003962,2023-09-26,1422,33
PO0003976,2023-09-26,984,12
PO0003988,2023-09-26,378,6
PO0004002,2023-09-26,1860,27
PO0004004,2023-09-26,2496,34
PO0003696,2023-09-27,1056,10
PO0003840,2023-09-27,384,2
PO0003843,2023-09-27,102,0
PO0003864,2023-09-27,2376,22
PO0003875,2023-09-27,1854,14
PO0003893,2023-09-27,1092,14
PO0003901,2023-09-27,234,2
PO0003907,2023-09-27,1152,15
PO0003911,2023-09-27,492,4
PO0003912,2023-09-27,144,3
PO0003921,2023-09-27,240,0
PO0003924,2023-09-27,196,2
PO0003925,2023-09-27,1416,31
PO0003933,2023-09-27,228,3
PO0003937,2023-09-27,1674,18
PO0003943,2023-09-27,528,9
PO0003944,2023-09-27,2376,31
PO0003956,2023-09-27,2526,24
PO0003957,2023-09-27,1500,21
PO0003964,2023-09-27,384,5
PO0003965,2023-09-27,312,4
PO0003967,2023-09-27,4128,58
PO0003970,2023-09-27,270,2
PO0003971,2023-09-27,4752,72
PO0003974,2023-09-27,624,0
PO0003977,2023-09-27,912,11
PO0003985,2023-09-27,1998,11
PO0003996,2023-09-27,582,0
PO0004001,2023-09-27,1044,10
PO0004005,2023-09-27,1488,11
PO0004008,2023-09-27,3336,71
PO0004012,2023-09-27,5904,38
PO0004018,2023-09-27,1248,14
PO0004034,2023-09-27,768,2
PO0004037,2023-09-27,696,7
PO0004075,2023-09-27,240,0
PO0003775,2023-09-28,306,3
PO0003833,2023-09-28,66,1
PO0003865,2023-09-28,1284,23
PO0003885,2023-09-28,168,4
PO0003908,2023-09-28,5220,33
PO0003928,2023-09-28,2136,28
PO0003930,2023-09-28,648,17
PO0003932,2023-09-28,4446,39
PO0003934,2023-09-28,2424,28
PO0003941,2023-09-28,3360,143
PO0003946,2023-09-28,3792,59
PO0003947,2023-09-28,2208,12
PO0003950,2023-09-28,414,2
PO0003958,2023-09-28,1032,8
PO0003961,2023-09-28,1410,10
PO0003979,2023-09-28,1368,17
PO0003980,2023-09-28,678,1
PO0003982,2023-09-28,468,5
PO0003992,2023-09-28,960,12
PO0003995,2023-09-28,1284,23
PO0003997,2023-09-28,2904,29
PO0003999,2023-09-28,1068,8
PO0004010,2023-09-28,144,4
PO0004013,2023-09-28,1848,7
PO0004016,2023-09-28,1056,16
PO0004017,2023-09-28,3048,26
PO0004028,2023-09-28,402,3
PO0004033,2023-09-28,2976,165
PO0004039,2023-09-28,222,2
PO0004045,2023-09-28,1056,15
PO0004049,2023-09-28,1014,11
PO0004050,2023-09-28,1296,4
PO0004053,2023-09-28,528,4
PO0004076,2023-09-28,1554,13
PO0004079,2023-09-28,1680,15
PO0004081,2023-09-28,462,3
PO0003735,2023-09-29,570,3
PO0003906,2023-09-29,2616,10
PO0003936,2023-09-29,4626,64
PO0003939,2023-09-29,1512,30
PO0003940,2023-09-29,1872,89
PO0003942,2023-09-29,444,21
PO0003966,2023-09-29,912,14
PO0003968,2023-09-29,2448,54
PO0003969,2023-09-29,1026,8
PO0003972,2023-09-29,6420,147
PO0003978,2023-09-29,1080,14
PO0003981,2023-09-29,870,15
PO0003983,2023-09-29,4068,22
PO0003986,2023-09-29,855,10
PO0003992,2023-09-29,960,6
PO0003994,2023-09-29,228,3
PO0003998,2023-09-29,420,5
PO0004000,2023-09-29,2712,27
PO0004003,2023-09-29,144,0
PO0004010,2023-09-29,144,6
PO0004014,2023-09-29,1248,8
PO0004015,2023-09-29,2753,19
PO0004016,2023-09-29,1056,7
PO0004020,2023-09-29,4344,39
PO0004024,2023-09-29,353,5
PO0004036,2023-09-29,1812,15
PO0004040,2023-09-29,1056,16
PO0004048,2023-09-29,2496,56
PO0004052,2023-09-29,2640,28
PO0004053,2023-09-29,528,7
PO0004064,2023-09-29,2280,12
PO0004076,2023-09-29,1554,20
PO0004078,2023-09-29,732,8
PO0004084,2023-09-29,3072,11
PO0004086,2023-09-29,552,3
PO0004100,2023-09-29,864,8
PO0004123,2023-09-29,312,2
PO0003889,2023-09-30,288,4
PO0003911,2023-09-30,492,2
PO0003926,2023-09-30,972,11
PO0003959,2023-09-30,1530,6
PO0003969,2023-09-30,1026,5
PO0003974,2023-09-30,624,3
PO0003975,2023-09-30,1848,5
PO0003980,2023-09-30,678,1
PO0003982,2023-09-30,468,5
PO0003987,2023-09-30,1176,12
PO0003991,2023-09-30,306,15
PO0003993,2023-09-30,2928,20
PO0004009,2023-09-30,648,10
PO0004019,2023-09-30,683,9
PO0004023,2023-09-30,4584,47
PO0004025,2023-09-30,4020,34
PO0004029,2023-09-30,2448,15
PO0004032,2023-09-30,1008,17
PO0004038,2023-09-30,2808,19
PO0004044,2023-09-30,768,15
PO0004051,2023-09-30,384,5
PO0004055,2023-09-30,3396,33
PO0004059,2023-09-30,552,11
PO0004061,2023-09-30,3792,71
PO0004062,2023-09-30,528,2
PO0004063,2023-09-30,360,4
PO0004069,2023-09-30,1632,18
PO0004075,2023-09-30,240,1
PO0004080,2023-09-30,2796,9
PO0004085,2023-09-30,432,5
PO0004089,2023-09-30,852,5
PO0004096,2023-09-30,1056,26
PO0004097,2023-09-30,2808,17
PO0004110,2023-09-30,408,5
PO0004111,2023-09-30,2142,37
PO0004113,2023-09-30,426,21
PO0004114,2023-09-30,1032,3
PO0004115,2023-09-30,552,0
PO0004117,2023-09-30,2256,21
PO0004120,2023-09-30,624,17
PO0004122,2023-09-30,1728,8
PO0003843,2023-10-01,102,1
PO0003910,2023-10-01,522,5
PO0003924,2023-10-01,197,3
PO0003954,2023-10-01,1584,29
PO0003984,2023-10-01,1896,18
PO0003986,2023-10-01,855,15
PO0003989,2023-10-01,444,4
PO0004007,2023-10-01,408,12
PO0004011,2023-10-01,912,4
PO0004021,2023-10-01,1005,20
PO0004022,2023-10-01,2892,14
PO0004030,2023-10-01,1992,14
PO0004046,2023-10-01,336,0
PO0004054,2023-10-01,1512,18
PO0004058,2023-10-01,432,4
PO0004066,2023-10-01,3318,35
PO0004068,2023-10-01,384,5
PO0004073,2023-10-01,1224,26
PO0004074,2023-10-01,1212,8
PO0004083,2023-10-01,144,3
PO0004089,2023-10-01,852,6
PO0004090,2023-10-01,144,3
PO0004092,2023-10-01,3264,38
PO0004099,2023-10-01,4458,42
PO0004106,2023-10-01,336,5
PO0004108,2023-10-01,1344,1
PO0004109,2023-10-01,468,4
PO0004113,2023-10-01,426,21
PO0004125,2023-10-01,732,8
PO0004127,2023-10-01,300,4
PO0004128,2023-10-01,2112,13
PO0004130,2023-10-01,696,16
PO0004133,2023-10-01,1020,9
PO0004137,2023-10-01,1152,29
PO0004150,2023-10-01,96,0
PO0004159,2023-10-01,192,4
PO0004184,2023-10-01,600,5
PO0003913,2023-10-02,3012,28
PO0003963,2023-10-02,1980,13
PO0003991,2023-10-02,306,19
PO0004019,2023-10-02,683,5
PO0004026,2023-10-02,2124,11
PO0004031,2023-10-02,771,7
PO0004036,2023-10-02,1812,22
PO0004043,2023-10-02,3360,43
PO0004060,2023-10-02,1416,10
PO0004067,2023-10-02,1368,6
PO0004077,2023-10-02,948,12
PO0004082,2023-10-02,1632,14
PO0004088,2023-10-02,738,11
PO0004104,2023-10-02,2028,29
PO0004107,2023-10-02,384,4
PO0004116,2023-10-02,2628,52
PO0004118,2023-10-02,2016,18
PO0004126,2023-10-02,456,7
PO0004131,2023-10-02,3624,34
PO0004134,2023-10-02,432,4
PO0004142,2023-10-02,468,1
PO0004158,2023-10-02,984,28
PO0004185,2023-10-02,324,4
PO0004209,2023-10-02,768,13
PO0003796,2023-10-03,756,9
PO0003968,2023-10-03,2448,58
PO0004042,2023-10-03,1440,21
PO0004057,2023-10-03,240,0
PO0004063,2023-10-03,360,3
PO0004064,2023-10-03,2280,7
PO0004071,2023-10-03,1200,7
PO0004091,2023-10-03,552,9
PO0004098,2023-10-03,672,23
PO0004102,2023-10-03,456,7
PO0004105,2023-10-03,744,7
PO0004136,2023-10-03,5472,15
PO0004138,2023-10-03,960,21
PO0004143,2023-10-03,2328,29
PO0004145,2023-10-03,152,1
PO0004147,2023-10-03,774,13
PO0004151,2023-10-03,3780,32
PO0004152,2023-10-03,4032,11
PO0004154,2023-10-03,2232,24
PO0004155,2023-10-03,144,4
PO0004163,2023-10-03,1152,9
PO0004171,2023-10-03,1380,19
PO0004174,2023-10-03,864,7
PO0004183,2023-10-03,198,1
PO0004187,2023-10-03,2910,24
PO0004190,2023-10-03,3936,33
PO0004192,2023-10-03,408,4
PO0004194,2023-10-03,4812,92
PO0004197,2023-10-03,864,11
PO0004226,2023-10-03,708,14
PO0003793,2023-10-04,960,4
PO0003838,2023-10-04,720,14
PO0003919,2023-10-04,1392,16
PO0004007,2023-10-04,408,19
PO0004030,2023-10-04,1992,18
PO0004091,2023-10-04,552,3
PO0004110,2023-10-04,408,2
PO0004119,2023-10-04,2784,13
PO0004124,2023-10-04,546,12
PO0004126,2023-10-04,456,6
PO0004139,2023-10-04,1080,16
PO0004141,2023-10-04,336,2
PO0004147,2023-10-04,774,18
PO0004148,2023-10-04,906,18
PO0004149,2023-10-04,438,4
PO0004164,2023-10-04,564,3
PO0004173,2023-10-04,1296,13
PO0004174,2023-10-04,864,16
PO0004175,2023-10-04,276,0
PO0004179,2023-10-04,336,1
PO0004180,2023-10-04,148,1
PO0004181,2023-10-04,1704,39
PO0004189,2023-10-04,336,1
PO0004204,2023-10-04,1452,9
PO0004205,2023-10-04,444,0
PO0004206,2023-10-04,996,12
PO0004208,2023-10-04,1248,16
PO0004242,2023-10-04,768,11
PO0003935,2023-10-05,576,7
PO0004006,2023-10-05,2688,21
PO0004027,2023-10-05,2610,31
PO0004031,2023-10-05,771,6
PO0004041,2023-10-05,672,8
PO0004047,2023-10-05,888,3
PO0004101,2023-10-05,2496,21
PO0004132,2023-10-05,795,10
PO0004138,2023-10-05,960,22
PO0004144,2023-10-05,444,4
PO0004153,2023-10-05,1200,59
PO0004157,2023-10-05,822,6
PO0004160,2023-10-05,2316,13
PO0004161,2023-10-05,216,1
PO0004165,2023-10-05,2622,16
PO0004167,2023-10-05,228,3
PO0004175,2023-10-05,276,1
PO0004176,2023-10-05,360,8
PO0004177,2023-10-05,1068,21
PO0004178,2023-10-05,2178,8
PO0004186,2023-10-05,144,1
PO0004191,2023-10-05,1776,20
PO0004196,2023-10-05,510,7
PO0004211,2023-10-05,1164,20
PO0004213,2023-10-05,144,1
PO0004214,2023-10-05,576,6
PO0004219,2023-10-05,252,4
PO0004224,2023-10-05,1416,24
PO0004228,2023-10-05,1848,54
PO0004229,2023-10-05,360,3
PO0004248,2023-10-05,156,0
PO0004249,2023-10-05,804,7
PO0004253,2023-10-05,552,8
PO0004259,2023-10-05,792,5
PO0004261,2023-10-05,504,5
PO0004262,2023-10-05,336,1
PO0004266,2023-10-05,1248,7
PO0004269,2023-10-05,852,9
PO0004273,2023-10-05,2088,36
PO0004293,2023-10-05,720,9
PO0004294,2023-10-05,552,3
PO0004087,2023-10-06,1224,13
PO0004103,2023-10-06,4488,23
PO0004105,2023-10-06,744,6
PO0004142,2023-10-06,468,2
PO0004146,2023-10-06,540,6
PO0004166,2023-10-06,846,5
PO0004167,2023-10-06,228,2
PO0004168,2023-10-06,2496,40
PO0004169,2023-10-06,528,6
PO0004172,2023-10-06,2016,26
PO0004185,2023-10-06,324,2
PO0004201,2023-10-06,120,2
PO0004202,2023-10-06,492,3
PO0004203,2023-10-06,270,3
PO0004207,2023-10-06,336,2
PO0004215,2023-10-06,528,3
PO0004218,2023-10-06,1362,7
PO0004220,2023-10-06,2160,27
PO0004223,2023-10-06,2862,58
PO0004225,2023-10-06,1344,19
PO0004230,2023-10-06,192,8
PO0004231,2023-10-06,1254,71
PO0004233,2023-10-06,264,3
PO0004234,2023-10-06,456,2
PO0004236,2023-10-06,707,10
PO0004237,2023-10-06,1008,26
PO0004239,2023-10-06,384,1
PO0004240,2023-10-06,588,24
PO0004243,2023-10-06,1344,6
PO0004246,2023-10-06,3504,42
PO0004250,2023-10-06,480,5
PO0004252,2023-10-06,1398,10
PO0004256,2023-10-06,960,8
PO0004265,2023-10-06,144,1
PO0004268,2023-10-06,2928,10
PO0004275,2023-10-06,792,11
PO0004276,2023-10-06,1200,11
PO0004287,2023-10-06,696,14
PO0004289,2023-10-06,888,9
PO0004290,2023-10-06,240,7
PO0004035,2023-10-07,2400,7
PO0004065,2023-10-07,336,4
PO0004132,2023-10-07,795,7
PO0004156,2023-10-07,168,0
PO0004182,2023-10-07,264,2
PO0004200,2023-10-07,527,4
PO0004210,2023-10-07,432,4
PO0004212,2023-10-07,288,1
PO0004217,2023-10-07,648,4
PO0004227,2023-10-07,1056,1
PO0004229,2023-10-07,360,5
PO0004239,2023-10-07,384,0
PO0004241,2023-10-07,780,35
PO0004244,2023-10-07,1056,10
PO0004251,2023-10-07,228,3
PO0004254,2023-10-07,432,6
PO0004258,2023-10-07,1374,15
PO0004264,2023-10-07,384,1
PO0004267,2023-10-07,2308,27
PO0004270,2023-10-07,1038,1
PO0004281,2023-10-07,192,0
PO0004288,2023-10-07,420,5
PO0004295,2023-10-07,384,1
PO0004301,2023-10-07,918,10
PO0003916,2023-10-08,125,0
PO0003973,2023-10-08,2016,39
PO0004070,2023-10-08,240,1
PO0004093,2023-10-08,5784,85
PO0004121,2023-10-08,3384,10
PO0004148,2023-10-08,906,25
PO0004166,2023-10-08,846,4
PO0004170,2023-10-08,1068,4
PO0004201,2023-10-08,120,2
PO0004232,2023-10-08,3072,15
PO0004236,2023-10-08,708,8
PO0004245,2023-10-08,816,33
PO0004257,2023-10-08,1584,19
PO0004272,2023-10-08,648,7
PO0004283,2023-10-08,144,3
PO0004284,2023-10-08,5088,66
PO0004286,2023-10-08,144,1
PO0004296,2023-10-08,672,8
PO0004305,2023-10-08,2040,26
PO0004310,2023-10-08,592,11
PO0004311,2023-10-08,912,15
PO0003990,2023-10-09,1986,36
PO0004056,2023-10-09,3696,19
PO0004065,2023-10-09,336,2
PO0004094,2023-10-09,441,6
PO0004135,2023-10-09,2580,33
PO0004140,2023-10-09,1290,20
PO0004186,2023-10-09,144,1
PO0004203,2023-10-09,270,5
PO0004207,2023-10-09,336,2
PO0004221,2023-10-09,744,1
PO0004255,2023-10-09,330,10
PO0004279,2023-10-09,264,1
PO0004291,2023-10-09,336,3
PO0004298,2023-10-09,1440,24
PO0004300,2023-10-09,234,2
PO0004302,2023-10-09,288,4
PO0004306,2023-10-09,1224,4
PO0004307,2023-10-09,1128,33
PO0004308,2023-10-09,516,2
PO0004315,2023-10-09,666,8
PO0004317,2023-10-09,96,1
PO0004318,2023-10-09,324,2
PO0004324,2023-10-09,510,6
PO0004328,2023-10-09,1716,15
PO0004331,2023-10-09,1164,7
PO0004337,2023-10-09,204,3
PO0004338,2023-10-09,900,17
PO0004340,2023-10-09,1140,4
PO0004169,2023-10-10,528,6
PO0004193,2023-10-10,360,9
PO0004199,2023-10-10,408,5
PO0004222,2023-10-10,2364,47
PO0004260,2023-10-10,312,1
PO0004271,2023-10-10,1392,5
PO0004272,2023-10-10,648,7
PO0004278,2023-10-10,378,1
PO0004280,2023-10-10,408,4
PO0004282,2023-10-10,480,13
PO0004297,2023-10-10,528,3
PO0004299,2023-10-10,2592,48
PO0004304,2023-10-10,61,0
PO0004309,2023-10-10,1464,4
PO0004312,2023-10-10,1146,19
PO0004313,2023-10-10,768,15
PO0004320,2023-10-10,1986,16
PO0004321,2023-10-10,1338,9
PO0004322,2023-10-10,1476,14
PO0004327,2023-10-10,552,7
PO0004334,2023-10-10,1392,2
PO0004339,2023-10-10,744,10
PO0004343,2023-10-10,756,3
PO0004346,2023-10-10,1056,6
PO0004347,2023-10-10,1632,83
PO0004356,2023-10-10,372,21
PO0004359,2023-10-10,120,2
PO0004363,2023-10-10,156,1
PO0004365,2023-10-10,1440,19
PO0004379,2023-10-10,684,2
PO0004401,2023-10-10,318,5
PO0004188,2023-10-11,408,9
PO0004198,2023-10-11,528,9
PO0004200,2023-10-11,528,7
PO0004247,2023-10-11,282,3
PO0004255,2023-10-11,330,4
PO0004302,2023-10-11,288,7
PO0004323,2023-10-11,1650,7
PO0004326,2023-10-11,648,11
PO0004329,2023-10-11,924,3
PO0004330,2023-10-11,1350,3
PO0004332,2023-10-11,816,12
PO0004333,2023-10-11,936,10
PO0004345,2023-10-11,1167,23
PO0004348,2023-10-11,288,3
PO0004352,2023-10-11,432,4
PO0004353,2023-10-11,348,4
PO0004358,2023-10-11,42,0
PO0004362,2023-10-11,156,0
PO0004366,2023-10-11,1296,5
PO0004367,2023-10-11,480,23
PO0004369,2023-10-11,1584,24
PO0004370,2023-10-11,624,3
PO0004377,2023-10-11,1788,26
PO0004380,2023-10-11,864,0
PO0004381,2023-10-11,576,7
PO0004382,2023-10-11,1332,6
PO0004388,2023-10-11,3246,24
PO0004394,2023-10-11,1584,12
PO0004397,2023-10-11,660,15
PO0004112,2023-10-12,5040,105
PO0004162,2023-10-12,312,1
PO0004193,2023-10-12,360,9
PO0004195,2023-10-12,144,1
PO0004216,2023-10-12,72,0
PO0004235,2023-10-12,216,0
PO0004291,2023-10-12,336,4
PO0004337,2023-10-12,204,1
PO0004344,2023-10-12,264,2
PO0004349,2023-10-12,1451,11
PO0004350,2023-10-12,132,1
PO0004354,2023-10-12,816,12
PO0004355,2023-10-12,2544,126
PO0004361,2023-10-12,744,12
PO0004371,2023-10-12,762,3
PO0004374,2023-10-12,690,0
PO0004376,2023-10-12,516,5
PO0004378,2023-10-12,1092,19
PO0004383,2023-10-12,600,12
PO0004384,2023-10-12,1344,14
PO0004386,2023-10-12,144,1
PO0004387,2023-10-12,696,4
PO0004392,2023-10-12,600,11
PO0004398,2023-10-12,192,3
PO0004400,2023-10-12,715,6
PO0004401,2023-10-12,318,7
PO0004402,2023-10-12,240,2
PO0004403,2023-10-12,198,2
PO0004406,2023-10-12,624,9
PO0004409,2023-10-12,396,2
PO0004416,2023-10-12,65,0
PO0004072,2023-10-13,864,27
PO0004094,2023-10-13,441,6
PO0004129,2023-10-13,321,5
PO0004238,2023-10-13,258,5
PO0004263,2023-10-13,504,3
PO0004277,2023-10-13,594,2
PO0004339,2023-10-13,744,11
PO0004358,2023-10-13,42,1
PO0004372,2023-10-13,804,0
PO0004373,2023-10-13,216,3
PO0004375,2023-10-13,864,10
PO0004385,2023-10-13,480,13
PO0004389,2023-10-13,796,7
PO0004391,2023-10-13,816,3
PO0004395,2023-10-13,666,6
PO0004404,2023-10-13,3552,52
PO0004405,2023-10-13,978,8
PO0004407,2023-10-13,966,14
PO0004408,2023-10-13,4320,27
PO0004412,2023-10-13,258,2
PO0004415,2023-10-13,972,6
PO0004417,2023-10-13,96,4
PO0004424,2023-10-13,468,0
PO0004425,2023-10-13,2124,25
PO0004430,2023-10-13,312,4
PO0004431,2023-10-13,276,4
PO0004432,2023-10-13,216,2
PO0004216,2023-10-14,72,2
PO0004285,2023-10-14,636,9
PO0004336,2023-10-14,1512,21
PO0004359,2023-10-14,120,0
PO0004363,2023-10-14,156,0
PO0004387,2023-10-14,696,6
PO0004393,2023-10-14,666,12
PO0004411,2023-10-14,528,6
PO0004413,2023-10-14,366,0
PO0004414,2023-10-14,234,7
PO0004419,2023-10-14,3569,18
PO0004420,2023-10-14,912,8
PO0004421,2023-10-14,2604,49
PO0004427,2023-10-14,912,13
PO0004428,2023-10-14,288,1
PO0004429,2023-10-14,72,1
PO0004095,2023-10-15,2088,20
PO0004238,2023-10-15,258,3
PO0004274,2023-10-15,144,1
PO0004303,2023-10-15,768,4
PO0004319,2023-10-15,240,4
PO0004345,2023-10-15,1167,19
PO0004350,2023-10-15,132,0
PO0004353,2023-10-15,348,3
PO0004357,2023-10-15,672,3
PO0004380,2023-10-15,864,2
PO0004390,2023-10-15,228,1
PO0004403,2023-10-15,198,0
PO0004423,2023-10-15,1092,53
PO0004426,2023-10-15,1728,23
PO0004433,2023-10-15,192,3
PO0004436,2023-10-15,1260,9
PO0004440,2023-10-15,330,3
PO0004445,2023-10-15,1368,15
PO0004448,2023-10-15,408,7
PO0004195,2023-10-16,144,0
PO0004235,2023-10-16,216,4
PO0004417,2023-10-16,96,2
PO0004429,2023-10-16,72,2
PO0004437,2023-10-16,1308,16
PO0004438,2023-10-16,510,1
PO0004442,2023-10-16,192,2
PO0004444,2023-10-16,456,5
PO0004447,2023-10-16,360,4
PO0004449,2023-10-16,219,1
PO0004450,2023-10-16,114,1
PO0004451,2023-10-16,2118,23
PO0004453,2023-10-16,144,0
PO0004455,2023-10-16,624,8
PO0004457,2023-10-16,720,8
PO0004458,2023-10-16,1056,21
PO0004459,2023-10-16,720,22
PO0004460,2023-10-16,1428,58
PO0004466,2023-10-16,480,6
PO0004467,2023-10-16,228,6
PO0004470,2023-10-16,432,17
PO0004480,2023-10-16,3168,35
PO0004485,2023-10-16,432,3
PO0004360,2023-10-17,360,1
PO0004395,2023-10-17,666,7
PO0004431,2023-10-17,276,5
PO0004441,2023-10-17,4380,38
PO0004443,2023-10-17,696,9
PO0004456,2023-10-17,222,3
PO0004463,2023-10-17,999,6
PO0004468,2023-10-17,672,16
PO0004473,2023-10-17,864,4
PO0004478,2023-10-17,351,3
PO0004484,2023-10-17,528,4
PO0004491,2023-10-17,336,0
PO0004492,2023-10-17,1536,16
PO0004316,2023-10-18,792,8
PO0004325,2023-10-18,144,2
PO0004434,2023-10-18,600,17
PO0004435,2023-10-18,361,4
PO0004454,2023-10-18,372,2
PO0004464,2023-10-18,492,3
PO0004465,2023-10-18,192,1
PO0004469,2023-10-18,3816,42
PO0004471,2023-10-18,288,6
PO0004477,2023-10-18,732,10
PO0004481,2023-10-18,426,1
PO0004482,2023-10-18,2016,34
PO0004487,2023-10-18,3450,38
PO0004488,2023-10-18,492,4
PO0004489,2023-10-18,528,13
PO0004495,2023-10-18,324,6
PO0004496,2023-10-18,840,12
PO0004498,2023-10-18,192,0
PO0004500,2023-10-18,552,2
PO0004508,2023-10-18,356,6
PO0004510,2023-10-18,432,11
PO0004511,2023-10-18,600,4
PO0004512,2023-10-18,258,2
PO0004518,2023-10-18,426,3
PO0004519,2023-10-18,204,3
PO0004524,2023-10-18,516,23
PO0004533,2023-10-18,768,13
PO0004534,2023-10-18,384,1
PO0004314,2023-10-19,180,1
PO0004342,2023-10-19,1380,25
PO0004368,2023-10-19,912,4
PO0004450,2023-10-19,114,2
PO0004461,2023-10-19,1728,23
PO0004463,2023-10-19,999,2
PO0004474,2023-10-19,1152,23
PO0004476,2023-10-19,462,2
PO0004477,2023-10-19,732,15
PO0004478,2023-10-19,351,5
PO0004479,2023-10-19,192,2
PO0004490,2023-10-19,1758,21
PO0004494,2023-10-19,1392,29
PO0004497,2023-10-19,816,17
PO0004499,2023-10-19,714,5
PO0004501,2023-10-19,312,4
PO0004502,2023-10-19,324,4
PO0004505,2023-10-19,324,5
PO0004506,2023-10-19,2016,7
PO0004510,2023-10-19,432,10
PO0004514,2023-10-19,1248,14
PO0004525,2023-10-19,348,5
PO0004527,2023-10-19,798,6
PO0004528,2023-10-19,324,2
PO0004530,2023-10-19,1080,13
PO0004536,2023-10-19,2640,137
PO0004539,2023-10-19,108,1
PO0004542,2023-10-19,528,5
PO0004544,2023-10-19,780,7
PO0004545,2023-10-19,966,10
PO0004556,2023-10-19,336,1
PO0004569,2023-10-19,672,5
PO0004316,2023-10-20,792,6
PO0004341,2023-10-20,1368,10
PO0004472,2023-10-20,864,49
PO0004475,2023-10-20,606,5
PO0004507,2023-10-20,1836,12
PO0004509,2023-10-20,264,5
PO0004515,2023-10-20,468,2
PO0004516,2023-10-20,1248,58
PO0004517,2023-10-20,312,7
PO0004519,2023-10-20,204,5
PO0004521,2023-10-20,768,6
PO0004523,2023-10-20,840,4
PO0004542,2023-10-20,528,6
PO0004546,2023-10-20,1200,24
PO0004548,2023-10-20,480,13
PO0004550,2023-10-20,492,5
PO0004551,2023-10-20,696,16
PO0004552,2023-10-20,1848,19
PO0004563,2023-10-20,504,3
PO0004564,2023-10-20,2112,30
PO0004314,2023-10-21,180,1
PO0004452,2023-10-21,2640,58
PO0004486,2023-10-21,1236,20
PO0004507,2023-10-21,1836,16
PO0004526,2023-10-21,744,2
PO0004532,2023-10-21,1464,19
PO0004535,2023-10-21,1032,21
PO0004537,2023-10-21,1248,14
PO0004541,2023-10-21,150,4
PO0004553,2023-10-21,630,14
PO0004555,2023-10-21,1908,21
PO0004558,2023-10-21,258,3
PO0004559,2023-10-21,264,9
PO0004560,2023-10-21,600,15
PO0004566,2023-10-21,336,1
PO0004335,2023-10-22,708,9
PO0004418,2023-10-22,1032,15
PO0004464,2023-10-22,492,2
PO0004472,2023-10-22,864,40
PO0004483,2023-10-22,276,6
PO0004486,2023-10-22,1236,16
PO0004498,2023-10-22,192,1
PO0004516,2023-10-22,1248,58
PO0004547,2023-10-22,192,1
PO0004549,2023-10-22,3888,27
PO0004557,2023-10-22,1560,19
PO0004561,2023-10-22,960,5
PO0004562,2023-10-22,648,4
PO0004565,2023-10-22,438,1
PO0004571,2023-10-22,1836,24
PO0004576,2023-10-22,2184,39
PO0004579,2023-10-22,2772,16
PO0004582,2023-10-22,930,11
PO0004583,2023-10-22,828,38
PO0004585,2023-10-22,300,2
PO0004597,2023-10-22,3012,39
PO0004598,2023-10-22,474,8
PO0004351,2023-10-23,840,13
PO0004446,2023-10-23,414,4
PO0004462,2023-10-23,2448,16
PO0004502,2023-10-23,324,0
PO0004540,2023-10-23,1464,16
PO0004570,2023-10-23,1044,15
PO0004574,2023-10-23,348,6
PO0004577,2023-10-23,672,4
PO0004580,2023-10-23,1440,8
PO0004581,2023-10-23,2256,23
PO0004586,2023-10-23,672,6
PO0004591,2023-10-23,1920,87
PO0004604,2023-10-23,3888,67
PO0004610,2023-10-23,516,5
PO0004616,2023-10-23,192,0
PO0004617,2023-10-23,2232,19
PO0004635,2023-10-23,144,1
PO0004656,2023-10-23,1200,6
PO0004399,2023-10-24,1139,8
PO0004410,2023-10-24,696,11
PO0004531,2023-10-24,1680,17
PO0004547,2023-10-24,192,2
PO0004572,2023-10-24,1452,4
PO0004573,2023-10-24,600,7
PO0004578,2023-10-24,3876,51
PO0004589,2023-10-24,3090,35
PO0004593,2023-10-24,1107,28
PO0004594,2023-10-24,196,0
PO0004602,2023-10-24,432,1
PO0004607,2023-10-24,1248,13
PO0004609,2023-10-24,624,0
PO0004614,2023-10-24,183,0
PO0004615,2023-10-24,2298,31
PO0004625,2023-10-24,204,0
PO0004628,2023-10-24,4608,53
PO0004629,2023-10-24,612,11
PO0004637,2023-10-24,806,7
PO0004638,2023-10-24,390,1
PO0004639,2023-10-24,840,8
PO0004643,2023-10-24,336,0
PO0004645,2023-10-24,576,2
PO0004647,2023-10-24,1416,19
PO0004652,2023-10-24,342,4
PO0004653,2023-10-24,840,38
PO0004655,2023-10-24,450,2
PO0004292,2023-10-25,1140,11
PO0004439,2023-10-25,4608,37
PO0004522,2023-10-25,408,2
PO0004554,2023-10-25,1152,6
PO0004559,2023-10-25,264,9
PO0004587,2023-10-25,3978,36
PO0004592,2023-10-25,1872,71
PO0004595,2023-10-25,1272,10
PO0004596,2023-10-25,1632,11
PO0004600,2023-10-25,1608,8
PO0004601,2023-10-25,1488,82
PO0004605,2023-10-25,312,6
PO0004608,2023-10-25,1986,32
PO0004613,2023-10-25,438,3
PO0004619,2023-10-25,2544,25
PO0004620,2023-10-25,480,8
PO0004623,2023-10-25,456,2
PO0004625,2023-10-25,204,0
PO0004626,2023-10-25,323,10
PO0004627,2023-10-25,1788,6
PO0004631,2023-10-25,2016,12
PO0004633,2023-10-25,480,1
PO0004634,2023-10-25,720,7
PO0004641,2023-10-25,684,5
PO0004642,2023-10-25,1434,30
PO0004644,2023-10-25,480,4
PO0004648,2023-10-25,828,21
PO0004649,2023-10-25,576,6
PO0004651,2023-10-25,360,3
PO0004659,2023-10-25,4308,40
PO0004661,2023-10-25,3405,33
PO0004667,2023-10-25,847,4
PO0004675,2023-10-25,264,0
PO0004678,2023-10-25,1416,15
PO0004681,2023-10-25,240,7
PO0004682,2023-10-25,432,7
PO0004683,2023-10-25,906,2
PO0004687,2023-10-25,3648,56
PO0004695,2023-10-25,372,8
PO0004699,2023-10-25,4176,46
PO0004711,2023-10-25,648,6
PO0004725,2023-10-25,864,7
PO0004504,2023-10-26,1176,16
PO0004513,2023-10-26,564,9
PO0004520,2023-10-26,678,4
PO0004529,2023-10-26,240,1
PO0004538,2023-10-26,312,4
PO0004568,2023-10-26,471,8
PO0004570,2023-10-26,1044,18
PO0004590,2023-10-26,288,6
PO0004606,2023-10-26,744,12
PO0004616,2023-10-26,192,1
PO0004618,2023-10-26,384,6
PO0004622,2023-10-26,960,5
PO0004630,2023-10-26,804,4
PO0004632,2023-10-26,573,1
PO0004640,2023-10-26,144,0
PO0004641,2023-10-26,684,5
PO0004650,2023-10-26,1482,33
PO0004651,2023-10-26,360,5
PO0004654,2023-10-26,1104,17
PO0004657,2023-10-26,336,1
PO0004662,2023-10-26,5136,38
PO0004663,2023-10-26,1572,9
PO0004664,2023-10-26,720,18
PO0004665,2023-10-26,6468,130
PO0004667,2023-10-26,848,6
PO0004672,2023-10-26,873,10
PO0004676,2023-10-26,1956,31
PO0004680,2023-10-26,4308,19
PO0004684,2023-10-26,978,15
PO0004688,2023-10-26,2208,7
PO0004689,2023-10-26,360,1
PO0004690,2023-10-26,504,9
PO0004693,2023-10-26,1296,30
PO0004694,2023-10-26,2544,49
PO0004700,2023-10-26,888,9
PO0004703,2023-10-26,4656,69
PO0004705,2023-10-26,1296,9
PO0004707,2023-10-26,240,3
PO0004710,2023-10-26,528,8
PO0004714,2023-10-26,528,4
PO0004718,2023-10-26,144,2
PO0004728,2023-10-26,1968,19
PO0004738,2023-10-26,2688,27
PO0004771,2023-10-26,384,2
PO0004422,2023-10-27,1392,23
PO0004520,2023-10-27,678,7
PO0004543,2023-10-27,96,2
PO0004568,2023-10-27,471,6
PO0004588,2023-10-27,720,7
PO0004593,2023-10-27,1107,22
PO0004594,2023-10-27,196,2
PO0004595,2023-10-27,1272,13
PO0004653,2023-10-27,840,32
PO0004660,2023-10-27,4944,105
PO0004663,2023-10-27,1572,11
PO0004666,2023-10-27,1728,74
PO0004668,2023-10-27,1128,17
PO0004669,2023-10-27,816,24
PO0004670,2023-10-27,1872,31
PO0004671,2023-10-27,816,2
PO0004674,2023-10-27,1320,19
PO0004677,2023-10-27,1566,9
PO0004686,2023-10-27,384,5
PO0004689,2023-10-27,360,1
PO0004691,2023-10-27,228,2
PO0004692,2023-10-27,1356,26
PO0004697,2023-10-27,1692,39
PO0004698,2023-10-27,378,26
PO0004701,2023-10-27,126,0
PO0004702,2023-10-27,660,4
PO0004706,2023-10-27,1668,38
PO0004713,2023-10-27,966,10
PO0004717,2023-10-27,2256,19
PO0004734,2023-10-27,198,3
PO0004735,2023-10-27,1128,10
PO0004744,2023-10-27,1920,5
PO0004750,2023-10-27,1980,9
PO0004754,2023-10-27,912,24
PO0004757,2023-10-27,4656,41
PO0004758,2023-10-27,818,8
PO0004760,2023-10-27,1944,39
PO0004763,2023-10-27,2520,18
PO0004764,2023-10-27,4512,18
PO0004766,2023-10-27,1032,18
PO0004503,2023-10-28,2568,26
PO0004575,2023-10-28,660,2
PO0004614,2023-10-28,183,1
PO0004621,2023-10-28,1992,7
PO0004672,2023-10-28,873,12
PO0004685,2023-10-28,1584,28
PO0004701,2023-10-28,126,0
PO0004704,2023-10-28,1680,18
PO0004708,2023-10-28,1152,22
PO0004709,2023-10-28,768,5
PO0004712,2023-10-28,2100,21
PO0004713,2023-10-28,966,11
PO0004719,2023-10-28,990,32
PO0004722,2023-10-28,273,1
PO0004723,2023-10-28,1434,37
PO0004724,2023-10-28,3648,46
PO0004726,2023-10-28,954,10
PO0004727,2023-10-28,840,8
PO0004729,2023-10-28,1188,13
PO0004731,2023-10-28,720,17
PO0004732,2023-10-28,2928,27
PO0004733,2023-10-28,3072,36
PO0004736,2023-10-28,2718,25
PO0004737,2023-10-28,2448,41
PO0004739,2023-10-28,480,10
PO0004742,2023-10-28,1632,11
PO0004749,2023-10-28,2124,22
PO0004751,2023-10-28,2784,33
PO0004753,2023-10-28,3216,26
PO0004755,2023-10-28,1320,11
PO0004759,2023-10-28,720,11
PO0004762,2023-10-28,2058,6
PO0004765,2023-10-28,204,8
PO0004767,2023-10-28,1200,31
PO0004770,2023-10-28,1920,17
PO0004567,2023-10-29,96,0
PO0004584,2023-10-29,1122,12
PO0004603,2023-10-29,570,8
PO0004612,2023-10-29,1056,6
PO0004624,2023-10-29,480,6
PO0004636,2023-10-29,912,5
PO0004666,2023-10-29,1728,71
PO0004697,2023-10-29,1692,40
PO0004743,2023-10-29,3048,22
PO0004745,2023-10-29,1152,14
PO0004746,2023-10-29,402,7
PO0004747,2023-10-29,1416,14
PO0004748,2023-10-29,1842,24
PO0004752,2023-10-29,1152,24
PO0004756,2023-10-29,1536,74
PO0004759,2023-10-29,720,3
PO0004761,2023-10-29,4704,57
PO0004768,2023-10-29,3024,23
PO0004769,2023-10-29,1278,1
PO0004773,2023-10-29,300,0
PO0004780,2023-10-29,578,8
PO0004786,2023-10-29,2964,24
PO0004787,2023-10-29,1344,5
PO0004789,2023-10-29,2508,35
PO0004790,2023-10-29,336,8
PO0004794,2023-10-29,912,30
PO0004796,2023-10-29,2001,28
PO0004797,2023-10-29,660,3
PO0004811,2023-10-29,5520,16
PO0004814,2023-10-29,4386,54
PO0004816,2023-10-29,528,0
PO0004817,2023-10-29,1128,21
PO0004830,2023-10-29,1569,20
PO0004364,2023-10-30,624,11
PO0004396,2023-10-30,528,3
PO0004493,2023-10-30,156,1
PO0004503,2023-10-30,2568,26
PO0004632,2023-10-30,573,3
PO0004670,2023-10-30,1872,22
PO0004673,2023-10-30,1944,12
PO0004679,2023-10-30,1968,41
PO0004688,2023-10-30,2208,3
PO0004696,2023-10-30,1152,13
PO0004718,2023-10-30,144,3
PO0004722,2023-10-30,273,1
PO0004741,2023-10-30,2658,13
PO0004760,2023-10-30,1944,37
PO0004777,2023-10-30,528,6
PO0004781,2023-10-30,912,12
PO0004785,2023-10-30,108,1
PO0004788,2023-10-30,1572,8
PO0004793,2023-10-30,1008,49
PO0004795,2023-10-30,618,2
PO0004798,2023-10-30,1728,27
PO0004801,2023-10-30,1632,5
PO0004802,2023-10-30,1416,12
PO0004806,2023-10-30,671,7
PO0004815,2023-10-30,594,6
PO0004818,2023-10-30,480,4
PO0004823,2023-10-30,564,4
PO0004827,2023-10-30,450,5
PO0004828,2023-10-30,2376,17
PO0004838,2023-10-30,672,5
PO0004840,2023-10-30,936,8
PO0004841,2023-10-30,432,7
PO0004846,2023-10-30,2496,12
PO0004854,2023-10-30,624,7
PO0004866,2023-10-30,161,5
PO0004883,2023-10-30,696,11
PO0004603,2023-10-31,570,14
PO0004658,2023-10-31,273,4
PO0004677,2023-10-31,1566,8
PO0004702,2023-10-31,660,2
PO0004716,2023-10-31,692,7
PO0004721,2023-10-31,450,8
PO0004729,2023-10-31,1188,14
PO0004740,2023-10-31,270,2
PO0004743,2023-10-31,3048,15
PO0004755,2023-10-31,1320,18
PO0004776,2023-10-31,594,10
PO0004779,2023-10-31,3264,43
PO0004783,2023-10-31,2160,46
PO0004792,2023-10-31,912,14
PO0004796,2023-10-31,2001,23
PO0004804,2023-10-31,600,9
PO0004810,2023-10-31,384,2
PO0004819,2023-10-31,714,4
PO0004822,2023-10-31,240,5
PO0004824,2023-10-31,888,11
PO0004825,2023-10-31,540,7
PO0004829,2023-10-31,1428,16
PO0004832,2023-10-31,588,28
PO0004834,2023-10-31,1992,23
PO0004835,2023-10-31,1344,20
PO0004836,2023-10-31,888,4
PO0004837,2023-10-31,336,6
PO0004843,2023-10-31,204,3
PO0004844,2023-10-31,120,1
PO0004860,2023-10-31,243,2
PO0004862,2023-10-31,1656,16
PO0004866,2023-10-31,161,1
PO0004869,2023-10-31,4080,45
PO0004870,2023-10-31,5340,123
PO0004877,2023-10-31,108,1
PO0004878,2023-10-31,510,3
PO0004880,2023-10-31,324,3
PO0004886,2023-10-31,3120,6
PO0004892,2023-10-31,532,10
PO0004893,2023-10-31,611,6
PO0004894,2023-10-31,708,30
PO0004895,2023-10-31,414,7
PO0004909,2023-10-31,408,4
PO0004599,2023-11-01,2028,28
PO0004712,2023-11-01,2100,24
PO0004727,2023-11-01,840,17
PO0004730,2023-11-01,768,4
PO0004775,2023-11-01,1008,1
PO0004778,2023-11-01,240,7
PO0004805,2023-11-01,1704,14
PO0004807,2023-11-01,3720,29
PO0004808,2023-11-01,360,6
PO0004813,2023-11-01,2832,18
PO0004819,2023-11-01,714,7
PO0004821,2023-11-01,87,0
PO0004833,2023-11-01,876,51
PO0004839,2023-11-01,2940,18
PO0004842,2023-11-01,156,0
PO0004845,2023-11-01,768,38
PO0004848,2023-11-01,498,3
PO0004849,2023-11-01,696,13
PO0004850,2023-11-01,1440,23
PO0004852,2023-11-01,102,0
PO0004856,2023-11-01,300,6
PO0004857,2023-11-01,540,5
PO0004859,2023-11-01,312,1
PO0004860,2023-11-01,243,0
PO0004861,2023-11-01,870,8
PO0004864,2023-11-01,2898,21
PO0004867,2023-11-01,2112,12
PO0004868,2023-11-01,2214,55
PO0004871,2023-11-01,816,23
PO0004874,2023-11-01,996,24
PO0004875,2023-11-01,2346,23
PO0004879,2023-11-01,198,1
PO0004885,2023-11-01,300,1
PO0004888,2023-11-01,2064,14
PO0004896,2023-11-01,1128,3
PO0004898,2023-11-01,696,8
PO0004905,2023-11-01,1088,13
PO0004906,2023-11-01,816,7
PO0004919,2023-11-01,252,2
PO0004920,2023-11-01,360,7
PO0004923,2023-11-01,2232,45
PO0004924,2023-11-01,753,13
PO0004925,2023-11-01,1680,24
PO0004926,2023-11-01,1008,23
PO0004929,2023-11-01,1416,7
PO0004935,2023-11-01,144,0
PO0004936,2023-11-01,96,4
PO0004493,2023-11-02,156,3
PO0004782,2023-11-02,1728,12
PO0004785,2023-11-02,108,1
PO0004797,2023-11-02,660,4
PO0004809,2023-11-02,502,4
PO0004827,2023-11-02,451,5
PO0004830,2023-11-02,1569,25
PO0004847,2023-11-02,2652,36
PO0004851,2023-11-02,4752,21
PO0004853,2023-11-02,305,0
PO0004863,2023-11-02,594,9
PO0004876,2023-11-02,192,1
PO0004881,2023-11-02,984,12
PO0004882,2023-11-02,408,10
PO0004884,2023-11-02,1656,14
PO0004890,2023-11-02,216,1
PO0004899,2023-11-02,1512,20
PO0004901,2023-11-02,5664,28
PO0004904,2023-11-02,456,17
PO0004908,2023-11-02,1620,14
PO0004910,2023-11-02,828,13
PO0004912,2023-11-02,228,3
PO0004916,2023-11-02,558,7
PO0004922,2023-11-02,80,0
PO0004927,2023-11-02,1080,10
PO0004932,2023-11-02,1440,23
PO0004933,2023-11-02,456,1
PO0004934,2023-11-02,485,5
PO0004941,2023-11-02,912,7
PO0004949,2023-11-02,192,2
PO0004951,2023-11-02,816,14
PO0004953,2023-11-02,2010,7
PO0004954,2023-11-02,1680,7
PO0004955,2023-11-02,948,11
PO0004957,2023-11-02,2669,32
PO0004958,2023-11-02,2100,23
PO0004959,2023-11-02,960,6
PO0004961,2023-11-02,1374,8
PO0004970,2023-11-02,588,8
PO0004987,2023-11-02,540,1
PO0004993,2023-11-02,528,3
PO0004673,2023-11-03,1944,7
PO0004715,2023-11-03,624,13
PO0004778,2023-11-03,240,2
PO0004803,2023-11-03,1812,51
PO0004812,2023-11-03,540,6
PO0004825,2023-11-03,540,8
PO0004849,2023-11-03,696,11
PO0004852,2023-11-03,102,0
PO0004877,2023-11-03,108,2
PO0004891,2023-11-03,1020,21
PO0004897,2023-11-03,504,7
PO0004904,2023-11-03,456,11
PO0004907,2023-11-03,3936,23
PO0004913,2023-11-03,1206,13
PO0004914,2023-11-03,1152,33
PO0004917,2023-11-03,612,4
PO0004918,2023-11-03,1788,29
PO0004921,2023-11-03,1128,10
PO0004928,2023-11-03,702,13
PO0004930,2023-11-03,120,0
PO0004944,2023-11-03,432,6
PO0004945,2023-11-03,756,2
PO0004946,2023-11-03,486,11
PO0004956,2023-11-03,1032,17
PO0004965,2023-11-03,2112,26
PO0004971,2023-11-03,1344,19
PO0004978,2023-11-03,312,5
PO0004983,2023-11-03,1152,9
PO0004989,2023-11-03,816,8
PO0004990,2023-11-03,816,17
PO0004991,2023-11-03,936,12
PO0004997,2023-11-03,1308,23
PO0005000,2023-11-03,960,3
PO0004599,2023-11-04,2028,18
PO0004611,2023-11-04,972,44
PO0004800,2023-11-04,588,7
PO0004848,2023-11-04,498,0
PO0004876,2023-11-04,192,1
PO0004879,2023-11-04,198,2
PO0004902,2023-11-04,1200,21
PO0004906,2023-11-04,816,3
PO0004909,2023-11-04,408,4
PO0004936,2023-11-04,96,4
PO0004937,2023-11-04,108,1
PO0004938,2023-11-04,4153,56
PO0004941,2023-11-04,912,5
PO0004943,2023-11-04,528,7
PO0004952,2023-11-04,942,5
PO0004962,2023-11-04,1968,63
PO0004963,2023-11-04,1104,13
PO0004964,2023-11-04,1560,22
PO0004966,2023-11-04,528,6
PO0004969,2023-11-04,432,5
PO0004972,2023-11-04,306,0
PO0004973,2023-11-04,1350,18
PO0004977,2023-11-04,426,1
PO0004979,2023-11-04,1248,32
PO0004981,2023-11-04,2748,51
PO0004982,2023-11-04,1344,79
PO0004983,2023-11-04,1152,6
PO0004984,2023-11-04,324,4
PO0004985,2023-11-04,528,6
PO0004994,2023-11-04,408,7
PO0005001,2023-11-04,456,6
PO0004857,2023-11-05,540,6
PO0004865,2023-11-05,336,5
PO0004940,2023-11-05,1392,39
PO0004967,2023-11-05,1824,4
PO0004968,2023-11-05,2784,60
PO0004974,2023-11-05,444,2
PO0004975,2023-11-05,1680,43
PO0004976,2023-11-05,3264,146
PO0004980,2023-11-05,372,5
PO0004986,2023-11-05,978,13
PO0004998,2023-11-05,432,11
PO0004999,2023-11-05,192,4
PO0005019,2023-11-05,1536,16
PO0005023,2023-11-05,936,29
PO0005026,2023-11-05,96,1
PO0005027,2023-11-05,504,4
PO0005032,2023-11-05,1140,9
PO0005052,2023-11-05,594,9
PO0005054,2023-11-05,576,3
PO0004784,2023-11-06,144,0
PO0004820,2023-11-06,1053,30
PO0004858,2023-11-06,3156,31
PO0004887,2023-11-06,324,2
PO0004911,2023-11-06,516,10
PO0004951,2023-11-06,816,9
PO0004974,2023-11-06,444,3
PO0005006,2023-11-06,667,11
PO0005007,2023-11-06,1086,22
PO0005008,2023-11-06,642,8
PO0005010,2023-11-06,804,5
PO0005012,2023-11-06,2112,17
PO0005018,2023-11-06,948,26
PO0005022,2023-11-06,1240,6
PO0005029,2023-11-06,930,3
PO0005031,2023-11-06,2568,59
PO0005039,2023-11-06,306,6
PO0005048,2023-11-06,384,2
PO0005056,2023-11-06,564,11
PO0005065,2023-11-06,240,0
PO0005076,2023-11-06,552,0
PO0005077,2023-11-06,492,6
PO0004791,2023-11-07,312,2
PO0004799,2023-11-07,1272,13
PO0004826,2023-11-07,1470,17
PO0004931,2023-11-07,1248,55
PO0004937,2023-11-07,108,1
PO0004939,2023-11-07,2490,14
PO0004942,2023-11-07,360,3
PO0004947,2023-11-07,555,5
PO0004960,2023-11-07,792,8
PO0004981,2023-11-07,2748,61
PO0005003,2023-11-07,1452,13
PO0005005,2023-11-07,2688,32
PO0005011,2023-11-07,840,16
PO0005014,2023-11-07,1020,25
PO0005016,2023-11-07,1032,3
PO0005020,2023-11-07,90,4
PO0005021,2023-11-07,102,1
PO0005024,2023-11-07,600,8
PO0005033,2023-11-07,768,11
PO0005036,2023-11-07,2016,35
PO0005040,2023-11-07,2064,20
PO0005043,2023-11-07,1368,14
PO0005044,2023-11-07,222,1
PO0005045,2023-11-07,2112,37
PO0005046,2023-11-07,816,18
PO0005053,2023-11-07,864,12
PO0005059,2023-11-07,216,2
PO0005060,2023-11-07,1122,16
PO0005062,2023-11-07,768,16
PO0005063,2023-11-07,3456,173
PO0005064,2023-11-07,522,2
PO0005067,2023-11-07,540,2
PO0005068,2023-11-07,756,6
PO0005070,2023-11-07,1261,15
PO0005071,2023-11-07,576,7
PO0005074,2023-11-07,153,1
PO0005075,2023-11-07,1488,7
PO0005079,2023-11-07,888,2
PO0005081,2023-11-07,768,16
PO0005084,2023-11-07,528,5
PO0005085,2023-11-07,2160,32
PO0005090,2023-11-07,912,11
PO0005091,2023-11-07,192,5
PO0005092,2023-11-07,2097,19
PO0005095,2023-11-07,834,17
PO0005099,2023-11-07,720,7
PO0005129,2023-11-07,1488,14
PO0005133,2023-11-07,312,1
PO0005137,2023-11-07,402,7
PO0004831,2023-11-08,984,12
PO0004855,2023-11-08,1008,21
PO0004865,2023-11-08,336,5
PO0004903,2023-11-08,1068,16
PO0004948,2023-11-08,576,12
PO0004973,2023-11-08,1350,20
PO0004982,2023-11-08,1344,55
PO0004988,2023-11-08,2472,45
PO0004992,2023-11-08,2112,9
PO0005015,2023-11-08,1368,22
PO0005017,2023-11-08,1632,14
PO0005020,2023-11-08,90,1
PO0005028,2023-11-08,888,1
PO0005030,2023-11-08,774,2
PO0005034,2023-11-08,192,4
PO0005035,2023-11-08,852,8
PO0005037,2023-11-08,1332,12
PO0005038,2023-11-08,3048,40
PO0005041,2023-11-08,1536,4
PO0005042,2023-11-08,714,41
PO0005047,2023-11-08,606,26
PO0005049,2023-11-08,1104,2
PO0005055,2023-11-08,264,0
PO0005061,2023-11-08,456,6
PO0005073,2023-11-08,396,7
PO0005078,2023-11-08,264,1
PO0005080,2023-11-08,768,13
PO0005082,2023-11-08,492,13
PO0005083,2023-11-08,278,3
PO0005086,2023-11-08,1722,23
PO0005088,2023-11-08,912,11
PO0005094,2023-11-08,1482,18
PO0005101,2023-11-08,504,3
PO0005103,2023-11-08,564,12
PO0005105,2023-11-08,864,5
PO0005112,2023-11-08,312,2
PO0005115,2023-11-08,633,4
PO0005120,2023-11-08,840,9
PO0005121,2023-11-08,768,4
PO0005130,2023-11-08,1062,1
PO0005132,2023-11-08,360,5
PO0005134,2023-11-08,336,5
PO0005138,2023-11-08,768,6
PO0005142,2023-11-08,1296,19
PO0005151,2023-11-08,384,1
PO0004820,2023-11-09,1053,23
PO0004950,2023-11-09,3168,18
PO0004995,2023-11-09,342,5
PO0005026,2023-11-09,96,1
PO0005051,2023-11-09,605,14
PO0005072,2023-11-09,2256,30
PO0005074,2023-11-09,153,2
PO0005087,2023-11-09,654,4
PO0005096,2023-11-09,528,0
PO0005097,2023-11-09,192,0
PO0005098,2023-11-09,103,0
PO0005100,2023-11-09,750,3
PO0005102,2023-11-09,288,3
PO0005107,2023-11-09,3180,55
PO0005108,2023-11-09,1464,31
PO0005110,2023-11-09,559,4
PO0005117,2023-11-09,708,7
PO0005118,2023-11-09,156,2
PO0005122,2023-11-09,672,9
PO0005124,2023-11-09,3576,34
PO0005136,2023-11-09,384,4
PO0005140,2023-11-09,1248,14
PO0005145,2023-11-09,648,6
PO0005147,2023-11-09,1680,14
PO0005150,2023-11-09,600,4
PO0005154,2023-11-09,1080,56
PO0005155,2023-11-09,1680,10
PO0005156,2023-11-09,1440,19
PO0005166,2023-11-09,252,3
PO0005173,2023-11-09,768,10
PO0005180,2023-11-09,240,1
PO0004774,2023-11-10,192,7
PO0004900,2023-11-10,1368,16
PO0004915,2023-11-10,708,13
PO0004996,2023-11-10,192,1
PO0005013,2023-11-10,1632,17
PO0005025,2023-11-10,756,10
PO0005082,2023-11-10,492,13
PO0005083,2023-11-10,278,2
PO0005106,2023-11-10,1188,20
PO0005111,2023-11-10,1053,2
PO0005114,2023-11-10,360,6
PO0005115,2023-11-10,633,5
PO0005119,2023-11-10,120,2
PO0005123,2023-11-10,1776,14
PO0005125,2023-11-10,2328,20
PO0005126,2023-11-10,1104,13
PO0005128,2023-11-10,1824,27
PO0005131,2023-11-10,1680,9
PO0005135,2023-11-10,570,5
PO0005143,2023-11-10,336,1
PO0005148,2023-11-10,360,3
PO0005149,2023-11-10,1531,10
PO0005160,2023-11-10,3656,39
PO0005161,2023-11-10,1296,13
PO0005164,2023-11-10,1260,21
PO0005167,2023-11-10,576,18
PO0005168,2023-11-10,759,9
PO0005170,2023-11-10,1488,5
PO0005183,2023-11-10,144,3
PO0005005,2023-11-11,2688,28
PO0005021,2023-11-11,102,1
PO0005043,2023-11-11,1368,27
PO0005047,2023-11-11,606,32
PO0005058,2023-11-11,468,1
PO0005061,2023-11-11,456,2
PO0005067,2023-11-11,540,2
PO0005093,2023-11-11,780,11
PO0005146,2023-11-11,252,1
PO0005152,2023-11-11,1200,18
PO0005157,2023-11-11,324,1
PO0005158,2023-11-11,2976,21
PO0005159,2023-11-11,468,4
PO0005165,2023-11-11,234,0
PO0005169,2023-11-11,3648,53
PO0005177,2023-11-11,3312,160
PO0005178,2023-11-11,552,6
PO0005182,2023-11-11,624,15
PO0005184,2023-11-11,384,7
PO0004720,2023-11-12,4032,42
PO0004831,2023-11-12,984,15
PO0004872,2023-11-12,576,7
PO0005004,2023-11-12,1320,24
PO0005009,2023-11-12,1194,10
PO0005042,2023-11-12,714,24
PO0005050,2023-11-12,702,4
PO0005057,2023-11-12,936,15
PO0005089,2023-11-12,336,1
PO0005096,2023-11-12,528,2
PO0005097,2023-11-12,192,0
PO0005117,2023-11-12,708,7
PO0005118,2023-11-12,156,2
PO0005138,2023-11-12,768,8
PO0005153,2023-11-12,1254,12
PO0005163,2023-11-12,480,5
PO0005171,2023-11-12,674,10
PO0005172,2023-11-12,552,2
PO0005174,2023-11-12,4908,33
PO0005179,2023-11-12,321,2
PO0005181,2023-11-12,144,0
PO0005185,2023-11-12,504,3
PO0005189,2023-11-12,186,4
PO0005193,2023-11-12,432,9
PO0005195,2023-11-12,648,2
PO0005204,2023-11-12,420,7
PO0005214,2023-11-12,918,16
PO0005219,2023-11-12,888,14
PO0005220,2023-11-12,816,1
PO0004889,2023-11-13,1512,16
PO0005104,2023-11-13,2196,32
PO0005109,2023-11-13,334,5
PO0005113,2023-11-13,192,1
PO0005127,2023-11-13,720,11
PO0005141,2023-11-13,336,15
PO0005145,2023-11-13,648,12
PO0005154,2023-11-13,1080,49
PO0005166,2023-11-13,252,1
PO0005172,2023-11-13,552,1
PO0005179,2023-11-13,321,1
PO0005186,2023-11-13,254,5
PO0005198,2023-11-13,936,13
PO0005201,2023-11-13,936,8
PO0005202,2023-11-13,462,5
PO0005208,2023-11-13,768,11
PO0005213,2023-11-13,1128,12
PO0005215,2023-11-13,984,15
PO0005221,2023-11-13,1056,8
PO0005224,2023-11-13,972,52
PO0005226,2023-11-13,456,6
PO0005227,2023-11-13,1248,66
PO0005229,2023-11-13,408,4
PO0005232,2023-11-13,1440,11
PO0005234,2023-11-13,2112,109
PO0005243,2023-11-13,240,3
PO0005247,2023-11-13,1680,2
PO0005269,2023-11-13,300,1
PO0005119,2023-11-14,120,2
PO0005125,2023-11-14,2328,18
PO0005139,2023-11-14,624,3
PO0005146,2023-11-14,252,0
PO0005149,2023-11-14,1532,14
PO0005157,2023-11-14,324,0
PO0005162,2023-11-14,348,12
PO0005187,2023-11-14,624,6
PO0005188,2023-11-14,1344,20
PO0005190,2023-11-14,2256,8
PO0005192,2023-11-14,480,1
PO0005196,2023-11-14,864,11
PO0005197,2023-11-14,912,20
PO0005200,2023-11-14,264,3
PO0005202,2023-11-14,462,14
PO0005203,2023-11-14,384,3
PO0005205,2023-11-14,648,10
PO0005206,2023-11-14,2976,56
PO0005212,2023-11-14,1548,28
PO0005216,2023-11-14,1920,7
PO0005222,2023-11-14,1902,22
PO0005233,2023-11-14,1104,47
PO0005237,2023-11-14,1488,34
PO0005238,2023-11-14,2736,33
PO0005239,2023-11-14,1146,20
PO0005240,2023-11-14,1332,8
PO0005242,2023-11-14,5004,59
PO0005246,2023-11-14,720,7
PO0005249,2023-11-14,96,1
PO0005250,2023-11-14,3744,44
PO0005251,2023-11-14,360,1
PO0005258,2023-11-14,576,8
PO0005259,2023-11-14,3750,44
PO0005260,2023-11-14,144,2
PO0005261,2023-11-14,804,14
PO0005267,2023-11-14,156,0
PO0004772,2023-11-15,222,3
PO0004873,2023-11-15,3828,31
PO0005002,2023-11-15,264,4
PO0005116,2023-11-15,942,8
PO0005178,2023-11-15,552,4
PO0005198,2023-11-15,936,16
PO0005207,2023-11-15,606,5
PO0005210,2023-11-15,420,4
PO0005211,2023-11-15,942,14
PO0005218,2023-11-15,240,1
PO0005220,2023-11-15,816,1
PO0005223,2023-11-15,1212,33
PO0005225,2023-11-15,3216,147
PO0005228,2023-11-15,222,3
PO0005230,2023-11-15,528,12
PO0005235,2023-11-15,2880,37
PO0005236,2023-11-15,576,11
PO0005245,2023-11-15,402,2
PO0005248,2023-11-15,1272,14
PO0005255,2023-11-15,216,5
PO0005262,2023-11-15,408,4
PO0005270,2023-11-15,1164,13
PO0005272,2023-11-15,474,3
PO0005282,2023-11-15,1728,5
PO0005285,2023-11-15,2136,7
PO0005288,2023-11-15,2832,22
PO0005295,2023-11-15,324,0
PO0005296,2023-11-15,1056,14
PO0005297,2023-11-15,240,2
PO0005303,2023-11-15,228,3
PO0005305,2023-11-15,240,11
PO0005318,2023-11-15,384,0
PO0005337,2023-11-15,870,3
PO0004889,2023-11-16,1512,17
PO0005002,2023-11-16,264,7
PO0005109,2023-11-16,334,5
PO0005141,2023-11-16,336,12
PO0005144,2023-11-16,1800,35
PO0005175,2023-11-16,864,16
PO0005217,2023-11-16,2736,31
PO0005218,2023-11-16,240,1
PO0005241,2023-11-16,888,6
PO0005243,2023-11-16,240,2
PO0005244,2023-11-16,2112,111
PO0005253,2023-11-16,1670,36
PO0005256,2023-11-16,660,8
PO0005257,2023-11-16,192,1
PO0005263,2023-11-16,1680,24
PO0005264,2023-11-16,1236,49
PO0005266,2023-11-16,192,2
PO0005268,2023-11-16,426,0
PO0005273,2023-11-16,216,4
PO0005274,2023-11-16,138,0
PO0005275,2023-11-16,720,1
PO0005277,2023-11-16,2292,20
PO0005279,2023-11-16,886,8
PO0005280,2023-11-16,411,1
PO0005281,2023-11-16,594,3
PO0005287,2023-11-16,5904,58
PO0005292,2023-11-16,2004,14
PO0005293,2023-11-16,696,11
PO0005294,2023-11-16,768,7
PO0005302,2023-11-16,360,1
PO0005308,2023-11-16,768,4
PO0005309,2023-11-16,816,7
PO0005310,2023-11-16,432,3
PO0005311,2023-11-16,768,16
PO0005313,2023-11-16,1824,9
PO0005315,2023-11-16,2448,28
PO0005320,2023-11-16,648,6
PO0005322,2023-11-16,552,0
PO0005323,2023-11-16,834,4
PO0005338,2023-11-16,1260,9
PO0005343,2023-11-16,360,7
PO0005346,2023-11-16,447,0
PO0005348,2023-11-16,192,4
PO0005357,2023-11-16,415,4
PO0005358,2023-11-16,1896,24
PO0005370,2023-11-16,1596,12
PO0005394,2023-11-16,342,4
PO0005113,2023-11-17,192,0
PO0005162,2023-11-17,348,8
PO0005210,2023-11-17,420,2
PO0005228,2023-11-17,222,3
PO0005276,2023-11-17,528,15
PO0005278,2023-11-17,576,8
PO0005283,2023-11-17,1392,6
PO0005284,2023-11-17,930,22
PO0005286,2023-11-17,528,12
PO0005289,2023-11-17,3810,35
PO0005290,2023-11-17,2256,39
PO0005291,2023-11-17,192,2
PO0005298,2023-11-17,432,15
PO0005299,2023-11-17,1332,6
PO0005300,2023-11-17,732,14
PO0005301,2023-11-17,1200,15
PO0005307,2023-11-17,432,8
PO0005312,2023-11-17,360,3
PO0005316,2023-11-17,96,1
PO0005319,2023-11-17,420,4
PO0005324,2023-11-17,816,8
PO0005325,2023-11-17,528,11
PO0005327,2023-11-17,708,35
PO0005328,2023-11-17,360,19
PO0005329,2023-11-17,6288,63
PO0005330,2023-11-17,576,2
PO0005332,2023-11-17,312,4
PO0005333,2023-11-17,5472,50
PO0005334,2023-11-17,1389,32
PO0005335,2023-11-17,672,10
PO0005336,2023-11-17,3000,34
PO0005342,2023-11-17,1476,21
PO0005344,2023-11-17,4968,26
PO0005346,2023-11-17,447,1
PO0005347,2023-11-17,3201,36
PO0005351,2023-11-17,2172,28
PO0005355,2023-11-17,116,1
PO0005362,2023-11-17,403,7
PO0005363,2023-11-17,660,11
PO0005364,2023-11-17,852,13
PO0005369,2023-11-17,3072,36
PO0005373,2023-11-17,1152,24
PO0005376,2023-11-17,1968,4
PO0005382,2023-11-17,624,2
PO0005386,2023-11-17,522,25
PO0005391,2023-11-17,1758,35
PO0005392,2023-11-17,450,5
PO0005393,2023-11-17,558,7
PO0005194,2023-11-18,168,0
PO0005244,2023-11-18,2112,110
PO0005245,2023-11-18,402,3
PO0005254,2023-11-18,438,5
PO0005255,2023-11-18,216,2
PO0005256,2023-11-18,660,6
PO0005280,2023-11-18,411,2
PO0005316,2023-11-18,96,4
PO0005318,2023-11-18,384,1
PO0005331,2023-11-18,2424,11
PO0005340,2023-11-18,654,6
PO0005341,2023-11-18,2586,31
PO0005345,2023-11-18,192,1
PO0005349,2023-11-18,4224,95
PO0005352,2023-11-18,180,2
PO0005354,2023-11-18,576,6
PO0005356,2023-11-18,492,6
PO0005361,2023-11-18,240,1
PO0005371,2023-11-18,4596,42
PO0005379,2023-11-18,768,11
PO0005380,2023-11-18,762,13
PO0005385,2023-11-18,1728,82
PO0005387,2023-11-18,864,7
PO0005388,2023-11-18,408,3
PO0005389,2023-11-18,1776,84
PO0005390,2023-11-18,270,2
PO0005395,2023-11-18,1746,31
PO0005398,2023-11-18,888,41
PO0005399,2023-11-18,4848,56
PO0005066,2023-11-19,1344,4
PO0005199,2023-11-19,300,1
PO0005207,2023-11-19,606,11
PO0005209,2023-11-19,672,15
PO0005231,2023-11-19,288,7
PO0005277,2023-11-19,2292,25
PO0005297,2023-11-19,240,1
PO0005302,2023-11-19,360,1
PO0005334,2023-11-19,1389,24
PO0005339,2023-11-19,1008,3
PO0005350,2023-11-19,5256,55
PO0005360,2023-11-19,216,1
PO0005365,2023-11-19,5808,118
PO0005367,2023-11-19,7272,96
PO0005374,2023-11-19,4314,84
PO0005378,2023-11-19,288,2
PO0005383,2023-11-19,2496,22
PO0005386,2023-11-19,522,29
PO0005396,2023-11-19,4212,87
PO0005397,2023-11-19,215,4
PO0005400,2023-11-19,5178,45
PO0005401,2023-11-19,864,10
PO0005404,2023-11-19,156,0
PO0005405,2023-11-19,2301,31
PO0005407,2023-11-19,3066,12
PO0005415,2023-11-19,240,0
PO0005416,2023-11-19,1104,25
PO0005417,2023-11-19,528,2
PO0005418,2023-11-19,1392,37
PO0005420,2023-11-19,96,2
PO0005424,2023-11-19,660,13
PO0005440,2023-11-19,996,13
PO0005451,2023-11-19,579,5
PO0005265,2023-11-20,216,1
PO0005271,2023-11-20,960,15
PO0005286,2023-11-20,528,11
PO0005353,2023-11-20,522,1
PO0005360,2023-11-20,216,2
PO0005368,2023-11-20,456,5
PO0005402,2023-11-20,486,8
PO0005406,2023-11-20,168,3
PO0005408,2023-11-20,192,8
PO0005415,2023-11-20,240,0
PO0005421,2023-11-20,3768,41
PO0005423,2023-11-20,3360,31
PO0005431,2023-11-20,192,4
PO0005434,2023-11-20,360,8
PO0005437,2023-11-20,4848,89
PO0005438,2023-11-20,3234,37
PO0005447,2023-11-20,1295,8
PO0005449,2023-11-20,672,3
PO0005452,2023-11-20,372,4
PO0005463,2023-11-20,816,7
PO0005176,2023-11-21,372,2
PO0005191,2023-11-21,612,1
PO0005194,2023-11-21,168,0
PO0005265,2023-11-21,216,1
PO0005317,2023-11-21,1440,24
PO0005326,2023-11-21,147,1
PO0005351,2023-11-21,2172,25
PO0005355,2023-11-21,117,0
PO0005366,2023-11-21,720,10
PO0005380,2023-11-21,762,9
PO0005403,2023-11-21,2364,32
PO0005406,2023-11-21,168,1
PO0005407,2023-11-21,3066,14
PO0005409,2023-11-21,2400,68
PO0005410,2023-11-21,840,4
PO0005411,2023-11-21,5760,56
PO0005412,2023-11-21,696,2
PO0005419,2023-11-21,1032,12
PO0005422,2023-11-21,2598,27
PO0005432,2023-11-21,2628,16
PO0005440,2023-11-21,996,22
PO0005441,2023-11-21,4224,83
PO0005450,2023-11-21,4908,30
PO0005453,2023-11-21,1362,18
PO0005457,2023-11-21,642,2
PO0005461,2023-11-21,132,0
PO0005464,2023-11-21,149,2
PO0005466,2023-11-21,708,6
PO0005468,2023-11-21,2088,16
PO0005475,2023-11-21,336,7
PO0005477,2023-11-21,1704,22
PO0005483,2023-11-21,1482,11
PO0005484,2023-11-21,828,19
PO0005488,2023-11-21,1584,13
PO0005493,2023-11-21,2118,13
PO0005494,2023-11-21,2100,30
PO0005496,2023-11-21,3744,22
PO0005498,2023-11-21,1248,17
PO0005502,2023-11-21,432,8
PO0005519,2023-11-21,624,2
PO0004646,2023-11-22,960,7
PO0005252,2023-11-22,576,1
PO0005374,2023-11-22,4314,96
PO0005387,2023-11-22,864,8
PO0005404,2023-11-22,156,1
PO0005412,2023-11-22,696,4
PO0005420,2023-11-22,96,2
PO0005425,2023-11-22,3162,16
PO0005428,2023-11-22,456,7
PO0005429,2023-11-22,2556,30
PO0005430,2023-11-22,1392,27
PO0005435,2023-11-22,534,5
PO0005436,2023-11-22,648,7
PO0005439,2023-11-22,2304,27
PO0005442,2023-11-22,5208,45
PO0005443,2023-11-22,1404,21
PO0005444,2023-11-22,2214,31
PO0005445,2023-11-22,336,5
PO0005448,2023-11-22,456,4
PO0005455,2023-11-22,1356,14
PO0005458,2023-11-22,3648,27
PO0005460,2023-11-22,1320,14
PO0005462,2023-11-22,2412,20
PO0005470,2023-11-22,5718,50
PO0005471,2023-11-22,5136,79
PO0005473,2023-11-22,720,1
PO0005474,2023-11-22,2016,99
PO0005476,2023-11-22,708,1
PO0005481,2023-11-22,288,1
PO0005482,2023-11-22,1200,7
PO0005486,2023-11-22,1536,28
PO0005490,2023-11-22,1056,12
PO0005491,2023-11-22,390,2
PO0005501,2023-11-22,2544,18
PO0005504,2023-11-22,1068,18
PO0005509,2023-11-22,936,5
PO0005510,2023-11-22,840,1
PO0005515,2023-11-22,468,3
PO0005516,2023-11-22,996,8
PO0005522,2023-11-22,4758,39
PO0005524,2023-11-22,330,4
PO0005536,2023-11-22,6156,128
PO0005544,2023-11-22,636,9
PO0005553,2023-11-22,5232,16
PO0005556,2023-11-22,288,6
PO0005573,2023-11-22,912,10
PO0005314,2023-11-23,1296,18
PO0005366,2023-11-23,720,12
PO0005372,2023-11-23,3336,53
PO0005377,2023-11-23,1684,23
PO0005384,2023-11-23,1926,5
PO0005413,2023-11-23,4074,53
PO0005414,2023-11-23,1812,23
PO0005424,2023-11-23,660,6
PO0005451,2023-11-23,579,1
PO0005459,2023-11-23,1572,31
PO0005465,2023-11-23,3312,15
PO0005467,2023-11-23,7152,62
PO0005472,2023-11-23,3120,27
PO0005478,2023-11-23,1746,13
PO0005479,2023-11-23,828,1
PO0005485,2023-11-23,708,1
PO0005487,2023-11-23,528,2
PO0005489,2023-11-23,2124,44
PO0005492,2023-11-23,2376,28
PO0005497,2023-11-23,522,8
PO0005500,2023-11-23,60,0
PO0005504,2023-11-23,1068,17
PO0005505,2023-11-23,1380,19
PO0005507,2023-11-23,240,7
PO0005511,2023-11-23,192,2
PO0005517,2023-11-23,1416,9
PO0005523,2023-11-23,384,19
PO0005525,2023-11-23,410,2
PO0005526,2023-11-23,1320,19
PO0005527,2023-11-23,2064,20
PO0005530,2023-11-23,1608,27
PO0005535,2023-11-23,163,0
PO0005537,2023-11-23,4368,29
PO0005538,2023-11-23,3288,25
PO0005539,2023-11-23,1776,17
PO0005540,2023-11-23,1584,29
PO0005542,2023-11-23,408,5
PO0005545,2023-11-23,1758,18
PO0005551,2023-11-23,528,21
PO0005552,2023-11-23,492,2
PO0005559,2023-11-23,1056,10
PO0005560,2023-11-23,2016,26
PO0005562,2023-11-23,1848,29
PO0005564,2023-11-23,852,5
PO0005566,2023-11-23,4314,39
PO0005570,2023-11-23,324,6
PO0005575,2023-11-23,1644,5
PO0005579,2023-11-23,2244,19
PO0005583,2023-11-23,3012,35
PO0005584,2023-11-23,2880,61
PO0005585,2023-11-23,300,6
PO0005587,2023-11-23,1440,9
PO0005375,2023-11-24,2736,11
PO0005447,2023-11-24,1296,17
PO0005452,2023-11-24,372,3
PO0005454,2023-11-24,1920,18
PO0005484,2023-11-24,828,18
PO0005502,2023-11-24,432,8
PO0005512,2023-11-24,3090,19
PO0005513,2023-11-24,1752,24
PO0005521,2023-11-24,492,5
PO0005531,2023-11-24,1344,16
PO0005532,2023-11-24,240,4
PO0005533,2023-11-24,576,3
PO0005534,2023-11-24,4800,59
PO0005541,2023-11-24,240,1
PO0005543,2023-11-24,624,3
PO0005546,2023-11-24,336,3
PO0005549,2023-11-24,1104,11
PO0005557,2023-11-24,318,13
PO0005558,2023-11-24,3552,170
PO0005561,2023-11-24,3024,10
PO0005563,2023-11-24,204,0
PO0005565,2023-11-24,3384,29
PO0005569,2023-11-24,3740,7
PO0005571,2023-11-24,2400,19
PO0005572,2023-11-24,1626,8
PO0005574,2023-11-24,132,3
PO0005577,2023-11-24,217,0
PO0005580,2023-11-24,360,2
PO0005582,2023-11-24,384,4
PO0005588,2023-11-24,847,13
PO0005590,2023-11-24,1170,11
PO0005591,2023-11-24,288,2
PO0005598,2023-11-24,445,7
PO0005599,2023-11-24,2496,17
PO0005614,2023-11-24,432,10
PO0005615,2023-11-24,186,1
PO0005616,2023-11-24,1656,16
PO0005306,2023-11-25,138,0
PO0005321,2023-11-25,240,1
PO0005478,2023-11-25,1746,11
PO0005495,2023-11-25,3984,73
PO0005499,2023-11-25,1872,28
PO0005503,2023-11-25,1683,47
PO0005506,2023-11-25,1062,21
PO0005518,2023-11-25,1440,22
PO0005548,2023-11-25,1584,14
PO0005550,2023-11-25,2832,21
PO0005554,2023-11-25,2424,19
PO0005568,2023-11-25,1368,45
PO0005576,2023-11-25,312,5
PO0005578,2023-11-25,456,3
PO0005581,2023-11-25,3492,21
PO0005589,2023-11-25,2832,50
PO0005595,2023-11-25,2232,14
PO0005599,2023-11-25,2496,12
PO0005601,2023-11-25,1938,25
PO0005603,2023-11-25,2034,3
PO0005610,2023-11-25,408,2
PO0005611,2023-11-25,732,14
PO0005612,2023-11-25,234,10
PO0005613,2023-11-25,1032,5
PO0005617,2023-11-25,1092,8
PO0005619,2023-11-25,2592,11
PO0005620,2023-11-25,984,22
PO0005628,2023-11-25,756,4
PO0005359,2023-11-26,840,4
PO0005427,2023-11-26,1008,13
PO0005454,2023-11-26,1920,11
PO0005479,2023-11-26,828,0
PO0005532,2023-11-26,240,5
PO0005555,2023-11-26,2670,57
PO0005591,2023-11-26,288,6
PO0005592,2023-11-26,1872,19
PO0005593,2023-11-26,1440,17
PO0005597,2023-11-26,720,2
PO0005600,2023-11-26,1248,19
PO0005602,2023-11-26,1434,20
PO0005604,2023-11-26,1452,37
PO0005606,2023-11-26,1410,19
PO0005607,2023-11-26,2544,20
PO0005608,2023-11-26,624,20
PO0005611,2023-11-26,732,15
PO0005618,2023-11-26,216,2
PO0005625,2023-11-26,6384,29
PO0005626,2023-11-26,4878,41
PO0005641,2023-11-26,573,8
PO0005654,2023-11-26,3750,43
PO0005658,2023-11-26,816,8
PO0005304,2023-11-27,1020,12
PO0005381,2023-11-27,912,16
PO0005456,2023-11-27,546,3
PO0005480,2023-11-27,1104,8
PO0005507,2023-11-27,240,5
PO0005514,2023-11-27,780,20
PO0005520,2023-11-27,1008,18
PO0005563,2023-11-27,204,2
PO0005564,2023-11-27,852,5
PO0005585,2023-11-27,300,7
PO0005586,2023-11-27,288,2
PO0005605,2023-11-27,2844,32
PO0005609,2023-11-27,2502,56
PO0005623,2023-11-27,1776,15
PO0005627,2023-11-27,4368,202
PO0005629,2023-11-27,48,0
PO0005631,2023-11-27,1776,59
PO0005632,2023-11-27,557,6
PO0005635,2023-11-27,1608,19
PO0005638,2023-11-27,360,8
PO0005644,2023-11-27,552,14
PO0005645,2023-11-27,3396,74
PO0005647,2023-11-27,1440,19
PO0005648,2023-11-27,1560,19
PO0005650,2023-11-27,120,2
PO0005651,2023-11-27,750,15
PO0005663,2023-11-27,288,6
PO0005664,2023-11-27,426,3
PO0005668,2023-11-27,4416,201
PO0005669,2023-11-27,480,6
PO0005671,2023-11-27,432,11
PO0005673,2023-11-27,672,19
PO0005675,2023-11-27,1482,8
PO0005426,2023-11-28,527,3
PO0005528,2023-11-28,816,11
PO0005533,2023-11-28,576,3
PO0005547,2023-11-28,2226,9
PO0005557,2023-11-28,318,17
PO0005567,2023-11-28,252,4
PO0005588,2023-11-28,847,11
PO0005594,2023-11-28,6828,34
PO0005615,2023-11-28,186,3
PO0005621,2023-11-28,672,13
PO0005622,2023-11-28,1944,4
PO0005624,2023-11-28,2016,59
PO0005634,2023-11-28,440,5
PO0005636,2023-11-28,1044,8
PO0005637,2023-11-28,1323,16
PO0005640,2023-11-28,654,5
PO0005642,2023-11-28,1560,13
PO0005646,2023-11-28,1536,12
PO0005649,2023-11-28,2904,22
PO0005652,2023-11-28,1032,14
PO0005666,2023-11-28,240,4
PO0005679,2023-11-28,1008,13
PO0005681,2023-11-28,888,8
PO0005683,2023-11-28,2160,21
PO0005688,2023-11-28,2304,28
PO0005689,2023-11-28,952,12
PO0005690,2023-11-28,2364,11
PO0005692,2023-11-28,240,4
PO0005693,2023-11-28,768,14
PO0005069,2023-11-29,240,4
PO0005359,2023-11-29,840,7
PO0005469,2023-11-29,3984,45
PO0005508,2023-11-29,288,5
PO0005634,2023-11-29,440,5
PO0005643,2023-11-29,966,23
PO0005653,2023-11-29,1968,36
PO0005655,2023-11-29,1440,21
PO0005656,2023-11-29,2424,8
PO0005657,2023-11-29,816,8
PO0005661,2023-11-29,159,4
PO0005662,2023-11-29,1794,20
PO0005664,2023-11-29,426,3
PO0005665,2023-11-29,1110,8
PO0005670,2023-11-29,468,3
PO0005672,2023-11-29,1776,13
PO0005676,2023-11-29,996,8
PO0005677,2023-11-29,672,0
PO0005681,2023-11-29,888,6
PO0005695,2023-11-29,240,3
PO0005700,2023-11-29,336,2
PO0005702,2023-11-29,264,0
PO0005703,2023-11-29,1296,21
PO0005706,2023-11-29,300,0
PO0005707,2023-11-29,2868,36
PO0005709,2023-11-29,816,2
PO0005716,2023-11-29,876,11
PO0005727,2023-11-29,300,1
PO0005586,2023-11-30,288,6
PO0005641,2023-11-30,573,9
PO0005650,2023-11-30,120,3
PO0005676,2023-11-30,996,0
PO0005678,2023-11-30,432,2
PO0005691,2023-11-30,144,0
PO0005694,2023-11-30,240,2
PO0005696,2023-11-30,2868,11
PO0005697,2023-11-30,6216,77
PO0005699,2023-11-30,120,1
PO0005701,2023-11-30,2424,44
PO0005704,2023-11-30,720,11
PO0005708,2023-11-30,1782,25
PO0005710,2023-11-30,1692,78
PO0005711,2023-11-30,468,5
PO0005712,2023-11-30,2568,21
PO0005723,2023-11-30,450,7
PO0005724,2023-11-30,1050,23
PO0005728,2023-11-30,3216,6
PO0005729,2023-11-30,2208,102
PO0005733,2023-11-30,432,7
PO0005739,2023-11-30,264,0
PO0005426,2023-12-01,528,3
PO0005446,2023-12-01,1268,30
PO0005567,2023-12-01,252,3
PO0005687,2023-12-01,192,6
PO0005695,2023-12-01,240,1
PO0005705,2023-12-01,504,10
PO0005714,2023-12-01,696,6
PO0005715,2023-12-01,3792,25
PO0005717,2023-12-01,1344,18
PO0005718,2023-12-01,960,10
PO0005719,2023-12-01,696,17
PO0005721,2023-12-01,438,8
PO0005726,2023-12-01,1560,14
PO0005730,2023-12-01,906,2
PO0005736,2023-12-01,882,4
PO0005739,2023-12-01,264,4
PO0005740,2023-12-01,1020,7
PO0005741,2023-12-01,360,5
PO0005742,2023-12-01,1176,7
PO0005744,2023-12-01,288,4
PO0005745,2023-12-01,240,5
PO0005746,2023-12-01,336,4
PO0005747,2023-12-01,228,4
PO0005751,2023-12-01,582,8
PO0005752,2023-12-01,948,11
PO0005529,2023-12-02,240,7
PO0005596,2023-12-02,1650,32
PO0005637,2023-12-02,1323,13
PO0005659,2023-12-02,480,7
PO0005677,2023-12-02,672,0
PO0005682,2023-12-02,480,3
PO0005702,2023-12-02,264,2
PO0005713,2023-12-02,2706,24
PO0005720,2023-12-02,606,9
PO0005722,2023-12-02,426,8
PO0005725,2023-12-02,912,12
PO0005733,2023-12-02,432,4
PO0005735,2023-12-02,552,6
PO0005737,2023-12-02,1296,21
PO0005738,2023-12-02,408,8
PO0005753,2023-12-02,984,31
PO0005754,2023-12-02,1536,18
PO0005758,2023-12-02,360,5
PO0005761,2023-12-02,1824,14
PO0005643,2023-12-03,966,23
PO0005686,2023-12-03,432,3
PO0005698,2023-12-03,144,1
PO0005721,2023-12-03,438,8
PO0005732,2023-12-03,2254,40
PO0005734,2023-12-03,1128,4
PO0005737,2023-12-03,1296,19
PO0005743,2023-12-03,372,4
PO0005748,2023-12-03,223,7
PO0005749,2023-12-03,1008,7
PO0005765,2023-12-03,96,0
PO0005789,2023-12-03,2700,44
PO0005433,2023-12-04,582,10
PO0005639,2023-12-04,65,0
PO0005755,2023-12-04,1164,17
PO0005756,2023-12-04,336,0
PO0005757,2023-12-04,840,13
PO0005760,2023-12-04,1404,5
PO0005766,2023-12-04,636,11
PO0005771,2023-12-04,240,13
PO0005773,2023-12-04,1920,28
PO0005774,2023-12-04,816,3
PO0005776,2023-12-04,718,5
PO0005778,2023-12-04,240,4
PO0005783,2023-12-04,528,12
PO0005784,2023-12-04,708,7
PO0005790,2023-12-04,2124,12
PO0005792,2023-12-04,2220,20
PO0005799,2023-12-04,468,8
PO0005819,2023-12-04,198,2
PO0005821,2023-12-04,948,16
PO0005824,2023-12-04,732,9
PO0005633,2023-12-05,6360,129
PO0005660,2023-12-05,333,3
PO0005742,2023-12-05,1176,16
PO0005759,2023-12-05,2400,127
PO0005762,2023-12-05,114,2
PO0005763,2023-12-05,301,0
PO0005768,2023-12-05,1440,3
PO0005770,2023-12-05,1008,24
PO0005772,2023-12-05,480,8
PO0005775,2023-12-05,594,13
PO0005785,2023-12-05,414,6
PO0005788,2023-12-05,1482,6
PO0005793,2023-12-05,600,6
PO0005794,2023-12-05,528,11
PO0005796,2023-12-05,1104,0
PO0005800,2023-12-05,264,0
PO0005801,2023-12-05,492,15
PO0005823,2023-12-05,864,23
PO0005529,2023-12-06,240,4
PO0005660,2023-12-06,333,1
PO0005674,2023-12-06,978,16
PO0005684,2023-12-06,1056,13
PO0005685,2023-12-06,1104,11
PO0005738,2023-12-06,408,2
PO0005756,2023-12-06,336,1
PO0005769,2023-12-06,1512,30
PO0005780,2023-12-06,960,24
PO0005781,2023-12-06,116,0
PO0005782,2023-12-06,408,5
PO0005787,2023-12-06,778,23
PO0005791,2023-12-06,2052,30
PO0005792,2023-12-06,2220,23
PO0005795,2023-12-06,360,10
PO0005797,2023-12-06,1452,10
PO0005798,2023-12-06,384,3
PO0005803,2023-12-06,330,0
PO0005805,2023-12-06,1212,20
PO0005806,2023-12-06,3516,25
PO0005809,2023-12-06,1056,8
PO0005810,2023-12-06,762,5
PO0005811,2023-12-06,96,0
PO0005815,2023-12-06,2112,25
PO0005816,2023-12-06,132,0
PO0005817,2023-12-06,768,12
PO0005818,2023-12-06,882,2
PO0005825,2023-12-06,1070,15
PO0005829,2023-12-06,1182,33
PO0005838,2023-12-06,480,1
PO0005841,2023-12-06,2088,38
PO0005842,2023-12-06,96,2
PO0005843,2023-12-06,276,3
PO0005844,2023-12-06,156,1
PO0005845,2023-12-06,216,3
PO0005433,2023-12-07,582,15
PO0005779,2023-12-07,828,12
PO0005804,2023-12-07,336,2
PO0005808,2023-12-07,282,1
PO0005812,2023-12-07,588,8
PO0005814,2023-12-07,960,24
PO0005819,2023-12-07,198,0
PO0005820,2023-12-07,600,4
PO0005822,2023-12-07,666,9
PO0005826,2023-12-07,816,11
PO0005828,2023-12-07,2544,37
PO0005830,2023-12-07,2910,32
PO0005833,2023-12-07,456,4
PO0005834,2023-12-07,456,4
PO0005836,2023-12-07,258,0
PO0005839,2023-12-07,624,7
PO0005845,2023-12-07,216,6
PO0005851,2023-12-07,732,1
PO0005855,2023-12-07,1290,8
PO0005858,2023-12-07,120,1
PO0005860,2023-12-07,1440,30
PO0005864,2023-12-07,1584,18
PO0005865,2023-12-07,264,11
PO0005878,2023-12-07,1431,25
PO0005630,2023-12-08,372,9
PO0005731,2023-12-08,2520,49
PO0005764,2023-12-08,624,8
PO0005794,2023-12-08,528,9
PO0005795,2023-12-08,360,5
PO0005822,2023-12-08,666,6
PO0005827,2023-12-08,2292,32
PO0005831,2023-12-08,1248,54
PO0005832,2023-12-08,372,5
PO0005835,2023-12-08,153,1
PO0005840,2023-12-08,1152,13
PO0005850,2023-12-08,1344,5
PO0005853,2023-12-08,624,13
PO0005854,2023-12-08,535,7
PO0005856,2023-12-08,4896,36
PO0005867,2023-12-08,672,32
PO0005868,2023-12-08,480,2
PO0005873,2023-12-08,2556,42
PO0005767,2023-12-09,792,12
PO0005777,2023-12-09,1704,21
PO0005786,2023-12-09,4896,52
PO0005836,2023-12-09,258,1
PO0005847,2023-12-09,3078,59
PO0005848,2023-12-09,120,1
PO0005852,2023-12-09,228,1
PO0005857,2023-12-09,2244,23
PO0005859,2023-12-09,816,2
PO0005860,2023-12-09,1440,30
PO0005862,2023-12-09,192,5
PO0005870,2023-12-09,984,18
PO0005872,2023-12-09,672,11
PO0005874,2023-12-09,216,5
PO0005876,2023-12-09,384,1
PO0005877,2023-12-09,1062,16
PO0005880,2023-12-09,456,5
PO0005750,2023-12-10,732,13
PO0005803,2023-12-10,331,3
PO0005837,2023-12-10,576,12
PO0005844,2023-12-10,156,2
PO0005861,2023-12-10,792,13
PO0005865,2023-12-10,264,15
PO0005871,2023-12-10,588,6
PO0005875,2023-12-10,1968,27
PO0005881,2023-12-10,528,2
PO0005883,2023-12-10,3600,44
PO0005887,2023-12-10,444,2
PO0005889,2023-12-10,1446,18
PO0005895,2023-12-10,1152,60
PO0005907,2023-12-10,612,4
PO0005802,2023-12-11,72,2
PO0005804,2023-12-11,336,11
PO0005808,2023-12-11,282,4
PO0005848,2023-12-11,120,2
PO0005858,2023-12-11,120,3
PO0005882,2023-12-11,354,3
PO0005884,2023-12-11,828,10
PO0005886,2023-12-11,240,5
PO0005893,2023-12-11,480,5
PO0005899,2023-12-11,816,26
PO0005904,2023-12-11,3642,37
PO0005849,2023-12-12,138,1
PO0005863,2023-12-12,1584,25
PO0005866,2023-12-12,672,2
PO0005871,2023-12-12,588,9
PO0005888,2023-12-12,1056,20
PO0005892,2023-12-12,2112,44
PO0005894,2023-12-12,264,3
PO0005896,2023-12-12,294,2
PO0005905,2023-12-12,2928,27
PO0005908,2023-12-12,204,1
PO0005910,2023-12-12,1872,24
PO0005915,2023-12-12,612,2
PO0005919,2023-12-12,2016,10
PO0005924,2023-12-12,480,3
PO0005927,2023-12-12,1680,8
PO0005928,2023-12-12,1548,5
PO0005934,2023-12-12,864,3
PO0005935,2023-12-12,204,3
PO0005667,2023-12-13,1056,26
PO0005846,2023-12-13,852,4
PO0005852,2023-12-13,228,0
PO0005874,2023-12-13,216,3
PO0005882,2023-12-13,354,1
PO0005897,2023-12-13,594,8
PO0005898,2023-12-13,96,1
PO0005900,2023-12-13,504,4
PO0005901,2023-12-13,2088,39
PO0005903,2023-12-13,696,12
PO0005906,2023-12-13,1344,8
PO0005916,2023-12-13,396,5
PO0005917,2023-12-13,480,6
PO0005918,2023-12-13,654,2
PO0005921,2023-12-13,1980,18
PO0005922,2023-12-13,690,6
PO0005925,2023-12-13,744,9
PO0005926,2023-12-13,960,35
PO0005929,2023-12-13,720,3
PO0005933,2023-12-13,888,10
PO0005936,2023-12-13,528,9
PO0005937,2023-12-13,1584,12
PO0005939,2023-12-13,786,5
PO0005944,2023-12-13,2172,11
PO0005946,2023-12-13,287,2
PO0005948,2023-12-13,822,0
PO0005950,2023-12-13,438,9
PO0005680,2023-12-14,1392,26
PO0005802,2023-12-14,72,2
PO0005849,2023-12-14,138,0
PO0005887,2023-12-14,444,4
PO0005931,2023-12-14,618,26
PO0005932,2023-12-14,72,0
PO0005941,2023-12-14,492,5
PO0005942,2023-12-14,228,3
PO0005949,2023-12-14,708,5
PO0005950,2023-12-14,438,6
PO0005952,2023-12-14,192,0
PO0005955,2023-12-14,192,5
PO0005960,2023-12-14,240,4
PO0005962,2023-12-14,2784,129
PO0005879,2023-12-15,552,7
PO0005885,2023-12-15,126,2
PO0005890,2023-12-15,1033,10
PO0005921,2023-12-15,1980,21
PO0005923,2023-12-15,144,0
PO0005940,2023-12-15,405,2
PO0005943,2023-12-15,96,1
PO0005945,2023-12-15,1560,18
PO0005958,2023-12-15,1164,0
PO0005959,2023-12-15,552,5
PO0005961,2023-12-15,864,10
PO0005963,2023-12-15,384,2
PO0005966,2023-12-15,192,0
PO0005967,2023-12-15,138,2
PO0005969,2023-12-15,1008,21
PO0005972,2023-12-15,684,5
PO0005863,2023-12-16,1584,18
PO0005896,2023-12-16,294,2
PO0005916,2023-12-16,396,5
PO0005920,2023-12-16,240,9
PO0005940,2023-12-16,405,0
PO0005941,2023-12-16,492,7
PO0005946,2023-12-16,287,2
PO0005955,2023-12-16,192,2
PO0005957,2023-12-16,168,1
PO0005965,2023-12-16,144,4
PO0005966,2023-12-16,192,0
PO0005973,2023-12-16,216,2
PO0005976,2023-12-16,238,7
PO0005977,2023-12-16,282,7
PO0005979,2023-12-16,240,1
PO0005986,2023-12-16,2496,23
PO0005898,2023-12-17,96,2
PO0005902,2023-12-17,4836,37
PO0005903,2023-12-17,696,9
PO0005930,2023-12-17,384,1
PO0005938,2023-12-17,504,4
PO0005953,2023-12-17,336,1
PO0005957,2023-12-17,168,2
PO0005971,2023-12-17,420,3
PO0005974,2023-12-17,240,1
PO0005975,2023-12-17,576,3
PO0005978,2023-12-17,168,1
PO0005980,2023-12-17,192,2
PO0005981,2023-12-17,1392,28
PO0005987,2023-12-17,3624,37
PO0005988,2023-12-17,2016,41
PO0006003,2023-12-17,597,7
PO0005807,2023-12-18,1605,19
PO0005885,2023-12-18,126,2
PO0005913,2023-12-18,1812,27
PO0005932,2023-12-18,72,0
PO0005982,2023-12-18,680,16
PO0005983,2023-12-18,4812,59
PO0005990,2023-12-18,1164,14
PO0005991,2023-12-18,420,12
PO0005995,2023-12-18,384,3
PO0005997,2023-12-18,480,3
PO0006000,2023-12-18,636,1
PO0006001,2023-12-18,266,7
PO0006010,2023-12-18,168,1
PO0006014,2023-12-18,1248,9
PO0006023,2023-12-18,78,2
PO0005869,2023-12-19,455,1
PO0005891,2023-12-19,1488,19
PO0005912,2023-12-19,1608,14
PO0005954,2023-12-19,384,8
PO0005968,2023-12-19,1152,28
PO0005989,2023-12-19,1248,15
PO0005992,2023-12-19,408,1
PO0005994,2023-12-19,2448,37
PO0005996,2023-12-19,210,3
PO0006007,2023-12-19,258,2
PO0006008,2023-12-19,852,10
PO0006013,2023-12-19,1212,19
PO0006015,2023-12-19,576,2
PO0006017,2023-12-19,720,14
PO0006020,2023-12-19,1104,50
PO0006021,2023-12-19,432,3
PO0006022,2023-12-19,216,1
PO0006023,2023-12-19,78,2
PO0006024,2023-12-19,768,12
PO0006027,2023-12-19,648,3
PO0006035,2023-12-19,1458,9
PO0006040,2023-12-19,240,5
PO0006044,2023-12-19,264,0
PO0006045,2023-12-19,480,5
PO0006049,2023-12-19,2232,33
PO0006050,2023-12-19,816,13
PO0006072,2023-12-19,276,3
PO0005965,2023-12-20,144,3
PO0005970,2023-12-20,666,1
PO0005984,2023-12-20,192,2
PO0006002,2023-12-20,2472,35
PO0006004,2023-12-20,510,7
PO0006005,2023-12-20,528,11
PO0006006,2023-12-20,1698,17
PO0006007,2023-12-20,258,4
PO0006009,2023-12-20,1332,28
PO0006012,2023-12-20,696,10
PO0006016,2023-12-20,3450,44
PO0006018,2023-12-20,2544,120
PO0006025,2023-12-20,72,0
PO0006026,2023-12-20,2022,11
PO0006030,2023-12-20,1584,16
PO0006031,2023-12-20,960,29
PO0006033,2023-12-20,3360,34
PO0006034,2023-12-20,1208,34
PO0006035,2023-12-20,1458,10
PO0006041,2023-12-20,540,5
PO0006043,2023-12-20,480,10
PO0006054,2023-12-20,972,52
PO0006056,2023-12-20,1728,18
PO0006057,2023-12-20,4704,49
PO0006061,2023-12-20,1836,20
PO0006065,2023-12-20,144,0
PO0006066,2023-12-20,3792,53
PO0006069,2023-12-20,720,10
PO0006071,2023-12-20,528,9
PO0006075,2023-12-20,708,5
PO0006076,2023-12-20,312,1
PO0005813,2023-12-21,192,1
PO0005911,2023-12-21,684,4
PO0005914,2023-12-21,312,7
PO0005947,2023-12-21,149,1
PO0005951,2023-12-21,474,0
PO0005980,2023-12-21,192,3
PO0005982,2023-12-21,681,13
PO0006001,2023-12-21,266,1
PO0006028,2023-12-21,72,0
PO0006032,2023-12-21,636,6
PO0006036,2023-12-21,600,11
PO0006038,2023-12-21,960,4
PO0006039,2023-12-21,624,16
PO0006047,2023-12-21,792,13
PO0006051,2023-12-21,399,3
PO0006052,2023-12-21,2256,41
PO0006059,2023-12-21,3108,23
PO0006063,2023-12-21,1248,3
PO0006065,2023-12-21,144,0
PO0006070,2023-12-21,1512,13
PO0006073,2023-12-21,180,1
PO0006080,2023-12-21,1656,30
PO0006085,2023-12-21,324,0
PO0006088,2023-12-21,1008,12
PO0006090,2023-12-21,960,25
PO0006095,2023-12-21,432,3
PO0006098,2023-12-21,648,7
PO0006100,2023-12-21,300,0
PO0006103,2023-12-21,2424,31
PO0006104,2023-12-21,1278,22
PO0006107,2023-12-21,396,2
PO0006109,2023-12-21,456,1
PO0005909,2023-12-22,4104,28
PO0005956,2023-12-22,1872,92
PO0005993,2023-12-22,1608,3
PO0005998,2023-12-22,552,5
PO0006006,2023-12-22,1698,10
PO0006026,2023-12-22,2022,14
PO0006048,2023-12-22,264,1
PO0006051,2023-12-22,399,1
PO0006053,2023-12-22,1872,12
PO0006055,2023-12-22,3408,164
PO0006058,2023-12-22,1128,19
PO0006060,2023-12-22,744,17
PO0006064,2023-12-22,582,2
PO0006067,2023-12-22,192,2
PO0006077,2023-12-22,600,15
PO0006078,2023-12-22,306,15
PO0006079,2023-12-22,432,5
PO0006082,2023-12-22,672,13
PO0006084,2023-12-22,894,5
PO0006086,2023-12-22,768,10
PO0006087,2023-12-22,3630,50
PO0006091,2023-12-22,648,11
PO0006092,2023-12-22,1584,3
PO0006094,2023-12-22,1632,30
PO0006099,2023-12-22,624,8
PO0006101,2023-12-22,2160,28
PO0006105,2023-12-22,270,5
PO0006106,2023-12-22,528,17
PO0006115,2023-12-22,3974,88
PO0006117,2023-12-22,2046,28
PO0006118,2023-12-22,2688,24
PO0006122,2023-12-22,1644,7
PO0006124,2023-12-22,4176,15
PO0006128,2023-12-22,366,3
PO0006025,2023-12-23,72,1
PO0006028,2023-12-23,72,3
PO0006046,2023-12-23,1332,27
PO0006067,2023-12-23,192,3
PO0006074,2023-12-23,168,4
PO0006081,2023-12-23,2262,43
PO0006088,2023-12-23,1008,19
PO0006093,2023-12-23,1452,21
PO0006097,2023-12-23,252,1
PO0006102,2023-12-23,1572,31
PO0006107,2023-12-23,396,3
PO0006108,2023-12-23,384,0
PO0006110,2023-12-23,480,8
PO0006112,2023-12-23,192,3
PO0006116,2023-12-23,222,3
PO0006119,2023-12-23,5280,62
PO0006123,2023-12-23,2016,26
PO0006126,2023-12-23,768,35
PO0006083,2023-12-24,1320,14
PO0006084,2023-12-24,894,11
PO0006097,2023-12-24,252,2
PO0006111,2023-12-24,456,2
PO0006113,2023-12-24,576,6
PO0006114,2023-12-24,148,2
PO0006120,2023-12-24,1104,11
PO0006121,2023-12-24,205,2
PO0006125,2023-12-24,312,5
PO0006130,2023-12-24,6024,74
PO0006132,2023-12-24,1368,9
PO0006136,2023-12-24,700,7
PO0006140,2023-12-24,3984,74
PO0006141,2023-12-24,240,8
PO0006142,2023-12-24,2118,28
PO0006143,2023-12-24,174,1
PO0006147,2023-12-24,3336,73
PO0006150,2023-12-24,4464,64
PO0006157,2023-12-24,528,8
PO0006167,2023-12-24,384,1
PO0005999,2023-12-25,264,3
PO0006078,2023-12-25,306,19
PO0006083,2023-12-25,1320,19
PO0006095,2023-12-25,432,7
PO0006110,2023-12-25,480,4
PO0006129,2023-12-25,1290,12
PO0006138,2023-12-25,276,1
PO0006139,2023-12-25,1566,23
PO0006148,2023-12-25,189,1
PO0006149,2023-12-25,864,10
PO0006151,2023-12-25,4662,45
PO0006152,2023-12-25,210,4
PO0006153,2023-12-25,2055,21
PO0006161,2023-12-25,4440,47
PO0006163,2023-12-25,744,3
PO0006171,2023-12-25,762,9
PO0006173,2023-12-25,1080,6
PO0006201,2023-12-25,420,1
PO0006011,2023-12-26,720,19
PO0006029,2023-12-26,1656,28
PO0006062,2023-12-26,912,13
PO0006096,2023-12-26,186,2
PO0006128,2023-12-26,366,2
PO0006131,2023-12-26,5274,54
PO0006133,2023-12-26,1368,29
PO0006134,2023-12-26,2046,22
PO0006144,2023-12-26,816,14
PO0006145,2023-12-26,144,1
PO0006146,2023-12-26,336,2
PO0006155,2023-12-26,447,13
PO0006159,2023-12-26,1560,28
PO0006164,2023-12-26,240,8
PO0006165,2023-12-26,1968,42
PO0006168,2023-12-26,720,9
PO0006169,2023-12-26,900,2
PO0006176,2023-12-26,480,7
PO0006178,2023-12-26,2742,12
PO0006179,2023-12-26,888,13
PO0006180,2023-12-26,528,3
PO0006185,2023-12-26,2304,30
PO0006186,2023-12-26,228,6
PO0006193,2023-12-26,1932,34
PO0006194,2023-12-26,264,0
PO0006197,2023-12-26,3024,18
PO0006199,2023-12-26,1380,28
PO0006202,2023-12-26,1092,8
PO0006203,2023-12-26,438,4
PO0006204,2023-12-26,2220,15
PO0006210,2023-12-26,576,7
PO0005964,2023-12-27,312,2
PO0006089,2023-12-27,1356,20
PO0006116,2023-12-27,222,3
PO0006126,2023-12-27,768,45
PO0006127,2023-12-27,1140,18
PO0006153,2023-12-27,2055,10
PO0006156,2023-12-27,4992,80
PO0006160,2023-12-27,1824,19
PO0006162,2023-12-27,468,0
PO0006172,2023-12-27,912,7
PO0006175,2023-12-27,1281,17
PO0006181,2023-12-27,3192,17
PO0006182,2023-12-27,1392,37
PO0006187,2023-12-27,186,1
PO0006189,2023-12-27,480,1
PO0006194,2023-12-27,264,3
PO0006196,2023-12-27,582,6
PO0006198,2023-12-27,468,2
PO0006206,2023-12-27,1128,13
PO0006208,2023-12-27,336,1
PO0006213,2023-12-27,980,11
PO0006215,2023-12-27,1392,4
PO0006217,2023-12-27,900,8
PO0006227,2023-12-27,852,4
PO0006235,2023-12-27,1080,20
PO0006238,2023-12-27,626,10
PO0006240,2023-12-27,72,1
PO0006242,2023-12-27,219,2
PO0006270,2023-12-27,600,5
PO0005985,2023-12-28,1032,12
PO0006155,2023-12-28,447,12
PO0006183,2023-12-28,480,13
PO0006184,2023-12-28,1032,8
PO0006187,2023-12-28,186,1
PO0006190,2023-12-28,4152,22
PO0006191,2023-12-28,336,1
PO0006195,2023-12-28,3792,54
PO0006209,2023-12-28,546,5
PO0006211,2023-12-28,1248,5
PO0006214,2023-12-28,312,2
PO0006217,2023-12-28,900,14
PO0006219,2023-12-28,888,6
PO0006220,2023-12-28,348,2
PO0006222,2023-12-28,2976,17
PO0006225,2023-12-28,4848,54
PO0006226,2023-12-28,468,9
PO0006228,2023-12-28,2130,16
PO0006232,2023-12-28,288,2
PO0006236,2023-12-28,1641,18
PO0006237,2023-12-28,1158,20
PO0006244,2023-12-28,420,1
PO0006245,2023-12-28,1512,15
PO0006248,2023-12-28,984,4
PO0006249,2023-12-28,1560,16
PO0006253,2023-12-28,1649,37
PO0006259,2023-12-28,1518,5
PO0006266,2023-12-28,466,6
PO0006267,2023-12-28,768,8
PO0006283,2023-12-28,468,1
PO0006284,2023-12-28,5952,11
PO0005999,2023-12-29,264,0
PO0006138,2023-12-29,276,8
PO0006144,2023-12-29,816,8
PO0006149,2023-12-29,864,11
PO0006192,2023-12-29,1932,10
PO0006212,2023-12-29,672,16
PO0006216,2023-12-29,1050,4
PO0006218,2023-12-29,3024,20
PO0006221,2023-12-29,480,4
PO0006223,2023-12-29,732,1
PO0006224,2023-12-29,2064,46
PO0006228,2023-12-29,2130,24
PO0006229,2023-12-29,720,8
PO0006230,2023-12-29,2064,25
PO0006231,2023-12-29,1236,24
PO0006233,2023-12-29,1200,13
PO0006234,2023-12-29,3906,35
PO0006236,2023-12-29,1641,17
PO0006239,2023-12-29,3264,28
PO0006240,2023-12-29,72,2
PO0006241,2023-12-29,1920,12
PO0006246,2023-12-29,2640,19
PO0006255,2023-12-29,2400,9
PO0006257,2023-12-29,2976,145
PO0006262,2023-12-29,289,8
PO0006269,2023-12-29,1014,11
PO0006272,2023-12-29,384,4
PO0006273,2023-12-29,564,3
PO0006275,2023-12-29,6144,48
PO0006276,2023-12-29,1656,4
PO0006278,2023-12-29,3924,24
PO0006282,2023-12-29,684,4
PO0006288,2023-12-29,120,1
PO0006291,2023-12-29,2592,21
PO0006298,2023-12-29,96,0
PO0006299,2023-12-29,432,6
PO0006300,2023-12-29,1584,12
PO0006301,2023-12-29,192,4
PO0006029,2023-12-30,1656,28
PO0006154,2023-12-30,1770,18
PO0006158,2023-12-30,6600,130
PO0006174,2023-12-30,504,1
PO0006177,2023-12-30,687,13
PO0006226,2023-12-30,468,3
PO0006250,2023-12-30,1392,19
PO0006252,2023-12-30,2148,17
PO0006254,2023-12-30,2568,19
PO0006258,2023-12-30,1914,7
PO0006260,2023-12-30,1416,20
PO0006261,2023-12-30,180,4
PO0006264,2023-12-30,1896,19
PO0006265,2023-12-30,2352,13
PO0006271,2023-12-30,480,9
PO0006274,2023-12-30,894,19
PO0006279,2023-12-30,864,11
PO0006287,2023-12-30,1728,77
PO0006289,2023-12-30,636,3
PO0006290,2023-12-30,540,15
PO0006292,2023-12-30,408,2
PO0006295,2023-12-30,2544,29
PO0006297,2023-12-30,462,3
PO0006308,2023-12-30,552,4
PO0006309,2023-12-30,520,2
PO0006315,2023-12-30,672,6
PO0006019,2023-12-31,1488,2
PO0006042,2023-12-31,1296,28
PO0006135,2023-12-31,1098,17
PO0006188,2023-12-31,96,1
PO0006205,2023-12-31,2856,25
PO0006229,2023-12-31,720,8
PO0006242,2023-12-31,219,2
PO0006248,2023-12-31,984,5
PO0006255,2023-12-31,2400,8
PO0006258,2023-12-31,1914,8
PO0006263,2023-12-31,936,15
PO0006277,2023-12-31,2700,42
PO0006285,2023-12-31,2640,29
PO0006286,2023-12-31,798,13
PO0006293,2023-12-31,552,3
PO0006296,2023-12-31,594,0
PO0006305,2023-12-31,240,1
PO0006307,2023-12-31,336,1
PO0006313,2023-12-31,1176,21
PO0006320,2023-12-31,156,0
PO0006338,2023-12-31,242,3
PO0006340,2023-12-31,924,8
PO0006037,2024-01-01,1128,13
PO0006137,2024-01-01,654,8
PO0006191,2024-01-01,336,1
PO0006216,2024-01-01,1050,6
PO0006220,2024-01-01,348,0
PO0006223,2024-01-01,732,7
PO0006224,2024-01-01,2064,45
PO0006282,2024-01-01,684,6
PO0006289,2024-01-01,636,5
PO0006311,2024-01-01,1899,33
PO0006314,2024-01-01,1320,4
PO0006318,2024-01-01,120,4
PO0006328,2024-01-01,3072,39
PO0006341,2024-01-01,3048,29
PO0006349,2024-01-01,288,8
PO0006350,2024-01-01,1488,22
PO0006351,2024-01-01,2028,18
PO0006368,2024-01-01,2388,33
PO0006379,2024-01-01,444,2
PO0006068,2024-01-02,264,7
PO0006135,2024-01-02,1098,26
PO0006166,2024-01-02,4680,35
PO0006177,2024-01-02,687,23
PO0006243,2024-01-02,2255,17
PO0006296,2024-01-02,594,3
PO0006302,2024-01-02,168,0
PO0006303,2024-01-02,288,3
PO0006304,2024-01-02,2016,55
PO0006310,2024-01-02,2616,27
PO0006316,2024-01-02,1242,4
PO0006317,2024-01-02,139,1
PO0006319,2024-01-02,1272,18
PO0006320,2024-01-02,156,0
PO0006322,2024-01-02,1073,12
PO0006324,2024-01-02,192,0
PO0006326,2024-01-02,303,1
PO0006329,2024-01-02,4896,25
PO0006330,2024-01-02,394,15
PO0006331,2024-01-02,294,1
PO0006334,2024-01-02,1500,20
PO0006335,2024-01-02,1356,9
PO0006336,2024-01-02,1872,32
PO0006344,2024-01-02,336,3
PO0006345,2024-01-02,222,7
PO0006346,2024-01-02,2880,19
PO0006347,2024-01-02,192,2
PO0006352,2024-01-02,1608,24
PO0006353,2024-01-02,2418,15
PO0006356,2024-01-02,2376,14
PO0006369,2024-01-02,816,11
PO0006371,2024-01-02,1128,14
PO0006374,2024-01-02,2082,49
PO0006375,2024-01-02,3984,50
PO0006376,2024-01-02,972,15
PO0006380,2024-01-02,1008,29
PO0006383,2024-01-02,324,5
PO0006384,2024-01-02,774,9
PO0006388,2024-01-02,1200,51
PO0006251,2024-01-03,1224,19
PO0006280,2024-01-03,564,5
PO0006294,2024-01-03,180,3
PO0006306,2024-01-03,552,1
PO0006312,2024-01-03,4104,49
PO0006325,2024-01-03,3240,46
PO0006331,2024-01-03,294,2
PO0006337,2024-01-03,646,5
PO0006339,2024-01-03,192,2
PO0006342,2024-01-03,2328,25
PO0006347,2024-01-03,192,2
PO0006354,2024-01-03,864,25
PO0006358,2024-01-03,1692,5
PO0006365,2024-01-03,168,1
PO0006367,2024-01-03,240,3
PO0006372,2024-01-03,552,3
PO0006373,2024-01-03,1824,12
PO0006377,2024-01-03,651,7
PO0006385,2024-01-03,840,3
PO0006387,2024-01-03,144,2
PO0006391,2024-01-03,496,8
PO0006404,2024-01-03,2256,48
PO0006405,2024-01-03,2106,30
PO0006406,2024-01-03,1572,15
PO0006409,2024-01-03,1956,12
PO0006411,2024-01-03,1368,21
PO0006412,2024-01-03,1338,4
PO0006418,2024-01-03,414,5
PO0006247,2024-01-04,408,3
PO0006280,2024-01-04,564,3
PO0006345,2024-01-04,222,3
PO0006357,2024-01-04,210,3
PO0006359,2024-01-04,2270,39
PO0006360,2024-01-04,1656,8
PO0006362,2024-01-04,2838,18
PO0006366,2024-01-04,489,5
PO0006370,2024-01-04,408,2
PO0006378,2024-01-04,2544,51
PO0006381,2024-01-04,1188,27
PO0006386,2024-01-04,642,10
PO0006390,2024-01-04,744,8
PO0006392,2024-01-04,816,3
PO0006393,2024-01-04,2652,12
PO0006395,2024-01-04,1440,11
PO0006396,2024-01-04,516,4
PO0006399,2024-01-04,2352,13
PO0006400,2024-01-04,588,5
PO0006401,2024-01-04,1056,6
PO0006413,2024-01-04,438,12
PO0006416,2024-01-04,1152,6
PO0006419,2024-01-04,420,2
PO0006420,2024-01-04,912,7
PO0006422,2024-01-04,615,5
PO0006430,2024-01-04,240,3
PO0006431,2024-01-04,768,8
PO0006433,2024-01-04,228,3
PO0006434,2024-01-04,1536,18
PO0006435,2024-01-04,888,24
PO0006437,2024-01-04,132,2
PO0006068,2024-01-05,264,2
PO0006170,2024-01-05,1392,34
PO0006302,2024-01-05,168,4
PO0006311,2024-01-05,1899,16
PO0006326,2024-01-05,303,4
PO0006333,2024-01-05,510,8
PO0006362,2024-01-05,2838,16
PO0006389,2024-01-05,2496,47
PO0006394,2024-01-05,1296,29
PO0006402,2024-01-05,540,6
PO0006414,2024-01-05,2064,9
PO0006415,2024-01-05,630,7
PO0006421,2024-01-05,384,8
PO0006422,2024-01-05,615,7
PO0006424,2024-01-05,5268,99
PO0006425,2024-01-05,450,2
PO0006427,2024-01-05,744,1
PO0006436,2024-01-05,144,5
PO0006440,2024-01-05,672,4
PO0006446,2024-01-05,240,1
PO0006447,2024-01-05,208,1
PO0006452,2024-01-05,1908,40
PO0006453,2024-01-05,1968,17
PO0006455,2024-01-05,84,0
PO0006207,2024-01-06,2640,43
PO0006256,2024-01-06,780,0
PO0006361,2024-01-06,774,7
PO0006365,2024-01-06,168,3
PO0006366,2024-01-06,489,2
PO0006378,2024-01-06,2544,54
PO0006398,2024-01-06,4080,24
PO0006417,2024-01-06,768,11
PO0006423,2024-01-06,696,11
PO0006426,2024-01-06,930,5
PO0006428,2024-01-06,240,4
PO0006429,2024-01-06,537,5
PO0006437,2024-01-06,132,1
PO0006438,2024-01-06,228,2
PO0006441,2024-01-06,2364,42
PO0006442,2024-01-06,1428,10
PO0006443,2024-01-06,912,16
PO0006445,2024-01-06,2160,39
PO0006448,2024-01-06,288,2
PO0006449,2024-01-06,294,7
PO0006456,2024-01-06,1146,8
PO0006457,2024-01-06,1248,9
PO0006200,2024-01-07,336,3
PO0006327,2024-01-07,384,3
PO0006348,2024-01-07,792,11
PO0006364,2024-01-07,2844,39
PO0006377,2024-01-07,651,4
PO0006382,2024-01-07,420,1
PO0006439,2024-01-07,372,8
PO0006444,2024-01-07,1176,58
PO0006449,2024-01-07,294,7
PO0006451,2024-01-07,1974,14
PO0006454,2024-01-07,348,2
PO0006458,2024-01-07,1344,16
PO0006459,2024-01-07,696,3
PO0006464,2024-01-07,384,8
PO0006470,2024-01-07,120,0
PO0006473,2024-01-07,1044,7
PO0006475,2024-01-07,624,12
PO0006247,2024-01-08,408,4
PO0006321,2024-01-08,672,9
PO0006332,2024-01-08,864,11
PO0006348,2024-01-08,792,16
PO0006408,2024-01-08,858,7
PO0006462,2024-01-08,552,8
PO0006463,2024-01-08,684,2
PO0006465,2024-01-08,936,5
PO0006468,2024-01-08,534,4
PO0006476,2024-01-08,384,9
PO0006477,2024-01-08,588,5
PO0006483,2024-01-08,288,4
PO0006485,2024-01-08,696,3
PO0006486,2024-01-08,1139,12
PO0006487,2024-01-08,1284,16
PO0006488,2024-01-08,384,7
PO0006491,2024-01-08,2064,19
PO0006493,2024-01-08,576,4
PO0006495,2024-01-08,623,9
PO0006502,2024-01-08,576,10
PO0006504,2024-01-08,2556,33
PO0006513,2024-01-08,726,4
PO0006281,2024-01-09,882,9
PO0006355,2024-01-09,2976,10
PO0006432,2024-01-09,72,2
PO0006438,2024-01-09,228,0
PO0006440,2024-01-09,672,6
PO0006454,2024-01-09,348,8
PO0006461,2024-01-09,768,9
PO0006466,2024-01-09,384,4
PO0006467,2024-01-09,768,20
PO0006469,2024-01-09,132,1
PO0006474,2024-01-09,278,8
PO0006478,2024-01-09,336,10
PO0006482,2024-01-09,996,9
PO0006484,2024-01-09,354,1
PO0006490,2024-01-09,1128,27
PO0006494,2024-01-09,876,2
PO0006501,2024-01-09,188,8
PO0006508,2024-01-09,672,13
PO0006510,2024-01-09,144,1
PO0006403,2024-01-10,828,20
PO0006407,2024-01-10,480,29
PO0006464,2024-01-10,384,3
PO0006470,2024-01-10,120,1
PO0006479,2024-01-10,2616,40
PO0006480,2024-01-10,930,14
PO0006489,2024-01-10,336,13
PO0006492,2024-01-10,294,0
PO0006499,2024-01-10,314,5
PO0006500,2024-01-10,672,5
PO0006503,2024-01-10,612,13
PO0006505,2024-01-10,600,11
PO0006507,2024-01-10,480,11
PO0006511,2024-01-10,396,6
PO0006512,2024-01-10,672,14
PO0006516,2024-01-10,1032,5
PO0006521,2024-01-10,702,2
PO0006522,2024-01-10,168,0
PO0006523,2024-01-10,1308,3
PO0006524,2024-01-10,1704,26
PO0006525,2024-01-10,3144,21
PO0006527,2024-01-10,744,11
PO0006528,2024-01-10,3120,16
PO0006531,2024-01-10,4512,28
PO0006533,2024-01-10,792,14
PO0006553,2024-01-10,1104,7
PO0006343,2024-01-11,408,6
PO0006382,2024-01-11,420,0
PO0006397,2024-01-11,4500,49
PO0006410,2024-01-11,468,3
PO0006432,2024-01-11,72,1
PO0006472,2024-01-11,756,7
PO0006485,2024-01-11,696,5
PO0006496,2024-01-11,720,10
PO0006510,2024-01-11,144,0
PO0006515,2024-01-11,306,2
PO0006519,2024-01-11,944,26
PO0006520,2024-01-11,1485,16
PO0006529,2024-01-11,354,2
PO0006535,2024-01-11,864,21
PO0006537,2024-01-11,252,1
PO0006538,2024-01-11,1152,3
PO0006539,2024-01-11,528,13
PO0006542,2024-01-11,288,3
PO0006544,2024-01-11,1296,45
PO0006545,2024-01-11,241,0
PO0006548,2024-01-11,504,8
PO0006559,2024-01-11,384,8
PO0006571,2024-01-11,237,2
PO0006471,2024-01-12,156,1
PO0006513,2024-01-12,726,9
PO0006518,2024-01-12,713,6
PO0006520,2024-01-12,1485,14
PO0006532,2024-01-12,72,6
PO0006536,2024-01-12,192,0
PO0006541,2024-01-12,2178,10
PO0006556,2024-01-12,1116,23
PO0006557,2024-01-12,930,5
PO0006562,2024-01-12,846,2
PO0006563,2024-01-12,1584,18
PO0006565,2024-01-12,864,24
PO0006566,2024-01-12,960,9
PO0006567,2024-01-12,654,22
PO0006571,2024-01-12,237,4
PO0006460,2024-01-13,5184,54
PO0006498,2024-01-13,384,3
PO0006526,2024-01-13,2016,17
PO0006529,2024-01-13,354,1
PO0006530,2024-01-13,1968,47
PO0006538,2024-01-13,1152,8
PO0006545,2024-01-13,242,1
PO0006546,2024-01-13,3171,38
PO0006547,2024-01-13,3246,39
PO0006549,2024-01-13,2592,36
PO0006551,2024-01-13,1164,26
PO0006554,2024-01-13,72,0
PO0006558,2024-01-13,1362,21
PO0006560,2024-01-13,1020,16
PO0006561,2024-01-13,3360,59
PO0006569,2024-01-13,300,8
PO0006570,2024-01-13,528,8
PO0006572,2024-01-13,96,0
PO0006575,2024-01-13,1032,12
PO0006268,2024-01-14,185,5
PO0006363,2024-01-14,405,5
PO0006407,2024-01-14,480,29
PO0006532,2024-01-14,72,0
PO0006557,2024-01-14,930,17
PO0006564,2024-01-14,2772,19
PO0006580,2024-01-14,582,9
PO0006587,2024-01-14,492,5
PO0006589,2024-01-14,1002,4
PO0006596,2024-01-14,1656,18
PO0006597,2024-01-14,672,11
PO0006601,2024-01-14,516,25
PO0006606,2024-01-14,600,4
PO0006623,2024-01-14,330,1
PO0006363,2024-01-15,405,7
PO0006450,2024-01-15,1536,8
PO0006519,2024-01-15,945,23
PO0006568,2024-01-15,1044,4
PO0006572,2024-01-15,96,2
PO0006578,2024-01-15,1776,25
PO0006582,2024-01-15,336,12
PO0006590,2024-01-15,126,0
PO0006591,2024-01-15,1008,4
PO0006594,2024-01-15,2688,136
PO0006605,2024-01-15,1026,6
PO0006607,2024-01-15,516,6
PO0006611,2024-01-15,720,17
PO0006615,2024-01-15,876,5
PO0006617,2024-01-15,432,2
PO0006619,2024-01-15,408,5
PO0006622,2024-01-15,288,2
PO0006628,2024-01-15,504,8
PO0006629,2024-01-15,750,3
PO0006630,2024-01-15,1014,23
PO0006631,2024-01-15,720,14
PO0006636,2024-01-15,630,4
PO0006637,2024-01-15,288,1
PO0006638,2024-01-15,546,1
PO0006323,2024-01-16,336,4
PO0006481,2024-01-16,192,3
PO0006497,2024-01-16,1002,15
PO0006506,2024-01-16,3936,49
PO0006574,2024-01-16,648,13
PO0006576,2024-01-16,750,4
PO0006577,2024-01-16,1812,30
PO0006579,2024-01-16,2544,32
PO0006581,2024-01-16,1104,17
PO0006584,2024-01-16,228,3
PO0006585,2024-01-16,768,10
PO0006586,2024-01-16,334,7
PO0006588,2024-01-16,1128,13
PO0006592,2024-01-16,576,11
PO0006593,2024-01-16,546,23
PO0006598,2024-01-16,360,5
PO0006600,2024-01-16,600,3
PO0006609,2024-01-16,330,6
PO0006616,2024-01-16,582,10
PO0006618,2024-01-16,1056,37
PO0006620,2024-01-16,990,8
PO0006624,2024-01-16,528,2
PO0006626,2024-01-16,1350,13
PO0006634,2024-01-16,228,2
PO0006641,2024-01-16,1008,16
PO0006642,2024-01-16,554,4
PO0006646,2024-01-16,618,12
PO0006647,2024-01-16,1248,20
PO0006653,2024-01-16,120,3
PO0006654,2024-01-16,2976,19
PO0006658,2024-01-16,672,8
PO0006676,2024-01-16,204,2
PO0006683,2024-01-16,1704,20
PO0006687,2024-01-16,864,2
PO0006554,2024-01-17,72,0
PO0006602,2024-01-17,738,11
PO0006603,2024-01-17,1632,30
PO0006604,2024-01-17,5040,112
PO0006608,2024-01-17,192,4
PO0006609,2024-01-17,330,4
PO0006610,2024-01-17,588,15
PO0006612,2024-01-17,744,11
PO0006613,2024-01-17,456,7
PO0006621,2024-01-17,311,0
PO0006622,2024-01-17,288,5
PO0006623,2024-01-17,330,1
PO0006627,2024-01-17,3576,39
PO0006632,2024-01-17,2640,117
PO0006633,2024-01-17,2064,9
PO0006639,2024-01-17,450,4
PO0006644,2024-01-17,768,10
PO0006645,2024-01-17,4830,67
PO0006650,2024-01-17,4344,27
PO0006653,2024-01-17,120,2
PO0006656,2024-01-17,768,8
PO0006660,2024-01-17,1308,11
PO0006662,2024-01-17,996,17
PO0006664,2024-01-17,1452,29
PO0006665,2024-01-17,168,2
PO0006667,2024-01-17,552,13
PO0006672,2024-01-17,420,5
PO0006674,2024-01-17,570,6
PO0006675,2024-01-17,528,4
PO0006677,2024-01-17,1200,24
PO0006682,2024-01-17,1146,18
PO0006684,2024-01-17,483,8
PO0006688,2024-01-17,792,6
PO0006689,2024-01-17,324,2
PO0006690,2024-01-17,168,11
PO0006534,2024-01-18,912,24
PO0006555,2024-01-18,913,8
PO0006573,2024-01-18,1344,14
PO0006629,2024-01-18,750,2
PO0006643,2024-01-18,1512,10
PO0006646,2024-01-18,618,14
PO0006648,2024-01-18,1104,49
PO0006651,2024-01-18,576,4
PO0006655,2024-01-18,2496,30
PO0006657,2024-01-18,984,13
PO0006659,2024-01-18,720,15
PO0006661,2024-01-18,1932,26
PO0006663,2024-01-18,252,4
PO0006670,2024-01-18,1332,19
PO0006678,2024-01-18,912,21
PO0006681,2024-01-18,3624,47
PO0006683,2024-01-18,1704,27
PO0006686,2024-01-18,600,1
PO0006693,2024-01-18,660,6
PO0006695,2024-01-18,546,22
PO0006701,2024-01-18,984,14
PO0006705,2024-01-18,120,2
PO0006706,2024-01-18,3888,77
PO0006713,2024-01-18,1344,35
PO0006718,2024-01-18,1776,70
PO0006744,2024-01-18,276,1
PO0006552,2024-01-19,1374,17
PO0006590,2024-01-19,126,0
PO0006673,2024-01-19,1725,44
PO0006676,2024-01-19,204,3
PO0006685,2024-01-19,186,2
PO0006691,2024-01-19,2304,26
PO0006697,2024-01-19,1761,20
PO0006703,2024-01-19,1188,5
PO0006714,2024-01-19,1344,17
PO0006717,2024-01-19,1200,62
PO0006719,2024-01-19,36,0
PO0006723,2024-01-19,120,2
PO0006726,2024-01-19,2400,98
PO0006732,2024-01-19,1164,27
PO0006737,2024-01-19,192,3
PO0006740,2024-01-19,4416,16
PO0006741,2024-01-19,432,9
PO0006746,2024-01-19,216,1
PO0006517,2024-01-20,888,13
PO0006540,2024-01-20,756,14
PO0006599,2024-01-20,384,3
PO0006652,2024-01-20,737,8
PO0006666,2024-01-20,756,18
PO0006671,2024-01-20,111,2
PO0006680,2024-01-20,600,41
PO0006685,2024-01-20,186,1
PO0006692,2024-01-20,312,8
PO0006699,2024-01-20,1872,19
PO0006700,2024-01-20,606,8
PO0006702,2024-01-20,816,44
PO0006707,2024-01-20,204,2
PO0006708,2024-01-20,348,4
PO0006710,2024-01-20,252,3
PO0006711,2024-01-20,312,1
PO0006716,2024-01-20,480,22
PO0006720,2024-01-20,4008,35
PO0006727,2024-01-20,768,12
PO0006729,2024-01-20,684,10
PO0006732,2024-01-20,1164,24
PO0006739,2024-01-20,408,3
PO0006743,2024-01-20,3000,19
PO0006745,2024-01-20,1221,11
PO0006746,2024-01-20,216,5
PO0006750,2024-01-20,399,4
PO0006517,2024-01-21,888,5
PO0006614,2024-01-21,552,10
PO0006668,2024-01-21,144,3
PO0006671,2024-01-21,111,2
PO0006684,2024-01-21,483,6
PO0006697,2024-01-21,1761,23
PO0006722,2024-01-21,1152,31
PO0006723,2024-01-21,120,3
PO0006724,2024-01-21,984,14
PO0006728,2024-01-21,3408,160
PO0006730,2024-01-21,4704,34
PO0006731,2024-01-21,1728,43
PO0006738,2024-01-21,588,13
PO0006742,2024-01-21,864,3
PO0006747,2024-01-21,288,7
PO0006748,2024-01-21,672,2
PO0006749,2024-01-21,234,5
PO0006750,2024-01-21,399,3
PO0006751,2024-01-21,1296,10
PO0006752,2024-01-21,2160,11
PO0006754,2024-01-21,1224,6
PO0006758,2024-01-21,1152,12
PO0006759,2024-01-21,240,0
PO0006764,2024-01-21,912,11
PO0006573,2024-01-22,1344,12
PO0006583,2024-01-22,528,6
PO0006595,2024-01-22,384,4
PO0006625,2024-01-22,636,6
PO0006649,2024-01-22,1056,24
PO0006698,2024-01-22,756,10
PO0006712,2024-01-22,504,2
PO0006716,2024-01-22,480,20
PO0006736,2024-01-22,1056,25
PO0006753,2024-01-22,1038,2
PO0006760,2024-01-22,1536,6
PO0006761,2024-01-22,864,6
PO0006762,2024-01-22,216,9
PO0006763,2024-01-22,144,1
PO0006768,2024-01-22,2745,21
PO0006771,2024-01-22,336,6
PO0006773,2024-01-22,1223,20
PO0006775,2024-01-22,672,6
PO0006776,2024-01-22,1788,7
PO0006779,2024-01-22,384,9
PO0006780,2024-01-22,834,2
PO0006782,2024-01-22,564,1
PO0006789,2024-01-22,1632,7
PO0006790,2024-01-22,528,9
PO0006793,2024-01-22,912,8
PO0006799,2024-01-22,348,5
PO0006709,2024-01-23,839,8
PO0006734,2024-01-23,2172,26
PO0006741,2024-01-23,432,9
PO0006755,2024-01-23,2520,25
PO0006756,2024-01-23,672,10
PO0006772,2024-01-23,1668,20
PO0006774,2024-01-23,1560,24
PO0006777,2024-01-23,132,3
PO0006781,2024-01-23,570,10
PO0006784,2024-01-23,288,2
PO0006787,2024-01-23,504,1
PO0006794,2024-01-23,840,12
PO0006795,2024-01-23,240,0
PO0006798,2024-01-23,192,1
PO0006800,2024-01-23,630,8
PO0006801,2024-01-23,6000,51
PO0006807,2024-01-23,576,9
PO0006813,2024-01-23,1344,17
PO0006820,2024-01-23,432,1
PO0006821,2024-01-23,876,21
PO0006822,2024-01-23,1212,19
PO0006824,2024-01-23,1416,17
PO0006825,2024-01-23,480,5
PO0006826,2024-01-23,420,2
PO0006827,2024-01-23,396,11
PO0006835,2024-01-23,3514,39
PO0006848,2024-01-23,912,8
PO0006509,2024-01-24,1056,10
PO0006540,2024-01-24,756,10
PO0006543,2024-01-24,1452,14
PO0006595,2024-01-24,384,11
PO0006669,2024-01-24,1020,13
PO0006679,2024-01-24,972,25
PO0006704,2024-01-24,66,2
PO0006711,2024-01-24,312,3
PO0006721,2024-01-24,3360,46
PO0006729,2024-01-24,684,16
PO0006745,2024-01-24,1221,14
PO0006766,2024-01-24,768,5
PO0006768,2024-01-24,2745,29
PO0006777,2024-01-24,132,2
PO0006778,2024-01-24,186,2
PO0006783,2024-01-24,336,7
PO0006786,2024-01-24,744,2
PO0006791,2024-01-24,600,4
PO0006792,2024-01-24,3528,20
PO0006796,2024-01-24,282,2
PO0006797,2024-01-24,432,10
PO0006802,2024-01-24,4146,28
PO0006805,2024-01-24,1884,17
PO0006808,2024-01-24,1440,11
PO0006811,2024-01-24,2352,34
PO0006815,2024-01-24,312,6
PO0006818,2024-01-24,871,6
PO0006823,2024-01-24,1392,24
PO0006828,2024-01-24,156,4
PO0006830,2024-01-24,1152,16
PO0006832,2024-01-24,768,4
PO0006836,2024-01-24,432,3
PO0006839,2024-01-24,2184,36
PO0006842,2024-01-24,2688,29
PO0006843,2024-01-24,1158,12
PO0006850,2024-01-24,279,2
PO0006854,2024-01-24,306,3
PO0006856,2024-01-24,528,10
PO0006861,2024-01-24,384,1
PO0006862,2024-01-24,360,0
PO0006864,2024-01-24,438,6
PO0006865,2024-01-24,2040,24
PO0006867,2024-01-24,834,4
PO0006869,2024-01-24,1416,17
PO0006896,2024-01-24,216,0
PO0006715,2024-01-25,420,9
PO0006735,2024-01-25,1824,34
PO0006757,2024-01-25,720,17
PO0006778,2024-01-25,186,3
PO0006804,2024-01-25,1536,20
PO0006806,2024-01-25,1452,18
PO0006810,2024-01-25,2688,18
PO0006811,2024-01-25,2352,27
PO0006814,2024-01-25,1980,48
PO0006816,2024-01-25,4500,33
PO0006817,2024-01-25,1914,35
PO0006829,2024-01-25,744,5
PO0006831,2024-01-25,264,9
PO0006833,2024-01-25,3384,79
PO0006838,2024-01-25,4404,49
PO0006840,2024-01-25,2952,59
PO0006846,2024-01-25,1584,7
PO0006849,2024-01-25,1680,15
PO0006853,2024-01-25,336,1
PO0006860,2024-01-25,720,2
PO0006866,2024-01-25,696,7
PO0006868,2024-01-25,1110,16
PO0006870,2024-01-25,3744,61
PO0006871,2024-01-25,768,44
PO0006873,2024-01-25,252,5
PO0006874,2024-01-25,408,3
PO0006876,2024-01-25,1158,13
PO0006877,2024-01-25,1332,30
PO0006881,2024-01-25,511,2
PO0006883,2024-01-25,4350,41
PO0006887,2024-01-25,492,2
PO0006888,2024-01-25,264,4
PO0006889,2024-01-25,2232,18
PO0006891,2024-01-25,804,2
PO0006900,2024-01-25,354,3
PO0006907,2024-01-25,336,2
PO0006550,2024-01-26,72,1
PO0006696,2024-01-26,1824,23
PO0006725,2024-01-26,558,0
PO0006773,2024-01-26,1224,15
PO0006820,2024-01-26,432,0
PO0006828,2024-01-26,156,2
PO0006834,2024-01-26,2844,12
PO0006837,2024-01-26,468,6
PO0006844,2024-01-26,1656,6
PO0006847,2024-01-26,6672,136
PO0006858,2024-01-26,552,4
PO0006859,2024-01-26,2208,22
PO0006867,2024-01-26,835,4
PO0006872,2024-01-26,762,3
PO0006878,2024-01-26,552,10
PO0006879,2024-01-26,3012,20
PO0006881,2024-01-26,511,1
PO0006884,2024-01-26,1890,29
PO0006886,2024-01-26,612,2
PO0006892,2024-01-26,1902,27
PO0006894,2024-01-26,1152,12
PO0006895,2024-01-26,156,1
PO0006898,2024-01-26,984,20
PO0006903,2024-01-26,3120,31
PO0006904,2024-01-26,516,7
PO0006911,2024-01-26,2412,11
PO0006914,2024-01-26,624,6
PO0006915,2024-01-26,1032,5
PO0006916,2024-01-26,1464,33
PO0006917,2024-01-26,1872,88
PO0006925,2024-01-26,4560,52
PO0006928,2024-01-26,395,2
PO0006931,2024-01-26,2808,14
PO0006640,2024-01-27,672,12
PO0006709,2024-01-27,839,9
PO0006788,2024-01-27,420,3
PO0006812,2024-01-27,1080,10
PO0006819,2024-01-27,672,8
PO0006850,2024-01-27,279,8
PO0006860,2024-01-27,720,5
PO0006885,2024-01-27,1656,18
PO0006890,2024-01-27,576,19
PO0006893,2024-01-27,2256,48
PO0006897,2024-01-27,4032,28
PO0006902,2024-01-27,168,0
PO0006905,2024-01-27,1920,15
PO0006908,2024-01-27,192,4
PO0006909,2024-01-27,864,11
PO0006912,2024-01-27,1289,17
PO0006918,2024-01-27,1584,9
PO0006919,2024-01-27,732,5
PO0006922,2024-01-27,600,3
PO0006926,2024-01-27,1022,8
PO0006927,2024-01-27,3384,46
PO0006932,2024-01-27,1047,7
PO0006933,2024-01-27,2670,20
PO0006635,2024-01-28,1512,17
PO0006669,2024-01-28,1020,14
PO0006704,2024-01-28,66,2
PO0006769,2024-01-28,2940,26
PO0006770,2024-01-28,1776,5
PO0006785,2024-01-28,816,8
PO0006845,2024-01-28,5040,69
PO0006863,2024-01-28,720,3
PO0006898,2024-01-28,984,17
PO0006906,2024-01-28,1080,10
PO0006913,2024-01-28,348,3
PO0006920,2024-01-28,228,3
PO0006921,2024-01-28,4032,92
PO0006924,2024-01-28,600,4
PO0006929,2024-01-28,618,11
PO0006932,2024-01-28,1047,12
PO0006934,2024-01-28,564,8
PO0006938,2024-01-28,168,0
PO0006943,2024-01-28,1536,12
PO0006947,2024-01-28,276,5
PO0006948,2024-01-28,3120,167
PO0006965,2024-01-28,6144,30
PO0006988,2024-01-28,486,6
PO0006733,2024-01-29,930,9
PO0006803,2024-01-29,1200,14
PO0006844,2024-01-29,1656,10
PO0006913,2024-01-29,348,1
PO0006935,2024-01-29,876,37
PO0006941,2024-01-29,4632,43
PO0006942,2024-01-29,2136,10
PO0006946,2024-01-29,201,1
PO0006950,2024-01-29,2424,18
PO0006953,2024-01-29,257,4
PO0006954,2024-01-29,2138,29
PO0006962,2024-01-29,408,2
PO0006967,2024-01-29,816,50
PO0006972,2024-01-29,4608,9
PO0006976,2024-01-29,552,1
PO0006977,2024-01-29,222,2
PO0006979,2024-01-29,984,15
PO0006982,2024-01-29,414,3
PO0006987,2024-01-29,2136,10
PO0006991,2024-01-29,1506,11
PO0007018,2024-01-29,3342,39
PO0006550,2024-01-30,72,0
PO0006694,2024-01-30,552,8
PO0006765,2024-01-30,532,0
PO0006788,2024-01-30,420,5
PO0006919,2024-01-30,732,5
PO0006929,2024-01-30,618,12
PO0006936,2024-01-30,2172,30
PO0006937,2024-01-30,288,6
PO0006939,2024-01-30,72,0
PO0006940,2024-01-30,2004,32
PO0006944,2024-01-30,1080,17
PO0006952,2024-01-30,1872,94
PO0006955,2024-01-30,804,3
PO0006956,2024-01-30,528,1
PO0006959,2024-01-30,2604,48
PO0006960,2024-01-30,4020,33
PO0006961,2024-01-30,1872,10
PO0006963,2024-01-30,816,9
PO0006964,2024-01-30,528,12
PO0006971,2024-01-30,2472,16
PO0006978,2024-01-30,1656,27
PO0006983,2024-01-30,564,3
PO0006989,2024-01-30,246,3
PO0006995,2024-01-30,1831,30
PO0006996,2024-01-30,648,9
PO0007001,2024-01-30,1200,5
PO0007007,2024-01-30,336,5
PO0007008,2024-01-30,480,5
PO0007009,2024-01-30,618,5
PO0007014,2024-01-30,1619,16
PO0007016,2024-01-30,1404,8
PO0007019,2024-01-30,3120,20
PO0007026,2024-01-30,480,2
PO0007035,2024-01-30,1104,3
PO0007052,2024-01-30,1392,28
PO0007065,2024-01-30,780,7
PO0007077,2024-01-30,1177,14
PO0006514,2024-01-31,372,2
PO0006841,2024-01-31,576,4
PO0006875,2024-01-31,264,4
PO0006945,2024-01-31,2826,21
PO0006958,2024-01-31,216,5
PO0006964,2024-01-31,528,8
PO0006966,2024-01-31,1626,40
PO0006968,2024-01-31,288,1
PO0006969,2024-01-31,1968,7
PO0006970,2024-01-31,888,6
PO0006977,2024-01-31,222,2
PO0006980,2024-01-31,264,0
PO0006983,2024-01-31,564,7
PO0006985,2024-01-31,576,7
PO0006986,2024-01-31,360,1
PO0006990,2024-01-31,666,8
PO0006992,2024-01-31,672,3
PO0006993,2024-01-31,768,17
PO0006994,2024-01-31,1296,4
PO0006998,2024-01-31,1212,15
PO0006999,2024-01-31,504,0
PO0007000,2024-01-31,1776,21
PO0007005,2024-01-31,1416,18
PO0007012,2024-01-31,1467,6
PO0007013,2024-01-31,96,1
PO0007015,2024-01-31,1608,39
PO0007027,2024-01-31,1056,3
PO0007028,2024-01-31,864,7
PO0007029,2024-01-31,960,10
PO0007030,2024-01-31,1536,8
PO0007031,2024-01-31,756,2
PO0007032,2024-01-31,654,11
PO0007043,2024-01-31,300,0
PO0007053,2024-01-31,288,5
PO0007054,2024-01-31,473,9
PO0007055,2024-01-31,540,5
PO0007063,2024-01-31,1152,22
PO0007074,2024-01-31,548,2
PO0007096,2024-01-31,2304,11
PO0007101,2024-01-31,912,3
PO0006851,2024-02-01,516,1
PO0006882,2024-02-01,321,8
PO0006910,2024-02-01,1068,11
PO0006934,2024-02-01,564,9
PO0006939,2024-02-01,72,1
PO0006947,2024-02-01,276,12
PO0006949,2024-02-01,1920,10
PO0006951,2024-02-01,486,16
PO0006986,2024-02-01,360,2
PO0007002,2024-02-01,1092,10
PO0007003,2024-02-01,2664,17
PO0007004,2024-02-01,1128,21
PO0007011,2024-02-01,888,6
PO0007012,2024-02-01,1467,10
PO0007013,2024-02-01,96,1
PO0007017,2024-02-01,336,13
PO0007020,2024-02-01,2016,25
PO0007022,2024-02-01,480,8
PO0007023,2024-02-01,1440,16
PO0007024,2024-02-01,366,1
PO0007028,2024-02-01,864,11
PO0007033,2024-02-01,600,13
PO0007034,2024-02-01,312,13
PO0007036,2024-02-01,936,8
PO0007037,2024-02-01,480,2
PO0007038,2024-02-01,1680,13
PO0007039,2024-02-01,3384,46
PO0007040,2024-02-01,558,1
PO0007041,2024-02-01,894,18
PO0007042,2024-02-01,266,1
PO0007045,2024-02-01,840,16
PO0007046,2024-02-01,1368,31
PO0007047,2024-02-01,2496,27
PO0007055,2024-02-01,540,7
PO0007056,2024-02-01,564,10
PO0007059,2024-02-01,1416,26
PO0007064,2024-02-01,899,7
PO0007072,2024-02-01,1416,27
PO0007073,2024-02-01,201,0
PO0007075,2024-02-01,2076,10
PO0007076,2024-02-01,1404,9
PO0007078,2024-02-01,480,8
PO0007083,2024-02-01,1296,75
PO0007085,2024-02-01,1272,5
PO0007090,2024-02-01,864,17
PO0007091,2024-02-01,984,15
PO0007092,2024-02-01,840,47
PO0007093,2024-02-01,480,2
PO0007094,2024-02-01,1248,65
PO0007095,2024-02-01,840,34
PO0007103,2024-02-01,810,8
PO0007107,2024-02-01,546,6
PO0007108,2024-02-01,96,0
PO0007117,2024-02-01,816,14
PO0007119,2024-02-01,264,5
PO0007121,2024-02-01,528,6
PO0007136,2024-02-01,2976,7
PO0006857,2024-02-02,3936,76
PO0006930,2024-02-02,348,1
PO0006946,2024-02-02,201,1
PO0006957,2024-02-02,5856,37
PO0006974,2024-02-02,1224,8
PO0007020,2024-02-02,2016,16
PO0007021,2024-02-02,5160,119
PO0007048,2024-02-02,3840,187
PO0007049,2024-02-02,744,9
PO0007050,2024-02-02,4752,19
PO0007051,2024-02-02,240,0
PO0007058,2024-02-02,4152,54
PO0007060,2024-02-02,1248,5
PO0007062,2024-02-02,2160,42
PO0007067,2024-02-02,2149,32
PO0007068,2024-02-02,300,3
PO0007070,2024-02-02,1296,63
PO0007071,2024-02-02,144,0
PO0007079,2024-02-02,288,0
PO0007080,2024-02-02,2400,7
PO0007084,2024-02-02,618,0
PO0007097,2024-02-02,576,9
PO0007098,2024-02-02,864,12
PO0007099,2024-02-02,924,13
PO0007100,2024-02-02,222,4
PO0007105,2024-02-02,816,8
PO0007111,2024-02-02,294,0
PO0007113,2024-02-02,189,0
PO0007115,2024-02-02,432,1
PO0007119,2024-02-02,264,1
PO0007123,2024-02-02,2748,14
PO0007126,2024-02-02,2784,36
PO0007132,2024-02-02,720,3
PO0007135,2024-02-02,2544,47
PO0006899,2024-02-03,684,8
PO0006968,2024-02-03,288,0
PO0006981,2024-02-03,186,2
PO0006985,2024-02-03,576,3
PO0007031,2024-02-03,756,4
PO0007073,2024-02-03,201,0
PO0007081,2024-02-03,5616,24
PO0007082,2024-02-03,912,7
PO0007086,2024-02-03,1344,7
PO0007088,2024-02-03,255,7
PO0007102,2024-02-03,2880,14
PO0007109,2024-02-03,798,6
PO0007110,2024-02-03,1152,10
PO0007116,2024-02-03,1588,31
PO0007118,2024-02-03,1080,7
PO0007120,2024-02-03,390,5
PO0007122,2024-02-03,672,11
PO0007125,2024-02-03,1644,12
PO0007137,2024-02-03,168,3
PO0007144,2024-02-03,523,2
PO0007150,2024-02-03,1485,16
PO0007152,2024-02-03,173,2
PO0006880,2024-02-04,186,2
PO0006882,2024-02-04,321,4
PO0006901,2024-02-04,1080,24
PO0006981,2024-02-04,186,1
PO0006997,2024-02-04,576,14
PO0007054,2024-02-04,474,7
PO0007106,2024-02-04,948,11
PO0007112,2024-02-04,684,9
PO0007114,2024-02-04,480,1
PO0007127,2024-02-04,3936,15
PO0007130,2024-02-04,1074,27
PO0007133,2024-02-04,144,1
PO0007134,2024-02-04,114,0
PO0007140,2024-02-04,2916,56
PO0007142,2024-02-04,1356,16
PO0007155,2024-02-04,240,2
PO0007159,2024-02-04,732,9
PO0007167,2024-02-04,672,8
PO0006767,2024-02-05,360,3
PO0006809,2024-02-05,5232,53
PO0006973,2024-02-05,454,7
PO0006975,2024-02-05,3708,22
PO0007006,2024-02-05,546,12
PO0007046,2024-02-05,1368,26
PO0007069,2024-02-05,2106,55
PO0007093,2024-02-05,480,0
PO0007100,2024-02-05,222,2
PO0007137,2024-02-05,168,3
PO0007147,2024-02-05,864,19
PO0007151,2024-02-05,162,1
PO0007154,2024-02-05,576,2
PO0007164,2024-02-05,1344,58
PO0007194,2024-02-05,486,6
PO0006852,2024-02-06,413,0
PO0006855,2024-02-06,768,11
PO0007006,2024-02-06,546,14
PO0007044,2024-02-06,1500,13
PO0007087,2024-02-06,456,5
PO0007088,2024-02-06,255,4
PO0007104,2024-02-06,103,4
PO0007113,2024-02-06,189,1
PO0007138,2024-02-06,1236,20
PO0007141,2024-02-06,264,4
PO0007143,2024-02-06,1200,22
PO0007148,2024-02-06,720,7
PO0007153,2024-02-06,336,5
PO0007156,2024-02-06,300,7
PO0007157,2024-02-06,672,14
PO0007162,2024-02-06,2304,32
PO0007165,2024-02-06,282,3
PO0007168,2024-02-06,636,4
PO0007169,2024-02-06,1686,21
PO0007170,2024-02-06,408,2
PO0007171,2024-02-06,1704,34
PO0007173,2024-02-06,786,6
PO0007174,2024-02-06,120,0
PO0007176,2024-02-06,240,2
PO0007177,2024-02-06,1272,15
PO0007181,2024-02-06,372,4
PO0007182,2024-02-06,1632,9
PO0007190,2024-02-06,468,3
PO0007191,2024-02-06,216,2
PO0007195,2024-02-06,120,4
PO0007196,2024-02-06,624,12
PO0007204,2024-02-06,1146,9
PO0007206,2024-02-06,4782,47
PO0007208,2024-02-06,594,2
PO0007211,2024-02-06,672,1
PO0007216,2024-02-06,312,2
PO0007222,2024-02-06,420,3
PO0007226,2024-02-06,534,8
PO0006899,2024-02-07,684,9
PO0007128,2024-02-07,492,3
PO0007153,2024-02-07,336,6
PO0007158,2024-02-07,192,2
PO0007160,2024-02-07,1236,18
PO0007163,2024-02-07,456,7
PO0007172,2024-02-07,1392,17
PO0007178,2024-02-07,1908,8
PO0007184,2024-02-07,288,6
PO0007187,2024-02-07,336,1
PO0007189,2024-02-07,388,2
PO0007192,2024-02-07,804,16
PO0007193,2024-02-07,2016,10
PO0007197,2024-02-07,648,34
PO0007200,2024-02-07,1128,12
PO0007201,2024-02-07,636,9
PO0007209,2024-02-07,759,5
PO0007214,2024-02-07,846,21
PO0007221,2024-02-07,828,11
PO0007223,2024-02-07,90,0
PO0007224,2024-02-07,930,4
PO0007230,2024-02-07,1872,107
PO0007233,2024-02-07,168,1
PO0007255,2024-02-07,576,10
PO0007258,2024-02-07,336,4
PO0007259,2024-02-07,192,1
PO0007025,2024-02-08,120,3
PO0007130,2024-02-08,1074,29
PO0007133,2024-02-08,144,0
PO0007145,2024-02-08,3348,26
PO0007157,2024-02-08,672,20
PO0007159,2024-02-08,732,7
PO0007174,2024-02-08,120,1
PO0007175,2024-02-08,612,3
PO0007183,2024-02-08,360,1
PO0007185,2024-02-08,480,1
PO0007186,2024-02-08,390,7
PO0007200,2024-02-08,1128,14
PO0007202,2024-02-08,323,6
PO0007203,2024-02-08,504,6
PO0007207,2024-02-08,5400,54
PO0007218,2024-02-08,1176,17
PO0007219,2024-02-08,312,6
PO0007220,2024-02-08,1224,20
PO0007223,2024-02-08,90,0
PO0007231,2024-02-08,552,17
PO0007234,2024-02-08,384,1
PO0007235,2024-02-08,528,4
PO0007237,2024-02-08,1080,9
PO0007238,2024-02-08,3708,47
PO0007239,2024-02-08,852,6
PO0007240,2024-02-08,2886,26
PO0007242,2024-02-08,3216,19
PO0007243,2024-02-08,516,7
PO0007245,2024-02-08,360,1
PO0007246,2024-02-08,156,0
PO0007247,2024-02-08,366,5
PO0007249,2024-02-08,384,6
PO0007250,2024-02-08,192,2
PO0007252,2024-02-08,1980,23
PO0007066,2024-02-09,336,8
PO0007087,2024-02-09,456,4
PO0007089,2024-02-09,288,3
PO0007161,2024-02-09,540,2
PO0007179,2024-02-09,480,14
PO0007180,2024-02-09,1824,22
PO0007205,2024-02-09,2304,44
PO0007210,2024-02-09,96,1
PO0007215,2024-02-09,1464,9
PO0007216,2024-02-09,312,0
PO0007217,2024-02-09,144,2
PO0007225,2024-02-09,372,1
PO0007227,2024-02-09,1272,14
PO0007228,2024-02-09,216,1
PO0007229,2024-02-09,480,13
PO0007232,2024-02-09,438,2
PO0007244,2024-02-09,672,11
PO0007251,2024-02-09,118,2
PO0007254,2024-02-09,1032,21
PO0007261,2024-02-09,312,0
PO0007271,2024-02-09,576,2
PO0007273,2024-02-09,996,7
PO0007275,2024-02-09,1104,4
PO0007010,2024-02-10,636,10
PO0007129,2024-02-10,426,4
PO0007138,2024-02-10,1236,25
PO0007146,2024-02-10,4320,49
PO0007188,2024-02-10,936,17
PO0007195,2024-02-10,120,3
PO0007198,2024-02-10,1200,65
PO0007203,2024-02-10,504,8
PO0007210,2024-02-10,96,4
PO0007214,2024-02-10,846,13
PO0007219,2024-02-10,312,4
PO0007232,2024-02-10,438,0
PO0007233,2024-02-10,168,0
PO0007236,2024-02-10,3180,24
PO0007241,2024-02-10,240,1
PO0007245,2024-02-10,360,1
PO0007248,2024-02-10,288,3
PO0007251,2024-02-10,119,2
PO0007253,2024-02-10,222,2
PO0007256,2024-02-10,2736,53
PO0007257,2024-02-10,362,6
PO0007260,2024-02-10,1248,6
PO0007262,2024-02-10,1032,5
PO0007263,2024-02-10,360,8
PO0007264,2024-02-10,744,8
PO0007265,2024-02-10,336,5
PO0007266,2024-02-10,1332,19
PO0007267,2024-02-10,384,2
PO0007276,2024-02-10,2208,19
PO0007277,2024-02-10,576,10
PO0007166,2024-02-11,1536,12
PO0007212,2024-02-11,1242,14
PO0007252,2024-02-11,1980,22
PO0007269,2024-02-11,582,14
PO0007274,2024-02-11,792,17
PO0007278,2024-02-11,1080,15
PO0007279,2024-02-11,414,2
PO0007280,2024-02-11,864,23
PO0007284,2024-02-11,990,12
PO0007285,2024-02-11,1264,26
PO0007290,2024-02-11,474,6
PO0007291,2024-02-11,2784,144
PO0007292,2024-02-11,1344,23
PO0007294,2024-02-11,210,1
PO0007300,2024-02-11,444,14
PO0007310,2024-02-11,792,3
PO0007321,2024-02-11,996,4
PO0007323,2024-02-11,144,3
PO0006984,2024-02-12,624,12
PO0007213,2024-02-12,1776,17
PO0007261,2024-02-12,312,2
PO0007273,2024-02-12,996,14
PO0007287,2024-02-12,624,5
PO0007289,2024-02-12,2016,5
PO0007294,2024-02-12,210,1
PO0007296,2024-02-12,3478,24
PO0007297,2024-02-12,2892,25
PO0007298,2024-02-12,96,3
PO0007301,2024-02-12,2184,19
PO0007302,2024-02-12,792,14
PO0007303,2024-02-12,240,17
PO0007304,2024-02-12,48,0
PO0007305,2024-02-12,384,9
PO0007307,2024-02-12,1464,9
PO0007309,2024-02-12,600,4
PO0007312,2024-02-12,2760,27
PO0007313,2024-02-12,816,11
PO0007315,2024-02-12,1776,35
PO0007316,2024-02-12,804,7
PO0007327,2024-02-12,714,2
PO0007333,2024-02-12,492,8
PO0007337,2024-02-12,1380,25
PO0007355,2024-02-12,1056,5
PO0006923,2024-02-13,2616,56
PO0007124,2024-02-13,912,30
PO0007131,2024-02-13,108,2
PO0007139,2024-02-13,480,4
PO0007271,2024-02-13,576,1
PO0007281,2024-02-13,1386,10
PO0007283,2024-02-13,456,0
PO0007286,2024-02-13,1536,20
PO0007288,2024-02-13,840,13
PO0007293,2024-02-13,1290,12
PO0007295,2024-02-13,3312,39
PO0007298,2024-02-13,96,2
PO0007320,2024-02-13,528,2
PO0007323,2024-02-13,144,3
PO0007324,2024-02-13,150,3
PO0007325,2024-02-13,2112,47
PO0007326,2024-02-13,171,4
PO0007329,2024-02-13,393,0
PO0007330,2024-02-13,672,8
PO0007332,2024-02-13,396,5
PO0007339,2024-02-13,1296,32
PO0007340,2024-02-13,150,2
PO0007342,2024-02-13,240,3
PO0007344,2024-02-13,552,1
PO0007351,2024-02-13,996,18
PO0007358,2024-02-13,102,2
PO0007359,2024-02-13,192,7
PO0007367,2024-02-13,960,13
PO0007368,2024-02-13,624,1
PO0007061,2024-02-14,1152,14
PO0007199,2024-02-14,1104,8
PO0007269,2024-02-14,582,15
PO0007270,2024-02-14,582,7
PO0007272,2024-02-14,606,4
PO0007282,2024-02-14,3408,47
PO0007306,2024-02-14,576,2
PO0007308,2024-02-14,1236,13
PO0007311,2024-02-14,1152,12
PO0007314,2024-02-14,1020,22
PO0007318,2024-02-14,2172,8
PO0007319,2024-02-14,1206,8
PO0007322,2024-02-14,960,19
PO0007328,2024-02-14,306,1
PO0007331,2024-02-14,816,44
PO0007334,2024-02-14,2736,30
PO0007335,2024-02-14,5280,111
PO0007336,2024-02-14,804,14
PO0007338,2024-02-14,2160,9
PO0007340,2024-02-14,150,3
PO0007341,2024-02-14,144,1
PO0007347,2024-02-14,192,3
PO0007348,2024-02-14,312,6
PO0007349,2024-02-14,216,0
PO0007354,2024-02-14,1350,23
PO0007361,2024-02-14,432,6
PO0007363,2024-02-14,240,3
PO0007369,2024-02-14,192,0
PO0007376,2024-02-14,1080,18
PO0007377,2024-02-14,1362,59
PO0007381,2024-02-14,396,2
PO0007383,2024-02-14,1200,5
PO0007384,2024-02-14,192,3
PO0007388,2024-02-14,456,4
PO0007389,2024-02-14,2496,26
PO0007390,2024-02-14,3630,60
PO0007397,2024-02-14,384,21
PO0007149,2024-02-15,5448,121
PO0007268,2024-02-15,1500,22
PO0007345,2024-02-15,294,4
PO0007346,2024-02-15,1266,7
PO0007350,2024-02-15,1080,16
PO0007353,2024-02-15,852,58
PO0007355,2024-02-15,1056,3
PO0007358,2024-02-15,102,1
PO0007360,2024-02-15,792,4
PO0007362,2024-02-15,1008,25
PO0007364,2024-02-15,1140,7
PO0007365,2024-02-15,600,4
PO0007370,2024-02-15,798,1
PO0007372,2024-02-15,2780,37
PO0007373,2024-02-15,1776,24
PO0007374,2024-02-15,846,3
PO0007380,2024-02-15,672,11
PO0007382,2024-02-15,4416,16
PO0007386,2024-02-15,852,22
PO0007391,2024-02-15,516,10
PO0007392,2024-02-15,384,7
PO0007400,2024-02-15,55,2
PO0007401,2024-02-15,3534,30
PO0007404,2024-02-15,930,16
PO0007407,2024-02-15,1512,11
PO0007408,2024-02-15,1104,17
PO0007409,2024-02-15,336,2
PO0007411,2024-02-15,156,4
PO0007428,2024-02-15,528,3
PO0007057,2024-02-16,1752,47
PO0007124,2024-02-16,912,32
PO0007303,2024-02-16,240,12
PO0007317,2024-02-16,2304,42
PO0007326,2024-02-16,171,2
PO0007352,2024-02-16,2544,118
PO0007371,2024-02-16,978,6
PO0007375,2024-02-16,2520,25
PO0007379,2024-02-16,216,2
PO0007387,2024-02-16,900,19
PO0007393,2024-02-16,1866,24
PO0007395,2024-02-16,312,0
PO0007398,2024-02-16,288,4
PO0007400,2024-02-16,55,1
PO0007402,2024-02-16,408,1
PO0007404,2024-02-16,930,19
PO0007407,2024-02-16,1512,8
PO0007412,2024-02-16,600,3
PO0007413,2024-02-16,432,12
PO0007414,2024-02-16,848,11
PO0007415,2024-02-16,1872,90
PO0007427,2024-02-16,432,14
PO0007343,2024-02-17,576,7
PO0007349,2024-02-17,216,2
PO0007403,2024-02-17,444,3
PO0007406,2024-02-17,3528,48
PO0007410,2024-02-17,2076,28
PO0007411,2024-02-17,156,0
PO0007416,2024-02-17,2256,18
PO0007421,2024-02-17,558,11
PO0007422,2024-02-17,3456,162
PO0007424,2024-02-17,210,4
PO0007425,2024-02-17,444,2
PO0007430,2024-02-17,1380,25
PO0007431,2024-02-17,840,18
PO0007432,2024-02-17,144,1
PO0007439,2024-02-17,4368,61
PO0007452,2024-02-17,780,10
PO0007299,2024-02-18,384,10
PO0007341,2024-02-18,144,0
PO0007365,2024-02-18,600,5
PO0007374,2024-02-18,846,5
PO0007385,2024-02-18,1080,10
PO0007418,2024-02-18,2256,27
PO0007420,2024-02-18,240,4
PO0007423,2024-02-18,312,2
PO0007426,2024-02-18,336,3
PO0007432,2024-02-18,144,3
PO0007433,2024-02-18,252,4
PO0007434,2024-02-18,1392,9
PO0007436,2024-02-18,594,11
PO0007443,2024-02-18,2448,9
PO0007446,2024-02-18,852,11
PO0007447,2024-02-18,336,3
PO0007450,2024-02-18,804,7
PO0007455,2024-02-18,576,26
PO0007456,2024-02-18,1008,11
PO0007458,2024-02-18,1344,7
PO0007459,2024-02-18,153,2
PO0007475,2024-02-18,1680,10
PO0007484,2024-02-18,4368,18
PO0007485,2024-02-18,756,12
PO0007491,2024-02-18,324,8
PO0007366,2024-02-19,120,0
PO0007392,2024-02-19,384,4
PO0007419,2024-02-19,1896,14
PO0007433,2024-02-19,252,3
PO0007437,2024-02-19,377,2
PO0007441,2024-02-19,768,8
PO0007442,2024-02-19,738,7
PO0007448,2024-02-19,264,1
PO0007451,2024-02-19,1200,3
PO0007453,2024-02-19,960,7
PO0007454,2024-02-19,816,8
PO0007457,2024-02-19,1668,19
PO0007460,2024-02-19,1512,26
PO0007463,2024-02-19,300,2
PO0007468,2024-02-19,3396,48
PO0007470,2024-02-19,528,14
PO0007472,2024-02-19,144,0
PO0007477,2024-02-19,4080,105
PO0007482,2024-02-19,2334,19
PO0007486,2024-02-19,2640,128
PO0007488,2024-02-19,864,12
PO0007490,2024-02-19,442,5
PO0007492,2024-02-19,348,4
PO0007503,2024-02-19,768,5
PO0007508,2024-02-19,240,2
PO0007517,2024-02-19,486,0
PO0007405,2024-02-20,216,5
PO0007435,2024-02-20,204,0
PO0007440,2024-02-20,3984,35
PO0007444,2024-02-20,4800,45
PO0007445,2024-02-20,1203,25
PO0007459,2024-02-20,153,0
PO0007464,2024-02-20,416,2
PO0007465,2024-02-20,438,7
PO0007466,2024-02-20,432,5
PO0007471,2024-02-20,540,29
PO0007474,2024-02-20,1020,4
PO0007475,2024-02-20,1680,16
PO0007476,2024-02-20,552,3
PO0007479,2024-02-20,984,11
PO0007487,2024-02-20,924,47
PO0007490,2024-02-20,442,7
PO0007502,2024-02-20,336,7
PO0007513,2024-02-20,174,0
PO0007515,2024-02-20,768,5
PO0007516,2024-02-20,2346,20
PO0007522,2024-02-20,1344,5
PO0007529,2024-02-20,174,0
PO0007540,2024-02-20,612,2
PO0007356,2024-02-21,1032,3
PO0007396,2024-02-21,360,1
PO0007399,2024-02-21,1344,24
PO0007424,2024-02-21,210,1
PO0007445,2024-02-21,1203,24
PO0007461,2024-02-21,654,5
PO0007462,2024-02-21,2272,56
PO0007467,2024-02-21,432,4
PO0007469,2024-02-21,3552,32
PO0007471,2024-02-21,540,30
PO0007473,2024-02-21,1128,9
PO0007478,2024-02-21,432,4
PO0007481,2024-02-21,1104,15
PO0007489,2024-02-21,3000,34
PO0007495,2024-02-21,1500,33
PO0007502,2024-02-21,336,3
PO0007506,2024-02-21,465,3
PO0007509,2024-02-21,360,0
PO0007510,2024-02-21,816,7
PO0007519,2024-02-21,504,4
PO0007521,2024-02-21,528,3
PO0007523,2024-02-21,309,2
PO0007531,2024-02-21,840,13
PO0007535,2024-02-21,192,4
PO0007539,2024-02-21,996,10
PO0007541,2024-02-21,1179,9
PO0007546,2024-02-21,480,4
PO0007563,2024-02-21,732,9
PO0007357,2024-02-22,582,2
PO0007378,2024-02-22,912,9
PO0007423,2024-02-22,312,1
PO0007429,2024-02-22,330,3
PO0007437,2024-02-22,377,5
PO0007493,2024-02-22,2205,19
PO0007494,2024-02-22,588,10
PO0007497,2024-02-22,168,0
PO0007499,2024-02-22,2082,11
PO0007500,2024-02-22,822,7
PO0007506,2024-02-22,465,3
PO0007507,2024-02-22,408,11
PO0007511,2024-02-22,252,3
PO0007512,2024-02-22,1097,21
PO0007514,2024-02-22,180,6
PO0007524,2024-02-22,6264,66
PO0007532,2024-02-22,2124,26
PO0007534,2024-02-22,360,4
PO0007543,2024-02-22,576,5
PO0007548,2024-02-22,1332,14
PO0007551,2024-02-22,1152,7
PO0007554,2024-02-22,1728,15
PO0007557,2024-02-22,528,17
PO0007559,2024-02-22,594,11
PO0007564,2024-02-22,1854,27
PO0007568,2024-02-22,1200,19
PO0007575,2024-02-22,612,0
PO0007591,2024-02-22,324,3
PO0007438,2024-02-23,117,1
PO0007505,2024-02-23,1800,32
PO0007513,2024-02-23,174,0
PO0007525,2024-02-23,294,1
PO0007526,2024-02-23,2652,26
PO0007527,2024-02-23,1356,24
PO0007530,2024-02-23,672,4
PO0007533,2024-02-23,1164,17
PO0007536,2024-02-23,996,2
PO0007537,2024-02-23,1848,20
PO0007538,2024-02-23,720,10
PO0007542,2024-02-23,888,4
PO0007544,2024-02-23,140,3
PO0007549,2024-02-23,2784,29
PO0007550,2024-02-23,3540,79
PO0007560,2024-02-23,2220,30
PO0007562,2024-02-23,294,2
PO0007577,2024-02-23,912,14
PO0007579,2024-02-23,1824,90
PO0007587,2024-02-23,648,3
PO0007589,2024-02-23,1344,26
PO0007592,2024-02-23,192,2
PO0007394,2024-02-24,240,6
PO0007449,2024-02-24,240,3
PO0007480,2024-02-24,3084,52
PO0007493,2024-02-24,2205,13
PO0007500,2024-02-24,822,5
PO0007526,2024-02-24,2652,27
PO0007529,2024-02-24,174,1
PO0007538,2024-02-24,720,6
PO0007541,2024-02-24,1179,18
PO0007553,2024-02-24,288,2
PO0007558,2024-02-24,1716,21
PO0007561,2024-02-24,156,1
PO0007565,2024-02-24,672,18
PO0007571,2024-02-24,768,14
PO0007576,2024-02-24,438,1
PO0007578,2024-02-24,6588,131
PO0007580,2024-02-24,4632,54
PO0007582,2024-02-24,600,3
PO0007584,2024-02-24,564,2
PO0007585,2024-02-24,2160,28
PO0007593,2024-02-24,1116,6
PO0007594,2024-02-24,546,4
PO0007595,2024-02-24,144,2
PO0007609,2024-02-24,1152,17
PO0007429,2024-02-25,330,7
PO0007520,2024-02-25,900,16
PO0007523,2024-02-25,309,1
PO0007556,2024-02-25,486,6
PO0007569,2024-02-25,528,3
PO0007570,2024-02-25,2928,73
PO0007573,2024-02-25,672,16
PO0007574,2024-02-25,5088,68
PO0007581,2024-02-25,1092,3
PO0007583,2024-02-25,798,11
PO0007588,2024-02-25,96,1
PO0007590,2024-02-25,1308,27
PO0007594,2024-02-25,546,6
PO0007602,2024-02-25,336,1
PO0007605,2024-02-25,180,2
PO0007607,2024-02-25,3984,76
PO0007613,2024-02-25,2208,44
PO0007614,2024-02-25,2640,18
PO0007625,2024-02-25,3696,75
PO0007627,2024-02-25,1488,6
PO0007633,2024-02-25,912,8
PO0007504,2024-02-26,3624,27
PO0007507,2024-02-26,408,8
PO0007525,2024-02-26,294,3
PO0007561,2024-02-26,156,3
PO0007583,2024-02-26,798,9
PO0007599,2024-02-26,1488,8
PO0007601,2024-02-26,3288,24
PO0007604,2024-02-26,249,5
PO0007605,2024-02-26,180,5
PO0007608,2024-02-26,4776,46
PO0007610,2024-02-26,4290,46
PO0007615,2024-02-26,2376,17
PO0007621,2024-02-26,450,3
PO0007623,2024-02-26,2052,42
PO0007632,2024-02-26,864,14
PO0007639,2024-02-26,912,21
PO0007641,2024-02-26,1296,8
PO0007642,2024-02-26,252,0
PO0007645,2024-02-26,1200,16
PO0007650,2024-02-26,4440,42
PO0007656,2024-02-26,2424,15
PO0007658,2024-02-26,2640,35
PO0007660,2024-02-26,480,13
PO0007662,2024-02-26,1062,12
PO0007663,2024-02-26,1554,10
PO0007665,2024-02-26,3024,28
PO0007666,2024-02-26,2028,18
PO0007676,2024-02-26,1452,14
PO0007687,2024-02-26,411,5
PO0007702,2024-02-26,930,1
PO0007483,2024-02-27,1752,25
PO0007501,2024-02-27,611,7
PO0007518,2024-02-27,984,7
PO0007528,2024-02-27,2616,34
PO0007547,2024-02-27,816,4
PO0007567,2024-02-27,960,11
PO0007572,2024-02-27,1308,19
PO0007596,2024-02-27,2211,22
PO0007597,2024-02-27,1158,7
PO0007598,2024-02-27,1296,13
PO0007600,2024-02-27,608,7
PO0007606,2024-02-27,1512,14
PO0007612,2024-02-27,1692,14
PO0007616,2024-02-27,768,20
PO0007617,2024-02-27,816,16
PO0007619,2024-02-27,144,5
PO0007622,2024-02-27,4332,18
PO0007626,2024-02-27,3480,33
PO0007629,2024-02-27,432,6
PO0007631,2024-02-27,804,12
PO0007634,2024-02-27,756,14
PO0007640,2024-02-27,2688,30
PO0007647,2024-02-27,1128,16
PO0007648,2024-02-27,246,2
PO0007649,2024-02-27,1800,28
PO0007653,2024-02-27,756,15
PO0007657,2024-02-27,1356,4
PO0007669,2024-02-27,84,0
PO0007671,2024-02-27,2532,12
PO0007672,2024-02-27,6096,47
PO0007678,2024-02-27,1656,19
PO0007683,2024-02-27,1026,21
PO0007690,2024-02-27,1080,15
PO0007693,2024-02-27,372,6
PO0007697,2024-02-27,1728,8
PO0007698,2024-02-27,336,9
PO0007700,2024-02-27,420,3
PO0007705,2024-02-27,996,13
PO0007731,2024-02-27,144,2
PO0007498,2024-02-28,2052,48
PO0007572,2024-02-28,1308,17
PO0007576,2024-02-28,438,6
PO0007611,2024-02-28,1026,17
PO0007624,2024-02-28,1824,49
PO0007633,2024-02-28,912,15
PO0007635,2024-02-28,1944,29
PO0007636,2024-02-28,1092,15
PO0007637,2024-02-28,408,4
PO0007638,2024-02-28,2010,20
PO0007642,2024-02-28,252,0
PO0007643,2024-02-28,912,2
PO0007644,2024-02-28,1512,10
PO0007646,2024-02-28,282,2
PO0007648,2024-02-28,246,2
PO0007651,2024-02-28,1944,17
PO0007654,2024-02-28,2025,20
PO0007655,2024-02-28,864,17
PO0007659,2024-02-28,2232,12
PO0007661,2024-02-28,1200,5
PO0007667,2024-02-28,792,6
PO0007673,2024-02-28,504,12
PO0007675,2024-02-28,1008,14
PO0007677,2024-02-28,816,8
PO0007680,2024-02-28,1872,94
PO0007682,2024-02-28,2136,12
PO0007694,2024-02-28,2928,20
PO0007696,2024-02-28,408,7
PO0007704,2024-02-28,1152,10
PO0007707,2024-02-28,2784,22
PO0007710,2024-02-28,1416,13
PO0007714,2024-02-28,1008,30
PO0007727,2024-02-28,186,0
PO0007728,2024-02-28,1332,4
PO0007732,2024-02-28,210,0
PO0007740,2024-02-28,624,3
PO0007757,2024-02-28,264,5
PO0007496,2024-02-29,180,4
PO0007552,2024-02-29,1824,17
PO0007555,2024-02-29,576,10
PO0007596,2024-02-29,2211,18
PO0007644,2024-02-29,1512,16
PO0007654,2024-02-29,2025,15
PO0007674,2024-02-29,2712,58
PO0007679,2024-02-29,1800,10
PO0007681,2024-02-29,720,44
PO0007685,2024-02-29,240,9
PO0007687,2024-02-29,411,2
PO0007688,2024-02-29,1632,77
PO0007691,2024-02-29,642,17
PO0007695,2024-02-29,546,3
PO0007703,2024-02-29,222,2
PO0007706,2024-02-29,456,2
PO0007708,2024-02-29,1680,18
PO0007715,2024-02-29,3792,46
PO0007717,2024-02-29,1536,6
PO0007718,2024-02-29,1248,19
PO0007722,2024-02-29,1470,16
PO0007726,2024-02-29,3024,22
PO0007729,2024-02-29,252,4
PO0007738,2024-02-29,672,13
PO0007739,2024-02-29,912,29
PO0007746,2024-02-29,3840,21
PO0007748,2024-02-29,528,7
PO0007751,2024-02-29,5028,112
PO0007756,2024-02-29,192,1
PO0007765,2024-02-29,630,1
PO0007779,2024-02-29,444,4
PO0007600,2024-03-01,608,5
PO0007630,2024-03-01,1410,20
PO0007668,2024-03-01,420,4
PO0007683,2024-03-01,1026,22
PO0007691,2024-03-01,642,13
PO0007692,2024-03-01,648,7
PO0007699,2024-03-01,576,3
PO0007711,2024-03-01,726,3
PO0007713,2024-03-01,1074,5
PO0007716,2024-03-01,1284,5
PO0007723,2024-03-01,672,16
PO0007724,2024-03-01,288,2
PO0007725,2024-03-01,840,3
PO0007727,2024-03-01,186,1
PO0007730,2024-03-01,171,1
PO0007733,2024-03-01,1536,32
PO0007734,2024-03-01,2976,10
PO0007741,2024-03-01,4896,12
PO0007743,2024-03-01,375,3
PO0007744,2024-03-01,1116,21
PO0007747,2024-03-01,516,4
PO0007749,2024-03-01,300,3
PO0007750,2024-03-01,696,11
PO0007752,2024-03-01,1104,35
PO0007753,2024-03-01,48,0
PO0007754,2024-03-01,288,1
PO0007759,2024-03-01,480,5
PO0007771,2024-03-01,5424,64
PO0007776,2024-03-01,2208,33
PO0007778,2024-03-01,456,3
PO0007789,2024-03-01,1494,13
PO0007790,2024-03-01,546,6
PO0007792,2024-03-01,198,0
PO0007620,2024-03-02,492,2
PO0007652,2024-03-02,432,5
PO0007701,2024-03-02,240,3
PO0007721,2024-03-02,624,10
PO0007734,2024-03-02,2976,11
PO0007735,2024-03-02,1224,13
PO0007737,2024-03-02,312,6
PO0007742,2024-03-02,4368,49
PO0007745,2024-03-02,744,43
PO0007754,2024-03-02,288,6
PO0007758,2024-03-02,348,5
PO0007762,2024-03-02,528,6
PO0007766,2024-03-02,534,4
PO0007772,2024-03-02,4872,16
PO0007785,2024-03-02,726,10
PO0007793,2024-03-02,2388,12
PO0007802,2024-03-02,576,2
PO0007807,2024-03-02,816,4
PO0007814,2024-03-02,720,8
PO0007417,2024-03-03,768,8
PO0007586,2024-03-03,696,1
PO0007664,2024-03-03,450,2
PO0007686,2024-03-03,144,0
PO0007695,2024-03-03,546,7
PO0007701,2024-03-03,240,3
PO0007703,2024-03-03,222,4
PO0007713,2024-03-03,1074,1
PO0007722,2024-03-03,1470,11
PO0007760,2024-03-03,3636,27
PO0007763,2024-03-03,360,3
PO0007767,2024-03-03,816,26
PO0007768,2024-03-03,576,14
PO0007774,2024-03-03,336,1
PO0007775,2024-03-03,1524,24
PO0007777,2024-03-03,420,25
PO0007780,2024-03-03,1056,10
PO0007782,2024-03-03,624,14
PO0007783,2024-03-03,1158,14
PO0007786,2024-03-03,1656,19
PO0007787,2024-03-03,144,1
PO0007794,2024-03-03,1274,13
PO0007796,2024-03-03,233,5
PO0007797,2024-03-03,3024,35
PO0007808,2024-03-03,972,21
PO0007812,2024-03-03,270,1
PO0007813,2024-03-03,960,43
PO0007829,2024-03-03,960,13
PO0007835,2024-03-03,439,3
PO0007603,2024-03-04,1008,23
PO0007689,2024-03-04,816,15
PO0007719,2024-03-04,264,3
PO0007730,2024-03-04,171,2
PO0007743,2024-03-04,375,7
PO0007761,2024-03-04,1752,6
PO0007799,2024-03-04,1248,15
PO0007801,2024-03-04,648,3
PO0007803,2024-03-04,2220,52
PO0007804,2024-03-04,996,12
PO0007810,2024-03-04,684,5
PO0007817,2024-03-04,1656,16
PO0007824,2024-03-04,312,3
PO0007825,2024-03-04,3984,26
PO0007826,2024-03-04,132,6
PO0007831,2024-03-04,1647,15
PO0007838,2024-03-04,180,0
PO0007841,2024-03-04,600,5
PO0007842,2024-03-04,72,2
PO0007843,2024-03-04,2088,49
PO0007847,2024-03-04,240,6
PO0007618,2024-03-05,384,4
PO0007630,2024-03-05,1410,13
PO0007781,2024-03-05,4032,38
PO0007795,2024-03-05,2838,16
PO0007798,2024-03-05,798,11
PO0007800,2024-03-05,264,3
PO0007806,2024-03-05,2052,20
PO0007810,2024-03-05,684,4
PO0007811,2024-03-05,384,6
PO0007813,2024-03-05,960,43
PO0007815,2024-03-05,528,4
PO0007816,2024-03-05,1080,16
PO0007818,2024-03-05,708,4
PO0007823,2024-03-05,2136,49
PO0007824,2024-03-05,312,3
PO0007826,2024-03-05,132,9
PO0007828,2024-03-05,168,2
PO0007830,2024-03-05,480,17
PO0007834,2024-03-05,447,0
PO0007836,2024-03-05,912,18
PO0007839,2024-03-05,672,13
PO0007845,2024-03-05,564,28
PO0007848,2024-03-05,432,5
PO0007849,2024-03-05,468,23
PO0007854,2024-03-05,1752,13
PO0007855,2024-03-05,624,7
PO0007856,2024-03-05,2016,10
PO0007857,2024-03-05,168,3
PO0007860,2024-03-05,4752,30
PO0007862,2024-03-05,165,1
PO0007866,2024-03-05,144,2
PO0007870,2024-03-05,348,4
PO0007873,2024-03-05,1344,22
PO0007874,2024-03-05,384,4
PO0007880,2024-03-05,534,8
PO0007889,2024-03-05,1056,15
PO0007545,2024-03-06,102,1
PO0007586,2024-03-06,696,2
PO0007628,2024-03-06,192,2
PO0007670,2024-03-06,672,5
PO0007709,2024-03-06,1417,24
PO0007712,2024-03-06,744,3
PO0007755,2024-03-06,1950,14
PO0007764,2024-03-06,3240,33
PO0007766,2024-03-06,534,2
PO0007769,2024-03-06,960,14
PO0007777,2024-03-06,420,23
PO0007795,2024-03-06,2838,18
PO0007819,2024-03-06,1200,14
PO0007820,2024-03-06,672,9
PO0007821,2024-03-06,2664,12
PO0007827,2024-03-06,210,2
PO0007831,2024-03-06,1647,17
PO0007833,2024-03-06,1026,0
PO0007842,2024-03-06,72,0
PO0007844,2024-03-06,672,5
PO0007850,2024-03-06,774,3
PO0007853,2024-03-06,4728,53
PO0007863,2024-03-06,816,13
PO0007869,2024-03-06,1368,3
PO0007872,2024-03-06,3120,13
PO0007877,2024-03-06,567,2
PO0007882,2024-03-06,1560,12
PO0007883,2024-03-06,888,18
PO0007885,2024-03-06,336,6
PO0007886,2024-03-06,912,11
PO0007887,2024-03-06,912,8
PO0007890,2024-03-06,600,11
PO0007892,2024-03-06,336,2
PO0007896,2024-03-06,1487,10
PO0007921,2024-03-06,552,4
PO0007719,2024-03-07,264,1
PO0007851,2024-03-07,405,0
PO0007852,2024-03-07,816,13
PO0007858,2024-03-07,246,7
PO0007859,2024-03-07,240,0
PO0007861,2024-03-07,330,12
PO0007862,2024-03-07,165,4
PO0007865,2024-03-07,864,4
PO0007866,2024-03-07,144,0
PO0007867,2024-03-07,252,1
PO0007868,2024-03-07,1368,13
PO0007874,2024-03-07,384,0
PO0007875,2024-03-07,234,3
PO0007876,2024-03-07,456,6
PO0007891,2024-03-07,684,1
PO0007893,2024-03-07,528,3
PO0007894,2024-03-07,72,0
PO0007897,2024-03-07,192,0
PO0007898,2024-03-07,192,6
PO0007899,2024-03-07,1296,31
PO0007901,2024-03-07,240,0
PO0007917,2024-03-07,600,1
PO0007922,2024-03-07,564,32
PO0007927,2024-03-07,456,9
PO0007931,2024-03-07,456,1
PO0007773,2024-03-08,1632,14
PO0007788,2024-03-08,786,9
PO0007809,2024-03-08,336,9
PO0007833,2024-03-08,1026,4
PO0007837,2024-03-08,240,1
PO0007878,2024-03-08,756,15
PO0007879,2024-03-08,2256,48
PO0007881,2024-03-08,2316,36
PO0007888,2024-03-08,1872,8
PO0007897,2024-03-08,192,0
PO0007904,2024-03-08,432,0
PO0007905,2024-03-08,912,5
PO0007907,2024-03-08,1140,17
PO0007909,2024-03-08,1440,4
PO0007913,2024-03-08,1026,2
PO0007918,2024-03-08,1776,16
PO0007919,2024-03-08,240,0
PO0007925,2024-03-08,2556,38
PO0007929,2024-03-08,1104,12
PO0007545,2024-03-09,102,1
PO0007684,2024-03-09,432,8
PO0007712,2024-03-09,744,4
PO0007720,2024-03-09,486,2
PO0007770,2024-03-09,2706,50
PO0007784,2024-03-09,606,3
PO0007834,2024-03-09,447,2
PO0007840,2024-03-09,408,7
PO0007858,2024-03-09,246,3
PO0007859,2024-03-09,240,1
PO0007861,2024-03-09,330,8
PO0007877,2024-03-09,567,1
PO0007900,2024-03-09,168,1
PO0007902,2024-03-09,972,20
PO0007903,2024-03-09,115,3
PO0007906,2024-03-09,1569,23
PO0007910,2024-03-09,624,25
PO0007911,2024-03-09,240,0
PO0007920,2024-03-09,204,2
PO0007923,2024-03-09,2304,23
PO0007924,2024-03-09,432,10
PO0007928,2024-03-09,1368,16
PO0007930,2024-03-09,816,6
PO0007932,2024-03-09,624,4
PO0007933,2024-03-09,4080,46
PO0007935,2024-03-09,1164,11
PO0007938,2024-03-09,168,1
PO0007736,2024-03-10,906,5
PO0007822,2024-03-10,1200,31
PO0007827,2024-03-10,210,3
PO0007902,2024-03-10,972,13
PO0007926,2024-03-10,1338,7
PO0007936,2024-03-10,1207,10
PO0007937,2024-03-10,708,7
PO0007940,2024-03-10,1320,11
PO0007942,2024-03-10,984,13
PO0007950,2024-03-10,1297,12
PO0007951,2024-03-10,288,3
PO0007958,2024-03-10,984,2
PO0007971,2024-03-10,1386,17
PO0007851,2024-03-11,405,0
PO0007894,2024-03-11,72,0
PO0007914,2024-03-11,720,6
PO0007939,2024-03-11,1296,20
PO0007949,2024-03-11,564,6
PO0007952,2024-03-11,672,9
PO0007953,2024-03-11,2496,129
PO0007955,2024-03-11,192,0
PO0007959,2024-03-11,852,10
PO0007960,2024-03-11,144,0
PO0007969,2024-03-11,288,1
PO0007970,2024-03-11,3606,40
PO0007972,2024-03-11,3120,25
PO0007973,2024-03-11,5328,99
PO0007974,2024-03-11,1056,15
PO0007975,2024-03-11,348,5
PO0007980,2024-03-11,480,10
PO0007984,2024-03-11,219,1
PO0007987,2024-03-11,912,14
PO0007991,2024-03-11,948,18
PO0007993,2024-03-11,432,13
PO0008019,2024-03-11,2292,20
PO0007566,2024-03-12,663,17
PO0007791,2024-03-12,491,3
PO0007846,2024-03-12,768,7
PO0007864,2024-03-12,2904,35
PO0007906,2024-03-12,1569,6
PO0007910,2024-03-12,624,30
PO0007915,2024-03-12,588,10
PO0007934,2024-03-12,240,9
PO0007941,2024-03-12,2976,122
PO0007943,2024-03-12,912,6
PO0007944,2024-03-12,1548,27
PO0007945,2024-03-12,288,5
PO0007946,2024-03-12,534,2
PO0007947,2024-03-12,1950,17
PO0007948,2024-03-12,336,2
PO0007956,2024-03-12,1260,21
PO0007957,2024-03-12,720,3
PO0007961,2024-03-12,325,3
PO0007963,2024-03-12,948,8
PO0007964,2024-03-12,330,1
PO0007965,2024-03-12,2100,30
PO0007966,2024-03-12,5112,55
PO0007967,2024-03-12,648,16
PO0007968,2024-03-12,1332,24
PO0007971,2024-03-12,1386,25
PO0007976,2024-03-12,468,4
PO0007983,2024-03-12,1032,8
PO0007985,2024-03-12,504,8
PO0007986,2024-03-12,3768,44
PO0007988,2024-03-12,684,8
PO0007990,2024-03-12,816,9
PO0007996,2024-03-12,816,4
PO0007998,2024-03-12,725,24
PO0008001,2024-03-12,1215,4
PO0008002,2024-03-12,1968,46
PO0008004,2024-03-12,528,5
PO0008008,2024-03-12,331,5
PO0008012,2024-03-12,66,0
PO0008015,2024-03-12,264,1
PO0008016,2024-03-12,192,1
PO0008018,2024-03-12,312,5
PO0008020,2024-03-12,576,8
PO0008028,2024-03-12,3408,53
PO0007791,2024-03-13,492,10
PO0007832,2024-03-13,1056,10
PO0007920,2024-03-13,204,1
PO0007942,2024-03-13,984,15
PO0007962,2024-03-13,408,3
PO0007981,2024-03-13,1704,20
PO0007982,2024-03-13,306,2
PO0007995,2024-03-13,180,4
PO0007999,2024-03-13,162,2
PO0008005,2024-03-13,1200,13
PO0008006,2024-03-13,144,3
PO0008009,2024-03-13,288,2
PO0008010,2024-03-13,576,6
PO0008012,2024-03-13,66,0
PO0008013,2024-03-13,228,3
PO0008014,2024-03-13,336,2
PO0008021,2024-03-13,447,5
PO0008023,2024-03-13,446,7
PO0008029,2024-03-13,264,1
PO0008031,2024-03-13,372,1
PO0008032,2024-03-13,594,9
PO0008038,2024-03-13,288,4
PO0008047,2024-03-13,438,4
PO0008053,2024-03-13,624,10
PO0008066,2024-03-13,153,0
PO0007566,2024-03-14,663,18
PO0007805,2024-03-14,486,1
PO0007846,2024-03-14,768,9
PO0007884,2024-03-14,228,2
PO0007895,2024-03-14,558,4
PO0007908,2024-03-14,2478,23
PO0007964,2024-03-14,330,3
PO0007988,2024-03-14,684,11
PO0008003,2024-03-14,1392,4
PO0008007,2024-03-14,1008,24
PO0008011,2024-03-14,120,1
PO0008014,2024-03-14,336,5
PO0008017,2024-03-14,492,4
PO0008018,2024-03-14,312,3
PO0008022,2024-03-14,288,5
PO0008025,2024-03-14,444,2
PO0008026,2024-03-14,4614,46
PO0008027,2024-03-14,189,2
PO0008029,2024-03-14,264,5
PO0008033,2024-03-14,540,11
PO0008034,2024-03-14,900,12
PO0008036,2024-03-14,264,1
PO0008037,2024-03-14,1068,16
PO0008039,2024-03-14,2688,117
PO0008043,2024-03-14,2160,20
PO0008044,2024-03-14,1482,23
PO0008048,2024-03-14,5232,112
PO0008054,2024-03-14,264,3
PO0008060,2024-03-14,186,3
PO0008064,2024-03-14,264,3
PO0008067,2024-03-14,222,4
PO0008070,2024-03-14,474,10
PO0008087,2024-03-14,276,2
PO0007912,2024-03-15,384,17
PO0007915,2024-03-15,588,13
PO0007978,2024-03-15,2892,15
PO0007984,2024-03-15,219,1
PO0008006,2024-03-15,144,5
PO0008024,2024-03-15,2610,40
PO0008030,2024-03-15,1260,2
PO0008035,2024-03-15,720,23
PO0008041,2024-03-15,696,5
PO0008042,2024-03-15,276,1
PO0008046,2024-03-15,768,17
PO0008056,2024-03-15,1230,11
PO0008057,2024-03-15,492,3
PO0008066,2024-03-15,153,0
PO0008068,2024-03-15,1296,3
PO0008071,2024-03-15,1104,28
PO0008072,2024-03-15,336,7
PO0008074,2024-03-15,1236,50
PO0008077,2024-03-15,473,4
PO0008088,2024-03-15,1272,8
PO0007916,2024-03-16,336,9
PO0007954,2024-03-16,786,15
PO0007982,2024-03-16,306,5
PO0008022,2024-03-16,288,5
PO0008027,2024-03-16,189,2
PO0008049,2024-03-16,192,1
PO0008050,2024-03-16,840,5
PO0008051,2024-03-16,546,4
PO0008055,2024-03-16,2268,13
PO0008058,2024-03-16,1680,54
PO0008059,2024-03-16,1380,18
PO0008061,2024-03-16,252,6
PO0008062,2024-03-16,102,2
PO0008069,2024-03-16,186,2
PO0008075,2024-03-16,960,25
PO0008079,2024-03-16,1014,6
PO0008080,2024-03-16,1056,8
PO0008082,2024-03-16,1106,5
PO0008085,2024-03-16,884,9
PO0008086,2024-03-16,456,6
PO0008088,2024-03-16,1272,5
PO0008089,2024-03-16,960,41
PO0007871,2024-03-17,1296,22
PO0008040,2024-03-17,1584,18
PO0008045,2024-03-17,1272,41
PO0008063,2024-03-17,1200,14
PO0008065,2024-03-17,768,5
PO0008073,2024-03-17,628,7
PO0008078,2024-03-17,384,6
PO0008080,2024-03-17,1056,5
PO0008083,2024-03-17,1080,25
PO0008084,2024-03-17,2496,114
PO0008098,2024-03-17,1746,16
PO0008106,2024-03-17,414,1
PO0008109,2024-03-17,570,3
PO0008111,2024-03-17,312,2
PO0007989,2024-03-18,2064,22
PO0007992,2024-03-18,840,11
PO0007997,2024-03-18,864,14
PO0008055,2024-03-18,2268,15
PO0008061,2024-03-18,252,6
PO0008075,2024-03-18,960,23
PO0008076,2024-03-18,360,2
PO0008082,2024-03-18,1106,16
PO0008090,2024-03-18,828,15
PO0008091,2024-03-18,630,9
PO0008100,2024-03-18,192,4
PO0008101,2024-03-18,912,10
PO0008102,2024-03-18,432,1
PO0008103,2024-03-18,816,23
PO0008104,2024-03-18,165,5
PO0008105,2024-03-18,720,15
PO0008107,2024-03-18,1056,59
PO0008113,2024-03-18,240,3
PO0008114,2024-03-18,2328,27
PO0008117,2024-03-18,756,1
PO0008121,2024-03-18,419,2
PO0008125,2024-03-18,384,5
PO0008127,2024-03-18,576,2
PO0008131,2024-03-18,1584,10
PO0008132,2024-03-18,1104,6
PO0008135,2024-03-18,1152,21
PO0008139,2024-03-18,678,3
PO0007979,2024-03-19,216,0
PO0007994,2024-03-19,864,11
PO0008045,2024-03-19,1272,22
PO0008081,2024-03-19,144,1
PO0008092,2024-03-19,1398,6
PO0008093,2024-03-19,936,13
PO0008094,2024-03-19,888,25
PO0008097,2024-03-19,468,8
PO0008098,2024-03-19,1746,13
PO0008099,2024-03-19,756,4
PO0008104,2024-03-19,165,5
PO0008110,2024-03-19,768,18
PO0008112,2024-03-19,414,1
PO0008118,2024-03-19,4236,26
PO0008122,2024-03-19,3408,171
PO0008123,2024-03-19,2376,40
PO0008128,2024-03-19,1248,16
PO0008133,2024-03-19,786,4
PO0008137,2024-03-19,816,19
PO0008142,2024-03-19,1074,1
PO0008144,2024-03-19,816,10
PO0008148,2024-03-19,294,2
PO0008150,2024-03-19,1920,12
PO0008152,2024-03-19,1170,20
PO0008161,2024-03-19,606,7
PO0008164,2024-03-19,948,15
PO0008178,2024-03-19,438,2
PO0008197,2024-03-19,1860,26
PO0008000,2024-03-20,1899,19
PO0008052,2024-03-20,552,8
PO0008081,2024-03-20,144,3
PO0008090,2024-03-20,828,19
PO0008115,2024-03-20,456,0
PO0008116,2024-03-20,2640,65
PO0008120,2024-03-20,1056,17
PO0008124,2024-03-20,360,1
PO0008126,2024-03-20,3060,20
PO0008128,2024-03-20,1248,15
PO0008130,2024-03-20,216,2
PO0008140,2024-03-20,1152,28
PO0008141,2024-03-20,720,1
PO0008143,2024-03-20,4896,38
PO0008146,2024-03-20,1488,23
PO0008147,2024-03-20,180,0
PO0008154,2024-03-20,240,2
PO0008155,2024-03-20,912,6
PO0008157,2024-03-20,3264,42
PO0008158,2024-03-20,192,1
PO0008163,2024-03-20,2484,26
PO0008168,2024-03-20,984,13
PO0008169,2024-03-20,1248,8
PO0008171,2024-03-20,288,4
PO0008173,2024-03-20,2148,30
PO0008175,2024-03-20,180,0
PO0008179,2024-03-20,405,4
PO0008181,2024-03-20,1176,20
PO0008183,2024-03-20,1392,3
PO0008186,2024-03-20,2198,27
PO0008187,2024-03-20,175,0
PO0008189,2024-03-20,456,5
PO0008194,2024-03-20,606,4
PO0008195,2024-03-20,84,0
PO0008196,2024-03-20,432,1
PO0008203,2024-03-20,888,9
PO0008209,2024-03-20,864,10
PO0007871,2024-03-21,1296,23
PO0007977,2024-03-21,1620,34
PO0008101,2024-03-21,912,12
PO0008141,2024-03-21,720,1
PO0008148,2024-03-21,294,3
PO0008149,2024-03-21,840,10
PO0008159,2024-03-21,123,1
PO0008160,2024-03-21,333,2
PO0008166,2024-03-21,276,1
PO0008167,2024-03-21,1824,84
PO0008170,2024-03-21,4416,57
PO0008172,2024-03-21,672,4
PO0008184,2024-03-21,1344,17
PO0008185,2024-03-21,1266,13
PO0008188,2024-03-21,456,5
PO0008190,2024-03-21,1596,20
PO0008195,2024-03-21,84,0
PO0008198,2024-03-21,1296,4
PO0008199,2024-03-21,1392,15
PO0008200,2024-03-21,300,6
PO0008205,2024-03-21,1392,19
PO0008206,2024-03-21,912,13
PO0008212,2024-03-21,2202,22
PO0008213,2024-03-21,324,3
PO0008234,2024-03-21,384,3
PO0008244,2024-03-21,216,1
PO0008119,2024-03-22,864,22
PO0008177,2024-03-22,2334,38
PO0008180,2024-03-22,384,6
PO0008182,2024-03-22,1344,65
PO0008191,2024-03-22,1980,9
PO0008192,2024-03-22,2160,6
PO0008193,2024-03-22,744,26
PO0008204,2024-03-22,216,0
PO0008207,2024-03-22,547,13
PO0008208,2024-03-22,408,1
PO0008214,2024-03-22,138,2
PO0008215,2024-03-22,264,3
PO0008217,2024-03-22,96,3
PO0008221,2024-03-22,216,5
PO0008224,2024-03-22,696,9
PO0008226,2024-03-22,3216,53
PO0008229,2024-03-22,1086,51
PO0008230,2024-03-22,2304,20
PO0008237,2024-03-22,2208,107
PO0008240,2024-03-22,559,12
PO0008241,2024-03-22,2268,28
PO0008243,2024-03-22,1392,30
PO0008245,2024-03-22,528,5
PO0008246,2024-03-22,864,8
PO0007979,2024-03-23,216,1
PO0008095,2024-03-23,2532,34
PO0008134,2024-03-23,624,11
PO0008165,2024-03-23,174,6
PO0008175,2024-03-23,180,1
PO0008179,2024-03-23,405,2
PO0008180,2024-03-23,384,3
PO0008187,2024-03-23,175,0
PO0008210,2024-03-23,3696,76
PO0008211,2024-03-23,240,1
PO0008214,2024-03-23,138,2
PO0008216,2024-03-23,936,12
PO0008220,2024-03-23,624,6
PO0008222,2024-03-23,816,10
PO0008223,2024-03-23,1224,10
PO0008225,2024-03-23,4476,46
PO0008228,2024-03-23,2016,8
PO0008235,2024-03-23,1224,8
PO0008236,2024-03-23,420,7
PO0008239,2024-03-23,3564,15
PO0008108,2024-03-24,3600,40
PO0008160,2024-03-24,333,2
PO0008162,2024-03-24,336,1
PO0008165,2024-03-24,174,6
PO0008176,2024-03-24,1272,15
PO0008218,2024-03-24,2712,18
PO0008231,2024-03-24,2160,45
PO0008233,2024-03-24,656,10
PO0008236,2024-03-24,420,10
PO0008238,2024-03-24,864,3
PO0008249,2024-03-24,2664,22
PO0008251,2024-03-24,5334,56
PO0008252,2024-03-24,1554,19
PO0008254,2024-03-24,240,1
PO0008255,2024-03-24,126,1
PO0008256,2024-03-24,1692,12
PO0008259,2024-03-24,912,27
PO0008263,2024-03-24,1680,18
PO0008264,2024-03-24,1152,11
PO0008266,2024-03-24,1284,21
PO0008269,2024-03-24,600,10
PO0008136,2024-03-25,1176,22
PO0008138,2024-03-25,1284,20
PO0008213,2024-03-25,324,7
PO0008217,2024-03-25,96,5
PO0008232,2024-03-25,744,12
PO0008242,2024-03-25,744,10
PO0008248,2024-03-25,6240,69
PO0008253,2024-03-25,846,11
PO0008258,2024-03-25,726,2
PO0008265,2024-03-25,204,0
PO0008267,2024-03-25,444,3
PO0008268,2024-03-25,414,5
PO0008274,2024-03-25,4542,37
PO0008275,2024-03-25,2040,27
PO0008276,2024-03-25,2958,54
PO0008284,2024-03-25,4929,98
PO0008287,2024-03-25,2544,25
PO0008289,2024-03-25,984,4
PO0008290,2024-03-25,360,0
PO0008294,2024-03-25,528,7
PO0008304,2024-03-25,336,2
PO0008305,2024-03-25,852,17
PO0008309,2024-03-25,240,0
PO0008310,2024-03-25,432,3
PO0008321,2024-03-25,438,0
PO0008348,2024-03-25,234,0
PO0008192,2024-03-26,2160,6
PO0008201,2024-03-26,1308,2
PO0008219,2024-03-26,408,8
PO0008227,2024-03-26,84,2
PO0008250,2024-03-26,1080,17
PO0008257,2024-03-26,288,5
PO0008260,2024-03-26,1212,9
PO0008261,2024-03-26,810,13
PO0008270,2024-03-26,456,5
PO0008271,2024-03-26,210,0
PO0008273,2024-03-26,202,4
PO0008277,2024-03-26,1848,20
PO0008278,2024-03-26,1464,11
PO0008282,2024-03-26,413,3
PO0008283,2024-03-26,1878,9
PO0008288,2024-03-26,456,7
PO0008292,2024-03-26,1152,7
PO0008293,2024-03-26,1272,24
PO0008295,2024-03-26,300,3
PO0008301,2024-03-26,822,13
PO0008302,2024-03-26,288,6
PO0008307,2024-03-26,1056,28
PO0008311,2024-03-26,432,10
PO0008312,2024-03-26,366,10
PO0008314,2024-03-26,3336,18
PO0008315,2024-03-26,744,3
PO0008317,2024-03-26,210,9
PO0008318,2024-03-26,1292,21
PO0008328,2024-03-26,333,4
PO0008329,2024-03-26,2064,26
PO0008330,2024-03-26,714,31
PO0008331,2024-03-26,1680,76
PO0008332,2024-03-26,432,7
PO0008335,2024-03-26,306,1
PO0008336,2024-03-26,3168,28
PO0008340,2024-03-26,1140,9
PO0008344,2024-03-26,381,6
PO0008347,2024-03-26,768,38
PO0008372,2024-03-26,264,1
PO0008129,2024-03-27,1296,21
PO0008261,2024-03-27,810,9
PO0008267,2024-03-27,444,5
PO0008271,2024-03-27,210,0
PO0008272,2024-03-27,2802,9
PO0008279,2024-03-27,2118,20
PO0008285,2024-03-27,2376,37
PO0008286,2024-03-27,1728,22
PO0008296,2024-03-27,519,2
PO0008297,2024-03-27,1368,21
PO0008298,2024-03-27,726,7
PO0008299,2024-03-27,1032,13
PO0008300,2024-03-27,1788,27
PO0008302,2024-03-27,288,1
PO0008303,2024-03-27,1848,33
PO0008306,2024-03-27,414,5
PO0008308,2024-03-27,312,2
PO0008313,2024-03-27,2874,28
PO0008333,2024-03-27,3528,35
PO0008337,2024-03-27,420,6
PO0008341,2024-03-27,576,10
PO0008344,2024-03-27,381,6
PO0008350,2024-03-27,1296,7
PO0008351,2024-03-27,696,9
PO0008352,2024-03-27,1536,8
PO0008353,2024-03-27,1296,9
PO0008355,2024-03-27,2516,29
PO0008360,2024-03-27,1176,8
PO0008361,2024-03-27,4290,41
PO0008363,2024-03-27,528,6
PO0008365,2024-03-27,192,5
PO0008368,2024-03-27,360,4
PO0008376,2024-03-27,2544,16
PO0008379,2024-03-27,876,4
PO0008410,2024-03-27,660,11
PO0008145,2024-03-28,576,11
PO0008156,2024-03-28,96,3
PO0008174,2024-03-28,306,9
PO0008202,2024-03-28,1344,32
PO0008268,2024-03-28,414,2
PO0008270,2024-03-28,456,1
PO0008281,2024-03-28,1164,16
PO0008316,2024-03-28,4944,73
PO0008319,2024-03-28,288,8
PO0008320,2024-03-28,2040,34
PO0008323,2024-03-28,4308,24
PO0008326,2024-03-28,936,5
PO0008327,2024-03-28,396,8
PO0008339,2024-03-28,2778,31
PO0008342,2024-03-28,336,7
PO0008345,2024-03-28,342,10
PO0008356,2024-03-28,279,0
PO0008364,2024-03-28,1296,28
PO0008369,2024-03-28,648,17
PO0008371,2024-03-28,1008,14
PO0008378,2024-03-28,1128,11
PO0008380,2024-03-28,260,8
PO0008382,2024-03-28,2868,12
PO0008386,2024-03-28,312,7
PO0008387,2024-03-28,768,5
PO0008393,2024-03-28,3084,34
PO0008398,2024-03-28,1830,38
PO0008402,2024-03-28,150,4
PO0008404,2024-03-28,816,20
PO0008409,2024-03-28,1260,29
PO0008096,2024-03-29,2196,8
PO0008242,2024-03-29,744,16
PO0008273,2024-03-29,203,1
PO0008282,2024-03-29,414,5
PO0008291,2024-03-29,672,6
PO0008296,2024-03-29,519,4
PO0008328,2024-03-29,333,6
PO0008332,2024-03-29,432,3
PO0008335,2024-03-29,306,4
PO0008354,2024-03-29,336,8
PO0008357,2024-03-29,1080,4
PO0008359,2024-03-29,4656,61
PO0008366,2024-03-29,345,2
PO0008367,2024-03-29,84,0
PO0008373,2024-03-29,672,3
PO0008374,2024-03-29,3204,25
PO0008381,2024-03-29,1956,11
PO0008384,2024-03-29,312,4
PO0008385,2024-03-29,2142,15
PO0008388,2024-03-29,96,4
PO0008389,2024-03-29,636,3
PO0008390,2024-03-29,432,1
PO0008391,2024-03-29,1650,7
PO0008392,2024-03-29,2088,38
PO0008394,2024-03-29,1056,9
PO0008395,2024-03-29,306,3
PO0008397,2024-03-29,1704,17
PO0008402,2024-03-29,150,0
PO0008403,2024-03-29,324,2
PO0008411,2024-03-29,1584,11
PO0008413,2024-03-29,432,5
PO0008416,2024-03-29,6288,52
PO0008417,2024-03-29,2760,50
PO0008421,2024-03-29,966,14
PO0008424,2024-03-29,2904,16
PO0008426,2024-03-29,336,3
PO0008427,2024-03-29,851,10
PO0008432,2024-03-29,552,5
PO0008434,2024-03-29,444,4
PO0008435,2024-03-29,384,6
PO0008438,2024-03-29,1032,32
PO0008439,2024-03-29,696,9
PO0008156,2024-03-30,96,1
PO0008174,2024-03-30,306,5
PO0008227,2024-03-30,84,1
PO0008247,2024-03-30,3384,64
PO0008301,2024-03-30,822,10
PO0008303,2024-03-30,1848,33
PO0008322,2024-03-30,4632,55
PO0008338,2024-03-30,528,4
PO0008366,2024-03-30,345,2
PO0008383,2024-03-30,1104,11
PO0008396,2024-03-30,2016,14
PO0008401,2024-03-30,636,3
PO0008412,2024-03-30,2112,7
PO0008415,2024-03-30,1152,20
PO0008422,2024-03-30,1992,16
PO0008431,2024-03-30,720,2
PO0008436,2024-03-30,1608,8
PO0008447,2024-03-30,102,1
PO0008145,2024-03-31,576,14
PO0008151,2024-03-31,1344,23
PO0008285,2024-03-31,2376,27
PO0008346,2024-03-31,708,11
PO0008358,2024-03-31,1920,36
PO0008368,2024-03-31,360,5
PO0008371,2024-03-31,1008,8
PO0008375,2024-03-31,2016,17
PO0008384,2024-03-31,312,2
PO0008407,2024-03-31,1206,20
PO0008420,2024-03-31,612,9
PO0008423,2024-03-31,624,12
PO0008425,2024-03-31,1320,22
PO0008430,2024-03-31,576,12
PO0008433,2024-03-31,2136,20
PO0008447,2024-03-31,102,1
PO0008449,2024-03-31,1344,7
PO0008450,2024-03-31,558,0
PO0008454,2024-03-31,870,14
PO0008455,2024-03-31,2520,25
PO0008457,2024-03-31,144,2
PO0008463,2024-03-31,432,18
PO0008465,2024-03-31,273,3
PO0008468,2024-03-31,852,10
PO0008469,2024-03-31,300,6
PO0008479,2024-03-31,4608,30
PO0008480,2024-03-31,3510,42
PO0008334,2024-04-01,1440,9
PO0008345,2024-04-01,342,8
PO0008362,2024-04-01,942,15
PO0008378,2024-04-01,1128,6
PO0008386,2024-04-01,312,3
PO0008399,2024-04-01,552,4
PO0008435,2024-04-01,384,10
PO0008440,2024-04-01,3756,42
PO0008445,2024-04-01,192,0
PO0008448,2024-04-01,216,4
PO0008451,2024-04-01,288,2
PO0008458,2024-04-01,3840,61
PO0008462,2024-04-01,300,3
PO0008463,2024-04-01,432,22
PO0008464,2024-04-01,1632,25
PO0008466,2024-04-01,384,3
PO0008470,2024-04-01,2484,53
PO0008472,2024-04-01,3360,36
PO0008473,2024-04-01,876,4
PO0008482,2024-04-01,1392,18
PO0008489,2024-04-01,456,2
PO0008492,2024-04-01,1200,6
PO0008493,2024-04-01,990,11
PO0008494,2024-04-01,1668,13
PO0008496,2024-04-01,1578,8
PO0008500,2024-04-01,180,3
PO0008501,2024-04-01,72,1
PO0008534,2024-04-01,288,0
PO0008153,2024-04-02,2016,10
PO0008262,2024-04-02,2262,19
PO0008343,2024-04-02,216,5
PO0008367,2024-04-02,84,1
PO0008375,2024-04-02,2016,20
PO0008388,2024-04-02,96,10
PO0008391,2024-04-02,1650,13
PO0008395,2024-04-02,306,2
PO0008428,2024-04-02,122,2
PO0008432,2024-04-02,552,4
PO0008442,2024-04-02,2928,42
PO0008444,2024-04-02,1872,96
PO0008446,2024-04-02,1992,9
PO0008456,2024-04-02,528,18
PO0008459,2024-04-02,1992,12
PO0008460,2024-04-02,1968,19
PO0008461,2024-04-02,819,5
PO0008467,2024-04-02,996,13
PO0008469,2024-04-02,300,9
PO0008477,2024-04-02,1344,17
PO0008483,2024-04-02,1188,17
PO0008484,2024-04-02,1968,5
PO0008488,2024-04-02,552,3
PO0008491,2024-04-02,1800,25
PO0008499,2024-04-02,768,42
PO0008501,2024-04-02,72,4
PO0008504,2024-04-02,1680,15
PO0008506,2024-04-02,732,3
PO0008508,2024-04-02,576,12
PO0008512,2024-04-02,2100,13
PO0008515,2024-04-02,180,0
PO0008526,2024-04-02,570,11
PO0008530,2024-04-02,432,8
PO0008531,2024-04-02,576,6
PO0008535,2024-04-02,648,10
PO0008537,2024-04-02,144,3
PO0008544,2024-04-02,491,7
PO0008362,2024-04-03,942,13
PO0008370,2024-04-03,528,3
PO0008406,2024-04-03,1038,10
PO0008431,2024-04-03,720,6
PO0008453,2024-04-03,2172,6
PO0008475,2024-04-03,3936,182
PO0008487,2024-04-03,486,9
PO0008490,2024-04-03,324,3
PO0008495,2024-04-03,4032,51
PO0008507,2024-04-03,5544,32
PO0008510,2024-04-03,1404,8
PO0008511,2024-04-03,1092,26
PO0008517,2024-04-03,1152,15
PO0008519,2024-04-03,888,3
PO0008520,2024-04-03,648,10
PO0008522,2024-04-03,2112,18
PO0008523,2024-04-03,3222,33
PO0008524,2024-04-03,3072,13
PO0008525,2024-04-03,2184,57
PO0008527,2024-04-03,192,7
PO0008533,2024-04-03,270,2
PO0008536,2024-04-03,1692,13
PO0008538,2024-04-03,2304,11
PO0008540,2024-04-03,378,5
PO0008547,2024-04-03,1188,17
PO0008551,2024-04-03,864,4
PO0008552,2024-04-03,3864,38
PO0008557,2024-04-03,528,12
PO0008562,2024-04-03,366,3
PO0008564,2024-04-03,912,4
PO0008565,2024-04-03,228,4
PO0008572,2024-04-03,408,2
PO0008584,2024-04-03,240,1
PO0008588,2024-04-03,1440,5
PO0008280,2024-04-04,432,5
PO0008324,2024-04-04,774,9
PO0008358,2024-04-04,1920,25
PO0008400,2024-04-04,1296,15
PO0008437,2024-04-04,486,8
PO0008452,2024-04-04,1008,3
PO0008457,2024-04-04,144,1
PO0008471,2024-04-04,144,0
PO0008513,2024-04-04,3414,29
PO0008514,2024-04-04,486,4
PO0008516,2024-04-04,1074,12
PO0008521,2024-04-04,816,21
PO0008528,2024-04-04,1332,8
PO0008529,2024-04-04,1074,11
PO0008539,2024-04-04,480,0
PO0008541,2024-04-04,1008,8
PO0008542,2024-04-04,3440,38
PO0008546,2024-04-04,2802,66
PO0008549,2024-04-04,264,0
PO0008555,2024-04-04,516,5
PO0008556,2024-04-04,1032,4
PO0008559,2024-04-04,480,14
PO0008561,2024-04-04,672,10
PO0008569,2024-04-04,1608,5
PO0008573,2024-04-04,96,2
PO0008575,2024-04-04,912,6
PO0008576,2024-04-04,456,2
PO0008577,2024-04-04,432,8
PO0008578,2024-04-04,1296,16
PO0008579,2024-04-04,1776,6
PO0008583,2024-04-04,960,16
PO0008586,2024-04-04,1296,5
PO0008587,2024-04-04,234,4
PO0008588,2024-04-04,1440,5
PO0008325,2024-04-05,2604,36
PO0008343,2024-04-05,216,4
PO0008405,2024-04-05,384,5
PO0008418,2024-04-05,246,3
PO0008429,2024-04-05,396,3
PO0008448,2024-04-05,216,1
PO0008462,2024-04-05,300,5
PO0008473,2024-04-05,876,3
PO0008474,2024-04-05,5376,63
PO0008478,2024-04-05,744,4
PO0008540,2024-04-05,378,4
PO0008543,2024-04-05,2634,12
PO0008553,2024-04-05,2226,37
PO0008554,2024-04-05,1104,18
PO0008560,2024-04-05,1188,7
PO0008567,2024-04-05,1398,27
PO0008568,2024-04-05,900,3
PO0008580,2024-04-05,1536,88
PO0008585,2024-04-05,210,2
PO0008591,2024-04-05,684,12
PO0008598,2024-04-05,144,2
PO0008599,2024-04-05,1512,15
PO0008605,2024-04-05,264,1
PO0008606,2024-04-05,312,2
PO0008408,2024-04-06,264,5
PO0008441,2024-04-06,228,1
PO0008456,2024-04-06,528,21
PO0008461,2024-04-06,819,5
PO0008471,2024-04-06,144,2
PO0008481,2024-04-06,1920,11
PO0008487,2024-04-06,486,3
PO0008516,2024-04-06,1074,21
PO0008563,2024-04-06,120,2
PO0008570,2024-04-06,3936,22
PO0008571,2024-04-06,1824,29
PO0008574,2024-04-06,1392,6
PO0008581,2024-04-06,432,7
PO0008582,2024-04-06,4512,21
PO0008589,2024-04-06,1296,63
PO0008593,2024-04-06,912,6
PO0008594,2024-04-06,912,3
PO0008595,2024-04-06,696,15
PO0008600,2024-04-06,576,19
PO0008603,2024-04-06,1344,22
PO0008604,2024-04-06,540,6
PO0008443,2024-04-07,5808,14
PO0008476,2024-04-07,4848,17
PO0008486,2024-04-07,552,1
PO0008509,2024-04-07,892,12
PO0008545,2024-04-07,312,5
PO0008548,2024-04-07,141,2
PO0008592,2024-04-07,768,3
PO0008597,2024-04-07,336,4
PO0008607,2024-04-07,432,13
PO0008609,2024-04-07,192,1
PO0008611,2024-04-07,984,20
PO0008612,2024-04-07,251,0
PO0008616,2024-04-07,2592,22
PO0008619,2024-04-07,654,16
PO0008621,2024-04-07,1779,14
PO0008650,2024-04-07,358,2
PO0008656,2024-04-07,372,1
PO0008437,2024-04-08,486,5
PO0008502,2024-04-08,192,3
PO0008529,2024-04-08,1074,10
PO0008532,2024-04-08,1608,17
PO0008573,2024-04-08,96,2
PO0008595,2024-04-08,696,8
PO0008601,2024-04-08,240,4
PO0008608,2024-04-08,714,6
PO0008613,2024-04-08,1200,13
PO0008618,2024-04-08,1230,12
PO0008623,2024-04-08,582,9
PO0008624,2024-04-08,288,4
PO0008626,2024-04-08,2232,46
PO0008628,2024-04-08,480,3
PO0008629,2024-04-08,1416,22
PO0008636,2024-04-08,780,4
PO0008639,2024-04-08,1356,15
PO0008640,2024-04-08,168,2
PO0008642,2024-04-08,822,13
PO0008644,2024-04-08,672,5
PO0008645,2024-04-08,456,1
PO0008648,2024-04-08,420,2
PO0008652,2024-04-08,456,2
PO0008655,2024-04-08,1680,19
PO0008662,2024-04-08,816,11
PO0008693,2024-04-08,2658,31
PO0008518,2024-04-09,450,5
PO0008548,2024-04-09,141,0
PO0008596,2024-04-09,660,8
PO0008614,2024-04-09,528,0
PO0008615,2024-04-09,588,12
PO0008617,2024-04-09,326,5
PO0008620,2024-04-09,348,13
PO0008624,2024-04-09,288,9
PO0008627,2024-04-09,240,5
PO0008632,2024-04-09,1530,9
PO0008635,2024-04-09,1320,28
PO0008637,2024-04-09,2160,8
PO0008638,2024-04-09,292,2
PO0008641,2024-04-09,1086,14
PO0008646,2024-04-09,336,3
PO0008647,2024-04-09,276,8
PO0008654,2024-04-09,672,5
PO0008657,2024-04-09,480,13
PO0008658,2024-04-09,672,13
PO0008660,2024-04-09,540,1
PO0008664,2024-04-09,1104,27
PO0008672,2024-04-09,768,6
PO0008675,2024-04-09,1104,22
PO0008679,2024-04-09,372,2
PO0008681,2024-04-09,336,2
PO0008685,2024-04-09,192,4
PO0008688,2024-04-09,666,11
PO0008691,2024-04-09,150,0
PO0008698,2024-04-09,432,3
PO0008700,2024-04-09,1728,13
PO0008714,2024-04-09,1350,30
PO0008728,2024-04-09,450,0
PO0008414,2024-04-10,1362,27
PO0008481,2024-04-10,1920,9
PO0008498,2024-04-10,162,1
PO0008518,2024-04-10,450,2
PO0008634,2024-04-10,1044,27
PO0008643,2024-04-10,4272,54
PO0008651,2024-04-10,768,2
PO0008653,2024-04-10,1614,39
PO0008659,2024-04-10,864,41
PO0008661,2024-04-10,360,2
PO0008665,2024-04-10,5472,53
PO0008670,2024-04-10,792,11
PO0008677,2024-04-10,4011,43
PO0008680,2024-04-10,996,24
PO0008682,2024-04-10,1230,7
PO0008711,2024-04-10,138,5
PO0008715,2024-04-10,1198,12
PO0008716,2024-04-10,384,2
PO0008720,2024-04-10,1374,25
PO0008722,2024-04-10,1872,24
PO0008723,2024-04-10,456,3
PO0008724,2024-04-10,528,2
PO0008725,2024-04-10,1992,25
PO0008730,2024-04-10,1320,18
PO0008732,2024-04-10,2256,28
PO0008733,2024-04-10,264,5
PO0008736,2024-04-10,456,8
PO0008742,2024-04-10,3312,40
PO0008744,2024-04-10,738,8
PO0008758,2024-04-10,461,6
PO0008503,2024-04-11,1248,5
PO0008545,2024-04-11,312,3
PO0008619,2024-04-11,654,15
PO0008630,2024-04-11,1368,10
PO0008667,2024-04-11,360,2
PO0008668,2024-04-11,2208,27
PO0008669,2024-04-11,1272,16
PO0008671,2024-04-11,2064,56
PO0008673,2024-04-11,588,10
PO0008676,2024-04-11,228,3
PO0008678,2024-04-11,1488,23
PO0008683,2024-04-11,72,0
PO0008686,2024-04-11,684,4
PO0008689,2024-04-11,264,4
PO0008690,2024-04-11,804,9
PO0008691,2024-04-11,150,1
PO0008692,2024-04-11,936,2
PO0008694,2024-04-11,576,12
PO0008695,2024-04-11,768,15
PO0008702,2024-04-11,408,0
PO0008706,2024-04-11,966,12
PO0008709,2024-04-11,1380,31
PO0008710,2024-04-11,588,2
PO0008712,2024-04-11,576,3
PO0008713,2024-04-11,3666,41
PO0008718,2024-04-11,3360,20
PO0008726,2024-04-11,2868,31
PO0008727,2024-04-11,660,8
PO0008731,2024-04-11,1680,28
PO0008734,2024-04-11,348,5
PO0008735,2024-04-11,2640,43
PO0008743,2024-04-11,786,9
PO0008747,2024-04-11,474,10
PO0008754,2024-04-11,564,4
PO0008755,2024-04-11,1296,10
PO0008756,2024-04-11,216,2
PO0008757,2024-04-11,1518,35
PO0008349,2024-04-12,372,6
PO0008505,2024-04-12,224,2
PO0008550,2024-04-12,396,8
PO0008590,2024-04-12,1680,25
PO0008610,2024-04-12,624,4
PO0008625,2024-04-12,1440,28
PO0008633,2024-04-12,648,4
PO0008660,2024-04-12,540,3
PO0008670,2024-04-12,792,16
PO0008685,2024-04-12,192,0
PO0008687,2024-04-12,528,7
PO0008689,2024-04-12,264,2
PO0008701,2024-04-12,2256,31
PO0008703,2024-04-12,558,9
PO0008704,2024-04-12,372,7
PO0008717,2024-04-12,1404,11
PO0008719,2024-04-12,480,13
PO0008724,2024-04-12,528,1
PO0008729,2024-04-12,1392,30
PO0008737,2024-04-12,2832,27
PO0008741,2024-04-12,1266,8
PO0008745,2024-04-12,504,2
PO0008746,2024-04-12,984,10
PO0008751,2024-04-12,2640,131
PO0008759,2024-04-12,1104,24
PO0008763,2024-04-12,1824,43
PO0008765,2024-04-12,5016,54
PO0008766,2024-04-12,912,14
PO0008377,2024-04-13,240,2
PO0008602,2024-04-13,612,8
PO0008654,2024-04-13,672,8
PO0008688,2024-04-13,666,14
PO0008697,2024-04-13,1920,89
PO0008699,2024-04-13,357,0
PO0008705,2024-04-13,1242,7
PO0008711,2024-04-13,138,2
PO0008714,2024-04-13,1350,15
PO0008739,2024-04-13,7308,150
PO0008740,2024-04-13,192,11
PO0008748,2024-04-13,468,6
PO0008749,2024-04-13,285,1
PO0008750,2024-04-13,2544,123
PO0008752,2024-04-13,1632,21
PO0008761,2024-04-13,265,2
PO0008773,2024-04-13,216,4
PO0008774,2024-04-13,2640,43
PO0008775,2024-04-13,240,4
PO0008776,2024-04-13,942,25
PO0008777,2024-04-13,428,8
PO0008485,2024-04-14,570,1
PO0008498,2024-04-14,162,2
PO0008666,2024-04-14,864,12
PO0008683,2024-04-14,72,0
PO0008708,2024-04-14,558,4
PO0008721,2024-04-14,6000,134
PO0008760,2024-04-14,396,6
PO0008767,2024-04-14,354,11
PO0008769,2024-04-14,2736,25
PO0008771,2024-04-14,1416,39
PO0008772,2024-04-14,1164,5
PO0008777,2024-04-14,429,6
PO0008778,2024-04-14,5280,89
PO0008779,2024-04-14,2568,42
PO0008780,2024-04-14,1200,25
PO0008782,2024-04-14,1413,13
PO0008784,2024-04-14,1104,62
PO0008785,2024-04-14,114,1
PO0008786,2024-04-14,204,2
PO0008811,2024-04-14,864,12
PO0008817,2024-04-14,816,3
PO0008497,2024-04-15,5220,111
PO0008674,2024-04-15,528,5
PO0008707,2024-04-15,432,1
PO0008767,2024-04-15,354,19
PO0008768,2024-04-15,1224,4
PO0008781,2024-04-15,576,6
PO0008782,2024-04-15,1413,17
PO0008783,2024-04-15,960,15
PO0008785,2024-04-15,114,0
PO0008789,2024-04-15,442,6
PO0008794,2024-04-15,576,7
PO0008799,2024-04-15,1416,4
PO0008800,2024-04-15,279,1
PO0008801,2024-04-15,504,9
PO0008802,2024-04-15,960,5
PO0008805,2024-04-15,552,7
PO0008814,2024-04-15,570,10
PO0008817,2024-04-15,816,3
PO0008819,2024-04-15,960,27
PO0008853,2024-04-15,384,4
PO0008663,2024-04-16,720,22
PO0008699,2024-04-16,357,1
PO0008719,2024-04-16,480,11
PO0008783,2024-04-16,960,14
PO0008792,2024-04-16,1200,72
PO0008795,2024-04-16,144,4
PO0008798,2024-04-16,720,13
PO0008806,2024-04-16,984,3
PO0008810,2024-04-16,768,12
PO0008812,2024-04-16,720,13
PO0008813,2024-04-16,1752,37
PO0008820,2024-04-16,2640,124
PO0008822,2024-04-16,912,47
PO0008826,2024-04-16,192,3
PO0008827,2024-04-16,672,8
PO0008830,2024-04-16,2784,35
PO0008837,2024-04-16,828,7
PO0008844,2024-04-16,594,8
PO0008847,2024-04-16,768,11
PO0008851,2024-04-16,48,0
PO0008854,2024-04-16,744,5
PO0008856,2024-04-16,252,5
PO0008860,2024-04-16,4176,87
PO0008862,2024-04-16,564,33
PO0008863,2024-04-16,756,13
PO0008867,2024-04-16,624,3
PO0008875,2024-04-16,930,19
PO0008622,2024-04-17,744,11
PO0008649,2024-04-17,990,14
PO0008696,2024-04-17,882,9
PO0008748,2024-04-17,468,8
PO0008749,2024-04-17,285,0
PO0008797,2024-04-17,2736,55
PO0008803,2024-04-17,432,8
PO0008808,2024-04-17,3504,180
PO0008809,2024-04-17,2568,32
PO0008816,2024-04-17,288,7
PO0008818,2024-04-17,912,16
PO0008821,2024-04-17,1008,2
PO0008824,2024-04-17,348,2
PO0008828,2024-04-17,2424,24
PO0008833,2024-04-17,330,7
PO0008834,2024-04-17,2508,9
PO0008838,2024-04-17,3108,23
PO0008839,2024-04-17,624,4
PO0008843,2024-04-17,504,1
PO0008858,2024-04-17,396,4
PO0008861,2024-04-17,72,0
PO0008864,2024-04-17,1482,4
PO0008870,2024-04-17,1824,24
PO0008871,2024-04-17,312,3
PO0008874,2024-04-17,228,1
PO0008876,2024-04-17,432,14
PO0008877,2024-04-17,792,6
PO0008879,2024-04-17,398,2
PO0008885,2024-04-17,236,4
PO0008890,2024-04-17,840,16
PO0008907,2024-04-17,180,2
PO0008912,2024-04-17,240,0
PO0008558,2024-04-18,1346,15
PO0008566,2024-04-18,1248,17
PO0008684,2024-04-18,600,7
PO0008787,2024-04-18,288,9
PO0008801,2024-04-18,504,3
PO0008810,2024-04-18,768,7
PO0008823,2024-04-18,696,8
PO0008829,2024-04-18,176,3
PO0008835,2024-04-18,1632,17
PO0008840,2024-04-18,2592,35
PO0008842,2024-04-18,1494,20
PO0008845,2024-04-18,396,7
PO0008846,2024-04-18,2592,35
PO0008848,2024-04-18,960,41
PO0008849,2024-04-18,372,1
PO0008850,2024-04-18,336,9
PO0008852,2024-04-18,426,2
PO0008857,2024-04-18,288,1
PO0008863,2024-04-18,756,15
PO0008865,2024-04-18,852,3
PO0008868,2024-04-18,180,3
PO0008874,2024-04-18,228,0
PO0008879,2024-04-18,399,3
PO0008881,2024-04-18,186,6
PO0008882,2024-04-18,1824,103
PO0008883,2024-04-18,504,4
PO0008886,2024-04-18,456,4
PO0008888,2024-04-18,84,1
PO0008889,2024-04-18,984,4
PO0008891,2024-04-18,117,3
PO0008894,2024-04-18,2184,10
PO0008895,2024-04-18,336,4
PO0008898,2024-04-18,1644,24
PO0008899,2024-04-18,2094,7
PO0008901,2024-04-18,960,4
PO0008904,2024-04-18,480,2
PO0008906,2024-04-18,3240,40
PO0008419,2024-04-19,888,11
PO0008558,2024-04-19,1347,18
PO0008631,2024-04-19,2640,48
PO0008770,2024-04-19,1632,23
PO0008788,2024-04-19,336,6
PO0008793,2024-04-19,908,8
PO0008800,2024-04-19,279,0
PO0008807,2024-04-19,780,14
PO0008833,2024-04-19,330,11
PO0008841,2024-04-19,912,12
PO0008856,2024-04-19,252,2
PO0008869,2024-04-19,1749,19
PO0008872,2024-04-19,738,9
PO0008875,2024-04-19,930,20
PO0008878,2024-04-19,288,0
PO0008884,2024-04-19,270,5
PO0008888,2024-04-19,84,2
PO0008892,2024-04-19,1020,10
PO0008897,2024-04-19,420,6
PO0008902,2024-04-19,1038,3
PO0008909,2024-04-19,240,3
PO0008910,2024-04-19,432,3
PO0008911,2024-04-19,940,8
PO0008914,2024-04-19,4224,40
PO0008918,2024-04-19,390,7
PO0008919,2024-04-19,720,7
PO0008921,2024-04-19,996,18
PO0008924,2024-04-19,1296,19
PO0008928,2024-04-19,960,8
PO0008934,2024-04-19,3744,94
PO0008935,2024-04-19,336,5
PO0008764,2024-04-20,1152,4
PO0008796,2024-04-20,828,9
PO0008806,2024-04-20,984,1
PO0008807,2024-04-20,780,8
PO0008832,2024-04-20,2270,28
PO0008844,2024-04-20,594,9
PO0008855,2024-04-20,288,4
PO0008871,2024-04-20,312,5
PO0008896,2024-04-20,3576,46
PO0008900,2024-04-20,441,8
PO0008903,2024-04-20,714,9
PO0008905,2024-04-20,108,0
PO0008908,2024-04-20,648,8
PO0008916,2024-04-20,4116,27
PO0008920,2024-04-20,2088,23
PO0008925,2024-04-20,1104,17
PO0008927,2024-04-20,1488,41
PO0008933,2024-04-20,288,4
PO0008936,2024-04-20,156,1
PO0008937,2024-04-20,2388,32
PO0008939,2024-04-20,384,9
PO0008955,2024-04-20,4782,44
PO0008963,2024-04-20,1728,13
PO0008738,2024-04-21,1152,19
PO0008762,2024-04-21,1848,22
PO0008790,2024-04-21,864,4
PO0008815,2024-04-21,192,2
PO0008836,2024-04-21,462,2
PO0008839,2024-04-21,624,1
PO0008843,2024-04-21,504,0
PO0008855,2024-04-21,288,5
PO0008859,2024-04-21,1692,16
PO0008887,2024-04-21,624,13
PO0008891,2024-04-21,117,2
PO0008900,2024-04-21,441,8
PO0008905,2024-04-21,108,0
PO0008915,2024-04-21,756,2
PO0008917,2024-04-21,480,11
PO0008930,2024-04-21,372,1
PO0008931,2024-04-21,312,0
PO0008932,2024-04-21,432,1
PO0008938,2024-04-21,2496,16
PO0008940,2024-04-21,156,2
PO0008942,2024-04-21,480,5
PO0008947,2024-04-21,1476,21
PO0008952,2024-04-21,2178,32
PO0008960,2024-04-21,192,1
PO0008965,2024-04-21,1782,37
PO0008966,2024-04-21,276,7
PO0008967,2024-04-21,1026,27
PO0008981,2024-04-21,336,3
PO0008997,2024-04-21,755,3
PO0009005,2024-04-21,336,2
PO0009007,2024-04-21,1380,26
PO0008804,2024-04-22,726,5
PO0008831,2024-04-22,1728,16
PO0008859,2024-04-22,1692,17
PO0008869,2024-04-22,1749,14
PO0008881,2024-04-22,186,14
PO0008884,2024-04-22,270,2
PO0008893,2024-04-22,1188,24
PO0008941,2024-04-22,804,10
PO0008944,2024-04-22,336,15
PO0008953,2024-04-22,1200,35
PO0008956,2024-04-22,4992,62
PO0008961,2024-04-22,624,32
PO0008962,2024-04-22,468,4
PO0008969,2024-04-22,624,0
PO0008970,2024-04-22,482,4
PO0008971,2024-04-22,1728,26
PO0008985,2024-04-22,318,3
PO0008992,2024-04-22,1095,8
PO0008996,2024-04-22,2670,49
PO0009002,2024-04-22,2298,16
PO0009006,2024-04-22,840,6
PO0009015,2024-04-22,2016,8
PO0009023,2024-04-22,360,5
PO0009035,2024-04-22,642,7
PO0008764,2024-04-23,1152,12
PO0008866,2024-04-23,240,0
PO0008880,2024-04-23,240,3
PO0008923,2024-04-23,108,1
PO0008929,2024-04-23,846,2
PO0008945,2024-04-23,1176,9
PO0008948,2024-04-23,210,1
PO0008949,2024-04-23,4896,37
PO0008950,2024-04-23,2190,43
PO0008951,2024-04-23,48,2
PO0008954,2024-04-23,1332,5
PO0008957,2024-04-23,1398,22
PO0008959,2024-04-23,2592,27
PO0008964,2024-04-23,612,6
PO0008968,2024-04-23,2958,11
PO0008972,2024-04-23,3276,26
PO0008976,2024-04-23,1092,42
PO0008977,2024-04-23,4872,43
PO0008982,2024-04-23,426,8
PO0008983,2024-04-23,660,5
PO0008988,2024-04-23,456,2
PO0008992,2024-04-23,1095,8
PO0008993,2024-04-23,4320,16
PO0009004,2024-04-23,384,3
PO0009011,2024-04-23,3072,34
PO0009014,2024-04-23,3000,36
PO0009019,2024-04-23,1428,22
PO0009020,2024-04-23,192,2
PO0009021,2024-04-23,1368,23
PO0009036,2024-04-23,1116,17
PO0009060,2024-04-23,744,2
PO0008753,2024-04-24,984,2
PO0008948,2024-04-24,210,1
PO0008973,2024-04-24,3600,81
PO0008975,2024-04-24,408,22
PO0008978,2024-04-24,1896,31
PO0008984,2024-04-24,2754,66
PO0008986,2024-04-24,288,6
PO0008987,2024-04-24,840,17
PO0008989,2024-04-24,384,9
PO0008995,2024-04-24,4356,45
PO0008998,2024-04-24,1950,5
PO0009001,2024-04-24,144,2
PO0009003,2024-04-24,960,9
PO0009010,2024-04-24,444,2
PO0009012,2024-04-24,2709,24
PO0009013,2024-04-24,1266,17
PO0009018,2024-04-24,444,0
PO0009022,2024-04-24,816,17
PO0009027,2024-04-24,288,11
PO0009028,2024-04-24,3888,24
PO0009032,2024-04-24,174,2
PO0009033,2024-04-24,396,6
PO0009037,2024-04-24,720,22
PO0009038,2024-04-24,852,5
PO0009039,2024-04-24,2052,23
PO0009040,2024-04-24,144,2
PO0009045,2024-04-24,1848,16
PO0009046,2024-04-24,654,10
PO0009048,2024-04-24,4926,71
PO0009052,2024-04-24,288,2
PO0009055,2024-04-24,7104,78
PO0009067,2024-04-24,1128,15
PO0009068,2024-04-24,960,29
PO0009071,2024-04-24,2127,20
PO0009073,2024-04-24,144,2
PO0009074,2024-04-24,1872,25
PO0009075,2024-04-24,984,17
PO0009097,2024-04-24,402,0
PO0009109,2024-04-24,324,3
PO0008873,2024-04-25,4440,29
PO0008913,2024-04-25,162,1
PO0008926,2024-04-25,672,5
PO0008940,2024-04-25,156,2
PO0008946,2024-04-25,474,8
PO0009009,2024-04-25,432,10
PO0009012,2024-04-25,2709,18
PO0009016,2024-04-25,1680,34
PO0009025,2024-04-25,816,25
PO0009026,2024-04-25,456,5
PO0009030,2024-04-25,600,2
PO0009041,2024-04-25,1789,18
PO0009042,2024-04-25,192,1
PO0009049,2024-04-25,744,12
PO0009050,2024-04-25,3990,34
PO0009057,2024-04-25,1050,5
PO0009058,2024-04-25,516,2
PO0009062,2024-04-25,4272,98
PO0009066,2024-04-25,336,2
PO0009077,2024-04-25,1572,24
PO0009088,2024-04-25,288,2
PO0009090,2024-04-25,2316,7
PO0009100,2024-04-25,334,2
PO0009102,2024-04-25,1920,28
PO0009103,2024-04-25,4512,58
PO0009107,2024-04-25,2063,16
PO0009110,2024-04-25,504,5
PO0009112,2024-04-25,696,11
PO0009114,2024-04-25,1002,9
PO0009117,2024-04-25,264,10
PO0009118,2024-04-25,228,1
PO0009136,2024-04-25,432,1
PO0008825,2024-04-26,264,3
PO0008941,2024-04-26,804,10
PO0008943,2024-04-26,1284,31
PO0008964,2024-04-26,612,10
PO0008991,2024-04-26,1896,32
PO0008994,2024-04-26,1584,11
PO0009000,2024-04-26,3636,20
PO0009008,2024-04-26,588,4
PO0009017,2024-04-26,384,3
PO0009023,2024-04-26,360,3
PO0009024,2024-04-26,672,8
PO0009031,2024-04-26,1212,17
PO0009041,2024-04-26,1790,18
PO0009044,2024-04-26,1548,37
PO0009047,2024-04-26,1332,12
PO0009054,2024-04-26,5472,46
PO0009056,2024-04-26,864,12
PO0009059,2024-04-26,4176,218
PO0009061,2024-04-26,1176,5
PO0009065,2024-04-26,1680,20
PO0009070,2024-04-26,336,4
PO0009072,2024-04-26,2280,52
PO0009076,2024-04-26,1248,18
PO0009078,2024-04-26,1776,33
PO0009079,2024-04-26,984,5
PO0009080,2024-04-26,396,11
PO0009083,2024-04-26,468,0
PO0009085,2024-04-26,1320,32
PO0009095,2024-04-26,792,11
PO0009099,2024-04-26,894,5
PO0009101,2024-04-26,576,7
PO0009104,2024-04-26,3283,22
PO0009111,2024-04-26,228,0
PO0009120,2024-04-26,625,16
PO0009124,2024-04-26,240,2
PO0009125,2024-04-26,126,2
PO0009126,2024-04-26,2388,14
PO0009129,2024-04-26,1200,10
PO0009134,2024-04-26,792,4
PO0009135,2024-04-26,1512,11
PO0009141,2024-04-26,3168,18
PO0009142,2024-04-26,1164,11
PO0009146,2024-04-26,294,10
PO0008791,2024-04-27,1632,7
PO0008880,2024-04-27,240,0
PO0008946,2024-04-27,474,10
PO0008951,2024-04-27,48,1
PO0009009,2024-04-27,432,10
PO0009011,2024-04-27,3072,34
PO0009020,2024-04-27,192,2
PO0009034,2024-04-27,384,4
PO0009047,2024-04-27,1332,16
PO0009053,2024-04-27,1104,31
PO0009082,2024-04-27,306,4
PO0009084,2024-04-27,324,2
PO0009086,2024-04-27,816,9
PO0009087,2024-04-27,4896,65
PO0009089,2024-04-27,1248,32
PO0009091,2024-04-27,912,22
PO0009093,2024-04-27,336,1
PO0009095,2024-04-27,792,8
PO0009096,2024-04-27,192,2
PO0009106,2024-04-27,2016,103
PO0009108,2024-04-27,2064,10
PO0009115,2024-04-27,792,14
PO0009116,2024-04-27,336,6
PO0009127,2024-04-27,660,10
PO0009128,2024-04-27,456,4
PO0009131,2024-04-27,4680,50
PO0009132,2024-04-27,768,6
PO0009137,2024-04-27,516,2
PO0009138,2024-04-27,294,2
PO0009139,2024-04-27,3948,32
PO0009143,2024-04-27,2160,24
PO0009158,2024-04-27,1128,15
PO0008922,2024-04-28,318,1
PO0008990,2024-04-28,192,3
PO0009056,2024-04-28,864,12
PO0009058,2024-04-28,516,5
PO0009121,2024-04-28,600,12
PO0009122,2024-04-28,1488,13
PO0009133,2024-04-28,2280,20
PO0009145,2024-04-28,780,12
PO0009147,2024-04-28,888,0
PO0009150,2024-04-28,384,7
PO0009152,2024-04-28,1428,32
PO0009153,2024-04-28,456,2
PO0009167,2024-04-28,1200,23
PO0009169,2024-04-28,1212,63
PO0009170,2024-04-28,1800,16
PO0009174,2024-04-28,186,3
PO0009203,2024-04-28,768,10
PO0008979,2024-04-29,1824,23
PO0008999,2024-04-29,696,4
PO0009029,2024-04-29,2688,30
PO0009078,2024-04-29,1776,31
PO0009096,2024-04-29,192,2
PO0009100,2024-04-29,334,3
PO0009113,2024-04-29,2886,29
PO0009119,2024-04-29,696,3
PO0009125,2024-04-29,126,1
PO0009151,2024-04-29,282,3
PO0009154,2024-04-29,103,1
PO0009164,2024-04-29,1764,18
PO0009166,2024-04-29,1200,15
PO0009171,2024-04-29,150,0
PO0009172,2024-04-29,1056,13
PO0009173,2024-04-29,489,2
PO0009177,2024-04-29,528,8
PO0009178,2024-04-29,336,1
PO0009181,2024-04-29,600,4
PO0009182,2024-04-29,720,12
PO0009184,2024-04-29,864,6
PO0009185,2024-04-29,2712,71
PO0009187,2024-04-29,3984,32
PO0009188,2024-04-29,432,1
PO0009193,2024-04-29,1776,84
PO0009194,2024-04-29,1416,64
PO0009196,2024-04-29,288,4
PO0009205,2024-04-29,858,11
PO0009209,2024-04-29,156,3
PO0009211,2024-04-29,2064,25
PO0009216,2024-04-29,5688,55
PO0009217,2024-04-29,2682,31
PO0009223,2024-04-29,930,10
PO0009224,2024-04-29,1656,19
PO0009225,2024-04-29,168,0
PO0009226,2024-04-29,1920,17
PO0009227,2024-04-29,480,3
PO0009240,2024-04-29,744,13
PO0009044,2024-04-30,1548,24
PO0009092,2024-04-30,720,12
PO0009138,2024-04-30,294,4
PO0009140,2024-04-30,1008,21
PO0009148,2024-04-30,3216,14
PO0009149,2024-04-30,4423,49
PO0009155,2024-04-30,1584,12
PO0009156,2024-04-30,2100,40
PO0009157,2024-04-30,3132,26
PO0009159,2024-04-30,2136,20
PO0009162,2024-04-30,384,7
PO0009168,2024-04-30,288,5
PO0009174,2024-04-30,186,1
PO0009176,2024-04-30,864,22
PO0009179,2024-04-30,2808,16
PO0009180,2024-04-30,144,0
PO0009183,2024-04-30,336,6
PO0009186,2024-04-30,645,8
PO0009189,2024-04-30,786,10
PO0009190,2024-04-30,1068,2
PO0009191,2024-04-30,1212,20
PO0009199,2024-04-30,1431,23
PO0009200,2024-04-30,1944,30
PO0009201,2024-04-30,4464,28
PO0009204,2024-04-30,3216,36
PO0009214,2024-04-30,2124,29
PO0009219,2024-04-30,2046,49
PO0009220,2024-04-30,648,30
PO0009225,2024-04-30,168,1
PO0009230,2024-04-30,6048,56
PO0009232,2024-04-30,876,11
PO0009234,2024-04-30,1344,9
PO0009239,2024-04-30,648,5
PO0009244,2024-04-30,84,1
PO0009245,2024-04-30,6960,154
PO0009246,2024-04-30,1008,18
PO0009247,2024-04-30,2208,13
PO0009251,2024-04-30,1536,8
PO0009252,2024-04-30,3096,27
PO0009254,2024-04-30,3936,55
PO0009255,2024-04-30,1344,8
PO0008922,2024-05-01,318,0
PO0008974,2024-05-01,648,6
PO0009029,2024-05-01,2688,32
PO0009043,2024-05-01,606,2
PO0009094,2024-05-01,4224,51
PO0009116,2024-05-01,336,8
PO0009160,2024-05-01,852,7
PO0009173,2024-05-01,489,1
PO0009192,2024-05-01,2904,16
PO0009197,2024-05-01,1392,14
PO0009207,2024-05-01,408,6
PO0009210,2024-05-01,1248,9
PO0009212,2024-05-01,780,9
PO0009215,2024-05-01,2592,25
PO0009218,2024-05-01,444,2
PO0009221,2024-05-01,864,12
PO0009222,2024-05-01,720,45
PO0009229,2024-05-01,354,2
PO0009233,2024-05-01,756,2
PO0009235,2024-05-01,744,13
PO0009237,2024-05-01,672,4
PO0009238,2024-05-01,984,4
PO0009241,2024-05-01,2520,18
PO0009248,2024-05-01,393,2
PO0009260,2024-05-01,240,4
PO0009262,2024-05-01,576,8
PO0009263,2024-05-01,738,9
PO0009269,2024-05-01,2094,5
PO0009279,2024-05-01,1992,16
PO0009280,2024-05-01,1680,11
PO0009283,2024-05-01,2148,17
PO0009284,2024-05-01,528,8
PO0008980,2024-05-02,1630,34
PO0009123,2024-05-02,1968,22
PO0009130,2024-05-02,1464,13
PO0009144,2024-05-02,1608,23
PO0009155,2024-05-02,1584,13
PO0009165,2024-05-02,1596,29
PO0009200,2024-05-02,1944,32
PO0009206,2024-05-02,142,1
PO0009209,2024-05-02,156,1
PO0009223,2024-05-02,930,6
PO0009236,2024-05-02,456,9
PO0009242,2024-05-02,3474,32
PO0009243,2024-05-02,408,10
PO0009244,2024-05-02,84,0
PO0009253,2024-05-02,912,16
PO0009259,2024-05-02,1536,36
PO0009261,2024-05-02,576,15
PO0009262,2024-05-02,576,12
PO0009264,2024-05-02,3984,51
PO0009266,2024-05-02,2016,15
PO0009267,2024-05-02,558,2
PO0009270,2024-05-02,1530,20
PO0009276,2024-05-02,2178,49
PO0009281,2024-05-02,378,3
PO0009286,2024-05-02,480,5
PO0009295,2024-05-02,849,16
PO0009300,2024-05-02,2226,7
PO0009314,2024-05-02,6192,57
PO0009051,2024-05-03,768,12
PO0009064,2024-05-03,1056,11
PO0009098,2024-05-03,714,14
PO0009208,2024-05-03,480,3
PO0009213,2024-05-03,264,5
PO0009256,2024-05-03,288,10
PO0009257,2024-05-03,1824,6
PO0009274,2024-05-03,654,1
PO0009275,2024-05-03,606,2
PO0009282,2024-05-03,96,0
PO0009287,2024-05-03,672,4
PO0009289,2024-05-03,1728,11
PO0009290,2024-05-03,960,1
PO0009293,2024-05-03,240,3
PO0009297,2024-05-03,714,12
PO0009298,2024-05-03,432,4
PO0009299,2024-05-03,1536,81
PO0009306,2024-05-03,1032,32
PO0009307,2024-05-03,972,18
PO0009308,2024-05-03,960,18
PO0009309,2024-05-03,162,2
PO0009317,2024-05-03,984,17
PO0009323,2024-05-03,288,10
PO0009330,2024-05-03,1144,23
PO0009335,2024-05-03,438,9
PO0009069,2024-05-04,768,9
PO0009186,2024-05-04,645,8
PO0009195,2024-05-04,2184,4
PO0009202,2024-05-04,1344,17
PO0009206,2024-05-04,143,3
PO0009212,2024-05-04,780,8
PO0009213,2024-05-04,264,3
PO0009246,2024-05-04,1008,11
PO0009265,2024-05-04,4680,112
PO0009288,2024-05-04,5520,28
PO0009291,2024-05-04,276,1
PO0009292,2024-05-04,1440,4
PO0009294,2024-05-04,186,4
PO0009296,2024-05-04,1596,13
PO0009301,2024-05-04,1248,14
PO0009303,2024-05-04,336,3
PO0009304,2024-05-04,953,30
PO0009305,2024-05-04,1386,7
PO0009311,2024-05-04,2208,40
PO0009312,2024-05-04,1377,3
PO0009323,2024-05-04,288,4
PO0009325,2024-05-04,2832,126
PO0009326,2024-05-04,816,42
PO0009327,2024-05-04,216,2
PO0009333,2024-05-04,1056,0
PO0009334,2024-05-04,1032,6
PO0009231,2024-05-05,3384,49
PO0009273,2024-05-05,2088,9
PO0009310,2024-05-05,228,2
PO0009313,2024-05-05,348,2
PO0009318,2024-05-05,1728,20
PO0009320,2024-05-05,552,2
PO0009322,2024-05-05,2076,23
PO0009324,2024-05-05,7884,173
PO0009328,2024-05-05,2778,25
PO0009331,2024-05-05,1416,13
PO0009336,2024-05-05,1008,10
PO0009338,2024-05-05,768,19
PO0009340,2024-05-05,324,4
PO0009345,2024-05-05,462,2
PO0009346,2024-05-05,576,3
PO0009350,2024-05-05,924,5
PO0009359,2024-05-05,408,6
PO0009362,2024-05-05,348,4
PO0009375,2024-05-05,321,4
PO0009163,2024-05-06,3000,29
PO0009198,2024-05-06,948,4
PO0009250,2024-05-06,936,19
PO0009265,2024-05-06,4680,106
PO0009271,2024-05-06,4704,14
PO0009272,2024-05-06,1248,28
PO0009295,2024-05-06,849,7
PO0009297,2024-05-06,714,8
PO0009320,2024-05-06,552,3
PO0009342,2024-05-06,276,0
PO0009343,2024-05-06,1440,7
PO0009344,2024-05-06,1116,3
PO0009345,2024-05-06,462,2
PO0009348,2024-05-06,384,2
PO0009352,2024-05-06,396,0
PO0009356,2024-05-06,660,8
PO0009358,2024-05-06,1644,7
PO0009363,2024-05-06,1728,29
PO0009365,2024-05-06,576,9
PO0009371,2024-05-06,810,7
PO0009375,2024-05-06,321,5
PO0009376,2024-05-06,732,7
PO0009161,2024-05-07,768,5
PO0009268,2024-05-07,384,0
PO0009347,2024-05-07,192,1
PO0009349,2024-05-07,372,8
PO0009351,2024-05-07,1356,10
PO0009353,2024-05-07,504,5
PO0009354,2024-05-07,1248,10
PO0009361,2024-05-07,576,12
PO0009367,2024-05-07,504,4
PO0009377,2024-05-07,1428,7
PO0009378,2024-05-07,1776,16
PO0009379,2024-05-07,2544,32
PO0009381,2024-05-07,4416,39
PO0009382,2024-05-07,384,1
PO0009386,2024-05-07,240,4
PO0009387,2024-05-07,2112,21
PO0009390,2024-05-07,1302,4
PO0009391,2024-05-07,276,4
PO0009394,2024-05-07,888,13
PO0009396,2024-05-07,288,3
PO0009398,2024-05-07,285,3
PO0009410,2024-05-07,660,10
PO0009427,2024-05-07,1224,15
PO0009431,2024-05-07,480,1
PO0009433,2024-05-07,696,3
PO0009439,2024-05-07,336,0
PO0009063,2024-05-08,2640,25
PO0009163,2024-05-08,3000,36
PO0009258,2024-05-08,1104,13
PO0009273,2024-05-08,2088,6
PO0009310,2024-05-08,228,1
PO0009312,2024-05-08,1377,8
PO0009342,2024-05-08,276,1
PO0009355,2024-05-08,384,3
PO0009357,2024-05-08,1440,32
PO0009368,2024-05-08,552,3
PO0009370,2024-05-08,1248,26
PO0009372,2024-05-08,1296,5
PO0009373,2024-05-08,267,0
PO0009374,2024-05-08,840,4
PO0009380,2024-05-08,2112,22
PO0009398,2024-05-08,285,4
PO0009400,2024-05-08,888,12
PO0009402,2024-05-08,732,13
PO0009405,2024-05-08,787,17
PO0009406,2024-05-08,1488,10
PO0009407,2024-05-08,1164,28
PO0009411,2024-05-08,1290,4
PO0009414,2024-05-08,624,5
PO0009419,2024-05-08,624,7
PO0009422,2024-05-08,1596,12
PO0009424,2024-05-08,2784,136
PO0009426,2024-05-08,390,0
PO0009432,2024-05-08,960,20
PO0009442,2024-05-08,564,3
PO0009228,2024-05-09,1260,7
PO0009313,2024-05-09,348,3
PO0009369,2024-05-09,2580,34
PO0009373,2024-05-09,267,0
PO0009389,2024-05-09,1110,15
PO0009395,2024-05-09,504,3
PO0009399,2024-05-09,672,10
PO0009401,2024-05-09,1044,14
PO0009404,2024-05-09,1008,3
PO0009408,2024-05-09,1440,14
PO0009412,2024-05-09,2284,46
PO0009416,2024-05-09,1392,5
PO0009417,2024-05-09,1152,9
PO0009418,2024-05-09,612,4
PO0009421,2024-05-09,816,24
PO0009430,2024-05-09,864,20
PO0009436,2024-05-09,878,13
PO0009437,2024-05-09,168,2
PO0009445,2024-05-09,846,5
PO0009452,2024-05-09,432,4
PO0009473,2024-05-09,1296,7
PO0009474,2024-05-09,768,10
PO0008958,2024-05-10,414,6
PO0009081,2024-05-10,444,9
PO0009277,2024-05-10,96,1
PO0009316,2024-05-10,822,22
PO0009321,2024-05-10,5364,29
PO0009329,2024-05-10,780,2
PO0009399,2024-05-10,672,17
PO0009403,2024-05-10,315,2
PO0009423,2024-05-10,720,12
PO0009425,2024-05-10,576,2
PO0009428,2024-05-10,1824,29
PO0009429,2024-05-10,432,0
PO0009434,2024-05-10,672,18
PO0009435,2024-05-10,228,4
PO0009438,2024-05-10,144,4
PO0009440,2024-05-10,288,7
PO0009443,2024-05-10,384,11
PO0009444,2024-05-10,984,13
PO0009448,2024-05-10,984,10
PO0009450,2024-05-10,576,4
PO0009451,2024-05-10,1224,16
PO0009456,2024-05-10,108,1
PO0009457,2024-05-10,918,6
PO0009459,2024-05-10,450,7
PO0009462,2024-05-10,408,5
PO0009463,2024-05-10,288,5
PO0009465,2024-05-10,984,5
PO0009471,2024-05-10,1104,15
PO0009472,2024-05-10,1104,58
PO0009475,2024-05-10,516,10
PO0009105,2024-05-11,273,7
PO0009175,2024-05-11,1416,5
PO0009228,2024-05-11,1260,5
PO0009332,2024-05-11,1536,3
PO0009337,2024-05-11,5904,21
PO0009364,2024-05-11,144,0
PO0009383,2024-05-11,768,9
PO0009384,2024-05-11,168,2
PO0009403,2024-05-11,315,1
PO0009415,2024-05-11,1056,5
PO0009420,2024-05-11,852,18
PO0009446,2024-05-11,263,4
PO0009453,2024-05-11,534,2
PO0009454,2024-05-11,1236,10
PO0009460,2024-05-11,1404,9
PO0009461,2024-05-11,1440,59
PO0009464,2024-05-11,1467,9
PO0009466,2024-05-11,468,2
PO0009467,2024-05-11,270,5
PO0009469,2024-05-11,966,8
PO0009470,2024-05-11,240,5
PO0009480,2024-05-11,3408,45
PO0009481,2024-05-11,1050,15
PO0009316,2024-05-12,822,8
PO0009355,2024-05-12,384,3
PO0009366,2024-05-12,936,7
PO0009385,2024-05-12,3666,35
PO0009425,2024-05-12,576,9
PO0009442,2024-05-12,564,2
PO0009458,2024-05-12,5232,114
PO0009468,2024-05-12,624,8
PO0009478,2024-05-12,324,4
PO0009479,2024-05-12,816,5
PO0009481,2024-05-12,1050,10
PO0009482,2024-05-12,1344,3
PO0009485,2024-05-12,1248,53
PO0009487,2024-05-12,2832,14
PO0009488,2024-05-12,1080,15
PO0009494,2024-05-12,192,0
PO0009511,2024-05-12,1158,11
PO0009302,2024-05-13,1620,30
PO0009319,2024-05-13,1068,20
PO0009341,2024-05-13,912,12
PO0009397,2024-05-13,2016,26
PO0009413,2024-05-13,2052,35
PO0009441,2024-05-13,720,5
PO0009464,2024-05-13,1467,13
PO0009483,2024-05-13,642,18
PO0009484,2024-05-13,168,0
PO0009486,2024-05-13,96,1
PO0009488,2024-05-13,1080,13
PO0009489,2024-05-13,72,0
PO0009490,2024-05-13,2592,50
PO0009498,2024-05-13,762,38
PO0009500,2024-05-13,1290,4
PO0009505,2024-05-13,612,3
PO0009506,2024-05-13,1104,8
PO0009509,2024-05-13,480,13
PO0009513,2024-05-13,960,24
PO0009517,2024-05-13,996,53
PO0009527,2024-05-13,528,5
PO0009249,2024-05-14,600,6
PO0009278,2024-05-14,732,9
PO0009332,2024-05-14,1536,5
PO0009388,2024-05-14,1620,25
PO0009392,2024-05-14,264,7
PO0009393,2024-05-14,330,3
PO0009415,2024-05-14,1056,4
PO0009456,2024-05-14,109,1
PO0009491,2024-05-14,342,4
PO0009492,2024-05-14,816,2
PO0009504,2024-05-14,1416,5
PO0009515,2024-05-14,1344,74
PO0009518,2024-05-14,3816,59
PO0009520,2024-05-14,441,1
PO0009521,2024-05-14,672,23
PO0009523,2024-05-14,1626,19
PO0009531,2024-05-14,264,4
PO0009533,2024-05-14,1242,6
PO0009534,2024-05-14,840,9
PO0009542,2024-05-14,612,3
PO0009543,2024-05-14,504,5
PO0009546,2024-05-14,384,3
PO0009549,2024-05-14,624,1
PO0009556,2024-05-14,1248,25
PO0009105,2024-05-15,273,4
PO0009285,2024-05-15,1680,20
PO0009339,2024-05-15,300,0
PO0009360,2024-05-15,240,4
PO0009384,2024-05-15,168,1
PO0009455,2024-05-15,288,4
PO0009495,2024-05-15,1944,26
PO0009496,2024-05-15,648,5
PO0009497,2024-05-15,2004,35
PO0009499,2024-05-15,2064,26
PO0009501,2024-05-15,504,14
PO0009503,2024-05-15,612,5
PO0009507,2024-05-15,276,5
PO0009508,2024-05-15,288,4
PO0009514,2024-05-15,1008,44
PO0009516,2024-05-15,1680,21
PO0009524,2024-05-15,1824,98
PO0009525,2024-05-15,1117,12
PO0009529,2024-05-15,288,3
PO0009535,2024-05-15,492,14
PO0009536,2024-05-15,438,4
PO0009537,2024-05-15,1452,23
PO0009538,2024-05-15,168,0
PO0009544,2024-05-15,258,5
PO0009545,2024-05-15,2448,46
PO0009546,2024-05-15,384,9
PO0009548,2024-05-15,3888,47
PO0009550,2024-05-15,1224,13
PO0009552,2024-05-15,5232,106
PO0009553,2024-05-15,384,2
PO0009554,2024-05-15,768,9
PO0009557,2024-05-15,2514,28
PO0009558,2024-05-15,930,16
PO0009559,2024-05-15,576,7
PO0009563,2024-05-15,1497,9
PO0009567,2024-05-15,468,10
PO0009568,2024-05-15,192,2
PO0009569,2024-05-15,1107,9
PO0009570,2024-05-15,534,3
PO0009571,2024-05-15,2796,25
PO0009572,2024-05-15,936,19
PO0009577,2024-05-15,276,6
PO0009579,2024-05-15,312,5
PO0009589,2024-05-15,1478,29
PO0009597,2024-05-15,1006,3
PO0009447,2024-05-16,170,0
PO0009449,2024-05-16,4008,50
PO0009492,2024-05-16,816,8
PO0009494,2024-05-16,192,0
PO0009501,2024-05-16,504,16
PO0009502,2024-05-16,2304,10
PO0009520,2024-05-16,441,2
PO0009526,2024-05-16,486,2
PO0009528,2024-05-16,1056,25
PO0009530,2024-05-16,234,2
PO0009532,2024-05-16,129,1
PO0009535,2024-05-16,492,15
PO0009539,2024-05-16,288,2
PO0009541,2024-05-16,240,5
PO0009551,2024-05-16,360,0
PO0009555,2024-05-16,756,13
PO0009564,2024-05-16,942,22
PO0009569,2024-05-16,1107,13
PO0009572,2024-05-16,936,14
PO0009573,2024-05-16,240,2
PO0009575,2024-05-16,1105,32
PO0009581,2024-05-16,126,2
PO0009583,2024-05-16,342,11
PO0009584,2024-05-16,432,2
PO0009586,2024-05-16,462,2
PO0009587,2024-05-16,588,10
PO0009588,2024-05-16,960,8
PO0009592,2024-05-16,6024,74
PO0009594,2024-05-16,1884,23
PO0009595,2024-05-16,504,4
PO0009599,2024-05-16,336,2
PO0009600,2024-05-16,840,11
PO0009613,2024-05-16,1032,8
PO0009560,2024-05-17,1416,9
PO0009564,2024-05-17,942,18
PO0009576,2024-05-17,1056,19
PO0009578,2024-05-17,216,10
PO0009580,2024-05-17,162,1
PO0009591,2024-05-17,594,7
PO0009593,2024-05-17,1008,12
PO0009594,2024-05-17,1884,22
PO0009596,2024-05-17,288,3
PO0009605,2024-05-17,1584,77
PO0009606,2024-05-17,1776,83
PO0009607,2024-05-17,258,16
PO0009608,2024-05-17,2268,21
PO0009614,2024-05-17,2352,101
PO0009619,2024-05-17,3186,69
PO0009409,2024-05-18,1488,13
PO0009512,2024-05-18,2662,30
PO0009515,2024-05-18,1344,48
PO0009524,2024-05-18,1824,90
PO0009544,2024-05-18,258,1
PO0009547,2024-05-18,336,8
PO0009553,2024-05-18,384,3
PO0009574,2024-05-18,552,13
PO0009596,2024-05-18,288,4
PO0009603,2024-05-18,2880,14
PO0009609,2024-05-18,2736,69
PO0009610,2024-05-18,2604,36
PO0009616,2024-05-18,1794,22
PO0009621,2024-05-18,432,5
PO0009624,2024-05-18,558,4
PO0009629,2024-05-18,324,20
PO0009630,2024-05-18,2311,33
PO0009315,2024-05-19,4032,50
PO0009507,2024-05-19,276,6
PO0009538,2024-05-19,168,1
PO0009550,2024-05-19,1224,8
PO0009558,2024-05-19,930,14
PO0009565,2024-05-19,696,10
PO0009581,2024-05-19,126,1
PO0009595,2024-05-19,504,3
PO0009607,2024-05-19,258,12
PO0009620,2024-05-19,228,0
PO0009622,2024-05-19,361,2
PO0009623,2024-05-19,210,6
PO0009631,2024-05-19,4176,42
PO0009632,2024-05-19,2220,24
PO0009636,2024-05-19,2376,51
PO0009641,2024-05-19,2190,9
PO0009675,2024-05-19,5124,44
PO0009476,2024-05-20,216,4
PO0009493,2024-05-20,144,3
PO0009530,2024-05-20,234,1
PO0009532,2024-05-20,129,2
PO0009566,2024-05-20,192,2
PO0009608,2024-05-20,2268,18
PO0009611,2024-05-20,1596,27
PO0009626,2024-05-20,1200,24
PO0009633,2024-05-20,774,11
PO0009637,2024-05-20,1536,30
PO0009638,2024-05-20,300,13
PO0009640,2024-05-20,2430,19
PO0009643,2024-05-20,552,7
PO0009644,2024-05-20,444,2
PO0009647,2024-05-20,1692,32
PO0009649,2024-05-20,336,6
PO0009652,2024-05-20,288,3
PO0009656,2024-05-20,408,9
PO0009660,2024-05-20,216,2
PO0009664,2024-05-20,3096,24
PO0009665,2024-05-20,3840,74
PO0009666,2024-05-20,1296,17
PO0009679,2024-05-20,1008,4
PO0009681,2024-05-20,504,1
PO0009695,2024-05-20,576,3
PO0009519,2024-05-21,120,2
PO0009540,2024-05-21,360,2
PO0009580,2024-05-21,162,0
PO0009585,2024-05-21,258,2
PO0009591,2024-05-21,594,11
PO0009602,2024-05-21,1056,13
PO0009618,2024-05-21,924,7
PO0009634,2024-05-21,385,4
PO0009635,2024-05-21,624,4
PO0009639,2024-05-21,420,9
PO0009645,2024-05-21,1092,12
PO0009648,2024-05-21,240,4
PO0009650,2024-05-21,1392,8
PO0009653,2024-05-21,120,2
PO0009661,2024-05-21,882,2
PO0009662,2024-05-21,456,0
PO0009669,2024-05-21,1692,19
PO0009670,2024-05-21,1032,19
PO0009671,2024-05-21,600,9
PO0009672,2024-05-21,1140,13
PO0009677,2024-05-21,1152,27
PO0009678,2024-05-21,2400,94
PO0009683,2024-05-21,399,11
PO0009685,2024-05-21,5664,58
PO0009688,2024-05-21,1776,24
PO0009689,2024-05-21,672,30
PO0009698,2024-05-21,516,8
PO0009701,2024-05-21,1272,11
PO0009702,2024-05-21,552,1
PO0009704,2024-05-21,1296,15
PO0009706,2024-05-21,432,8
PO0009710,2024-05-21,1656,20
PO0009519,2024-05-22,120,1
PO0009574,2024-05-22,552,18
PO0009582,2024-05-22,1200,12
PO0009616,2024-05-22,1794,21
PO0009622,2024-05-22,361,1
PO0009623,2024-05-22,210,1
PO0009627,2024-05-22,744,9
PO0009642,2024-05-22,1014,4
PO0009648,2024-05-22,240,0
PO0009653,2024-05-22,120,0
PO0009655,2024-05-22,599,4
PO0009657,2024-05-22,4356,28
PO0009658,2024-05-22,1092,8
PO0009663,2024-05-22,619,6
PO0009668,2024-05-22,1422,20
PO0009674,2024-05-22,168,3
PO0009680,2024-05-22,156,4
PO0009682,2024-05-22,120,0
PO0009684,2024-05-22,150,3
PO0009687,2024-05-22,1704,18
PO0009690,2024-05-22,1536,46
PO0009694,2024-05-22,744,20
PO0009696,2024-05-22,426,3
PO0009697,2024-05-22,732,11
PO0009699,2024-05-22,1450,9
PO0009705,2024-05-22,192,2
PO0009707,2024-05-22,3168,30
PO0009712,2024-05-22,816,1
PO0009713,2024-05-22,480,4
PO0009718,2024-05-22,168,0
PO0009720,2024-05-22,528,1
PO0009730,2024-05-22,372,3
PO0009735,2024-05-22,1932,11
PO0009736,2024-05-22,762,10
PO0009741,2024-05-22,288,5
PO0009745,2024-05-22,378,5
PO0009768,2024-05-22,318,0
PO0009590,2024-05-23,432,4
PO0009604,2024-05-23,1011,18
PO0009612,2024-05-23,4098,82
PO0009620,2024-05-23,228,3
PO0009638,2024-05-23,300,10
PO0009649,2024-05-23,336,4
PO0009651,2024-05-23,312,2
PO0009666,2024-05-23,1296,13
PO0009673,2024-05-23,912,15
PO0009692,2024-05-23,5076,26
PO0009699,2024-05-23,1450,4
PO0009708,2024-05-23,2412,39
PO0009709,2024-05-23,792,10
PO0009715,2024-05-23,1056,15
PO0009717,2024-05-23,1920,16
PO0009723,2024-05-23,1368,15
PO0009726,2024-05-23,4662,48
PO0009728,2024-05-23,2496,28
PO0009731,2024-05-23,1392,32
PO0009734,2024-05-23,534,3
PO0009737,2024-05-23,1932,35
PO0009743,2024-05-23,1248,25
PO0009744,2024-05-23,456,11
PO0009747,2024-05-23,68,1
PO0009748,2024-05-23,4182,36
PO0009754,2024-05-23,270,2
PO0009755,2024-05-23,912,14
PO0009761,2024-05-23,1848,34
PO0009762,2024-05-23,1188,16
PO0009781,2024-05-23,468,1
PO0009477,2024-05-24,480,8
PO0009566,2024-05-24,192,2
PO0009655,2024-05-24,600,15
PO0009659,2024-05-24,972,12
PO0009674,2024-05-24,168,2
PO0009683,2024-05-24,399,10
PO0009686,2024-05-24,3300,49
PO0009711,2024-05-24,480,6
PO0009714,2024-05-24,648,5
PO0009716,2024-05-24,288,3
PO0009719,2024-05-24,4920,66
PO0009721,2024-05-24,408,1
PO0009722,2024-05-24,4848,30
PO0009725,2024-05-24,792,4
PO0009727,2024-05-24,600,10
PO0009732,2024-05-24,474,1
PO0009733,2024-05-24,123,1
PO0009740,2024-05-24,2274,20
PO0009742,2024-05-24,696,7
PO0009751,2024-05-24,1824,21
PO0009753,2024-05-24,480,1
PO0009754,2024-05-24,270,2
PO0009757,2024-05-24,480,12
PO0009760,2024-05-24,1224,9
PO0009767,2024-05-24,288,1
PO0009772,2024-05-24,1127,10
PO0009774,2024-05-24,2808,27
PO0009778,2024-05-24,432,2
PO0009779,2024-05-24,528,3
PO0009522,2024-05-25,1536,16
PO0009604,2024-05-25,1011,18
PO0009617,2024-05-25,336,5
PO0009654,2024-05-25,1368,19
PO0009693,2024-05-25,7920,86
PO0009694,2024-05-25,744,12
PO0009749,2024-05-25,3156,32
PO0009750,2024-05-25,420,6
PO0009752,2024-05-25,108,1
PO0009758,2024-05-25,2544,25
PO0009759,2024-05-25,888,19
PO0009764,2024-05-25,1224,16
PO0009766,2024-05-25,144,1
PO0009768,2024-05-25,318,2
PO0009769,2024-05-25,510,3
PO0009771,2024-05-25,204,2
PO0009773,2024-05-25,5904,63
PO0009782,2024-05-25,504,2
PO0009783,2024-05-25,558,5
PO0009791,2024-05-25,156,3
PO0009801,2024-05-25,690,0
PO0009667,2024-05-26,4296,22
PO0009700,2024-05-26,426,7
PO0009711,2024-05-26,480,9
PO0009727,2024-05-26,600,6
PO0009738,2024-05-26,1716,23
PO0009739,2024-05-26,5808,60
PO0009755,2024-05-26,912,4
PO0009761,2024-05-26,1848,19
PO0009785,2024-05-26,1320,13
PO0009788,2024-05-26,912,8
PO0009790,2024-05-26,240,2
PO0009792,2024-05-26,204,3
PO0009794,2024-05-26,222,4
PO0009795,2024-05-26,180,3
PO0009799,2024-05-26,1296,7
PO0009804,2024-05-26,1464,31
PO0009807,2024-05-26,720,11
PO0009812,2024-05-26,2279,17
PO0009820,2024-05-26,1164,65
PO0009821,2024-05-26,1176,22
PO0009822,2024-05-26,936,13
PO0009826,2024-05-26,606,2
PO0009836,2024-05-26,1152,16
PO0009852,2024-05-26,330,4
PO0009561,2024-05-27,7968,96
PO0009562,2024-05-27,1008,30
PO0009598,2024-05-27,384,5
PO0009625,2024-05-27,3000,54
PO0009746,2024-05-27,960,13
PO0009752,2024-05-27,108,3
PO0009763,2024-05-27,120,0
PO0009787,2024-05-27,3000,30
PO0009797,2024-05-27,456,2
PO0009798,2024-05-27,1032,16
PO0009802,2024-05-27,960,15
PO0009805,2024-05-27,336,9
PO0009808,2024-05-27,384,2
PO0009815,2024-05-27,1416,36
PO0009816,2024-05-27,1704,22
PO0009817,2024-05-27,894,25
PO0009818,2024-05-27,1836,11
PO0009819,2024-05-27,336,4
PO0009823,2024-05-27,1200,13
PO0009824,2024-05-27,1056,17
PO0009825,2024-05-27,384,9
PO0009829,2024-05-27,1302,19
PO0009830,2024-05-27,1344,16
PO0009833,2024-05-27,834,7
PO0009835,2024-05-27,1512,17
PO0009840,2024-05-27,3047,23
PO0009842,2024-05-27,2079,22
PO0009849,2024-05-27,1665,18
PO0009850,2024-05-27,486,4
PO0009855,2024-05-27,768,20
PO0009870,2024-05-27,3168,39
PO0009889,2024-05-27,378,2
PO0009598,2024-05-28,384,7
PO0009615,2024-05-28,3048,49
PO0009628,2024-05-28,816,14
PO0009691,2024-05-28,1860,25
PO0009724,2024-05-28,120,0
PO0009733,2024-05-28,123,0
PO0009750,2024-05-28,420,7
PO0009765,2024-05-28,132,1
PO0009786,2024-05-28,720,12
PO0009795,2024-05-28,180,4
PO0009796,2024-05-28,1200,24
PO0009797,2024-05-28,456,9
PO0009800,2024-05-28,4764,59
PO0009803,2024-05-28,252,14
PO0009806,2024-05-28,456,0
PO0009809,2024-05-28,2064,46
PO0009813,2024-05-28,1020,19
PO0009814,2024-05-28,672,4
PO0009832,2024-05-28,2256,26
PO0009834,2024-05-28,3324,25
PO0009866,2024-05-28,2016,40
PO0009869,2024-05-28,300,0
PO0009875,2024-05-28,1572,11
PO0009881,2024-05-28,1992,15
PO0009882,2024-05-28,186,4
PO0009883,2024-05-28,744,4
PO0009888,2024-05-28,1392,2
PO0009891,2024-05-28,1602,12
PO0009892,2024-05-28,552,14
PO0009893,2024-05-28,828,33
PO0009510,2024-05-29,1230,23
PO0009601,2024-05-29,648,11
PO0009763,2024-05-29,120,0
PO0009777,2024-05-29,1656,30
PO0009793,2024-05-29,288,1
PO0009809,2024-05-29,2064,40
PO0009825,2024-05-29,384,11
PO0009827,2024-05-29,648,7
PO0009828,2024-05-29,3192,15
PO0009831,2024-05-29,660,33
PO0009838,2024-05-29,894,3
PO0009841,2024-05-29,624,5
PO0009843,2024-05-29,318,8
PO0009844,2024-05-29,1176,6
PO0009845,2024-05-29,1440,5
PO0009846,2024-05-29,5664,64
PO0009848,2024-05-29,144,2
PO0009851,2024-05-29,1380,29
PO0009853,2024-05-29,2802,18
PO0009854,2024-05-29,1092,19
PO0009857,2024-05-29,720,26
PO0009858,2024-05-29,816,11
PO0009860,2024-05-29,444,4
PO0009862,2024-05-29,1302,7
PO0009864,2024-05-29,1872,27
PO0009871,2024-05-29,348,3
PO0009873,2024-05-29,384,4
PO0009876,2024-05-29,1188,19
PO0009879,2024-05-29,3168,23
PO0009887,2024-05-29,1326,23
PO0009898,2024-05-29,6000,46
PO0009899,2024-05-29,612,2
PO0009906,2024-05-29,1416,9
PO0009907,2024-05-29,864,12
PO0009912,2024-05-29,2136,25
PO0009920,2024-05-29,720,2
PO0009923,2024-05-29,1356,17
PO0009929,2024-05-29,774,14
PO0009931,2024-05-29,1560,11
PO0009932,2024-05-29,984,26
PO0009703,2024-05-30,1818,8
PO0009789,2024-05-30,1344,26
PO0009796,2024-05-30,1200,20
PO0009822,2024-05-30,936,11
PO0009837,2024-05-30,1782,23
PO0009842,2024-05-30,2079,19
PO0009843,2024-05-30,318,3
PO0009847,2024-05-30,225,1
PO0009856,2024-05-30,315,7
PO0009859,2024-05-30,504,3
PO0009863,2024-05-30,222,5
PO0009865,2024-05-30,672,17
PO0009867,2024-05-30,4032,197
PO0009868,2024-05-30,1008,5
PO0009872,2024-05-30,432,13
PO0009877,2024-05-30,7416,178
PO0009878,2024-05-30,144,0
PO0009880,2024-05-30,144,0
PO0009885,2024-05-30,1188,8
PO0009886,2024-05-30,2262,18
PO0009889,2024-05-30,378,1
PO0009890,2024-05-30,1998,18
PO0009895,2024-05-30,564,11
PO0009900,2024-05-30,2676,45
PO0009903,2024-05-30,369,3
PO0009905,2024-05-30,312,4
PO0009908,2024-05-30,840,13
PO0009909,2024-05-30,1056,12
PO0009910,2024-05-30,2136,51
PO0009917,2024-05-30,4032,59
PO0009919,2024-05-30,2400,10
PO0009924,2024-05-30,216,2
PO0009925,2024-05-30,768,49
PO0009927,2024-05-30,936,7
PO0009928,2024-05-30,144,5
PO0009933,2024-05-30,144,0
PO0009935,2024-05-30,2034,9
PO0009940,2024-05-30,1608,14
PO0009943,2024-05-30,1104,36
PO0009944,2024-05-30,384,7
PO0009947,2024-05-30,6144,72
PO0009948,2024-05-30,312,7
PO0009949,2024-05-30,192,9
PO0009952,2024-05-30,1944,29
PO0009972,2024-05-30,618,6
PO0009976,2024-05-30,300,0
PO0009982,2024-05-30,1104,11
PO0009646,2024-05-31,888,24
PO0009724,2024-05-31,120,1
PO0009775,2024-05-31,1392,37
PO0009784,2024-05-31,1017,4
PO0009808,2024-05-31,384,4
PO0009817,2024-05-31,894,18
PO0009892,2024-05-31,552,9
PO0009894,2024-05-31,2604,13
PO0009896,2024-05-31,648,8
PO0009897,2024-05-31,767,9
PO0009901,2024-05-31,264,2
PO0009902,2024-05-31,3960,33
PO0009903,2024-05-31,369,8
PO0009905,2024-05-31,312,3
PO0009911,2024-05-31,264,2
PO0009913,2024-05-31,1464,18
PO0009915,2024-05-31,408,9
PO0009916,2024-05-31,1224,8
PO0009918,2024-05-31,2256,10
PO0009919,2024-05-31,2400,9
PO0009921,2024-05-31,2040,19
PO0009922,2024-05-31,2496,19
PO0009926,2024-05-31,816,27
PO0009930,2024-05-31,1680,15
PO0009937,2024-05-31,732,9
PO0009955,2024-05-31,840,11
PO0009956,2024-05-31,3240,34
PO0009960,2024-05-31,1824,15
PO0009964,2024-05-31,1320,11
PO0009967,2024-05-31,1728,5
PO0009974,2024-05-31,1044,7
PO0009980,2024-05-31,384,2
PO0009676,2024-06-01,4560,22
PO0009703,2024-06-01,1818,9
PO0009729,2024-06-01,816,1
PO0009756,2024-06-01,768,1
PO0009803,2024-06-01,252,12
PO0009813,2024-06-01,1020,9
PO0009831,2024-06-01,660,28
PO0009863,2024-06-01,222,2
PO0009884,2024-06-01,3048,18
PO0009927,2024-06-01,936,6
PO0009936,2024-06-01,3120,19
PO0009939,2024-06-01,2154,16
PO0009941,2024-06-01,912,11
PO0009945,2024-06-01,774,13
PO0009951,2024-06-01,408,6
PO0009953,2024-06-01,2064,10
PO0009954,2024-06-01,432,17
PO0009957,2024-06-01,3984,41
PO0009959,2024-06-01,408,6
PO0009962,2024-06-01,1128,10
PO0009966,2024-06-01,2160,18
PO0009969,2024-06-01,2232,13
PO0009970,2024-06-01,2208,13
PO0009971,2024-06-01,606,4
PO0009973,2024-06-01,780,10
PO0009975,2024-06-01,1440,75
PO0009981,2024-06-01,882,15
PO0009993,2024-06-01,2472,46
PO0009811,2024-06-02,744,8
PO0009847,2024-06-02,225,4
PO0009861,2024-06-02,1326,30
PO0009906,2024-06-02,1416,9
PO0009907,2024-06-02,864,18
PO0009924,2024-06-02,216,1
PO0009925,2024-06-02,768,37
PO0009951,2024-06-02,408,4
PO0009961,2024-06-02,1896,2
PO0009965,2024-06-02,5724,45
PO0009968,2024-06-02,888,13
PO0009978,2024-06-02,348,1
PO0009979,2024-06-02,1080,5
PO0009983,2024-06-02,864,12
PO0009989,2024-06-02,222,7
PO0009992,2024-06-02,336,3
PO0009996,2024-06-02,864,17
PO0009999,2024-06-02,1446,6
PO0010004,2024-06-02,492,0
PO0010006,2024-06-02,2232,30
PO0010008,2024-06-02,804,0
PO0009646,2024-06-03,888,26
PO0009856,2024-06-03,315,5
PO0009861,2024-06-03,1326,25
PO0009908,2024-06-03,840,12
PO0009914,2024-06-03,1464,19
PO0009933,2024-06-03,144,1
PO0009934,2024-06-03,9648,194
PO0009950,2024-06-03,1680,16
PO0009983,2024-06-03,864,12
PO0009988,2024-06-03,360,2
PO0009990,2024-06-03,1536,6
PO0009991,2024-06-03,324,3
PO0009994,2024-06-03,3311,13
PO0009997,2024-06-03,312,0
PO0010007,2024-06-03,1704,26
PO0010009,2024-06-03,2766,10
PO0010012,2024-06-03,2520,18
PO0010013,2024-06-03,372,2
PO0010016,2024-06-03,288,5
PO0010031,2024-06-03,360,8
PO0010032,2024-06-03,624,36
PO0010034,2024-06-03,492,3
PO0010039,2024-06-03,336,5
PO0010041,2024-06-03,1080,21
PO0009770,2024-06-04,1440,25
PO0009810,2024-06-04,4704,50
PO0009874,2024-06-04,168,1
PO0009938,2024-06-04,559,10
PO0009963,2024-06-04,3528,45
PO0009985,2024-06-04,6630,81
PO0009986,2024-06-04,612,24
PO0009987,2024-06-04,1056,22
PO0009991,2024-06-04,324,0
PO0009998,2024-06-04,66,2
PO0010000,2024-06-04,1038,10
PO0010001,2024-06-04,336,7
PO0010003,2024-06-04,648,40
PO0010015,2024-06-04,564,1
PO0010017,2024-06-04,528,18
PO0010020,2024-06-04,2592,113
PO0010026,2024-06-04,1104,10
PO0010028,2024-06-04,618,12
PO0010030,2024-06-04,1356,7
PO0010036,2024-06-04,1392,34
PO0010040,2024-06-04,738,8
PO0010045,2024-06-04,384,9
PO0010047,2024-06-04,1200,1
PO0010051,2024-06-04,288,0
PO0010053,2024-06-04,792,4
PO0010062,2024-06-04,216,2
PO0010063,2024-06-04,696,15
PO0010064,2024-06-04,408,2
PO0010087,2024-06-04,1584,7
PO0009971,2024-06-05,606,4
PO0010006,2024-06-05,2232,27
PO0010011,2024-06-05,1056,11
PO0010022,2024-06-05,3414,30
PO0010023,2024-06-05,264,4
PO0010024,2024-06-05,2070,40
PO0010029,2024-06-05,966,12
PO0010038,2024-06-05,624,3
PO0010046,2024-06-05,1152,19
PO0010050,2024-06-05,336,2
PO0010052,2024-06-05,1392,13
PO0010054,2024-06-05,432,4
PO0010055,2024-06-05,1476,29
PO0010056,2024-06-05,306,3
PO0010057,2024-06-05,720,17
PO0010059,2024-06-05,1152,14
PO0010060,2024-06-05,624,4
PO0010061,2024-06-05,132,2
PO0010070,2024-06-05,1224,15
PO0010072,2024-06-05,588,2
PO0010073,2024-06-05,582,4
PO0010074,2024-06-05,1080,17
PO0010080,2024-06-05,216,4
PO0010085,2024-06-05,1146,4
PO0010103,2024-06-05,342,9
PO0010110,2024-06-05,804,16
PO0010112,2024-06-05,1308,13
PO0010121,2024-06-05,420,1
PO0009776,2024-06-06,5184,88
PO0009977,2024-06-06,2910,24
PO0009995,2024-06-06,4164,16
PO0010002,2024-06-06,1296,6
PO0010019,2024-06-06,7704,162
PO0010037,2024-06-06,1080,4
PO0010043,2024-06-06,144,0
PO0010044,2024-06-06,1452,22
PO0010049,2024-06-06,336,2
PO0010056,2024-06-06,306,6
PO0010058,2024-06-06,1176,22
PO0010062,2024-06-06,216,3
PO0010066,2024-06-06,1632,47
PO0010068,2024-06-06,228,9
PO0010071,2024-06-06,2304,50
PO0010078,2024-06-06,1368,14
PO0010079,2024-06-06,348,2
PO0010081,2024-06-06,132,0
PO0010084,2024-06-06,192,2
PO0010090,2024-06-06,840,4
PO0010091,2024-06-06,1554,11
PO0010094,2024-06-06,1866,17
PO0010098,2024-06-06,864,10
PO0010099,2024-06-06,1386,16
PO0010113,2024-06-06,492,1
PO0010114,2024-06-06,1368,38
PO0010115,2024-06-06,1460,18
PO0010118,2024-06-06,48,0
PO0010125,2024-06-06,534,11
PO0010127,2024-06-06,6336,22
PO0010133,2024-06-06,672,6
PO0009770,2024-06-07,1440,27
PO0009839,2024-06-07,1860,29
PO0009904,2024-06-07,288,5
PO0009997,2024-06-07,312,2
PO0010002,2024-06-07,1296,3
PO0010018,2024-06-07,456,6
PO0010039,2024-06-07,336,5
PO0010065,2024-06-07,1584,11
PO0010068,2024-06-07,228,2
PO0010069,2024-06-07,918,4
PO0010072,2024-06-07,588,5
PO0010076,2024-06-07,1332,26
PO0010077,2024-06-07,732,13
PO0010082,2024-06-07,2232,19
PO0010083,2024-06-07,696,16
PO0010088,2024-06-07,1968,10
PO0010089,2024-06-07,300,8
PO0010092,2024-06-07,1704,6
PO0010095,2024-06-07,1800,20
PO0010097,2024-06-07,159,0
PO0010100,2024-06-07,684,5
PO0010106,2024-06-07,2928,137
PO0010108,2024-06-07,456,5
PO0010112,2024-06-07,1308,26
PO0010116,2024-06-07,168,2
PO0010119,2024-06-07,336,5
PO0010123,2024-06-07,1680,23
PO0010134,2024-06-07,834,13
PO0010143,2024-06-07,648,6
PO0010145,2024-06-07,1248,22
PO0010000,2024-06-08,1038,7
PO0010005,2024-06-08,120,0
PO0010021,2024-06-08,1872,31
PO0010033,2024-06-08,1506,25
PO0010035,2024-06-08,2544,35
PO0010042,2024-06-08,336,5
PO0010082,2024-06-08,2232,16
PO0010086,2024-06-08,2016,21
PO0010093,2024-06-08,2352,36
PO0010096,2024-06-08,2400,24
PO0010104,2024-06-08,1008,35
PO0010105,2024-06-08,1152,28
PO0010107,2024-06-08,546,3
PO0010111,2024-06-08,3594,39
PO0010117,2024-06-08,123,0
PO0010122,2024-06-08,1968,19
PO0010124,2024-06-08,192,1
PO0010135,2024-06-08,1080,8
PO0010138,2024-06-08,408,0
PO0010140,2024-06-08,720,2
PO0010141,2024-06-08,186,0
PO0010144,2024-06-08,192,4
PO0010146,2024-06-08,114,0
PO0010156,2024-06-08,864,16
PO0009780,2024-06-09,96,1
PO0010014,2024-06-09,960,8
PO0010018,2024-06-09,456,4
PO0010048,2024-06-09,756,6
PO0010061,2024-06-09,132,4
PO0010081,2024-06-09,132,0
PO0010097,2024-06-09,159,1
PO0010116,2024-06-09,168,1
PO0010120,2024-06-09,3072,13
PO0010126,2024-06-09,768,6
PO0010129,2024-06-09,1824,33
PO0010130,2024-06-09,2544,10
PO0010131,2024-06-09,1404,8
PO0010132,2024-06-09,504,2
PO0010137,2024-06-09,690,10
PO0010139,2024-06-09,306,1
PO0010141,2024-06-09,186,0
PO0010149,2024-06-09,768,10
PO0010150,2024-06-09,2160,33
PO0010165,2024-06-09,5028,109
PO0010166,2024-06-09,1872,92
PO0010167,2024-06-09,1056,8
PO0010183,2024-06-09,1080,12
PO0010188,2024-06-09,300,1
PO0010193,2024-06-09,888,17
PO0009984,2024-06-10,192,0
PO0010010,2024-06-10,768,16
PO0010037,2024-06-10,1080,7
PO0010079,2024-06-10,348,3
PO0010084,2024-06-10,192,9
PO0010117,2024-06-10,123,0
PO0010147,2024-06-10,2400,29
PO0010155,2024-06-10,312,4
PO0010158,2024-06-10,1342,17
PO0010160,2024-06-10,2688,13
PO0010170,2024-06-10,612,6
PO0010174,2024-06-10,2688,10
PO0010178,2024-06-10,756,0
PO0010182,2024-06-10,585,4
PO0010185,2024-06-10,1764,30
PO0010190,2024-06-10,936,8
PO0010192,2024-06-10,600,10
PO0010198,2024-06-10,3168,154
PO0010201,2024-06-10,480,20
PO0010219,2024-06-10,594,1
PO0010226,2024-06-10,528,7
PO0010233,2024-06-10,756,8
PO0010235,2024-06-10,366,1
PO0009946,2024-06-11,1728,7
PO0010027,2024-06-11,192,0
PO0010075,2024-06-11,336,6
PO0010095,2024-06-11,1800,16
PO0010108,2024-06-11,456,3
PO0010130,2024-06-11,2544,13
PO0010142,2024-06-11,1656,22
PO0010148,2024-06-11,240,3
PO0010151,2024-06-11,981,16
PO0010152,2024-06-11,1896,21
PO0010153,2024-06-11,108,0
PO0010154,2024-06-11,195,3
PO0010159,2024-06-11,1296,43
PO0010161,2024-06-11,1092,3
PO0010162,2024-06-11,336,5
PO0010163,2024-06-11,1032,26
PO0010172,2024-06-11,1152,7
PO0010173,2024-06-11,1404,9
PO0010184,2024-06-11,420,6
PO0010186,2024-06-11,2928,25
PO0010191,2024-06-11,528,8
PO0010197,2024-06-11,684,10
PO0010200,2024-06-11,408,6
PO0010203,2024-06-11,2640,66
PO0010207,2024-06-11,816,11
PO0010209,2024-06-11,924,18
PO0010212,2024-06-11,564,3
PO0010216,2024-06-11,822,2
PO0010225,2024-06-11,1440,24
PO0010248,2024-06-11,3504,43
PO0010249,2024-06-11,390,6
PO0010276,2024-06-11,480,6
PO0009958,2024-06-12,1776,15
PO0010048,2024-06-12,756,7
PO0010101,2024-06-12,3198,34
PO0010102,2024-06-12,1326,13
PO0010154,2024-06-12,195,5
PO0010157,2024-06-12,672,11
PO0010164,2024-06-12,528,10
PO0010169,2024-06-12,264,0
PO0010171,2024-06-12,273,2
PO0010175,2024-06-12,888,37
PO0010180,2024-06-12,840,15
PO0010181,2024-06-12,4362,40
PO0010187,2024-06-12,300,3
PO0010189,2024-06-12,1080,4
PO0010194,2024-06-12,144,1
PO0010195,2024-06-12,528,18
PO0010199,2024-06-12,330,15
PO0010202,2024-06-12,720,13
PO0010204,2024-06-12,738,2
PO0010205,2024-06-12,384,1
PO0010206,2024-06-12,783,11
PO0010210,2024-06-12,864,14
PO0010211,2024-06-12,414,2
PO0010213,2024-06-12,576,6
PO0010214,2024-06-12,120,2
PO0010215,2024-06-12,906,3
PO0010218,2024-06-12,1200,10
PO0010220,2024-06-12,4464,19
PO0010221,2024-06-12,1644,35
PO0010224,2024-06-12,2688,123
PO0010229,2024-06-12,744,11
PO0010237,2024-06-12,264,1
PO0010238,2024-06-12,348,15
PO0010242,2024-06-12,1566,5
PO0010247,2024-06-12,1320,4
PO0010250,2024-06-12,528,14
PO0010252,2024-06-12,528,8
PO0010253,2024-06-12,4080,49
PO0010255,2024-06-12,384,6
PO0010257,2024-06-12,1440,27
PO0010258,2024-06-12,1392,7
PO0010264,2024-06-12,480,2
PO0010268,2024-06-12,600,9
PO0010271,2024-06-12,3672,52
PO0010277,2024-06-12,150,0
PO0010279,2024-06-12,48,0
PO0010284,2024-06-12,1056,52
PO0010285,2024-06-12,2496,27
PO0010025,2024-06-13,261,0
PO0010187,2024-06-13,300,2
PO0010199,2024-06-13,330,16
PO0010211,2024-06-13,414,1
PO0010217,2024-06-13,1248,32
PO0010227,2024-06-13,177,1
PO0010228,2024-06-13,214,2
PO0010230,2024-06-13,288,1
PO0010234,2024-06-13,2592,40
PO0010239,2024-06-13,960,8
PO0010243,2024-06-13,1824,10
PO0010244,2024-06-13,1560,17
PO0010251,2024-06-13,432,1
PO0010261,2024-06-13,1872,40
PO0010263,2024-06-13,600,4
PO0010266,2024-06-13,360,5
PO0010272,2024-06-13,432,5
PO0010275,2024-06-13,1530,31
PO0010279,2024-06-13,48,2
PO0010281,2024-06-13,984,3
PO0010289,2024-06-13,2184,48
PO0010292,2024-06-13,192,0
PO0010294,2024-06-13,444,9
PO0010298,2024-06-13,2040,37
PO0010299,2024-06-13,528,3
PO0010301,2024-06-13,744,12
PO0010302,2024-06-13,384,3
PO0010312,2024-06-13,936,22
PO0010313,2024-06-13,480,4
PO0010067,2024-06-14,228,3
PO0010151,2024-06-14,981,11
PO0010153,2024-06-14,108,0
PO0010155,2024-06-14,312,3
PO0010194,2024-06-14,144,1
PO0010196,2024-06-14,1560,21
PO0010241,2024-06-14,384,5
PO0010245,2024-06-14,1128,11
PO0010246,2024-06-14,2682,32
PO0010262,2024-06-14,258,8
PO0010265,2024-06-14,888,6
PO0010270,2024-06-14,864,47
PO0010273,2024-06-14,96,1
PO0010274,2024-06-14,348,3
PO0010280,2024-06-14,1289,14
PO0010282,2024-06-14,900,19
PO0010283,2024-06-14,1044,49
PO0010290,2024-06-14,1452,6
PO0010291,2024-06-14,96,0
PO0010296,2024-06-14,2250,22
PO0010297,2024-06-14,1188,9
PO0010304,2024-06-14,219,1
PO0010310,2024-06-14,192,6
PO0010317,2024-06-14,192,3
PO0010321,2024-06-14,192,4
PO0010324,2024-06-14,2592,126
PO0010325,2024-06-14,960,2
PO0010326,2024-06-14,252,1
PO0010327,2024-06-14,768,9
PO0010328,2024-06-14,1200,19
PO0010334,2024-06-14,1536,36
PO0010335,2024-06-14,948,10
PO0010337,2024-06-14,2058,61
PO0010339,2024-06-14,1824,98
PO0010169,2024-06-15,264,1
PO0010171,2024-06-15,273,3
PO0010177,2024-06-15,1920,12
PO0010197,2024-06-15,684,6
PO0010208,2024-06-15,552,10
PO0010254,2024-06-15,1098,16
PO0010255,2024-06-15,384,9
PO0010268,2024-06-15,600,14
PO0010272,2024-06-15,432,3
PO0010277,2024-06-15,150,2
PO0010288,2024-06-15,5184,99
PO0010295,2024-06-15,240,1
PO0010303,2024-06-15,96,1
PO0010305,2024-06-15,384,1
PO0010308,2024-06-15,462,1
PO0010314,2024-06-15,282,1
PO0010318,2024-06-15,1140,7
PO0010323,2024-06-15,1478,19
PO0010333,2024-06-15,2418,11
PO0010336,2024-06-15,180,1
PO0010345,2024-06-15,660,1
PO0010359,2024-06-15,144,0
PO0010360,2024-06-15,963,13
PO0010025,2024-06-16,261,0
PO0010179,2024-06-16,2172,48
PO0010196,2024-06-16,1560,13
PO0010210,2024-06-16,864,11
PO0010222,2024-06-16,336,3
PO0010259,2024-06-16,1104,11
PO0010315,2024-06-16,1452,14
PO0010329,2024-06-16,1656,9
PO0010330,2024-06-16,1344,9
PO0010342,2024-06-16,5952,31
PO0010344,2024-06-16,2388,46
PO0010350,2024-06-16,624,18
PO0010353,2024-06-16,3720,51
PO0010354,2024-06-16,360,1
PO0010356,2024-06-16,4536,48
PO0010358,2024-06-16,480,6
PO0010363,2024-06-16,720,7
PO0010067,2024-06-17,228,5
PO0010109,2024-06-17,414,5
PO0010176,2024-06-17,1896,91
PO0010254,2024-06-17,1098,28
PO0010260,2024-06-17,1344,20
PO0010278,2024-06-17,168,1
PO0010286,2024-06-17,606,3
PO0010322,2024-06-17,933,16
PO0010346,2024-06-17,168,3
PO0010357,2024-06-17,1376,22
PO0010359,2024-06-17,144,0
PO0010362,2024-06-17,2592,48
PO0010368,2024-06-17,468,2
PO0010369,2024-06-17,1050,9
PO0010370,2024-06-17,1152,51
PO0010373,2024-06-17,816,3
PO0010374,2024-06-17,552,8
PO0010378,2024-06-17,1440,14
PO0010379,2024-06-17,1104,20
PO0010382,2024-06-17,744,8
PO0010383,2024-06-17,216,0
PO0010399,2024-06-17,528,6
PO0010405,2024-06-17,384,2
PO0010168,2024-06-18,1992,43
PO0010223,2024-06-18,1104,4
PO0010231,2024-06-18,384,5
PO0010267,2024-06-18,144,7
PO0010300,2024-06-18,1284,19
PO0010306,2024-06-18,264,3
PO0010309,2024-06-18,168,3
PO0010321,2024-06-18,192,6
PO0010340,2024-06-18,408,2
PO0010341,2024-06-18,336,2
PO0010343,2024-06-18,2400,44
PO0010346,2024-06-18,168,1
PO0010347,2024-06-18,504,7
PO0010348,2024-06-18,1872,46
PO0010352,2024-06-18,3384,65
PO0010364,2024-06-18,360,4
PO0010365,2024-06-18,2196,14
PO0010371,2024-06-18,213,1
PO0010376,2024-06-18,1440,24
PO0010377,2024-06-18,336,9
PO0010380,2024-06-18,378,1
PO0010382,2024-06-18,744,10
PO0010385,2024-06-18,756,14
PO0010386,2024-06-18,900,1
PO0010389,2024-06-18,768,5
PO0010394,2024-06-18,468,4
PO0010403,2024-06-18,288,8
PO0010407,2024-06-18,450,2
PO0010408,2024-06-18,398,4
PO0010410,2024-06-18,576,16
PO0010414,2024-06-18,552,6
PO0010417,2024-06-18,552,6
PO0010419,2024-06-18,1056,10
PO0010437,2024-06-18,312,5
PO0010128,2024-06-19,948,18
PO0010136,2024-06-19,120,3
PO0010278,2024-06-19,168,5
PO0010319,2024-06-19,2628,44
PO0010331,2024-06-19,126,4
PO0010349,2024-06-19,540,3
PO0010361,2024-06-19,4716,49
PO0010366,2024-06-19,1968,32
PO0010367,2024-06-19,1992,36
PO0010381,2024-06-19,1968,26
PO0010387,2024-06-19,372,1
PO0010394,2024-06-19,468,5
PO0010395,2024-06-19,1296,7
PO0010402,2024-06-19,912,16
PO0010404,2024-06-19,264,4
PO0010406,2024-06-19,720,10
PO0010411,2024-06-19,408,3
PO0010415,2024-06-19,1032,20
PO0010418,2024-06-19,132,1
PO0010421,2024-06-19,576,8
PO0010422,2024-06-19,792,45
PO0010423,2024-06-19,336,2
PO0010424,2024-06-19,624,2
PO0010425,2024-06-19,624,2
PO0010429,2024-06-19,984,4
PO0010430,2024-06-19,192,4
PO0010432,2024-06-19,774,8
PO0010438,2024-06-19,720,7
PO0010456,2024-06-19,4512,49
PO0009942,2024-06-20,2544,21
PO0010176,2024-06-20,1896,72
PO0010286,2024-06-20,606,10
PO0010293,2024-06-20,228,0
PO0010311,2024-06-20,3072,9
PO0010320,2024-06-20,816,22
PO0010367,2024-06-20,1992,16
PO0010368,2024-06-20,468,3
PO0010380,2024-06-20,378,0
PO0010388,2024-06-20,2094,17
PO0010393,2024-06-20,3414,45
PO0010397,2024-06-20,3936,77
PO0010409,2024-06-20,2532,31
PO0010412,2024-06-20,1320,5
PO0010413,2024-06-20,1248,21
PO0010414,2024-06-20,552,11
PO0010416,2024-06-20,912,52
PO0010417,2024-06-20,552,6
PO0010420,2024-06-20,732,3
PO0010427,2024-06-20,1173,8
PO0010428,2024-06-20,1680,21
PO0010431,2024-06-20,2046,9
PO0010433,2024-06-20,336,6
PO0010434,2024-06-20,1527,37
PO0010440,2024-06-20,486,0
PO0010441,2024-06-20,450,3
PO0010443,2024-06-20,7728,91
PO0010447,2024-06-20,4752,40
PO0010449,2024-06-20,642,3
PO0010451,2024-06-20,4404,20
PO0010457,2024-06-20,840,8
PO0010459,2024-06-20,4152,18
PO0010461,2024-06-20,2178,24
PO0010467,2024-06-20,768,10
PO0010287,2024-06-21,504,13
PO0010322,2024-06-21,933,12
PO0010371,2024-06-21,213,5
PO0010398,2024-06-21,2448,32
PO0010436,2024-06-21,3288,28
PO0010439,2024-06-21,552,2
PO0010441,2024-06-21,450,2
PO0010442,2024-06-21,348,0
PO0010445,2024-06-21,372,4
PO0010446,2024-06-21,336,6
PO0010448,2024-06-21,78,1
PO0010452,2024-06-21,924,11
PO0010454,2024-06-21,1098,18
PO0010455,2024-06-21,1224,18
PO0010463,2024-06-21,216,2
PO0010468,2024-06-21,240,1
PO0010472,2024-06-21,5628,44
PO0010476,2024-06-21,1404,18
PO0010479,2024-06-21,5016,68
PO0010483,2024-06-21,504,2
PO0010487,2024-06-21,396,0
PO0010489,2024-06-21,504,7
PO0010128,2024-06-22,948,24
PO0010240,2024-06-22,1584,6
PO0010256,2024-06-22,792,13
PO0010332,2024-06-22,1344,11
PO0010372,2024-06-22,960,7
PO0010375,2024-06-22,576,9
PO0010384,2024-06-22,432,5
PO0010388,2024-06-22,2094,13
PO0010400,2024-06-22,1374,13
PO0010427,2024-06-22,1173,10
PO0010444,2024-06-22,1884,35
PO0010448,2024-06-22,78,0
PO0010450,2024-06-22,192,2
PO0010460,2024-06-22,1584,24
PO0010462,2024-06-22,246,3
PO0010464,2024-06-22,912,1
PO0010466,2024-06-22,171,0
PO0010473,2024-06-22,1764,22
PO0010478,2024-06-22,120,0
PO0010480,2024-06-22,420,5
PO0010484,2024-06-22,1146,27
PO0010486,2024-06-22,2256,31
PO0010495,2024-06-22,822,19
PO0010500,2024-06-22,501,2
PO0010506,2024-06-22,4278,58
PO0010509,2024-06-22,408,1
PO0010269,2024-06-23,1368,27
PO0010307,2024-06-23,1152,11
PO0010331,2024-06-23,126,2
PO0010355,2024-06-23,1464,25
PO0010390,2024-06-23,288,0
PO0010422,2024-06-23,792,40
PO0010426,2024-06-23,2592,36
PO0010435,2024-06-23,780,13
PO0010471,2024-06-23,4566,33
PO0010474,2024-06-23,936,14
PO0010475,2024-06-23,636,4
PO0010477,2024-06-23,1553,15
PO0010478,2024-06-23,120,0
PO0010481,2024-06-23,177,1
PO0010488,2024-06-23,779,9
PO0010490,2024-06-23,384,9
PO0010491,2024-06-23,2544,26
PO0010492,2024-06-23,678,0
PO0010502,2024-06-23,261,2
PO0010504,2024-06-23,192,1
PO0010507,2024-06-23,5760,57
PO0010236,2024-06-24,4224,48
PO0010316,2024-06-24,762,15
PO0010338,2024-06-24,1308,13
PO0010392,2024-06-24,912,37
PO0010434,2024-06-24,1527,43
PO0010458,2024-06-24,2418,20
PO0010466,2024-06-24,171,0
PO0010485,2024-06-24,126,2
PO0010487,2024-06-24,396,2
PO0010496,2024-06-24,252,14
PO0010497,2024-06-24,528,6
PO0010500,2024-06-24,501,1
PO0010510,2024-06-24,104,3
PO0010514,2024-06-24,1512,24
PO0010517,2024-06-24,1386,70
PO0010522,2024-06-24,510,5
PO0010524,2024-06-24,1032,10
PO0010527,2024-06-24,552,6
PO0010533,2024-06-24,1344,24
PO0010534,2024-06-24,1440,18
PO0010540,2024-06-24,2880,24
PO0010556,2024-06-24,276,1
PO0010232,2024-06-25,312,2
PO0010401,2024-06-25,624,10
PO0010442,2024-06-25,348,1
PO0010469,2024-06-25,6288,60
PO0010493,2024-06-25,249,4
PO0010494,2024-06-25,5004,54
PO0010496,2024-06-25,252,10
PO0010499,2024-06-25,1812,24
PO0010501,2024-06-25,1248,27
PO0010502,2024-06-25,261,1
PO0010503,2024-06-25,1392,10
PO0010511,2024-06-25,1320,3
PO0010513,2024-06-25,1344,15
PO0010518,2024-06-25,1776,27
PO0010519,2024-06-25,348,8
PO0010520,2024-06-25,480,15
PO0010530,2024-06-25,1536,17
PO0010531,2024-06-25,552,3
PO0010532,2024-06-25,519,0
PO0010534,2024-06-25,1440,11
PO0010539,2024-06-25,696,3
PO0010545,2024-06-25,1734,28
PO0010546,2024-06-25,1320,29
PO0010547,2024-06-25,365,2
PO0010559,2024-06-25,480,8
PO0010561,2024-06-25,251,2
PO0010563,2024-06-25,360,3
PO0010578,2024-06-25,480,6
PO0010481,2024-06-26,177,3
PO0010493,2024-06-26,249,2
PO0010512,2024-06-26,162,0
PO0010515,2024-06-26,1992,23
PO0010516,2024-06-26,7920,84
PO0010525,2024-06-26,1848,30
PO0010526,2024-06-26,456,9
PO0010528,2024-06-26,1392,35
PO0010535,2024-06-26,192,0
PO0010538,2024-06-26,3240,23
PO0010544,2024-06-26,1632,9
PO0010552,2024-06-26,384,2
PO0010555,2024-06-26,192,1
PO0010564,2024-06-26,2694,9
PO0010565,2024-06-26,648,5
PO0010574,2024-06-26,576,2
PO0010581,2024-06-26,1632,72
PO0010582,2024-06-26,3264,37
PO0010584,2024-06-26,1152,8
PO0010586,2024-06-26,444,6
PO0010590,2024-06-26,2208,14
PO0010591,2024-06-26,1149,13
PO0010592,2024-06-26,1332,21
PO0010593,2024-06-26,720,13
PO0010604,2024-06-26,792,9
PO0010391,2024-06-27,2049,42
PO0010396,2024-06-27,3012,22
PO0010482,2024-06-27,719,4
PO0010527,2024-06-27,552,4
PO0010529,2024-06-27,3900,17
PO0010541,2024-06-27,2010,28
PO0010543,2024-06-27,4302,53
PO0010549,2024-06-27,1464,4
PO0010553,2024-06-27,636,3
PO0010554,2024-06-27,792,8
PO0010557,2024-06-27,1056,25
PO0010559,2024-06-27,480,19
PO0010562,2024-06-27,528,4
PO0010568,2024-06-27,1986,25
PO0010571,2024-06-27,744,13
PO0010572,2024-06-27,648,6
PO0010575,2024-06-27,1056,18
PO0010576,2024-06-27,2286,13
PO0010580,2024-06-27,432,3
PO0010585,2024-06-27,276,8
PO0010589,2024-06-27,393,8
PO0010594,2024-06-27,240,5
PO0010596,2024-06-27,708,10
PO0010599,2024-06-27,1248,9
PO0010603,2024-06-27,2040,25
PO0010608,2024-06-27,324,1
PO0010610,2024-06-27,576,3
PO0010632,2024-06-27,2352,29
PO0010351,2024-06-28,6048,61
PO0010453,2024-06-28,972,17
PO0010465,2024-06-28,402,3
PO0010470,2024-06-28,1224,16
PO0010498,2024-06-28,342,4
PO0010505,2024-06-28,3792,67
PO0010508,2024-06-28,960,6
PO0010513,2024-06-28,1344,18
PO0010532,2024-06-28,519,3
PO0010542,2024-06-28,1392,23
PO0010548,2024-06-28,420,6
PO0010566,2024-06-28,702,3
PO0010567,2024-06-28,432,7
PO0010573,2024-06-28,528,6
PO0010577,2024-06-28,2124,63
PO0010583,2024-06-28,256,1
PO0010587,2024-06-28,3288,32
PO0010588,2024-06-28,7872,178
PO0010591,2024-06-28,1149,11
PO0010595,2024-06-28,408,1
PO0010597,2024-06-28,976,10
PO0010607,2024-06-28,1932,15
PO0010610,2024-06-28,576,1
PO0010611,2024-06-28,1980,19
PO0010616,2024-06-28,936,12
PO0010617,2024-06-28,180,2
PO0010618,2024-06-28,2844,24
PO0010620,2024-06-28,606,9
PO0010621,2024-06-28,9816,196
PO0010626,2024-06-28,1080,12
PO0010629,2024-06-28,1488,82
PO0010634,2024-06-28,504,1
PO0010521,2024-06-29,4560,14
PO0010526,2024-06-29,456,15
PO0010571,2024-06-29,744,7
PO0010596,2024-06-29,708,11
PO0010598,2024-06-29,312,1
PO0010600,2024-06-29,2304,26
PO0010606,2024-06-29,3072,23
PO0010612,2024-06-29,528,10
PO0010622,2024-06-29,696,6
PO0010627,2024-06-29,816,12
PO0010630,2024-06-29,684,2
PO0010635,2024-06-29,1680,14
PO0010536,2024-06-30,144,3
PO0010537,2024-06-30,624,6
PO0010581,2024-06-30,1632,84
PO0010613,2024-06-30,552,3
PO0010614,2024-06-30,6192,48
PO0010615,2024-06-30,4080,41
PO0010619,2024-06-30,3024,21
PO0010624,2024-06-30,144,1
PO0010625,2024-06-30,1416,11
PO0010628,2024-06-30,1008,11
PO0010631,2024-06-30,1272,10
PO0010633,2024-06-30,144,0
PO0010639,2024-06-30,1290,15
PO0010640,2024-06-30,600,2
PO0010644,2024-06-30,3252,25
PO0010648,2024-06-30,756,6
PO0010650,2024-06-30,2088,25
PO0010654,2024-06-30,2232,15
PO0010658,2024-06-30,4272,22
PO0010660,2024-06-30,432,1
PO0010661,2024-06-30,1524,24
PO0010677,2024-06-30,432,11
PO0010679,2024-06-30,336,9
PO0010681,2024-06-30,1200,25
PO0010391,2024-07-01,2049,46
PO0010560,2024-07-01,696,11
PO0010569,2024-07-01,1200,13
PO0010637,2024-07-01,2892,69
PO0010641,2024-07-01,588,10
PO0010642,2024-07-01,312,0
PO0010643,2024-07-01,1824,4
PO0010645,2024-07-01,624,6
PO0010646,2024-07-01,3036,21
PO0010647,2024-07-01,4776,43
PO0010652,2024-07-01,4080,55
PO0010655,2024-07-01,4416,22
PO0010657,2024-07-01,1440,13
PO0010659,2024-07-01,192,1
PO0010666,2024-07-01,1200,14
PO0010667,2024-07-01,1872,6
PO0010672,2024-07-01,1268,4
PO0010676,2024-07-01,571,13
PO0010680,2024-07-01,721,11
PO0010685,2024-07-01,480,26
PO0010686,2024-07-01,2496,12
PO0010690,2024-07-01,342,4
PO0010709,2024-07-01,912,5
PO0010550,2024-07-02,5736,67
PO0010605,2024-07-02,1980,45
PO0010634,2024-07-02,504,0
PO0010638,2024-07-02,168,5
PO0010649,2024-07-02,183,2
PO0010651,2024-07-02,1392,18
PO0010656,2024-07-02,1656,10
PO0010662,2024-07-02,864,4
PO0010668,2024-07-02,1128,9
PO0010669,2024-07-02,3024,15
PO0010670,2024-07-02,240,1
PO0010671,2024-07-02,2298,20
PO0010673,2024-07-02,1059,5
PO0010689,2024-07-02,270,1
PO0010695,2024-07-02,6420,76
PO0010697,2024-07-02,2160,8
PO0010700,2024-07-02,3432,43
PO0010704,2024-07-02,1896,41
PO0010706,2024-07-02,816,11
PO0010707,2024-07-02,1716,23
PO0010708,2024-07-02,1344,62
PO0010716,2024-07-02,534,6
PO0010720,2024-07-02,144,5
PO0010721,2024-07-02,990,11
PO0010722,2024-07-02,804,6
PO0010727,2024-07-02,2328,35
PO0010762,2024-07-02,480,0
PO0010601,2024-07-03,690,6
PO0010602,2024-07-03,708,5
PO0010663,2024-07-03,299,3
PO0010675,2024-07-03,5952,64
PO0010676,2024-07-03,572,12
PO0010677,2024-07-03,432,4
PO0010682,2024-07-03,2160,17
PO0010683,2024-07-03,1128,12
PO0010684,2024-07-03,822,36
PO0010691,2024-07-03,1848,22
PO0010692,2024-07-03,180,1
PO0010693,2024-07-03,3480,45
PO0010696,2024-07-03,378,6
PO0010701,2024-07-03,438,7
PO0010710,2024-07-03,288,0
PO0010712,2024-07-03,2016,17
PO0010714,2024-07-03,420,8
PO0010715,2024-07-03,1422,2
PO0010717,2024-07-03,672,17
PO0010718,2024-07-03,384,5
PO0010720,2024-07-03,144,3
PO0010725,2024-07-03,1572,10
PO0010728,2024-07-03,672,3
PO0010732,2024-07-03,2712,10
PO0010734,2024-07-03,1056,11
PO0010737,2024-07-03,5280,83
PO0010741,2024-07-03,1308,15
PO0010743,2024-07-03,384,3
PO0010744,2024-07-03,1692,16
PO0010758,2024-07-03,816,24
PO0010763,2024-07-03,1512,13
PO0010769,2024-07-03,384,9
PO0010771,2024-07-03,426,4
PO0010551,2024-07-04,2760,31
PO0010609,2024-07-04,1482,4
PO0010631,2024-07-04,1272,4
PO0010639,2024-07-04,1290,29
PO0010669,2024-07-04,3024,17
PO0010673,2024-07-04,1059,4
PO0010678,2024-07-04,1128,18
PO0010699,2024-07-04,432,4
PO0010703,2024-07-04,732,3
PO0010705,2024-07-04,192,4
PO0010713,2024-07-04,516,5
PO0010719,2024-07-04,1128,30
PO0010723,2024-07-04,2868,29
PO0010730,2024-07-04,804,9
PO0010731,2024-07-04,444,2
PO0010738,2024-07-04,1656,25
PO0010739,2024-07-04,2208,25
PO0010740,2024-07-04,684,3
PO0010742,2024-07-04,336,1
PO0010747,2024-07-04,7692,170
PO0010751,2024-07-04,1038,23
PO0010754,2024-07-04,588,5
PO0010765,2024-07-04,240,2
PO0010776,2024-07-04,546,2
PO0010781,2024-07-04,634,12
PO0010782,2024-07-04,474,3
PO0010783,2024-07-04,1248,25
PO0010784,2024-07-04,528,28
PO0010789,2024-07-04,288,1
PO0010796,2024-07-04,396,7
PO0010800,2024-07-04,1968,23
PO0010523,2024-07-05,900,3
PO0010579,2024-07-05,4224,76
PO0010716,2024-07-05,534,4
PO0010722,2024-07-05,804,4
PO0010726,2024-07-05,1392,18
PO0010729,2024-07-05,48,0
PO0010733,2024-07-05,1956,14
PO0010735,2024-07-05,432,4
PO0010736,2024-07-05,870,4
PO0010741,2024-07-05,1308,11
PO0010748,2024-07-05,600,7
PO0010749,2024-07-05,96,2
PO0010750,2024-07-05,4752,45
PO0010751,2024-07-05,1038,19
PO0010752,2024-07-05,852,14
PO0010757,2024-07-05,624,10
PO0010765,2024-07-05,240,0
PO0010766,2024-07-05,1296,5
PO0010768,2024-07-05,792,17
PO0010770,2024-07-05,504,3
PO0010773,2024-07-05,528,5
PO0010775,2024-07-05,1440,8
PO0010780,2024-07-05,1536,15
PO0010785,2024-07-05,4092,16
PO0010788,2024-07-05,2040,13
PO0010790,2024-07-05,1014,5
PO0010793,2024-07-05,1032,12
PO0010794,2024-07-05,2064,33
PO0010799,2024-07-05,72,0
PO0010801,2024-07-05,192,0
PO0010802,2024-07-05,180,1
PO0010803,2024-07-05,1248,5
PO0010804,2024-07-05,1728,13
PO0010805,2024-07-05,924,9
PO0010806,2024-07-05,1320,8
PO0010809,2024-07-05,2316,52
PO0010811,2024-07-05,768,5
PO0010817,2024-07-05,912,6
PO0010818,2024-07-05,1713,11
PO0010819,2024-07-05,1398,22
PO0010820,2024-07-05,768,8
PO0010823,2024-07-05,1392,33
PO0010825,2024-07-05,245,0
PO0010609,2024-07-06,1482,11
PO0010636,2024-07-06,2088,26
PO0010649,2024-07-06,183,4
PO0010665,2024-07-06,2532,47
PO0010727,2024-07-06,2328,27
PO0010753,2024-07-06,1104,18
PO0010759,2024-07-06,336,6
PO0010767,2024-07-06,528,5
PO0010772,2024-07-06,1296,11
PO0010777,2024-07-06,888,11
PO0010778,2024-07-06,612,17
PO0010782,2024-07-06,474,7
PO0010786,2024-07-06,156,6
PO0010787,2024-07-06,1440,11
PO0010792,2024-07-06,750,4
PO0010795,2024-07-06,1338,8
PO0010797,2024-07-06,216,0
PO0010807,2024-07-06,468,2
PO0010813,2024-07-06,2136,34
PO0010814,2024-07-06,228,4
PO0010822,2024-07-06,2880,144
PO0010827,2024-07-06,144,7
PO0010829,2024-07-06,525,8
PO0010838,2024-07-06,792,0
PO0010623,2024-07-07,2592,15
PO0010688,2024-07-07,1284,21
PO0010730,2024-07-07,804,3
PO0010749,2024-07-07,96,1
PO0010756,2024-07-07,1386,29
PO0010761,2024-07-07,612,3
PO0010766,2024-07-07,1296,3
PO0010768,2024-07-07,792,23
PO0010774,2024-07-07,61,0
PO0010779,2024-07-07,936,21
PO0010815,2024-07-07,840,3
PO0010816,2024-07-07,708,2
PO0010821,2024-07-07,1692,31
PO0010829,2024-07-07,525,4
PO0010830,2024-07-07,1068,14
PO0010636,2024-07-08,2088,22
PO0010694,2024-07-08,624,25
PO0010698,2024-07-08,204,1
PO0010711,2024-07-08,312,1
PO0010724,2024-07-08,708,14
PO0010735,2024-07-08,432,7
PO0010736,2024-07-08,870,10
PO0010755,2024-07-08,192,1
PO0010764,2024-07-08,1548,25
PO0010770,2024-07-08,504,3
PO0010786,2024-07-08,156,6
PO0010799,2024-07-08,72,1
PO0010801,2024-07-08,192,1
PO0010807,2024-07-08,468,2
PO0010833,2024-07-08,222,5
PO0010835,2024-07-08,192,1
PO0010838,2024-07-08,792,4
PO0010842,2024-07-08,432,9
PO0010867,2024-07-08,168,0
PO0010664,2024-07-09,276,2
PO0010674,2024-07-09,2496,46
PO0010729,2024-07-09,48,0
PO0010745,2024-07-09,1752,19
PO0010746,2024-07-09,312,1
PO0010818,2024-07-09,1713,14
PO0010826,2024-07-09,204,4
PO0010828,2024-07-09,792,16
PO0010832,2024-07-09,1032,6
PO0010843,2024-07-09,189,2
PO0010846,2024-07-09,732,9
PO0010850,2024-07-09,2976,11
PO0010859,2024-07-09,660,11
PO0010863,2024-07-09,1380,18
PO0010871,2024-07-09,312,2
PO0010874,2024-07-09,3168,15
PO0010888,2024-07-09,432,3
PO0010891,2024-07-09,504,18
PO0010894,2024-07-09,360,0
PO0010896,2024-07-09,192,2
PO0010902,2024-07-09,363,6
PO0010558,2024-07-10,1236,14
PO0010653,2024-07-10,882,16
PO0010687,2024-07-10,1128,20
PO0010756,2024-07-10,1386,22
PO0010791,2024-07-10,252,3
PO0010808,2024-07-10,384,5
PO0010824,2024-07-10,1350,21
PO0010831,2024-07-10,372,4
PO0010837,2024-07-10,2562,16
PO0010839,2024-07-10,1128,7
PO0010840,2024-07-10,42,1
PO0010841,2024-07-10,1440,42
PO0010845,2024-07-10,1746,8
PO0010847,2024-07-10,426,1
PO0010856,2024-07-10,1224,17
PO0010858,2024-07-10,774,7
PO0010860,2024-07-10,2674,23
PO0010861,2024-07-10,1392,36
PO0010864,2024-07-10,348,0
PO0010871,2024-07-10,312,5
PO0010873,2024-07-10,408,7
PO0010875,2024-07-10,1128,5
PO0010878,2024-07-10,276,1
PO0010879,2024-07-10,624,4
PO0010886,2024-07-10,1512,18
PO0010900,2024-07-10,450,3
PO0010905,2024-07-10,1104,44
PO0010908,2024-07-10,864,11
PO0010912,2024-07-10,864,9
PO0010927,2024-07-10,576,4
PO0010928,2024-07-10,336,7
PO0010950,2024-07-10,864,9
PO0010698,2024-07-11,204,0
PO0010702,2024-07-11,96,1
PO0010774,2024-07-11,62,1
PO0010798,2024-07-11,522,7
PO0010831,2024-07-11,372,8
PO0010833,2024-07-11,222,3
PO0010834,2024-07-11,960,5
PO0010836,2024-07-11,642,7
PO0010844,2024-07-11,624,16
PO0010848,2024-07-11,864,11
PO0010849,2024-07-11,1464,17
PO0010855,2024-07-11,522,2
PO0010866,2024-07-11,2832,136
PO0010869,2024-07-11,1416,13
PO0010870,2024-07-11,156,0
PO0010872,2024-07-11,1728,18
PO0010878,2024-07-11,276,4
PO0010890,2024-07-11,1536,1
PO0010893,2024-07-11,1752,25
PO0010898,2024-07-11,840,13
PO0010901,2024-07-11,144,1
PO0010906,2024-07-11,1152,13
PO0010913,2024-07-11,240,1
PO0010923,2024-07-11,468,3
PO0010925,2024-07-11,2184,6
PO0010930,2024-07-11,168,3
PO0010931,2024-07-11,2388,50
PO0010940,2024-07-11,1296,9
PO0010952,2024-07-11,1500,42
PO0010953,2024-07-11,216,3
PO0010724,2024-07-12,708,12
PO0010808,2024-07-12,384,8
PO0010812,2024-07-12,726,3
PO0010849,2024-07-12,1464,14
PO0010850,2024-07-12,2976,6
PO0010854,2024-07-12,1506,4
PO0010865,2024-07-12,1176,17
PO0010876,2024-07-12,1428,20
PO0010885,2024-07-12,150,0
PO0010887,2024-07-12,576,6
PO0010902,2024-07-12,363,5
PO0010903,2024-07-12,372,6
PO0010911,2024-07-12,1920,35
PO0010916,2024-07-12,1056,13
PO0010917,2024-07-12,816,13
PO0010918,2024-07-12,1248,28
PO0010921,2024-07-12,2856,19
PO0010922,2024-07-12,384,4
PO0010924,2024-07-12,720,5
PO0010926,2024-07-12,1728,21
PO0010934,2024-07-12,606,5
PO0010937,2024-07-12,630,7
PO0010945,2024-07-12,1440,1
PO0010946,2024-07-12,384,3
PO0010948,2024-07-12,528,21
PO0010959,2024-07-12,1056,2
PO0010977,2024-07-12,1206,17
PO0010746,2024-07-13,312,1
PO0010843,2024-07-13,189,1
PO0010857,2024-07-13,504,5
PO0010877,2024-07-13,432,3
PO0010880,2024-07-13,1836,27
PO0010882,2024-07-13,1248,8
PO0010885,2024-07-13,150,2
PO0010897,2024-07-13,1368,34
PO0010899,2024-07-13,900,7
PO0010914,2024-07-13,756,5
PO0010915,2024-07-13,276,3
PO0010919,2024-07-13,1968,41
PO0010920,2024-07-13,338,7
PO0010932,2024-07-13,672,13
PO0010935,2024-07-13,3360,31
PO0010941,2024-07-13,4470,43
PO0010942,2024-07-13,1146,19
PO0010944,2024-07-13,708,30
PO0010947,2024-07-13,828,1
PO0010957,2024-07-13,2496,45
PO0010960,2024-07-13,432,12
PO0010974,2024-07-13,576,9
PO0010978,2024-07-13,154,4
PO0010840,2024-07-14,42,1
PO0010868,2024-07-14,552,29
PO0010883,2024-07-14,1152,15
PO0010897,2024-07-14,1368,30
PO0010929,2024-07-14,738,10
PO0010933,2024-07-14,240,6
PO0010938,2024-07-14,1104,13
PO0010943,2024-07-14,1416,24
PO0010951,2024-07-14,336,2
PO0010956,2024-07-14,810,7
PO0010958,2024-07-14,1920,106
PO0010975,2024-07-14,1128,16
PO0010984,2024-07-14,600,15
PO0010988,2024-07-14,240,2
PO0010989,2024-07-14,366,4
PO0010570,2024-07-15,3120,43
PO0010844,2024-07-15,624,9
PO0010870,2024-07-15,156,0
PO0010884,2024-07-15,1920,24
PO0010892,2024-07-15,474,20
PO0010901,2024-07-15,144,1
PO0010909,2024-07-15,2028,33
PO0010925,2024-07-15,2184,10
PO0010931,2024-07-15,2388,49
PO0010934,2024-07-15,606,1
PO0010936,2024-07-15,2364,46
PO0010949,2024-07-15,336,4
PO0010954,2024-07-15,480,7
PO0010955,2024-07-15,336,3
PO0010965,2024-07-15,1416,15
PO0010972,2024-07-15,384,5
PO0010982,2024-07-15,588,5
PO0010985,2024-07-15,744,3
PO0010997,2024-07-15,480,3
PO0010998,2024-07-15,168,1
PO0011005,2024-07-15,708,12
PO0011016,2024-07-15,4560,57
PO0011025,2024-07-15,336,8
PO0010851,2024-07-16,3372,31
PO0010889,2024-07-16,780,17
PO0010939,2024-07-16,1368,18
PO0010961,2024-07-16,576,2
PO0010964,2024-07-16,2592,59
PO0010976,2024-07-16,492,4
PO0010979,2024-07-16,2424,25
PO0010986,2024-07-16,828,6
PO0010994,2024-07-16,672,13
PO0011003,2024-07-16,1596,26
PO0011006,2024-07-16,2544,19
PO0011008,2024-07-16,576,5
PO0011009,2024-07-16,264,8
PO0011013,2024-07-16,342,9
PO0011023,2024-07-16,1260,3
PO0011024,2024-07-16,1296,10
PO0011029,2024-07-16,240,3
PO0011031,2024-07-16,2832,50
PO0011051,2024-07-16,2574,34
PO0011053,2024-07-16,859,2
PO0011064,2024-07-16,744,6
PO0010857,2024-07-17,504,9
PO0010868,2024-07-17,552,32
PO0010895,2024-07-17,1008,27
PO0010968,2024-07-17,1368,68
PO0010971,2024-07-17,264,6
PO0010986,2024-07-17,828,6
PO0010990,2024-07-17,480,9
PO0010995,2024-07-17,288,3
PO0010996,2024-07-17,576,2
PO0011000,2024-07-17,1536,18
PO0011002,2024-07-17,1422,4
PO0011004,2024-07-17,1800,42
PO0011011,2024-07-17,336,1
PO0011019,2024-07-17,588,2
PO0011038,2024-07-17,240,3
PO0011060,2024-07-17,456,3
PO0011070,2024-07-17,624,7
PO0011077,2024-07-17,201,1
PO0010852,2024-07-18,2544,41
PO0010892,2024-07-18,474,19
PO0010904,2024-07-18,391,8
PO0010910,2024-07-18,2208,21
PO0010933,2024-07-18,240,6
PO0010964,2024-07-18,2592,50
PO0010966,2024-07-18,552,4
PO0010968,2024-07-18,1368,58
PO0010980,2024-07-18,792,16
PO0010991,2024-07-18,144,2
PO0011001,2024-07-18,495,7
PO0011017,2024-07-18,1596,26
PO0011021,2024-07-18,384,1
PO0011026,2024-07-18,558,3
PO0011034,2024-07-18,3564,31
PO0011037,2024-07-18,3768,33
PO0011039,2024-07-18,2184,36
PO0011040,2024-07-18,2568,45
PO0011041,2024-07-18,240,4
PO0011045,2024-07-18,1578,21
PO0011047,2024-07-18,294,5
PO0011048,2024-07-18,264,1
PO0011049,2024-07-18,912,15
PO0011066,2024-07-18,1044,10
PO0011073,2024-07-18,1872,25
PO0011079,2024-07-18,240,2
PO0011081,2024-07-18,552,6
PO0011083,2024-07-18,384,8
PO0011101,2024-07-18,1152,17
PO0011127,2024-07-18,384,0
PO0010881,2024-07-19,972,13
PO0010983,2024-07-19,2682,46
PO0010987,2024-07-19,84,3
PO0010999,2024-07-19,202,1
PO0011001,2024-07-19,495,8
PO0011015,2024-07-19,300,6
PO0011022,2024-07-19,3816,48
PO0011027,2024-07-19,528,8
PO0011030,2024-07-19,300,1
PO0011043,2024-07-19,690,5
PO0011044,2024-07-19,2592,28
PO0011050,2024-07-19,480,4
PO0011057,2024-07-19,1374,7
PO0011058,2024-07-19,2592,52
PO0011061,2024-07-19,504,10
PO0011069,2024-07-19,444,9
PO0011071,2024-07-19,462,3
PO0011076,2024-07-19,1728,19
PO0011080,2024-07-19,384,4
PO0011082,2024-07-19,1194,13
PO0011084,2024-07-19,888,14
PO0011085,2024-07-19,144,1
PO0011087,2024-07-19,1008,10
PO0011089,2024-07-19,150,0
PO0011092,2024-07-19,708,2
PO0011100,2024-07-19,1620,17
PO0011102,2024-07-19,2430,25
PO0011110,2024-07-19,384,11
PO0011111,2024-07-19,456,17
PO0011112,2024-07-19,804,1
PO0011113,2024-07-19,870,13
PO0010969,2024-07-20,948,45
PO0010970,2024-07-20,1776,98
PO0010987,2024-07-20,84,0
PO0010990,2024-07-20,480,16
PO0010992,2024-07-20,240,3
PO0011010,2024-07-20,462,0
PO0011028,2024-07-20,2232,20
PO0011033,2024-07-20,408,3
PO0011035,2024-07-20,1308,4
PO0011054,2024-07-20,183,2
PO0011055,2024-07-20,2028,49
PO0011056,2024-07-20,4890,49
PO0011062,2024-07-20,607,13
PO0011066,2024-07-20,1044,12
PO0011067,2024-07-20,1488,30
PO0011068,2024-07-20,444,1
PO0011074,2024-07-20,1176,12
PO0011077,2024-07-20,201,0
PO0011078,2024-07-20,4032,78
PO0011080,2024-07-20,384,3
PO0011082,2024-07-20,1194,10
PO0011088,2024-07-20,312,4
PO0011093,2024-07-20,1224,7
PO0011094,2024-07-20,1152,7
PO0011099,2024-07-20,1560,7
PO0011107,2024-07-20,1104,21
PO0011116,2024-07-20,2298,61
PO0011120,2024-07-20,4392,23
PO0011121,2024-07-20,948,18
PO0011122,2024-07-20,1368,15
PO0010862,2024-07-21,792,9
PO0011019,2024-07-21,588,5
PO0011052,2024-07-21,808,8
PO0011059,2024-07-21,4188,38
PO0011063,2024-07-21,1968,24
PO0011075,2024-07-21,1680,27
PO0011079,2024-07-21,240,5
PO0011097,2024-07-21,1248,52
PO0011098,2024-07-21,1320,13
PO0011104,2024-07-21,168,3
PO0011105,2024-07-21,1224,16
PO0011108,2024-07-21,96,0
PO0011117,2024-07-21,4476,19
PO0011118,2024-07-21,312,4
PO0011119,2024-07-21,516,10
PO0011124,2024-07-21,3096,35
PO0011135,2024-07-21,480,2
PO0011138,2024-07-21,624,13
PO0011143,2024-07-21,1872,14
PO0011151,2024-07-21,726,5
PO0010810,2024-07-22,2772,10
PO0010853,2024-07-22,2598,18
PO0010907,2024-07-22,624,22
PO0010962,2024-07-22,336,10
PO0010970,2024-07-22,1776,90
PO0010980,2024-07-22,792,12
PO0010981,2024-07-22,2160,23
PO0011012,2024-07-22,606,7
PO0011014,2024-07-22,1440,8
PO0011020,2024-07-22,504,5
PO0011036,2024-07-22,1344,32
PO0011046,2024-07-22,1404,4
PO0011048,2024-07-22,264,2
PO0011062,2024-07-22,607,5
PO0011065,2024-07-22,1200,54
PO0011072,2024-07-22,432,6
PO0011091,2024-07-22,1176,19
PO0011109,2024-07-22,936,6
PO0011111,2024-07-22,456,10
PO0011128,2024-07-22,816,5
PO0011134,2024-07-22,672,12
PO0011140,2024-07-22,432,6
PO0011145,2024-07-22,4530,53
PO0011147,2024-07-22,420,5
PO0011155,2024-07-22,300,0
PO0011157,2024-07-22,120,2
PO0011162,2024-07-22,360,2
PO0011168,2024-07-22,240,2
PO0011171,2024-07-22,192,4
PO0010760,2024-07-23,336,0
PO0010853,2024-07-23,2598,10
PO0010962,2024-07-23,336,9
PO0010973,2024-07-23,2872,39
PO0011010,2024-07-23,462,3
PO0011054,2024-07-23,183,3
PO0011084,2024-07-23,888,10
PO0011089,2024-07-23,150,0
PO0011110,2024-07-23,384,4
PO0011115,2024-07-23,690,3
PO0011131,2024-07-23,1056,13
PO0011139,2024-07-23,348,1
PO0011142,2024-07-23,1152,59
PO0011153,2024-07-23,384,5
PO0011159,2024-07-23,1200,7
PO0011169,2024-07-23,1404,33
PO0011175,2024-07-23,450,7
PO0011186,2024-07-23,3108,25
PO0011090,2024-07-24,300,12
PO0011103,2024-07-24,840,7
PO0011130,2024-07-24,240,1
PO0011133,2024-07-24,4800,31
PO0011137,2024-07-24,252,2
PO0011152,2024-07-24,6144,74
PO0011154,2024-07-24,4530,30
PO0011156,2024-07-24,4848,62
PO0011158,2024-07-24,1536,30
PO0011160,2024-07-24,666,8
PO0011161,2024-07-24,912,8
PO0011163,2024-07-24,1062,5
PO0011164,2024-07-24,264,6
PO0011165,2024-07-24,876,4
PO0011170,2024-07-24,276,1
PO0011176,2024-07-24,2736,27
PO0011177,2024-07-24,708,4
PO0011180,2024-07-24,3312,36
PO0011182,2024-07-24,804,36
PO0011207,2024-07-24,576,2
PO0011018,2024-07-25,1368,9
PO0011065,2024-07-25,1200,46
PO0011095,2024-07-25,273,2
PO0011108,2024-07-25,96,0
PO0011129,2024-07-25,2811,26
PO0011130,2024-07-25,240,3
PO0011136,2024-07-25,492,8
PO0011141,2024-07-25,2796,56
PO0011144,2024-07-25,120,2
PO0011146,2024-07-25,564,23
PO0011150,2024-07-25,216,2
PO0011166,2024-07-25,288,3
PO0011167,2024-07-25,1416,17
PO0011174,2024-07-25,1464,5
PO0011179,2024-07-25,4752,19
PO0011185,2024-07-25,4212,37
PO0011191,2024-07-25,1008,21
PO0011194,2024-07-25,828,12
PO0011195,2024-07-25,396,2
PO0011197,2024-07-25,738,1
PO0011198,2024-07-25,720,38
PO0011201,2024-07-25,432,7
PO0011208,2024-07-25,258,1
PO0011215,2024-07-25,2154,22
PO0011233,2024-07-25,3554,10
PO0011234,2024-07-25,1056,16
PO0011239,2024-07-25,1008,5
PO0011242,2024-07-25,2856,25
PO0010963,2024-07-26,1848,29
PO0011032,2024-07-26,1638,65
PO0011042,2024-07-26,864,16
PO0011095,2024-07-26,273,0
PO0011114,2024-07-26,756,9
PO0011129,2024-07-26,2811,31
PO0011139,2024-07-26,348,5
PO0011147,2024-07-26,421,8
PO0011172,2024-07-26,576,9
PO0011173,2024-07-26,192,0
PO0011181,2024-07-26,738,3
PO0011183,2024-07-26,1920,20
PO0011187,2024-07-26,1416,11
PO0011188,2024-07-26,672,8
PO0011192,2024-07-26,1331,16
PO0011196,2024-07-26,696,5
PO0011204,2024-07-26,624,9
PO0011210,2024-07-26,246,2
PO0011211,2024-07-26,534,5
PO0011212,2024-07-26,216,1
PO0011214,2024-07-26,2400,18
PO0011216,2024-07-26,144,2
PO0011220,2024-07-26,408,10
PO0011221,2024-07-26,168,5
PO0011224,2024-07-26,162,3
PO0011226,2024-07-26,288,1
PO0011227,2024-07-26,384,5
PO0011229,2024-07-26,768,11
PO0011232,2024-07-26,1236,15
PO0011244,2024-07-26,1152,2
PO0011256,2024-07-26,1380,26
PO0011270,2024-07-26,1044,5
PO0011086,2024-07-27,312,7
PO0011144,2024-07-27,120,1
PO0011150,2024-07-27,216,2
PO0011163,2024-07-27,1062,3
PO0011189,2024-07-27,1890,33
PO0011200,2024-07-27,1404,9
PO0011203,2024-07-27,837,11
PO0011205,2024-07-27,672,8
PO0011208,2024-07-27,258,5
PO0011209,2024-07-27,240,3
PO0011217,2024-07-27,288,4
PO0011222,2024-07-27,54,0
PO0011225,2024-07-27,96,0
PO0011231,2024-07-27,1098,9
PO0011235,2024-07-27,1224,23
PO0011236,2024-07-27,3360,51
PO0011241,2024-07-27,90,4
PO0011247,2024-07-27,420,4
PO0011260,2024-07-27,852,8
PO0011267,2024-07-27,420,6
PO0011269,2024-07-27,282,2
PO0011148,2024-07-28,288,3
PO0011164,2024-07-28,264,6
PO0011178,2024-07-28,336,8
PO0011184,2024-07-28,576,18
PO0011202,2024-07-28,3041,34
PO0011206,2024-07-28,672,4
PO0011210,2024-07-28,246,6
PO0011213,2024-07-28,1824,27
PO0011228,2024-07-28,2442,14
PO0011230,2024-07-28,1704,15
PO0011243,2024-07-28,1362,21
PO0011245,2024-07-28,240,1
PO0011246,2024-07-28,2730,13
PO0011250,2024-07-28,768,6
PO0011252,2024-07-28,3060,26
PO0011259,2024-07-28,2136,42
PO0011261,2024-07-28,1152,17
PO0011265,2024-07-28,164,1
PO0011266,2024-07-28,2052,18
PO0011268,2024-07-28,474,5
PO0011277,2024-07-28,432,8
PO0011282,2024-07-28,468,8
PO0011290,2024-07-28,1152,11
PO0011292,2024-07-28,1128,5
PO0011295,2024-07-28,336,1
PO0011007,2024-07-29,210,2
PO0011096,2024-07-29,537,30
PO0011123,2024-07-29,420,10
PO0011149,2024-07-29,288,3
PO0011190,2024-07-29,719,9
PO0011198,2024-07-29,720,22
PO0011199,2024-07-29,2568,30
PO0011211,2024-07-29,534,11
PO0011220,2024-07-29,408,3
PO0011222,2024-07-29,54,0
PO0011244,2024-07-29,1152,7
PO0011248,2024-07-29,2772,52
PO0011249,2024-07-29,295,1
PO0011253,2024-07-29,3456,27
PO0011254,2024-07-29,864,20
PO0011258,2024-07-29,408,12
PO0011275,2024-07-29,336,2
PO0011278,2024-07-29,282,1
PO0011279,2024-07-29,1055,18
PO0011281,2024-07-29,1200,19
PO0011284,2024-07-29,1236,6
PO0011293,2024-07-29,384,1
PO0011294,2024-07-29,1152,4
PO0011312,2024-07-29,2520,24
PO0011318,2024-07-29,3072,25
PO0011320,2024-07-29,438,4
PO0011125,2024-07-30,480,5
PO0011126,2024-07-30,222,3
PO0011173,2024-07-30,192,1
PO0011192,2024-07-30,1331,22
PO0011203,2024-07-30,837,10
PO0011255,2024-07-30,1704,42
PO0011257,2024-07-30,2088,14
PO0011262,2024-07-30,975,14
PO0011273,2024-07-30,6240,50
PO0011274,2024-07-30,3042,74
PO0011280,2024-07-30,1416,15
PO0011283,2024-07-30,336,5
PO0011288,2024-07-30,2142,16
PO0011289,2024-07-30,90,2
PO0011298,2024-07-30,1878,14
PO0011305,2024-07-30,1092,6
PO0011307,2024-07-30,2160,8
PO0011308,2024-07-30,504,3
PO0011311,2024-07-30,3744,50
PO0011334,2024-07-30,576,3
PO0011340,2024-07-30,2136,20
PO0011355,2024-07-30,336,3
PO0011358,2024-07-30,684,4
PO0011007,2024-07-31,210,1
PO0011096,2024-07-31,537,23
PO0011219,2024-07-31,1416,18
PO0011264,2024-07-31,1632,30
PO0011287,2024-07-31,1236,11
PO0011296,2024-07-31,912,4
PO0011300,2024-07-31,5856,50
PO0011319,2024-07-31,312,1
PO0011321,2024-07-31,2928,19
PO0011325,2024-07-31,1968,13
PO0011328,2024-07-31,1008,4
PO0011331,2024-07-31,1008,4
PO0011333,2024-07-31,312,5
PO0011336,2024-07-31,576,4
PO0011349,2024-07-31,864,13
PO0011351,2024-07-31,318,12
PO0011360,2024-07-31,912,11
PO0011370,2024-07-31,54,2
PO0011379,2024-07-31,744,7
PO0011381,2024-07-31,468,6
PO0011385,2024-07-31,2832,26
PO0011218,2024-08-01,4254,44
PO0011263,2024-08-01,1632,84
PO0011268,2024-08-01,474,1
PO0011285,2024-08-01,4080,77
PO0011287,2024-08-01,1236,9
PO0011291,2024-08-01,360,0
PO0011297,2024-08-01,864,10
PO0011301,2024-08-01,912,43
PO0011305,2024-08-01,1092,3
PO0011306,2024-08-01,1680,18
PO0011309,2024-08-01,156,2
PO0011310,2024-08-01,312,5
PO0011314,2024-08-01,576,2
PO0011316,2024-08-01,1710,4
PO0011324,2024-08-01,180,1
PO0011327,2024-08-01,378,2
PO0011332,2024-08-01,743,3
PO0011338,2024-08-01,768,12
PO0011339,2024-08-01,2148,33
PO0011343,2024-08-01,2042,25
PO0011350,2024-08-01,2154,22
PO0011354,2024-08-01,528,7
PO0011364,2024-08-01,3392,21
PO0011369,2024-08-01,4128,80
PO0011370,2024-08-01,54,0
PO0011371,2024-08-01,1752,12
PO0011378,2024-08-01,1455,12
PO0011381,2024-08-01,468,3
PO0011386,2024-08-01,336,2
PO0011404,2024-08-01,192,1
PO0011407,2024-08-01,120,2
PO0011409,2024-08-01,768,15
PO0010967,2024-08-02,504,11
PO0011132,2024-08-02,192,1
PO0011262,2024-08-02,975,9
PO0011275,2024-08-02,336,4
PO0011289,2024-08-02,90,0
PO0011304,2024-08-02,2112,21
PO0011309,2024-08-02,156,0
PO0011313,2024-08-02,336,4
PO0011322,2024-08-02,1212,9
PO0011325,2024-08-02,1968,12
PO0011344,2024-08-02,408,3
PO0011347,2024-08-02,1236,15
PO0011352,2024-08-02,1704,9
PO0011356,2024-08-02,360,6
PO0011357,2024-08-02,582,24
PO0011366,2024-08-02,1884,11
PO0011374,2024-08-02,2280,7
PO0011377,2024-08-02,1152,8
PO0011378,2024-08-02,1455,11
PO0011380,2024-08-02,948,21
PO0011382,2024-08-02,1200,17
PO0011384,2024-08-02,1422,6
PO0011386,2024-08-02,336,4
PO0011388,2024-08-02,456,10
PO0011389,2024-08-02,1620,31
PO0011391,2024-08-02,336,2
PO0011394,2024-08-02,420,0
PO0011399,2024-08-02,912,23
PO0011401,2024-08-02,648,5
PO0011403,2024-08-02,1752,23
PO0011405,2024-08-02,4080,38
PO0011410,2024-08-02,270,4
PO0011414,2024-08-02,188,4
PO0011417,2024-08-02,864,14
PO0011424,2024-08-02,2592,34
PO0011426,2024-08-02,204,1
PO0011431,2024-08-02,264,2
PO0010967,2024-08-03,504,11
PO0011126,2024-08-03,222,2
PO0011276,2024-08-03,3024,17
PO0011299,2024-08-03,1776,33
PO0011315,2024-08-03,1182,28
PO0011323,2024-08-03,480,8
PO0011330,2024-08-03,4800,55
PO0011349,2024-08-03,864,16
PO0011359,2024-08-03,2628,44
PO0011361,2024-08-03,1944,4
PO0011362,2024-08-03,1080,11
PO0011367,2024-08-03,594,11
PO0011368,2024-08-03,612,7
PO0011383,2024-08-03,2172,15
PO0011387,2024-08-03,2016,14
PO0011392,2024-08-03,1056,11
PO0011395,2024-08-03,888,18
PO0011400,2024-08-03,1008,4
PO0011415,2024-08-03,1128,18
PO0011420,2024-08-03,2964,68
PO0011421,2024-08-03,1680,4
PO0011423,2024-08-03,1488,5
PO0011429,2024-08-03,216,5
PO0011430,2024-08-03,432,1
PO0011237,2024-08-04,216,2
PO0011301,2024-08-04,912,49
PO0011302,2024-08-04,2784,12
PO0011303,2024-08-04,1749,11
PO0011329,2024-08-04,3000,27
PO0011345,2024-08-04,612,1
PO0011348,2024-08-04,1095,9
PO0011363,2024-08-04,3504,48
PO0011375,2024-08-04,3450,35
PO0011390,2024-08-04,252,0
PO0011402,2024-08-04,552,15
PO0011406,2024-08-04,984,5
PO0011408,2024-08-04,720,12
PO0011412,2024-08-04,491,1
PO0011413,2024-08-04,288,3
PO0011440,2024-08-04,960,8
PO0011442,2024-08-04,180,2
PO0011445,2024-08-04,324,2
PO0011193,2024-08-05,2352,113
PO0011238,2024-08-05,912,9
PO0011240,2024-08-05,3684,12
PO0011286,2024-08-05,1128,7
PO0011326,2024-08-05,252,14
PO0011327,2024-08-05,378,4
PO0011335,2024-08-05,1050,18
PO0011353,2024-08-05,912,22
PO0011407,2024-08-05,120,3
PO0011416,2024-08-05,432,2
PO0011434,2024-08-05,4512,49
PO0011436,2024-08-05,1296,18
PO0011455,2024-08-05,1824,5
PO0011459,2024-08-05,360,2
PO0011466,2024-08-05,4896,43
PO0011468,2024-08-05,288,3
PO0011469,2024-08-05,756,7
PO0011471,2024-08-05,480,6
PO0011472,2024-08-05,576,6
PO0011478,2024-08-05,896,5
PO0011486,2024-08-05,480,3
PO0010993,2024-08-06,1140,32
PO0011251,2024-08-06,1266,11
PO0011271,2024-08-06,174,1
PO0011317,2024-08-06,1818,36
PO0011346,2024-08-06,816,3
PO0011376,2024-08-06,636,10
PO0011388,2024-08-06,456,6
PO0011390,2024-08-06,252,2
PO0011393,2024-08-06,960,8
PO0011398,2024-08-06,768,6
PO0011418,2024-08-06,5328,91
PO0011425,2024-08-06,192,2
PO0011427,2024-08-06,300,1
PO0011435,2024-08-06,2646,14
PO0011439,2024-08-06,1200,31
PO0011450,2024-08-06,361,5
PO0011456,2024-08-06,5424,80
PO0011470,2024-08-06,360,3
PO0011481,2024-08-06,486,3
PO0011483,2024-08-06,1248,13
PO0011484,2024-08-06,1992,23
PO0011487,2024-08-06,1176,29
PO0011489,2024-08-06,1464,10
PO0011491,2024-08-06,1104,8
PO0011495,2024-08-06,696,6
PO0011504,2024-08-06,504,4
PO0011513,2024-08-06,420,1
PO0011546,2024-08-06,336,2
PO0011286,2024-08-07,1128,13
PO0011315,2024-08-07,1182,23
PO0011335,2024-08-07,1050,29
PO0011341,2024-08-07,768,43
PO0011342,2024-08-07,750,0
PO0011348,2024-08-07,1095,13
PO0011373,2024-08-07,1728,10
PO0011398,2024-08-07,768,6
PO0011419,2024-08-07,672,11
PO0011422,2024-08-07,2064,12
PO0011432,2024-08-07,456,18
PO0011433,2024-08-07,672,13
PO0011438,2024-08-07,1152,40
PO0011441,2024-08-07,204,1
PO0011449,2024-08-07,240,4
PO0011451,2024-08-07,252,5
PO0011453,2024-08-07,144,1
PO0011460,2024-08-07,564,9
PO0011499,2024-08-07,300,3
PO0011502,2024-08-07,1332,8
PO0011506,2024-08-07,738,12
PO0011507,2024-08-07,504,4
PO0011511,2024-08-07,1200,6
PO0011519,2024-08-07,2832,62
PO0011520,2024-08-07,1752,23
PO0011525,2024-08-07,1212,16
PO0011528,2024-08-07,3216,14
PO0011529,2024-08-07,318,4
PO0011536,2024-08-07,912,10
PO0011538,2024-08-07,1200,15
PO0011540,2024-08-07,120,0
PO0011543,2024-08-07,672,4
PO0011223,2024-08-08,480,1
PO0011337,2024-08-08,2040,28
PO0011341,2024-08-08,768,47
PO0011342,2024-08-08,750,3
PO0011372,2024-08-08,672,20
PO0011432,2024-08-08,456,20
PO0011433,2024-08-08,672,17
PO0011445,2024-08-08,324,4
PO0011447,2024-08-08,240,0
PO0011452,2024-08-08,774,6
PO0011461,2024-08-08,2628,21
PO0011473,2024-08-08,408,5
PO0011475,2024-08-08,288,1
PO0011476,2024-08-08,1368,8
PO0011488,2024-08-08,192,1
PO0011492,2024-08-08,288,3
PO0011500,2024-08-08,2112,44
PO0011501,2024-08-08,3282,35
PO0011503,2024-08-08,336,7
PO0011509,2024-08-08,648,8
PO0011515,2024-08-08,1032,23
PO0011526,2024-08-08,1248,38
PO0011529,2024-08-08,318,6
PO0011537,2024-08-08,1068,16
PO0011539,2024-08-08,3072,20
PO0011547,2024-08-08,942,13
PO0011548,2024-08-08,1380,16
PO0011550,2024-08-08,1248,5
PO0011554,2024-08-08,3744,45
PO0011571,2024-08-08,912,15
PO0011573,2024-08-08,228,2
PO0011106,2024-08-09,1782,37
PO0011326,2024-08-09,252,17
PO0011365,2024-08-09,1056,17
PO0011396,2024-08-09,2640,48
PO0011397,2024-08-09,504,9
PO0011416,2024-08-09,432,5
PO0011458,2024-08-09,600,0
PO0011479,2024-08-09,1500,21
PO0011498,2024-08-09,2304,14
PO0011508,2024-08-09,696,7
PO0011516,2024-08-09,288,7
PO0011523,2024-08-09,444,7
PO0011530,2024-08-09,120,3
PO0011531,2024-08-09,720,7
PO0011535,2024-08-09,642,6
PO0011549,2024-08-09,1368,23
PO0011552,2024-08-09,5904,22
PO0011553,2024-08-09,1071,15
PO0011555,2024-08-09,192,0
PO0011565,2024-08-09,1344,14
PO0011566,2024-08-09,912,13
PO0011575,2024-08-09,144,0
PO0011594,2024-08-09,678,16
PO0011272,2024-08-10,216,11
PO0011454,2024-08-10,3672,55
PO0011463,2024-08-10,606,3
PO0011485,2024-08-10,1512,6
PO0011493,2024-08-10,372,3
PO0011496,2024-08-10,192,4
PO0011512,2024-08-10,2280,25
PO0011514,2024-08-10,768,2
PO0011532,2024-08-10,864,19
PO0011542,2024-08-10,192,3
PO0011545,2024-08-10,71,4
PO0011549,2024-08-10,1368,20
PO0011553,2024-08-10,1071,21
PO0011556,2024-08-10,192,0
PO0011558,2024-08-10,534,11
PO0011560,2024-08-10,288,2
PO0011563,2024-08-10,336,4
PO0011570,2024-08-10,1272,53
PO0011572,2024-08-10,234,1
PO0011576,2024-08-10,780,10
PO0011584,2024-08-10,528,2
PO0011589,2024-08-10,3912,44
PO0011590,2024-08-10,672,6
PO0011591,2024-08-10,312,1
PO0011443,2024-08-11,144,1
PO0011444,2024-08-11,816,19
PO0011446,2024-08-11,1416,10
PO0011451,2024-08-11,252,11
PO0011457,2024-08-11,1584,83
PO0011494,2024-08-11,936,15
PO0011497,2024-08-11,822,7
PO0011510,2024-08-11,516,6
PO0011514,2024-08-11,768,8
PO0011521,2024-08-11,240,3
PO0011522,2024-08-11,48,0
PO0011534,2024-08-11,288,0
PO0011541,2024-08-11,624,9
PO0011557,2024-08-11,2040,29
PO0011561,2024-08-11,1056,11
PO0011562,2024-08-11,435,6
PO0011568,2024-08-11,612,37
PO0011578,2024-08-11,1968,21
PO0011579,2024-08-11,2064,37
PO0011580,2024-08-11,1836,21
PO0011585,2024-08-11,768,8
PO0011588,2024-08-11,408,8
PO0011596,2024-08-11,1536,24
PO0011597,2024-08-11,1728,24
PO0011604,2024-08-11,1536,3
PO0011614,2024-08-11,624,2
PO0011617,2024-08-11,960,14
PO0011621,2024-08-11,222,3
PO0011428,2024-08-12,159,0
PO0011437,2024-08-12,840,11
PO0011482,2024-08-12,672,6
PO0011524,2024-08-12,876,11
PO0011569,2024-08-12,720,23
PO0011570,2024-08-12,1272,53
PO0011582,2024-08-12,480,4
PO0011586,2024-08-12,696,40
PO0011598,2024-08-12,5280,104
PO0011608,2024-08-12,4554,39
PO0011609,2024-08-12,1194,23
PO0011611,2024-08-12,672,13
PO0011613,2024-08-12,912,11
PO0011621,2024-08-12,222,5
PO0011622,2024-08-12,576,7
PO0011624,2024-08-12,1296,8
PO0011625,2024-08-12,3462,32
PO0011634,2024-08-12,912,8
PO0011637,2024-08-12,540,4
PO0011643,2024-08-12,336,3
PO0011645,2024-08-12,552,4
PO0011646,2024-08-12,1824,85
PO0011669,2024-08-12,276,1
PO0011673,2024-08-12,396,3
PO0011411,2024-08-13,618,7
PO0011428,2024-08-13,159,1
PO0011477,2024-08-13,2508,38
PO0011518,2024-08-13,195,1
PO0011559,2024-08-13,1494,24
PO0011566,2024-08-13,912,13
PO0011576,2024-08-13,780,9
PO0011581,2024-08-13,7140,142
PO0011582,2024-08-13,480,1
PO0011587,2024-08-13,4560,23
PO0011592,2024-08-13,528,3
PO0011593,2024-08-13,648,5
PO0011599,2024-08-13,876,11
PO0011605,2024-08-13,106,1
PO0011609,2024-08-13,1194,20
PO0011610,2024-08-13,1338,16
PO0011612,2024-08-13,816,17
PO0011616,2024-08-13,390,7
PO0011618,2024-08-13,96,1
PO0011620,2024-08-13,768,10
PO0011627,2024-08-13,294,4
PO0011629,2024-08-13,312,0
PO0011642,2024-08-13,1500,31
PO0011648,2024-08-13,516,2
PO0011658,2024-08-13,4680,54
PO0011464,2024-08-14,2736,124
PO0011527,2024-08-14,288,9
PO0011600,2024-08-14,480,3
PO0011602,2024-08-14,186,1
PO0011603,2024-08-14,340,5
PO0011607,2024-08-14,1720,19
PO0011626,2024-08-14,312,4
PO0011627,2024-08-14,294,6
PO0011628,2024-08-14,384,1
PO0011631,2024-08-14,1032,18
PO0011632,2024-08-14,1728,27
PO0011636,2024-08-14,1146,7
PO0011655,2024-08-14,240,1
PO0011656,2024-08-14,2346,40
PO0011664,2024-08-14,3264,14
PO0011669,2024-08-14,276,3
PO0011676,2024-08-14,696,6
PO0011680,2024-08-14,1968,68
PO0011697,2024-08-14,360,2
PO0011698,2024-08-14,528,4
PO0011465,2024-08-15,3900,24
PO0011490,2024-08-15,576,8
PO0011564,2024-08-15,816,7
PO0011567,2024-08-15,784,16
PO0011574,2024-08-15,552,9
PO0011606,2024-08-15,99,1
PO0011607,2024-08-15,1720,21
PO0011615,2024-08-15,1968,27
PO0011623,2024-08-15,348,1
PO0011635,2024-08-15,654,8
PO0011647,2024-08-15,384,3
PO0011650,2024-08-15,324,7
PO0011651,2024-08-15,1152,10
PO0011653,2024-08-15,930,13
PO0011654,2024-08-15,3072,10
PO0011660,2024-08-15,816,11
PO0011662,2024-08-15,1824,14
PO0011665,2024-08-15,642,11
PO0011668,2024-08-15,516,4
PO0011670,2024-08-15,504,8
PO0011672,2024-08-15,636,12
PO0011677,2024-08-15,1462,11
PO0011679,2024-08-15,2640,52
PO0011682,2024-08-15,240,5
PO0011687,2024-08-15,1128,31
PO0011688,2024-08-15,240,7
PO0011689,2024-08-15,336,2
PO0011693,2024-08-15,1968,105
PO0011696,2024-08-15,168,1
PO0011699,2024-08-15,768,10
PO0011710,2024-08-15,672,4
PO0011714,2024-08-15,3768,46
PO0011723,2024-08-15,480,6
PO0011725,2024-08-15,612,5
PO0011726,2024-08-15,768,7
PO0011551,2024-08-16,936,4
PO0011574,2024-08-16,552,3
PO0011639,2024-08-16,720,13
PO0011648,2024-08-16,516,6
PO0011650,2024-08-16,324,6
PO0011674,2024-08-16,2928,25
PO0011675,2024-08-16,2112,112
PO0011676,2024-08-16,696,13
PO0011687,2024-08-16,1128,21
PO0011692,2024-08-16,2208,28
PO0011700,2024-08-16,1152,7
PO0011703,2024-08-16,372,0
PO0011704,2024-08-16,264,1
PO0011707,2024-08-16,672,8
PO0011725,2024-08-16,612,5
PO0011736,2024-08-16,1305,14
PO0011738,2024-08-16,4608,54
PO0011740,2024-08-16,1200,15
PO0011448,2024-08-17,1248,9
PO0011462,2024-08-17,2052,22
PO0011474,2024-08-17,153,2
PO0011480,2024-08-17,720,10
PO0011517,2024-08-17,306,0
PO0011518,2024-08-17,195,3
PO0011583,2024-08-17,1104,18
PO0011601,2024-08-17,3168,155
PO0011606,2024-08-17,99,0
PO0011631,2024-08-17,1032,27
PO0011644,2024-08-17,788,18
PO0011657,2024-08-17,255,1
PO0011678,2024-08-17,1596,5
PO0011691,2024-08-17,2640,23
PO0011695,2024-08-17,336,1
PO0011699,2024-08-17,768,12
PO0011711,2024-08-17,675,4
PO0011712,2024-08-17,5760,118
PO0011713,2024-08-17,336,7
PO0011728,2024-08-17,2463,20
PO0011730,2024-08-17,4200,38
PO0011731,2024-08-17,768,13
PO0011744,2024-08-17,804,5
PO0011577,2024-08-18,1512,16
PO0011623,2024-08-18,348,1
PO0011640,2024-08-18,2172,43
PO0011649,2024-08-18,2544,31
PO0011671,2024-08-18,420,7
PO0011686,2024-08-18,540,18
PO0011692,2024-08-18,2208,25
PO0011697,2024-08-18,360,3
PO0011706,2024-08-18,3228,24
PO0011708,2024-08-18,159,0
PO0011715,2024-08-18,804,4
PO0011717,2024-08-18,3528,41
PO0011718,2024-08-18,156,2
PO0011721,2024-08-18,426,0
PO0011722,2024-08-18,2544,35
PO0011727,2024-08-18,384,0
PO0011733,2024-08-18,534,5
PO0011734,2024-08-18,1128,17
PO0011736,2024-08-18,1305,19
PO0011746,2024-08-18,1392,3
PO0011771,2024-08-18,2034,27
PO0011448,2024-08-19,1248,4
PO0011462,2024-08-19,2052,26
PO0011467,2024-08-19,432,5
PO0011474,2024-08-19,153,3
PO0011505,2024-08-19,912,5
PO0011533,2024-08-19,1428,17
PO0011666,2024-08-19,1872,5
PO0011681,2024-08-19,432,2
PO0011684,2024-08-19,3648,154
PO0011685,2024-08-19,150,1
PO0011702,2024-08-19,354,4
PO0011729,2024-08-19,456,4
PO0011741,2024-08-19,900,6
PO0011745,2024-08-19,534,1
PO0011747,2024-08-19,960,8
PO0011759,2024-08-19,612,21
PO0011760,2024-08-19,816,2
PO0011763,2024-08-19,612,3
PO0011772,2024-08-19,372,12
PO0011782,2024-08-19,720,5
PO0011785,2024-08-19,1128,5
PO0011787,2024-08-19,630,5
PO0011795,2024-08-19,780,7
PO0011797,2024-08-19,3426,14
PO0011805,2024-08-19,450,8
PO0011807,2024-08-19,912,35
PO0011544,2024-08-20,1440,31
PO0011619,2024-08-20,180,3
PO0011641,2024-08-20,1008,47
PO0011652,2024-08-20,342,3
PO0011657,2024-08-20,255,1
PO0011701,2024-08-20,996,9
PO0011716,2024-08-20,588,8
PO0011724,2024-08-20,1536,16
PO0011728,2024-08-20,2463,20
PO0011735,2024-08-20,2208,19
PO0011742,2024-08-20,2370,53
PO0011743,2024-08-20,1104,23
PO0011753,2024-08-20,780,0
PO0011754,2024-08-20,912,6
PO0011755,2024-08-20,1884,18
PO0011770,2024-08-20,264,4
PO0011774,2024-08-20,5904,28
PO0011780,2024-08-20,1176,6
PO0011794,2024-08-20,636,2
PO0011801,2024-08-20,1392,9
PO0011836,2024-08-20,120,1
PO0011467,2024-08-21,432,3
PO0011638,2024-08-21,1632,41
PO0011659,2024-08-21,300,3
PO0011667,2024-08-21,552,8
PO0011711,2024-08-21,675,8
PO0011720,2024-08-21,162,4
PO0011732,2024-08-21,1440,6
PO0011750,2024-08-21,1680,23
PO0011751,2024-08-21,552,3
PO0011762,2024-08-21,4752,18
PO0011764,2024-08-21,1122,17
PO0011773,2024-08-21,1122,5
PO0011775,2024-08-21,312,0
PO0011776,2024-08-21,534,7
PO0011791,2024-08-21,912,18
PO0011792,2024-08-21,576,18
PO0011793,2024-08-21,630,2
PO0011796,2024-08-21,612,6
PO0011798,2024-08-21,1752,13
PO0011799,2024-08-21,240,0
PO0011803,2024-08-21,900,4
PO0011804,2024-08-21,864,6
PO0011809,2024-08-21,618,11
PO0011815,2024-08-21,1920,32
PO0011830,2024-08-21,924,11
PO0011831,2024-08-21,2010,30
PO0011833,2024-08-21,1632,11
PO0011834,2024-08-21,1104,12
PO0011836,2024-08-21,120,1
PO0011839,2024-08-21,540,8
PO0011850,2024-08-21,1200,13
PO0011852,2024-08-21,966,5
PO0011853,2024-08-21,2370,17
PO0011856,2024-08-21,528,1
PO0011864,2024-08-21,1368,7
PO0011640,2024-08-22,2172,45
PO0011683,2024-08-22,552,8
PO0011685,2024-08-22,150,0
PO0011694,2024-08-22,1632,20
PO0011719,2024-08-22,144,0
PO0011737,2024-08-22,1248,39
PO0011749,2024-08-22,720,11
PO0011765,2024-08-22,192,6
PO0011768,2024-08-22,672,20
PO0011786,2024-08-22,228,3
PO0011788,2024-08-22,4392,20
PO0011790,2024-08-22,432,1
PO0011800,2024-08-22,2538,24
PO0011802,2024-08-22,1140,2
PO0011806,2024-08-22,282,7
PO0011808,2024-08-22,312,10
PO0011812,2024-08-22,348,4
PO0011817,2024-08-22,480,2
PO0011819,2024-08-22,2496,25
PO0011822,2024-08-22,522,9
PO0011824,2024-08-22,624,2
PO0011825,2024-08-22,792,5
PO0011841,2024-08-22,1116,15
PO0011857,2024-08-22,240,1
PO0011877,2024-08-22,552,3
PO0011907,2024-08-22,672,2
PO0011595,2024-08-23,516,6
PO0011633,2024-08-23,888,19
PO0011690,2024-08-23,288,3
PO0011709,2024-08-23,540,1
PO0011758,2024-08-23,57,2
PO0011763,2024-08-23,612,5
PO0011776,2024-08-23,534,4
PO0011789,2024-08-23,1488,9
PO0011813,2024-08-23,5532,42
PO0011814,2024-08-23,504,14
PO0011818,2024-08-23,1872,46
PO0011820,2024-08-23,816,12
PO0011826,2024-08-23,252,12
PO0011828,2024-08-23,378,1
PO0011829,2024-08-23,768,11
PO0011838,2024-08-23,150,2
PO0011842,2024-08-23,780,6
PO0011844,2024-08-23,348,2
PO0011845,2024-08-23,1632,14
PO0011846,2024-08-23,480,14
PO0011849,2024-08-23,1872,22
PO0011854,2024-08-23,768,3
PO0011858,2024-08-23,552,7
PO0011859,2024-08-23,672,20
PO0011861,2024-08-23,654,12
PO0011862,2024-08-23,240,2
PO0011865,2024-08-23,3096,21
PO0011870,2024-08-23,96,2
PO0011871,2024-08-23,168,3
PO0011872,2024-08-23,672,17
PO0011881,2024-08-23,906,20
PO0011886,2024-08-23,588,9
PO0011888,2024-08-23,228,5
PO0011889,2024-08-23,264,0
PO0011909,2024-08-23,60,1
PO0011690,2024-08-24,288,3
PO0011758,2024-08-24,57,0
PO0011777,2024-08-24,2652,36
PO0011784,2024-08-24,4872,25
PO0011811,2024-08-24,1008,2
PO0011823,2024-08-24,360,0
PO0011835,2024-08-24,2400,30
PO0011851,2024-08-24,3036,31
PO0011855,2024-08-24,4896,47
PO0011866,2024-08-24,1440,7
PO0011868,2024-08-24,1005,7
PO0011869,2024-08-24,1356,31
PO0011874,2024-08-24,312,5
PO0011879,2024-08-24,192,2
PO0011884,2024-08-24,972,2
PO0011890,2024-08-24,2880,25
PO0011893,2024-08-24,129,1
PO0011899,2024-08-24,528,1
PO0011904,2024-08-24,648,6
PO0011908,2024-08-24,288,4
PO0011752,2024-08-25,534,2
PO0011766,2024-08-25,3025,58
PO0011778,2024-08-25,1612,24
PO0011786,2024-08-25,228,1
PO0011812,2024-08-25,348,2
PO0011816,2024-08-25,504,20
PO0011821,2024-08-25,1320,20
PO0011828,2024-08-25,378,0
PO0011832,2024-08-25,388,7
PO0011837,2024-08-25,552,3
PO0011840,2024-08-25,168,1
PO0011851,2024-08-25,3036,42
PO0011871,2024-08-25,168,7
PO0011875,2024-08-25,4776,53
PO0011876,2024-08-25,912,22
PO0011878,2024-08-25,1065,8
PO0011885,2024-08-25,264,1
PO0011891,2024-08-25,216,1
PO0011892,2024-08-25,3636,83
PO0011897,2024-08-25,4050,31
PO0011902,2024-08-25,1248,23
PO0011903,2024-08-25,1716,12
PO0011922,2024-08-25,288,3
PO0011928,2024-08-25,2352,34
PO0011961,2024-08-25,231,4
PO0011756,2024-08-26,1650,15
PO0011757,2024-08-26,1335,13
PO0011779,2024-08-26,360,4
PO0011847,2024-08-26,264,3
PO0011878,2024-08-26,1065,14
PO0011880,2024-08-26,192,4
PO0011887,2024-08-26,72,1
PO0011893,2024-08-26,129,1
PO0011894,2024-08-26,2958,13
PO0011895,2024-08-26,1608,9
PO0011914,2024-08-26,336,6
PO0011930,2024-08-26,228,4
PO0011961,2024-08-26,231,2
PO0011965,2024-08-26,1152,18
PO0011984,2024-08-26,380,7
PO0011661,2024-08-27,3888,67
PO0011663,2024-08-27,1440,3
PO0011739,2024-08-27,270,2
PO0011748,2024-08-27,3264,34
PO0011781,2024-08-27,942,17
PO0011814,2024-08-27,504,10
PO0011816,2024-08-27,504,19
PO0011848,2024-08-27,420,1
PO0011867,2024-08-27,144,2
PO0011868,2024-08-27,1005,8
PO0011873,2024-08-27,468,8
PO0011882,2024-08-27,1728,82
PO0011901,2024-08-27,948,12
PO0011905,2024-08-27,1056,26
PO0011906,2024-08-27,786,17
PO0011909,2024-08-27,60,2
PO0011910,2024-08-27,552,24
PO0011912,2024-08-27,1776,34
PO0011916,2024-08-27,792,4
PO0011924,2024-08-27,1260,27
PO0011933,2024-08-27,2964,52
PO0011934,2024-08-27,798,4
PO0011945,2024-08-27,1776,20
PO0011955,2024-08-27,192,2
PO0011974,2024-08-27,228,3
PO0011976,2024-08-27,444,2
PO0011981,2024-08-27,2304,35
PO0011988,2024-08-27,216,3
PO0011994,2024-08-27,357,8
PO0011705,2024-08-28,3840,40
PO0011757,2024-08-28,1335,9
PO0011810,2024-08-28,870,2
PO0011847,2024-08-28,264,0
PO0011873,2024-08-28,468,10
PO0011898,2024-08-28,768,11
PO0011915,2024-08-28,2220,50
PO0011918,2024-08-28,288,1
PO0011925,2024-08-28,1392,5
PO0011927,2024-08-28,135,0
PO0011929,2024-08-28,720,6
PO0011930,2024-08-28,228,6
PO0011938,2024-08-28,1356,17
PO0011940,2024-08-28,378,4
PO0011941,2024-08-28,480,6
PO0011942,2024-08-28,2784,34
PO0011943,2024-08-28,3846,61
PO0011947,2024-08-28,732,3
PO0011948,2024-08-28,984,13
PO0011949,2024-08-28,1266,19
PO0011951,2024-08-28,1944,32
PO0011953,2024-08-28,384,1
PO0011954,2024-08-28,690,6
PO0011959,2024-08-28,1206,2
PO0011964,2024-08-28,336,10
PO0011969,2024-08-28,1182,7
PO0011973,2024-08-28,2328,32
PO0011974,2024-08-28,228,1
PO0011975,2024-08-28,240,7
PO0011989,2024-08-28,624,0
PO0011999,2024-08-28,960,21
PO0012005,2024-08-28,798,4
PO0012007,2024-08-28,480,10
PO0012022,2024-08-28,2112,13
PO0011769,2024-08-29,192,4
PO0011781,2024-08-29,942,16
PO0011783,2024-08-29,1008,1
PO0011880,2024-08-29,192,5
PO0011900,2024-08-29,756,39
PO0011911,2024-08-29,2016,29
PO0011913,2024-08-29,1968,33
PO0011920,2024-08-29,576,10
PO0011923,2024-08-29,564,8
PO0011926,2024-08-29,1476,32
PO0011927,2024-08-29,135,0
PO0011939,2024-08-29,792,4
PO0011941,2024-08-29,480,4
PO0011944,2024-08-29,192,3
PO0011945,2024-08-29,1776,24
PO0011946,2024-08-29,624,2
PO0011958,2024-08-29,300,7
PO0011960,2024-08-29,348,1
PO0011966,2024-08-29,264,8
PO0011968,2024-08-29,3108,27
PO0011971,2024-08-29,132,1
PO0011982,2024-08-29,2736,16
PO0011983,2024-08-29,2304,14
PO0011992,2024-08-29,678,10
PO0011993,2024-08-29,2100,16
PO0011995,2024-08-29,288,3
PO0011997,2024-08-29,288,4
PO0011998,2024-08-29,432,2
PO0012010,2024-08-29,642,3
PO0012011,2024-08-29,1464,11
PO0012013,2024-08-29,4080,89
PO0012016,2024-08-29,2280,21
PO0012017,2024-08-29,288,0
PO0012021,2024-08-29,294,2
PO0012025,2024-08-29,552,11
PO0012044,2024-08-29,1656,25
PO0012070,2024-08-29,108,1
PO0011843,2024-08-30,1236,19
PO0011860,2024-08-30,708,5
PO0011887,2024-08-30,72,0
PO0011901,2024-08-30,948,17
PO0011923,2024-08-30,564,3
PO0011932,2024-08-30,548,3
PO0011936,2024-08-30,432,4
PO0011952,2024-08-30,738,16
PO0011957,2024-08-30,1200,61
PO0011967,2024-08-30,2676,43
PO0011970,2024-08-30,708,9
PO0011978,2024-08-30,336,1
PO0011979,2024-08-30,3954,51
PO0011985,2024-08-30,816,15
PO0011986,2024-08-30,1008,13
PO0011987,2024-08-30,748,6
PO0011996,2024-08-30,396,5
PO0012002,2024-08-30,336,5
PO0012003,2024-08-30,336,2
PO0012006,2024-08-30,978,15
PO0012009,2024-08-30,744,1
PO0012012,2024-08-30,720,26
PO0012023,2024-08-30,768,12
PO0012035,2024-08-30,876,14
PO0012038,2024-08-30,384,8
PO0012040,2024-08-30,2376,14
PO0012041,2024-08-30,2358,49
PO0012047,2024-08-30,3084,28
PO0012062,2024-08-30,4128,15
PO0012064,2024-08-30,1152,13
PO0012067,2024-08-30,1824,10
PO0012070,2024-08-30,108,1
PO0012073,2024-08-30,492,2
PO0011739,2024-08-31,270,0
PO0011919,2024-08-31,480,6
PO0011935,2024-08-31,1488,17
PO0011977,2024-08-31,456,5
PO0011980,2024-08-31,2154,18
PO0012000,2024-08-31,6288,42
PO0012004,2024-08-31,576,5
PO0012007,2024-08-31,480,6
PO0012008,2024-08-31,1728,94
PO0012020,2024-08-31,864,5
PO0012026,2024-08-31,404,10
PO0012029,2024-08-31,456,10
PO0012032,2024-08-31,5064,60
PO0012033,2024-08-31,444,10
PO0012045,2024-08-31,360,1
PO0012054,2024-08-31,1440,11
PO0012055,2024-08-31,240,0
PO0012060,2024-08-31,390,5
PO0012076,2024-08-31,1296,14
PO0011937,2024-09-01,3264,24
PO0011966,2024-09-01,264,1
PO0011971,2024-09-01,132,1
PO0012019,2024-09-01,1248,14
PO0012024,2024-09-01,618,6
PO0012028,2024-09-01,360,0
PO0012034,2024-09-01,1080,12
PO0012039,2024-09-01,1308,8
PO0012042,2024-09-01,2208,28
PO0012043,2024-09-01,1416,19
PO0012052,2024-09-01,1128,24
PO0012053,2024-09-01,1140,15
PO0012057,2024-09-01,2472,15
PO0012058,2024-09-01,1194,10
PO0012063,2024-09-01,672,1
PO0012072,2024-09-01,2226,42
PO0012075,2024-09-01,1584,16
PO0012082,2024-09-01,1224,12
PO0012085,2024-09-01,450,4
PO0012089,2024-09-01,498,4
PO0011630,2024-09-02,774,4
PO0011883,2024-09-02,1488,5
PO0011950,2024-09-02,1740,34
PO0012001,2024-09-02,3924,25
PO0012015,2024-09-02,3768,18
PO0012027,2024-09-02,2952,27
PO0012036,2024-09-02,1089,2
PO0012037,2024-09-02,600,4
PO0012048,2024-09-02,2016,25
PO0012050,2024-09-02,1296,28
PO0012056,2024-09-02,732,16
PO0012059,2024-09-02,1062,5
PO0012065,2024-09-02,2052,10
PO0012093,2024-09-02,936,6
PO0012107,2024-09-02,1572,6
PO0012126,2024-09-02,4368,44
PO0012134,2024-09-02,576,3
PO0011767,2024-09-03,2472,33
PO0011963,2024-09-03,1362,14
PO0011980,2024-09-03,2154,23
PO0012014,2024-09-03,786,3
PO0012031,2024-09-03,4080,105
PO0012061,2024-09-03,720,6
PO0012068,2024-09-03,234,6
PO0012071,2024-09-03,432,8
PO0012073,2024-09-03,492,3
PO0012082,2024-09-03,1224,12
PO0012087,2024-09-03,732,9
PO0012090,2024-09-03,1302,13
PO0012092,2024-09-03,192,4
PO0012096,2024-09-03,156,0
PO0012098,2024-09-03,2760,22
PO0012100,2024-09-03,288,2
PO0012106,2024-09-03,150,0
PO0012113,2024-09-03,1800,39
PO0012114,2024-09-03,1104,24
PO0012115,2024-09-03,2640,27
PO0012121,2024-09-03,571,4
PO0012125,2024-09-03,3690,33
PO0012128,2024-09-03,1584,75
PO0012129,2024-09-03,846,7
PO0012131,2024-09-03,2208,12
PO0012145,2024-09-03,474,3
PO0012151,2024-09-03,528,3
PO0012154,2024-09-03,456,3
PO0012176,2024-09-03,660,4
PO0011630,2024-09-04,774,7
PO0011863,2024-09-04,2064,14
PO0011962,2024-09-04,312,5
PO0011990,2024-09-04,3264,22
PO0012018,2024-09-04,3072,18
PO0012020,2024-09-04,864,10
PO0012030,2024-09-04,1584,9
PO0012034,2024-09-04,1080,19
PO0012036,2024-09-04,1089,5
PO0012046,2024-09-04,3522,51
PO0012059,2024-09-04,1062,4
PO0012066,2024-09-04,90,1
PO0012077,2024-09-04,2436,58
PO0012079,2024-09-04,864,12
PO0012084,2024-09-04,384,4
PO0012095,2024-09-04,2352,104
PO0012099,2024-09-04,2160,24
PO0012101,2024-09-04,1992,15
PO0012102,2024-09-04,204,1
PO0012104,2024-09-04,768,3
PO0012119,2024-09-04,1104,18
PO0012120,2024-09-04,1200,17
PO0012122,2024-09-04,720,11
PO0012124,2024-09-04,132,1
PO0012132,2024-09-04,63,1
PO0012155,2024-09-04,327,1
PO0012156,2024-09-04,768,6
PO0012161,2024-09-04,348,0
PO0012163,2024-09-04,4464,62
PO0012164,2024-09-04,263,2
PO0012165,2024-09-04,426,2
PO0012174,2024-09-04,984,10
PO0012182,2024-09-04,1248,14
PO0011921,2024-09-05,1704,53
PO0011931,2024-09-05,328,5
PO0012030,2024-09-05,1584,13
PO0012066,2024-09-05,90,2
PO0012069,2024-09-05,1992,53
PO0012074,2024-09-05,480,10
PO0012086,2024-09-05,1056,14
PO0012088,2024-09-05,1008,21
PO0012097,2024-09-05,840,4
PO0012105,2024-09-05,1464,17
PO0012106,2024-09-05,150,1
PO0012110,2024-09-05,1416,30
PO0012123,2024-09-05,1338,19
PO0012127,2024-09-05,1716,7
PO0012130,2024-09-05,1392,25
PO0012132,2024-09-05,63,0
PO0012133,2024-09-05,192,2
PO0012135,2024-09-05,4974,62
PO0012139,2024-09-05,2484,40
PO0012140,2024-09-05,517,1
PO0012142,2024-09-05,1284,7
PO0012147,2024-09-05,2136,28
PO0012149,2024-09-05,1152,38
PO0012152,2024-09-05,432,1
PO0012153,2024-09-05,1848,31
PO0012160,2024-09-05,384,5
PO0012171,2024-09-05,1728,30
PO0012180,2024-09-05,636,3
PO0012185,2024-09-05,429,6
PO0012187,2024-09-05,780,12
PO0012192,2024-09-05,1356,4
PO0012198,2024-09-05,468,2
PO0011761,2024-09-06,1128,10
PO0012014,2024-09-06,786,4
PO0012078,2024-09-06,528,6
PO0012091,2024-09-06,168,2
PO0012109,2024-09-06,1326,25
PO0012112,2024-09-06,906,11
PO0012117,2024-09-06,948,12
PO0012136,2024-09-06,2496,46
PO0012146,2024-09-06,288,1
PO0012150,2024-09-06,180,1
PO0012155,2024-09-06,327,5
PO0012157,2024-09-06,264,5
PO0012172,2024-09-06,972,18
PO0012183,2024-09-06,2070,7
PO0012184,2024-09-06,432,3
PO0012194,2024-09-06,864,7
PO0012197,2024-09-06,1980,22
PO0012199,2024-09-06,1896,24
PO0012202,2024-09-06,288,2
PO0012205,2024-09-06,456,1
PO0012208,2024-09-06,1248,52
PO0012213,2024-09-06,4104,54
PO0012219,2024-09-06,249,2
PO0012223,2024-09-06,1542,18
PO0012232,2024-09-06,6000,14
PO0011896,2024-09-07,2736,32
PO0012049,2024-09-07,348,3
PO0012081,2024-09-07,408,13
PO0012092,2024-09-07,192,2
PO0012103,2024-09-07,3408,35
PO0012108,2024-09-07,2748,8
PO0012116,2024-09-07,1596,15
PO0012118,2024-09-07,1728,6
PO0012124,2024-09-07,132,3
PO0012136,2024-09-07,2496,41
PO0012144,2024-09-07,3948,34
PO0012158,2024-09-07,1536,13
PO0012166,2024-09-07,1668,14
PO0012168,2024-09-07,213,3
PO0012169,2024-09-07,3792,173
PO0012173,2024-09-07,192,1
PO0012175,2024-09-07,1092,4
PO0012204,2024-09-07,846,12
PO0012210,2024-09-07,756,8
PO0012211,2024-09-07,480,3
PO0012214,2024-09-07,192,1
PO0012219,2024-09-07,249,3
PO0012226,2024-09-07,600,9
PO0012228,2024-09-07,792,18
PO0012229,2024-09-07,732,3
PO0012230,2024-09-07,756,6
PO0012234,2024-09-07,1728,8
PO0012240,2024-09-07,144,2
PO0012078,2024-09-08,528,5
PO0012080,2024-09-08,2928,30
PO0012081,2024-09-08,408,8
PO0012102,2024-09-08,204,2
PO0012137,2024-09-08,720,13
PO0012143,2024-09-08,648,4
PO0012148,2024-09-08,474,8
PO0012159,2024-09-08,312,18
PO0012160,2024-09-08,384,3
PO0012164,2024-09-08,263,0
PO0012168,2024-09-08,213,4
PO0012179,2024-09-08,552,11
PO0012189,2024-09-08,336,11
PO0012200,2024-09-08,2160,50
PO0012201,2024-09-08,1320,15
PO0012206,2024-09-08,911,13
PO0012209,2024-09-08,426,2
PO0012216,2024-09-08,1452,31
PO0012218,2024-09-08,492,2
PO0012221,2024-09-08,144,1
PO0012224,2024-09-08,432,1
PO0012225,2024-09-08,384,1
PO0012231,2024-09-08,708,11
PO0012233,2024-09-08,828,13
PO0012237,2024-09-08,2688,63
PO0012238,2024-09-08,444,8
PO0012241,2024-09-08,276,1
PO0012246,2024-09-08,900,12
PO0012249,2024-09-08,609,40
PO0012255,2024-09-08,3012,24
PO0012260,2024-09-08,264,1
PO0012264,2024-09-08,2736,51
PO0011827,2024-09-09,126,2
PO0011956,2024-09-09,1968,24
PO0011991,2024-09-09,498,8
PO0012110,2024-09-09,1416,31
PO0012111,2024-09-09,1658,16
PO0012177,2024-09-09,4284,50
PO0012178,2024-09-09,1596,15
PO0012181,2024-09-09,630,4
PO0012190,2024-09-09,768,17
PO0012193,2024-09-09,588,11
PO0012207,2024-09-09,2580,36
PO0012215,2024-09-09,1368,12
PO0012217,2024-09-09,1728,18
PO0012222,2024-09-09,468,8
PO0012227,2024-09-09,208,2
PO0012244,2024-09-09,384,2
PO0012245,2024-09-09,1536,19
PO0012248,2024-09-09,1542,49
PO0012250,2024-09-09,2496,9
PO0012252,2024-09-09,546,7
PO0012258,2024-09-09,1674,14
PO0012265,2024-09-09,816,7
PO0012272,2024-09-09,3336,59
PO0012274,2024-09-09,1584,11
PO0012282,2024-09-09,768,2
PO0012296,2024-09-09,1092,3
PO0012303,2024-09-09,642,4
PO0012306,2024-09-09,198,3
PO0012308,2024-09-09,1482,38
PO0011972,2024-09-10,444,2
PO0012083,2024-09-10,1536,7
PO0012094,2024-09-10,486,8
PO0012111,2024-09-10,1659,14
PO0012141,2024-09-10,456,6
PO0012150,2024-09-10,180,0
PO0012170,2024-09-10,2688,13
PO0012191,2024-09-10,2640,114
PO0012193,2024-09-10,588,4
PO0012208,2024-09-10,1248,78
PO0012227,2024-09-10,208,2
PO0012231,2024-09-10,708,10
PO0012235,2024-09-10,576,10
PO0012241,2024-09-10,276,3
PO0012249,2024-09-10,609,27
PO0012251,2024-09-10,180,1
PO0012253,2024-09-10,186,0
PO0012254,2024-09-10,462,4
PO0012266,2024-09-10,5664,129
PO0012267,2024-09-10,384,4
PO0012280,2024-09-10,2813,38
PO0012284,2024-09-10,2394,15
PO0012293,2024-09-10,399,4
PO0012299,2024-09-10,408,3
PO0012300,2024-09-10,5484,118
PO0012301,2024-09-10,1038,49
PO0012304,2024-09-10,912,11
PO0012314,2024-09-10,840,1
PO0012334,2024-09-10,828,18
PO0012051,2024-09-11,768,8
PO0012162,2024-09-11,720,17
PO0012179,2024-09-11,552,12
PO0012195,2024-09-11,504,7
PO0012212,2024-09-11,1116,9
PO0012247,2024-09-11,840,5
PO0012257,2024-09-11,258,2
PO0012261,2024-09-11,1416,6
PO0012267,2024-09-11,384,2
PO0012269,2024-09-11,696,9
PO0012273,2024-09-11,2304,37
PO0012276,2024-09-11,564,4
PO0012277,2024-09-11,240,4
PO0012281,2024-09-11,1992,31
PO0012287,2024-09-11,408,7
PO0012291,2024-09-11,348,3
PO0012292,2024-09-11,240,0
PO0012298,2024-09-11,2647,9
PO0012307,2024-09-11,1191,9
PO0012316,2024-09-11,864,11
PO0012318,2024-09-11,1356,18
PO0012324,2024-09-11,648,7
PO0012329,2024-09-11,822,6
PO0012352,2024-09-11,4752,59
PO0012362,2024-09-11,462,5
PO0011917,2024-09-12,1104,11
PO0012162,2024-09-12,720,17
PO0012167,2024-09-12,4406,61
PO0012188,2024-09-12,2112,35
PO0012196,2024-09-12,780,15
PO0012242,2024-09-12,336,1
PO0012243,2024-09-12,288,8
PO0012253,2024-09-12,187,0
PO0012254,2024-09-12,462,5
PO0012262,2024-09-12,255,2
PO0012263,2024-09-12,660,4
PO0012283,2024-09-12,228,5
PO0012289,2024-09-12,624,9
PO0012293,2024-09-12,400,4
PO0012302,2024-09-12,2112,31
PO0012310,2024-09-12,312,2
PO0012313,2024-09-12,984,14
PO0012319,2024-09-12,168,2
PO0012320,2024-09-12,798,13
PO0012321,2024-09-12,576,8
PO0012323,2024-09-12,240,1
PO0012326,2024-09-12,660,2
PO0012327,2024-09-12,198,2
PO0012328,2024-09-12,438,4
PO0012330,2024-09-12,192,4
PO0012346,2024-09-12,1704,13
PO0012351,2024-09-12,4032,88
PO0012353,2024-09-12,1536,20
PO0012354,2024-09-12,384,4
PO0012355,2024-09-12,672,6
PO0012369,2024-09-12,564,8
PO0011827,2024-09-13,126,0
PO0012138,2024-09-13,1080,4
PO0012236,2024-09-13,1524,23
PO0012239,2024-09-13,1140,14
PO0012259,2024-09-13,1440,78
PO0012271,2024-09-13,960,18
PO0012275,2024-09-13,3168,47
PO0012278,2024-09-13,660,17
PO0012285,2024-09-13,1224,15
PO0012286,2024-09-13,1200,15
PO0012291,2024-09-13,348,0
PO0012297,2024-09-13,912,9
PO0012309,2024-09-13,576,7
PO0012310,2024-09-13,312,2
PO0012311,2024-09-13,708,1
PO0012315,2024-09-13,1848,34
PO0012319,2024-09-13,168,4
PO0012322,2024-09-13,1029,10
PO0012325,2024-09-13,428,8
PO0012331,2024-09-13,576,13
PO0012333,2024-09-13,912,13
PO0012334,2024-09-13,828,15
PO0012336,2024-09-13,2424,71
PO0012343,2024-09-13,1248,24
PO0012344,2024-09-13,1176,5
PO0012356,2024-09-13,2568,17
PO0012357,2024-09-13,570,3
PO0012359,2024-09-13,576,14
PO0012365,2024-09-13,636,29
PO0012372,2024-09-13,1584,12
PO0012380,2024-09-13,1440,12
PO0012382,2024-09-13,3456,159
PO0012385,2024-09-13,1284,8
PO0012391,2024-09-13,231,0
PO0012094,2024-09-14,486,10
PO0012138,2024-09-14,1080,9
PO0012203,2024-09-14,1692,21
PO0012256,2024-09-14,1200,6
PO0012278,2024-09-14,660,7
PO0012295,2024-09-14,498,7
PO0012305,2024-09-14,474,14
PO0012307,2024-09-14,1191,9
PO0012317,2024-09-14,2214,13
PO0012335,2024-09-14,444,8
PO0012338,2024-09-14,960,26
PO0012339,2024-09-14,387,3
PO0012346,2024-09-14,1704,6
PO0012350,2024-09-14,2280,47
PO0012358,2024-09-14,4824,43
PO0012360,2024-09-14,528,19
PO0012364,2024-09-14,276,6
PO0012366,2024-09-14,225,2
PO0012368,2024-09-14,48,1
PO0012371,2024-09-14,1092,4
PO0012374,2024-09-14,1074,28
PO0012376,2024-09-14,762,11
PO0012404,2024-09-14,468,4
PO0012407,2024-09-14,312,1
PO0012408,2024-09-14,720,9
PO0012247,2024-09-15,840,4
PO0012268,2024-09-15,900,10
PO0012288,2024-09-15,288,4
PO0012311,2024-09-15,708,1
PO0012317,2024-09-15,2214,12
PO0012325,2024-09-15,429,4
PO0012332,2024-09-15,264,2
PO0012340,2024-09-15,1608,19
PO0012341,2024-09-15,4518,36
PO0012342,2024-09-15,1182,16
PO0012361,2024-09-15,4392,54
PO0012367,2024-09-15,1554,2
PO0012368,2024-09-15,48,0
PO0012373,2024-09-15,384,11
PO0012375,2024-09-15,111,0
PO0012378,2024-09-15,1032,5
PO0012379,2024-09-15,252,3
PO0012384,2024-09-15,771,5
PO0012385,2024-09-15,1284,6
PO0012386,2024-09-15,3792,47
PO0012388,2024-09-15,768,17
PO0012407,2024-09-15,312,1
PO0012410,2024-09-15,612,3
PO0012424,2024-09-15,2784,29
PO0012259,2024-09-16,1440,66
PO0012290,2024-09-16,2208,47
PO0012294,2024-09-16,1512,9
PO0012322,2024-09-16,1029,10
PO0012342,2024-09-16,1182,13
PO0012366,2024-09-16,225,2
PO0012372,2024-09-16,1584,8
PO0012375,2024-09-16,111,3
PO0012381,2024-09-16,1134,16
PO0012390,2024-09-16,126,2
PO0012391,2024-09-16,231,0
PO0012392,2024-09-16,684,16
PO0012394,2024-09-16,1656,10
PO0012397,2024-09-16,780,17
PO0012398,2024-09-16,1329,27
PO0012399,2024-09-16,384,5
PO0012402,2024-09-16,1290,7
PO0012405,2024-09-16,1071,17
PO0012406,2024-09-16,3360,26
PO0012420,2024-09-16,984,5
PO0012438,2024-09-16,1236,14
PO0012452,2024-09-16,1596,6
PO0012454,2024-09-16,360,1
PO0012270,2024-09-17,1008,7
PO0012294,2024-09-17,1512,6
PO0012337,2024-09-17,1740,24
PO0012339,2024-09-17,387,5
PO0012345,2024-09-17,816,12
PO0012347,2024-09-17,3972,15
PO0012348,2024-09-17,720,34
PO0012370,2024-09-17,2028,26
PO0012384,2024-09-17,771,4
PO0012395,2024-09-17,1643,27
PO0012396,2024-09-17,1074,5
PO0012398,2024-09-17,1329,15
PO0012400,2024-09-17,1344,10
PO0012403,2024-09-17,192,1
PO0012409,2024-09-17,96,1
PO0012411,2024-09-17,696,10
PO0012416,2024-09-17,636,14
PO0012426,2024-09-17,912,4
PO0012431,2024-09-17,384,3
PO0012436,2024-09-17,1560,23
PO0012449,2024-09-17,336,11
PO0012455,2024-09-17,528,3
PO0012462,2024-09-17,4572,23
PO0012480,2024-09-17,348,3
PO0012508,2024-09-17,312,2
PO0012349,2024-09-18,546,2
PO0012363,2024-09-18,2208,18
PO0012383,2024-09-18,1008,45
PO0012401,2024-09-18,2352,38
PO0012405,2024-09-18,1072,14
PO0012413,2024-09-18,816,11
PO0012415,2024-09-18,480,4
PO0012417,2024-09-18,3600,36
PO0012422,2024-09-18,2562,34
PO0012427,2024-09-18,4320,29
PO0012432,2024-09-18,1584,21
PO0012433,2024-09-18,1818,23
PO0012434,2024-09-18,540,5
PO0012445,2024-09-18,1128,7
PO0012446,2024-09-18,624,6
PO0012448,2024-09-18,1236,11
PO0012453,2024-09-18,192,2
PO0012464,2024-09-18,342,7
PO0012469,2024-09-18,240,4
PO0012474,2024-09-18,216,6
PO0012477,2024-09-18,642,15
PO0012479,2024-09-18,750,6
PO0012486,2024-09-18,792,16
PO0012498,2024-09-18,660,8
PO0012506,2024-09-18,1896,30
PO0012511,2024-09-18,4800,13
PO0012520,2024-09-18,324,1
PO0012521,2024-09-18,240,2
PO0012540,2024-09-18,1440,5
PO0012312,2024-09-19,492,11
PO0012373,2024-09-19,384,8
PO0012415,2024-09-19,480,3
PO0012418,2024-09-19,1296,12
PO0012419,2024-09-19,240,7
PO0012421,2024-09-19,384,3
PO0012423,2024-09-19,960,24
PO0012425,2024-09-19,626,0
PO0012428,2024-09-19,2208,23
PO0012429,2024-09-19,624,3
PO0012435,2024-09-19,168,3
PO0012444,2024-09-19,348,4
PO0012450,2024-09-19,816,13
PO0012457,2024-09-19,912,5
PO0012458,2024-09-19,4644,55
PO0012459,2024-09-19,1200,37
PO0012460,2024-09-19,276,3
PO0012463,2024-09-19,720,8
PO0012467,2024-09-19,624,10
PO0012470,2024-09-19,177,0
PO0012473,2024-09-19,864,0
PO0012475,2024-09-19,124,0
PO0012478,2024-09-19,192,5
PO0012482,2024-09-19,960,3
PO0012485,2024-09-19,336,1
PO0012501,2024-09-19,2838,34
PO0012507,2024-09-19,792,7
PO0012508,2024-09-19,312,3
PO0012509,2024-09-19,336,3
PO0012516,2024-09-19,360,11
PO0012527,2024-09-19,1470,14
PO0012530,2024-09-19,840,5
PO0012186,2024-09-20,552,7
PO0012220,2024-09-20,3216,12
PO0012363,2024-09-20,2208,24
PO0012377,2024-09-20,912,44
PO0012409,2024-09-20,96,0
PO0012412,2024-09-20,2760,47
PO0012437,2024-09-20,888,10
PO0012465,2024-09-20,1416,3
PO0012468,2024-09-20,768,11
PO0012471,2024-09-20,624,4
PO0012472,2024-09-20,1200,8
PO0012478,2024-09-20,192,7
PO0012484,2024-09-20,409,8
PO0012488,2024-09-20,531,5
PO0012490,2024-09-20,720,6
PO0012492,2024-09-20,528,6
PO0012493,2024-09-20,6336,83
PO0012495,2024-09-20,6048,23
PO0012499,2024-09-20,912,21
PO0012500,2024-09-20,408,2
PO0012510,2024-09-20,336,7
PO0012513,2024-09-20,264,3
PO0012516,2024-09-20,360,8
PO0012517,2024-09-20,722,18
PO0012543,2024-09-20,180,3
PO0012564,2024-09-20,822,1
PO0012279,2024-09-21,7356,159
PO0012432,2024-09-21,1584,23
PO0012435,2024-09-21,168,5
PO0012442,2024-09-21,1392,25
PO0012447,2024-09-21,1560,37
PO0012461,2024-09-21,786,4
PO0012488,2024-09-21,531,6
PO0012489,2024-09-21,2304,31
PO0012494,2024-09-21,288,1
PO0012497,2024-09-21,546,7
PO0012503,2024-09-21,5016,18
PO0012515,2024-09-21,1692,22
PO0012518,2024-09-21,336,3
PO0012519,2024-09-21,1661,24
PO0012523,2024-09-21,384,2
PO0012524,2024-09-21,1008,14
PO0012525,2024-09-21,774,16
PO0012529,2024-09-21,666,1
PO0012531,2024-09-21,240,3
PO0012532,2024-09-21,336,7
PO0012534,2024-09-21,1344,12
PO0012535,2024-09-21,582,4
PO0012537,2024-09-21,480,2
PO0012545,2024-09-21,144,1
PO0012551,2024-09-21,1767,18
PO0012552,2024-09-21,840,14
PO0012553,2024-09-21,1116,21
PO0012559,2024-09-21,3192,54
PO0012575,2024-09-21,240,2
PO0012377,2024-09-22,912,52
PO0012440,2024-09-22,458,12
PO0012466,2024-09-22,912,7
PO0012470,2024-09-22,177,0
PO0012497,2024-09-22,546,4
PO0012504,2024-09-22,312,15
PO0012512,2024-09-22,1488,5
PO0012521,2024-09-22,240,3
PO0012528,2024-09-22,4848,36
PO0012541,2024-09-22,240,1
PO0012544,2024-09-22,168,3
PO0012546,2024-09-22,336,1
PO0012547,2024-09-22,1992,25
PO0012549,2024-09-22,2730,23
PO0012551,2024-09-22,1767,16
PO0012558,2024-09-22,240,1
PO0012560,2024-09-22,528,7
PO0012581,2024-09-22,3792,65
PO0012592,2024-09-22,768,8
PO0012412,2024-09-23,2760,78
PO0012451,2024-09-23,408,8
PO0012475,2024-09-23,124,0
PO0012496,2024-09-23,876,9
PO0012514,2024-09-23,132,1
PO0012525,2024-09-23,774,14
PO0012533,2024-09-23,177,1
PO0012536,2024-09-23,1674,29
PO0012538,2024-09-23,2046,33
PO0012539,2024-09-23,1152,34
PO0012542,2024-09-23,1380,25
PO0012543,2024-09-23,180,0
PO0012557,2024-09-23,282,1
PO0012569,2024-09-23,432,5
PO0012574,2024-09-23,2760,21
PO0012597,2024-09-23,840,13
PO0012602,2024-09-23,336,4
PO0012608,2024-09-23,828,10
PO0012612,2024-09-23,120,1
PO0012389,2024-09-24,708,12
PO0012443,2024-09-24,540,6
PO0012483,2024-09-24,432,7
PO0012514,2024-09-24,132,3
PO0012545,2024-09-24,144,1
PO0012550,2024-09-24,1752,17
PO0012570,2024-09-24,696,6
PO0012578,2024-09-24,1554,11
PO0012579,2024-09-24,1023,3
PO0012586,2024-09-24,1152,8
PO0012588,2024-09-24,4152,39
PO0012590,2024-09-24,5712,63
PO0012594,2024-09-24,282,2
PO0012596,2024-09-24,528,7
PO0012607,2024-09-24,528,3
PO0012610,2024-09-24,1248,4
PO0012611,2024-09-24,384,5
PO0012622,2024-09-24,864,11
PO0012624,2024-09-24,720,40
PO0012629,2024-09-24,1344,13
PO0012631,2024-09-24,912,12
PO0012439,2024-09-25,1176,9
PO0012476,2024-09-25,576,3
PO0012523,2024-09-25,384,3
PO0012549,2024-09-25,2730,22
PO0012555,2024-09-25,876,7
PO0012556,2024-09-25,1152,60
PO0012562,2024-09-25,492,3
PO0012565,2024-09-25,192,2
PO0012571,2024-09-25,618,1
PO0012573,2024-09-25,492,7
PO0012580,2024-09-25,1077,11
PO0012583,2024-09-25,744,6
PO0012591,2024-09-25,1152,31
PO0012593,2024-09-25,960,11
PO0012598,2024-09-25,2046,28
PO0012600,2024-09-25,3120,136
PO0012603,2024-09-25,768,7
PO0012609,2024-09-25,1536,4
PO0012620,2024-09-25,516,10
PO0012625,2024-09-25,1728,29
PO0012631,2024-09-25,912,14
PO0012638,2024-09-25,528,2
PO0012644,2024-09-25,192,2
PO0012663,2024-09-25,243,1
PO0012667,2024-09-25,4464,12
PO0012674,2024-09-25,960,13
PO0012387,2024-09-26,336,1
PO0012456,2024-09-26,528,5
PO0012481,2024-09-26,336,4
PO0012522,2024-09-26,456,1
PO0012548,2024-09-26,245,3
PO0012563,2024-09-26,449,10
PO0012567,2024-09-26,2376,22
PO0012568,2024-09-26,384,2
PO0012578,2024-09-26,1554,9
PO0012579,2024-09-26,1023,7
PO0012582,2024-09-26,792,4
PO0012585,2024-09-26,384,8
PO0012587,2024-09-26,1851,17
PO0012589,2024-09-26,444,4
PO0012599,2024-09-26,1440,8
PO0012601,2024-09-26,504,3
PO0012606,2024-09-26,288,5
PO0012612,2024-09-26,120,2
PO0012613,2024-09-26,504,9
PO0012615,2024-09-26,498,3
PO0012618,2024-09-26,702,1
PO0012626,2024-09-26,3408,44
PO0012627,2024-09-26,1224,4
PO0012628,2024-09-26,498,10
PO0012630,2024-09-26,696,13
PO0012640,2024-09-26,3000,30
PO0012642,2024-09-26,306,0
PO0012643,2024-09-26,3600,77
PO0012650,2024-09-26,786,5
PO0012651,2024-09-26,2280,31
PO0012653,2024-09-26,726,8
PO0012654,2024-09-26,1116,23
PO0012669,2024-09-26,648,2
PO0012673,2024-09-26,984,17
PO0012687,2024-09-26,4230,39
PO0012694,2024-09-26,1956,17
PO0012699,2024-09-26,432,7
PO0012726,2024-09-26,288,1
PO0012441,2024-09-27,864,14
PO0012487,2024-09-27,1056,48
PO0012491,2024-09-27,474,9
PO0012561,2024-09-27,1296,10
PO0012567,2024-09-27,2376,30
PO0012577,2024-09-27,264,12
PO0012594,2024-09-27,282,6
PO0012619,2024-09-27,972,9
PO0012623,2024-09-27,192,1
PO0012635,2024-09-27,456,1
PO0012641,2024-09-27,336,13
PO0012645,2024-09-27,2796,58
PO0012646,2024-09-27,510,3
PO0012648,2024-09-27,144,1
PO0012652,2024-09-27,3654,32
PO0012654,2024-09-27,1116,13
PO0012656,2024-09-27,864,6
PO0012657,2024-09-27,480,9
PO0012662,2024-09-27,288,3
PO0012671,2024-09-27,2208,28
PO0012672,2024-09-27,654,7
PO0012678,2024-09-27,582,12
PO0012680,2024-09-27,318,3
PO0012691,2024-09-27,342,21
PO0012696,2024-09-27,576,4
PO0012697,2024-09-27,408,8
PO0012706,2024-09-27,132,0
PO0012709,2024-09-27,1248,13
PO0012711,2024-09-27,380,5
PO0012393,2024-09-28,1296,12
PO0012502,2024-09-28,1176,58
PO0012566,2024-09-28,1680,19
PO0012580,2024-09-28,1077,17
PO0012604,2024-09-28,576,6
PO0012617,2024-09-28,3054,65
PO0012621,2024-09-28,312,1
PO0012647,2024-09-28,612,9
PO0012660,2024-09-28,672,9
PO0012663,2024-09-28,243,0
PO0012677,2024-09-28,888,15
PO0012681,2024-09-28,2040,58
PO0012683,2024-09-28,864,26
PO0012684,2024-09-28,528,7
PO0012685,2024-09-28,2400,10
PO0012686,2024-09-28,144,0
PO0012688,2024-09-28,2280,19
PO0012693,2024-09-28,1494,36
PO0012704,2024-09-28,6528,45
PO0012707,2024-09-28,1236,9
PO0012711,2024-09-28,381,6
PO0012718,2024-09-28,420,1
PO0012745,2024-09-28,3522,44
PO0012562,2024-09-29,492,3
PO0012563,2024-09-29,449,8
PO0012584,2024-09-29,924,7
PO0012605,2024-09-29,1368,25
PO0012634,2024-09-29,1104,55
PO0012639,2024-09-29,744,5
PO0012649,2024-09-29,432,9
PO0012655,2024-09-29,432,0
PO0012666,2024-09-29,312,3
PO0012679,2024-09-29,1200,11
PO0012689,2024-09-29,1008,21
PO0012695,2024-09-29,264,2
PO0012698,2024-09-29,552,3
PO0012708,2024-09-29,3984,25
PO0012710,2024-09-29,504,7
PO0012712,2024-09-29,1104,5
PO0012720,2024-09-29,750,14
PO0012721,2024-09-29,264,2
PO0012728,2024-09-29,1326,23
PO0012729,2024-09-29,1752,9
PO0012733,2024-09-29,1200,31
PO0012736,2024-09-29,2160,27
PO0012749,2024-09-29,432,3
PO0012441,2024-09-30,864,9
PO0012502,2024-09-30,1176,37
PO0012526,2024-09-30,708,3
PO0012576,2024-09-30,1728,74
PO0012633,2024-09-30,1056,11
PO0012636,2024-09-30,492,4
PO0012675,2024-09-30,318,1
PO0012677,2024-09-30,888,7
PO0012678,2024-09-30,583,3
PO0012682,2024-09-30,2088,30
PO0012691,2024-09-30,342,19
PO0012695,2024-09-30,264,0
PO0012700,2024-09-30,2112,11
PO0012701,2024-09-30,960,14
PO0012703,2024-09-30,1254,4
PO0012706,2024-09-30,132,1
PO0012713,2024-09-30,1176,26
PO0012715,2024-09-30,888,4
PO0012716,2024-09-30,1152,19
PO0012722,2024-09-30,192,2
PO0012725,2024-09-30,192,0
PO0012732,2024-09-30,516,9
PO0012744,2024-09-30,528,9
PO0012750,2024-09-30,96,1
PO0012760,2024-09-30,3108,66
PO0012771,2024-09-30,1212,23
PO0012789,2024-09-30,570,12
PO0012414,2024-10-01,960,9
PO0012430,2024-10-01,816,14
PO0012614,2024-10-01,720,30
PO0012616,2024-10-01,588,9
PO0012637,2024-10-01,528,6
PO0012664,2024-10-01,2520,29
PO0012665,2024-10-01,570,4
PO0012684,2024-10-01,528,11
PO0012690,2024-10-01,1776,91
PO0012692,2024-10-01,228,4
PO0012714,2024-10-01,3336,15
PO0012717,2024-10-01,870,19
PO0012723,2024-10-01,768,10
PO0012724,2024-10-01,1668,11
PO0012731,2024-10-01,2928,19
PO0012735,2024-10-01,480,2
PO0012737,2024-10-01,480,6
PO0012740,2024-10-01,1968,36
PO0012751,2024-10-01,1032,2
PO0012752,2024-10-01,126,0
PO0012758,2024-10-01,2304,7
PO0012764,2024-10-01,993,1
PO0012772,2024-10-01,516,30
PO0012775,2024-10-01,516,3
PO0012777,2024-10-01,132,0
PO0012782,2024-10-01,2244,32
PO0012783,2024-10-01,774,11
PO0012785,2024-10-01,552,5
PO0012788,2024-10-01,2112,24
PO0012791,2024-10-01,3900,20
PO0012809,2024-10-01,528,3
PO0012826,2024-10-01,390,7
PO0012863,2024-10-01,336,2
PO0012869,2024-10-01,1500,19
PO0012595,2024-10-02,1728,16
PO0012647,2024-10-02,612,5
PO0012702,2024-10-02,222,13
PO0012705,2024-10-02,594,14
PO0012712,2024-10-02,1104,5
PO0012738,2024-10-02,2238,7
PO0012739,2024-10-02,858,5
PO0012742,2024-10-02,528,7
PO0012743,2024-10-02,2256,15
PO0012746,2024-10-02,912,41
PO0012748,2024-10-02,2016,38
PO0012753,2024-10-02,1392,76
PO0012754,2024-10-02,327,3
PO0012755,2024-10-02,720,4
PO0012756,2024-10-02,720,10
PO0012759,2024-10-02,4320,23
PO0012776,2024-10-02,294,1
PO0012784,2024-10-02,2544,17
PO0012790,2024-10-02,732,15
PO0012792,2024-10-02,2112,11
PO0012795,2024-10-02,1128,19
PO0012805,2024-10-02,2328,18
PO0012806,2024-10-02,456,10
PO0012810,2024-10-02,516,2
PO0012812,2024-10-02,1392,17
PO0012813,2024-10-02,288,3
PO0012814,2024-10-02,2076,43
PO0012818,2024-10-02,807,18
PO0012819,2024-10-02,720,13
PO0012828,2024-10-02,192,1
PO0012833,2024-10-02,1776,16
PO0012841,2024-10-02,192,3
PO0012854,2024-10-02,1092,15
PO0012855,2024-10-02,1212,6
PO0012859,2024-10-02,606,11
PO0012862,2024-10-02,1062,14
PO0012505,2024-10-03,522,3
PO0012554,2024-10-03,855,9
PO0012658,2024-10-03,768,10
PO0012659,2024-10-03,2160,18
PO0012670,2024-10-03,2784,124
PO0012682,2024-10-03,2088,27
PO0012703,2024-10-03,1254,5
PO0012717,2024-10-03,870,16
PO0012719,2024-10-03,4224,90
PO0012741,2024-10-03,720,1
PO0012764,2024-10-03,993,2
PO0012769,2024-10-03,684,5
PO0012774,2024-10-03,3432,33
PO0012794,2024-10-03,2952,19
PO0012798,2024-10-03,384,6
PO0012799,2024-10-03,5520,68
PO0012804,2024-10-03,180,3
PO0012812,2024-10-03,1392,19
PO0012822,2024-10-03,2052,19
PO0012823,2024-10-03,174,1
PO0012824,2024-10-03,714,7
PO0012827,2024-10-03,2352,33
PO0012834,2024-10-03,1158,9
PO0012839,2024-10-03,624,6
PO0012847,2024-10-03,402,4
PO0012848,2024-10-03,948,5
PO0012852,2024-10-03,648,4
PO0012853,2024-10-03,120,1
PO0012857,2024-10-03,1152,11
PO0012867,2024-10-03,240,3
PO0012873,2024-10-03,606,6
PO0012874,2024-10-03,408,7
PO0012875,2024-10-03,1940,30
PO0012883,2024-10-03,316,3
PO0012884,2024-10-03,516,4
PO0012730,2024-10-04,420,15
PO0012747,2024-10-04,1128,10
PO0012767,2024-10-04,840,4
PO0012773,2024-10-04,2184,30
PO0012777,2024-10-04,132,1
PO0012779,2024-10-04,2886,23
PO0012783,2024-10-04,774,11
PO0012786,2024-10-04,984,6
PO0012796,2024-10-04,2154,29
PO0012800,2024-10-04,720,9
PO0012802,2024-10-04,4416,191
PO0012803,2024-10-04,960,4
PO0012807,2024-10-04,493,4
PO0012808,2024-10-04,2184,44
PO0012811,2024-10-04,720,11
PO0012816,2024-10-04,1152,6
PO0012817,2024-10-04,1392,9
PO0012821,2024-10-04,499,6
PO0012829,2024-10-04,2304,25
PO0012831,2024-10-04,534,0
PO0012835,2024-10-04,1428,15
PO0012842,2024-10-04,1728,34
PO0012843,2024-10-04,480,2
PO0012845,2024-10-04,696,3
PO0012849,2024-10-04,1428,16
PO0012856,2024-10-04,410,1
PO0012861,2024-10-04,3984,41
PO0012865,2024-10-04,78,1
PO0012868,2024-10-04,2046,16
PO0012870,2024-10-04,1536,12
PO0012871,2024-10-04,330,1
PO0012878,2024-10-04,2688,41
PO0012888,2024-10-04,1560,20
PO0012894,2024-10-04,360,6
PO0012896,2024-10-04,744,7
PO0012901,2024-10-04,2268,9
PO0012910,2024-10-04,2016,11
PO0012918,2024-10-04,768,7
PO0012661,2024-10-05,648,7
PO0012676,2024-10-05,648,4
PO0012702,2024-10-05,222,16
PO0012742,2024-10-05,528,5
PO0012768,2024-10-05,1200,34
PO0012776,2024-10-05,295,0
PO0012780,2024-10-05,768,10
PO0012797,2024-10-05,840,20
PO0012804,2024-10-05,180,5
PO0012805,2024-10-05,2328,16
PO0012815,2024-10-05,864,14
PO0012820,2024-10-05,180,4
PO0012829,2024-10-05,2304,32
PO0012831,2024-10-05,534,2
PO0012832,2024-10-05,2736,47
PO0012835,2024-10-05,1428,19
PO0012836,2024-10-05,5052,52
PO0012840,2024-10-05,5040,75
PO0012844,2024-10-05,300,2
PO0012851,2024-10-05,1584,25
PO0012860,2024-10-05,894,20
PO0012864,2024-10-05,1464,6
PO0012872,2024-10-05,3384,33
PO0012876,2024-10-05,756,10
PO0012877,2024-10-05,1008,10
PO0012879,2024-10-05,528,2
PO0012880,2024-10-05,222,3
PO0012885,2024-10-05,384,6
PO0012891,2024-10-05,1584,21
PO0012892,2024-10-05,1248,18
PO0012897,2024-10-05,132,0
PO0012898,2024-10-05,1200,7
PO0012900,2024-10-05,492,8
PO0012909,2024-10-05,1786,14
PO0012914,2024-10-05,924,14
PO0012931,2024-10-05,606,7
PO0012932,2024-10-05,336,1
PO0012554,2024-10-06,855,13
PO0012766,2024-10-06,4920,60
PO0012793,2024-10-06,1560,13
PO0012797,2024-10-06,840,18
PO0012825,2024-10-06,312,4
PO0012837,2024-10-06,2766,17
PO0012846,2024-10-06,237,1
PO0012848,2024-10-06,948,7
PO0012853,2024-10-06,120,0
PO0012889,2024-10-06,2040,26
PO0012895,2024-10-06,300,3
PO0012899,2024-10-06,2088,33
PO0012919,2024-10-06,792,14
PO0012926,2024-10-06,494,9
PO0012505,2024-10-07,522,1
PO0012572,2024-10-07,936,19
PO0012761,2024-10-07,600,32
PO0012765,2024-10-07,1572,14
PO0012787,2024-10-07,744,17
PO0012807,2024-10-07,494,2
PO0012824,2024-10-07,714,3
PO0012850,2024-10-07,1008,10
PO0012881,2024-10-07,1056,12
PO0012890,2024-10-07,792,12
PO0012893,2024-10-07,1296,28
PO0012902,2024-10-07,600,5
PO0012904,2024-10-07,1254,11
PO0012906,2024-10-07,1932,11
PO0012908,2024-10-07,456,24
PO0012911,2024-10-07,1008,18
PO0012912,2024-10-07,504,24
PO0012916,2024-10-07,900,14
PO0012917,2024-10-07,624,14
PO0012922,2024-10-07,804,4
PO0012927,2024-10-07,1488,2
PO0012929,2024-10-07,876,15
PO0012934,2024-10-07,1392,20
PO0012935,2024-10-07,612,11
PO0012938,2024-10-07,780,6
PO0012939,2024-10-07,6048,12
PO0012940,2024-10-07,1272,10
PO0012944,2024-10-07,336,2
PO0012947,2024-10-07,804,12
PO0012948,2024-10-07,1134,5
PO0012951,2024-10-07,1104,29
PO0012952,2024-10-07,570,3
PO0012954,2024-10-07,327,1
PO0012955,2024-10-07,1286,6
PO0012958,2024-10-07,2736,70
PO0012969,2024-10-07,249,5
PO0012987,2024-10-07,124,1
PO0012727,2024-10-08,882,14
PO0012734,2024-10-08,192,0
PO0012763,2024-10-08,143,1
PO0012765,2024-10-08,1572,13
PO0012793,2024-10-08,1560,15
PO0012838,2024-10-08,720,14
PO0012845,2024-10-08,696,7
PO0012858,2024-10-08,720,6
PO0012886,2024-10-08,1968,9
PO0012915,2024-10-08,816,15
PO0012920,2024-10-08,1200,4
PO0012921,2024-10-08,1824,6
PO0012923,2024-10-08,2424,29
PO0012925,2024-10-08,624,2
PO0012930,2024-10-08,120,2
PO0012936,2024-10-08,210,2
PO0012941,2024-10-08,1968,39
PO0012945,2024-10-08,444,2
PO0012964,2024-10-08,2268,46
PO0012969,2024-10-08,249,3
PO0012970,2024-10-08,384,10
PO0012975,2024-10-08,1728,21
PO0012979,2024-10-08,144,2
PO0012987,2024-10-08,125,1
PO0012991,2024-10-08,768,5
PO0012668,2024-10-09,1020,12
PO0012770,2024-10-09,2214,42
PO0012781,2024-10-09,684,5
PO0012928,2024-10-09,2699,14
PO0012942,2024-10-09,912,10
PO0012946,2024-10-09,2076,40
PO0012949,2024-10-09,456,4
PO0012953,2024-10-09,3120,26
PO0012959,2024-10-09,1080,8
PO0012960,2024-10-09,600,4
PO0012961,2024-10-09,312,5
PO0012963,2024-10-09,234,1
PO0012967,2024-10-09,2976,47
PO0012968,2024-10-09,240,2
PO0012972,2024-10-09,4224,45
PO0012977,2024-10-09,2400,36
PO0012981,2024-10-09,714,3
PO0012983,2024-10-09,1482,26
PO0012985,2024-10-09,816,14
PO0012986,2024-10-09,801,14
PO0012993,2024-10-09,438,7
PO0012994,2024-10-09,3300,39
PO0012997,2024-10-09,1476,7
PO0012999,2024-10-09,384,3
PO0013007,2024-10-09,2880,171
PO0013008,2024-10-09,3096,19
PO0013018,2024-10-09,468,2
PO0013045,2024-10-09,144,2
PO0013050,2024-10-09,2268,27
PO0012734,2024-10-10,192,1
PO0012757,2024-10-10,792,4
PO0012801,2024-10-10,1908,19
PO0012846,2024-10-10,237,0
PO0012905,2024-10-10,1680,25
PO0012937,2024-10-10,288,2
PO0012954,2024-10-10,327,3
PO0012960,2024-10-10,600,1
PO0012962,2024-10-10,1416,12
PO0012965,2024-10-10,3780,43
PO0012974,2024-10-10,5520,126
PO0012984,2024-10-10,612,10
PO0012990,2024-10-10,1038,16
PO0012992,2024-10-10,1248,13
PO0013001,2024-10-10,240,2
PO0013004,2024-10-10,1680,6
PO0013010,2024-10-10,936,4
PO0013011,2024-10-10,180,1
PO0013012,2024-10-10,1320,9
PO0013014,2024-10-10,216,2
PO0013021,2024-10-10,1164,15
PO0013024,2024-10-10,852,7
PO0013042,2024-10-10,492,11
PO0013048,2024-10-10,1104,33
PO0013068,2024-10-10,336,2
PO0012781,2024-10-11,684,7
PO0012866,2024-10-11,336,6
PO0012887,2024-10-11,528,24
PO0012933,2024-10-11,1488,9
PO0012956,2024-10-11,252,3
PO0012957,2024-10-11,2736,124
PO0012988,2024-10-11,336,2
PO0013000,2024-10-11,240,2
PO0013002,2024-10-11,408,8
PO0013005,2024-10-11,912,7
PO0013009,2024-10-11,384,11
PO0013016,2024-10-11,1200,12
PO0013017,2024-10-11,1416,5
PO0013019,2024-10-11,198,4
PO0013020,2024-10-11,444,6
PO0013022,2024-10-11,528,15
PO0013023,2024-10-11,852,12
PO0013026,2024-10-11,528,10
PO0013029,2024-10-11,384,2
PO0013030,2024-10-11,912,4
PO0013031,2024-10-11,1380,8
PO0013034,2024-10-11,984,8
PO0013036,2024-10-11,438,6
PO0013038,2024-10-11,1284,13
PO0013039,2024-10-11,1284,7
PO0013040,2024-10-11,2418,36
PO0013041,2024-10-11,4920,43
PO0013044,2024-10-11,378,7
PO0013046,2024-10-11,432,6
PO0013051,2024-10-11,288,1
PO0013056,2024-10-11,933,15
PO0013066,2024-10-11,720,15
PO0013067,2024-10-11,120,1
PO0012727,2024-10-12,882,10
PO0012838,2024-10-12,720,9
PO0012882,2024-10-12,2868,41
PO0012924,2024-10-12,384,5
PO0012980,2024-10-12,816,9
PO0012990,2024-10-12,1038,27
PO0012993,2024-10-12,438,5
PO0013002,2024-10-12,408,6
PO0013015,2024-10-12,912,8
PO0013027,2024-10-12,384,5
PO0013032,2024-10-12,2430,54
PO0013033,2024-10-12,1008,13
PO0013035,2024-10-12,1824,23
PO0013037,2024-10-12,1008,30
PO0013043,2024-10-12,1364,27
PO0013049,2024-10-12,1344,20
PO0013053,2024-10-12,648,18
PO0013057,2024-10-12,156,4
PO0013058,2024-10-12,936,4
PO0012830,2024-10-13,528,2
PO0012949,2024-10-13,456,3
PO0012966,2024-10-13,786,17
PO0012971,2024-10-13,1116,5
PO0012978,2024-10-13,444,1
PO0012982,2024-10-13,516,5
PO0013036,2024-10-13,438,8
PO0013054,2024-10-13,1291,15
PO0013061,2024-10-13,2160,40
PO0013065,2024-10-13,3222,19
PO0013069,2024-10-13,588,7
PO0013070,2024-10-13,180,1
PO0013074,2024-10-13,1512,42
PO0013081,2024-10-13,2760,17
PO0013087,2024-10-13,576,5
PO0013088,2024-10-13,936,46
PO0013089,2024-10-13,198,4
PO0012778,2024-10-14,984,12
PO0012887,2024-10-14,528,23
PO0012995,2024-10-14,1608,17
PO0013006,2024-10-14,714,24
PO0013016,2024-10-14,1200,10
PO0013049,2024-10-14,1344,22
PO0013064,2024-10-14,588,9
PO0013067,2024-10-14,120,3
PO0013077,2024-10-14,1278,6
PO0013078,2024-10-14,240,1
PO0013080,2024-10-14,504,5
PO0013088,2024-10-14,936,42
PO0013090,2024-10-14,540,7
PO0013096,2024-10-14,2052,38
PO0013104,2024-10-14,3312,20
PO0013105,2024-10-14,3624,50
PO0013114,2024-10-14,240,0
PO0013131,2024-10-14,216,2
PO0012632,2024-10-15,912,16
PO0013044,2024-10-15,378,10
PO0013071,2024-10-15,1116,19
PO0013072,2024-10-15,1380,23
PO0013073,2024-10-15,432,8
PO0013076,2024-10-15,144,4
PO0013082,2024-10-15,168,5
PO0013085,2024-10-15,3852,14
PO0013086,2024-10-15,132,4
PO0013091,2024-10-15,876,6
PO0013093,2024-10-15,1488,26
PO0013095,2024-10-15,948,14
PO0013102,2024-10-15,275,7
PO0013103,2024-10-15,4014,48
PO0013107,2024-10-15,2880,27
PO0013108,2024-10-15,756,13
PO0013111,2024-10-15,2316,20
PO0013124,2024-10-15,1470,21
PO0013128,2024-10-15,330,1
PO0013129,2024-10-15,1056,8
PO0013135,2024-10-15,2646,43
PO0013143,2024-10-15,456,5
PO0013145,2024-10-15,1776,30
PO0013159,2024-10-15,2256,10
PO0013162,2024-10-15,708,8
PO0012762,2024-10-16,1080,4
PO0012903,2024-10-16,1152,15
PO0012913,2024-10-16,1752,18
PO0012973,2024-10-16,486,4
PO0012976,2024-10-16,2592,10
PO0012996,2024-10-16,1632,27
PO0012998,2024-10-16,2592,16
PO0013003,2024-10-16,960,21
PO0013013,2024-10-16,1704,19
PO0013053,2024-10-16,648,14
PO0013094,2024-10-16,1092,48
PO0013097,2024-10-16,936,19
PO0013098,2024-10-16,4152,48
PO0013100,2024-10-16,456,6
PO0013109,2024-10-16,516,3
PO0013112,2024-10-16,672,17
PO0013113,2024-10-16,4416,49
PO0013120,2024-10-16,1284,13
PO0013126,2024-10-16,348,2
PO0013127,2024-10-16,288,6
PO0013132,2024-10-16,408,2
PO0013133,2024-10-16,192,5
PO0013136,2024-10-16,1524,16
PO0013137,2024-10-16,414,0
PO0013140,2024-10-16,432,10
PO0013146,2024-10-16,720,27
PO0013155,2024-10-16,648,0
PO0013163,2024-10-16,720,5
PO0013164,2024-10-16,4788,21
PO0013166,2024-10-16,1272,16
PO0013175,2024-10-16,1392,8
PO0013179,2024-10-16,336,5
PO0013180,2024-10-16,648,4
PO0013183,2024-10-16,1632,18
PO0013184,2024-10-16,432,2
PO0012907,2024-10-17,960,3
PO0013052,2024-10-17,630,4
PO0013055,2024-10-17,2088,12
PO0013076,2024-10-17,144,2
PO0013078,2024-10-17,240,2
PO0013106,2024-10-17,414,4
PO0013110,2024-10-17,4296,45
PO0013116,2024-10-17,1505,37
PO0013118,2024-10-17,516,4
PO0013120,2024-10-17,1284,9
PO0013121,2024-10-17,1236,10
PO0013123,2024-10-17,1392,31
PO0013125,2024-10-17,384,0
PO0013130,2024-10-17,648,9
PO0013131,2024-10-17,216,2
PO0013134,2024-10-17,288,3
PO0013138,2024-10-17,300,2
PO0013141,2024-10-17,396,6
PO0013144,2024-10-17,2112,93
PO0013148,2024-10-17,480,2
PO0013149,2024-10-17,336,3
PO0013151,2024-10-17,1608,20
PO0013154,2024-10-17,1248,25
PO0013156,2024-10-17,1440,16
PO0013157,2024-10-17,1104,58
PO0013160,2024-10-17,408,8
PO0013168,2024-10-17,5664,128
PO0013172,2024-10-17,3936,48
PO0013173,2024-10-17,696,2
PO0013179,2024-10-17,336,2
PO0013181,2024-10-17,702,8
PO0013185,2024-10-17,1368,20
PO0013188,2024-10-17,7116,156
PO0013191,2024-10-17,508,5
PO0013192,2024-10-17,192,2
PO0013197,2024-10-17,450,1
PO0013202,2024-10-17,168,7
PO0013204,2024-10-17,192,5
PO0013209,2024-10-17,462,11
PO0013214,2024-10-17,768,14
PO0013235,2024-10-17,276,2
PO0012943,2024-10-18,2172,6
PO0012996,2024-10-18,1632,15
PO0013059,2024-10-18,750,12
PO0013062,2024-10-18,948,5
PO0013063,2024-10-18,2016,54
PO0013072,2024-10-18,1380,20
PO0013079,2024-10-18,864,8
PO0013082,2024-10-18,168,2
PO0013109,2024-10-18,516,3
PO0013150,2024-10-18,4812,43
PO0013161,2024-10-18,3300,24
PO0013171,2024-10-18,960,65
PO0013176,2024-10-18,768,12
PO0013177,2024-10-18,780,20
PO0013178,2024-10-18,330,4
PO0013186,2024-10-18,828,14
PO0013195,2024-10-18,1194,4
PO0013199,2024-10-18,489,22
PO0013200,2024-10-18,738,2
PO0013201,2024-10-18,192,3
PO0013207,2024-10-18,3216,7
PO0013208,2024-10-18,552,7
PO0013219,2024-10-18,5934,66
PO0013220,2024-10-18,2028,31
PO0013225,2024-10-18,288,7
PO0013234,2024-10-18,1500,32
PO0013239,2024-10-18,201,4
PO0013025,2024-10-19,2652,10
PO0013083,2024-10-19,1608,10
PO0013141,2024-10-19,396,8
PO0013147,2024-10-19,750,5
PO0013148,2024-10-19,480,3
PO0013155,2024-10-19,648,3
PO0013169,2024-10-19,264,4
PO0013190,2024-10-19,792,5
PO0013203,2024-10-19,462,1
PO0013212,2024-10-19,1548,27
PO0013218,2024-10-19,1176,6
PO0013221,2024-10-19,1152,25
PO0013222,2024-10-19,684,16
PO0013224,2024-10-19,3648,41
PO0013229,2024-10-19,288,3
PO0013230,2024-10-19,1680,19
PO0013232,2024-10-19,372,7
PO0013237,2024-10-19,288,2
PO0013239,2024-10-19,201,1
PO0013254,2024-10-19,498,3
PO0013259,2024-10-19,636,10
PO0013047,2024-10-20,480,5
PO0013063,2024-10-20,2016,39
PO0013101,2024-10-20,48,1
PO0013118,2024-10-20,516,11
PO0013119,2024-10-20,240,0
PO0013122,2024-10-20,1492,11
PO0013173,2024-10-20,696,2
PO0013215,2024-10-20,6576,83
PO0013216,2024-10-20,504,5
PO0013217,2024-10-20,3228,15
PO0013226,2024-10-20,402,7
PO0013227,2024-10-20,990,19
PO0013236,2024-10-20,108,3
PO0013241,2024-10-20,288,5
PO0013242,2024-10-20,2016,19
PO0013245,2024-10-20,2112,20
PO0013246,2024-10-20,372,3
PO0013250,2024-10-20,252,5
PO0013252,2024-10-20,1375,7
PO0013253,2024-10-20,324,6
PO0013256,2024-10-20,384,1
PO0013263,2024-10-20,636,2
PO0013264,2024-10-20,1104,14
PO0013265,2024-10-20,468,2
PO0013266,2024-10-20,1224,26
PO0013267,2024-10-20,303,2
PO0013271,2024-10-20,276,1
PO0013273,2024-10-20,1290,13
PO0013298,2024-10-20,480,6
PO0012989,2024-10-21,855,5
PO0013028,2024-10-21,5328,104
PO0013075,2024-10-21,3648,206
PO0013083,2024-10-21,1608,13
PO0013092,2024-10-21,672,7
PO0013099,2024-10-21,4368,49
PO0013101,2024-10-21,48,0
PO0013139,2024-10-21,888,10
PO0013158,2024-10-21,962,18
PO0013170,2024-10-21,1632,17
PO0013182,2024-10-21,1332,20
PO0013190,2024-10-21,792,8
PO0013199,2024-10-21,489,28
PO0013210,2024-10-21,168,3
PO0013211,2024-10-21,1056,11
PO0013227,2024-10-21,990,13
PO0013232,2024-10-21,372,6
PO0013246,2024-10-21,372,3
PO0013247,2024-10-21,720,9
PO0013249,2024-10-21,376,4
PO0013257,2024-10-21,4992,53
PO0013261,2024-10-21,912,7
PO0013268,2024-10-21,1668,20
PO0013269,2024-10-21,258,3
PO0013277,2024-10-21,624,20
PO0013285,2024-10-21,1440,5
PO0013288,2024-10-21,1344,28
PO0013289,2024-10-21,1572,14
PO0013290,2024-10-21,576,15
PO0013295,2024-10-21,1056,16
PO0013296,2024-10-21,396,2
PO0013299,2024-10-21,132,0
PO0013303,2024-10-21,299,3
PO0013305,2024-10-21,167,3
PO0013333,2024-10-21,516,8
PO0013084,2024-10-22,1056,4
PO0013206,2024-10-22,492,2
PO0013236,2024-10-22,108,2
PO0013251,2024-10-22,2400,32
PO0013255,2024-10-22,331,4
PO0013258,2024-10-22,2268,34
PO0013262,2024-10-22,300,1
PO0013272,2024-10-22,648,9
PO0013275,2024-10-22,1104,8
PO0013279,2024-10-22,960,17
PO0013280,2024-10-22,2952,41
PO0013281,2024-10-22,684,10
PO0013282,2024-10-22,324,7
PO0013283,2024-10-22,528,5
PO0013284,2024-10-22,3348,23
PO0013287,2024-10-22,1056,5
PO0013292,2024-10-22,4128,59
PO0013294,2024-10-22,1872,8
PO0013301,2024-10-22,1131,12
PO0013304,2024-10-22,480,6
PO0013307,2024-10-22,3042,16
PO0013308,2024-10-22,924,1
PO0013312,2024-10-22,1944,57
PO0013313,2024-10-22,624,12
PO0013316,2024-10-22,192,4
PO0013321,2024-10-22,336,3
PO0013330,2024-10-22,1296,14
PO0013370,2024-10-22,948,18
PO0013167,2024-10-23,780,18
PO0013187,2024-10-23,1476,25
PO0013217,2024-10-23,3228,19
PO0013231,2024-10-23,612,11
PO0013233,2024-10-23,864,12
PO0013240,2024-10-23,1200,52
PO0013252,2024-10-23,1376,9
PO0013274,2024-10-23,648,3
PO0013278,2024-10-23,1518,14
PO0013282,2024-10-23,324,7
PO0013286,2024-10-23,594,7
PO0013293,2024-10-23,444,2
PO0013297,2024-10-23,1308,65
PO0013300,2024-10-23,144,0
PO0013302,2024-10-23,366,8
PO0013306,2024-10-23,1032,19
PO0013309,2024-10-23,3252,66
PO0013311,2024-10-23,3498,34
PO0013314,2024-10-23,1128,23
PO0013320,2024-10-23,522,2
PO0013322,2024-10-23,384,2
PO0013323,2024-10-23,594,6
PO0013324,2024-10-23,312,1
PO0013328,2024-10-23,1041,7
PO0013336,2024-10-23,3048,39
PO0013347,2024-10-23,2264,27
PO0013351,2024-10-23,1536,83
PO0013352,2024-10-23,1284,2
PO0013353,2024-10-23,408,5
PO0013356,2024-10-23,2280,47
PO0013372,2024-10-23,648,13
PO0013374,2024-10-23,456,2
PO0013377,2024-10-23,1503,14
PO0013378,2024-10-23,456,5
PO0013379,2024-10-23,738,6
PO0013392,2024-10-23,288,2
PO0013396,2024-10-23,2928,22
PO0013405,2024-10-23,1248,5
PO0013196,2024-10-24,4944,13
PO0013213,2024-10-24,2304,36
PO0013223,2024-10-24,2694,19
PO0013267,2024-10-24,303,2
PO0013293,2024-10-24,444,4
PO0013310,2024-10-24,240,2
PO0013315,2024-10-24,2418,26
PO0013317,2024-10-24,1440,15
PO0013319,2024-10-24,1608,16
PO0013321,2024-10-24,336,5
PO0013325,2024-10-24,576,2
PO0013326,2024-10-24,432,1
PO0013327,2024-10-24,1098,3
PO0013331,2024-10-24,300,3
PO0013332,2024-10-24,792,2
PO0013337,2024-10-24,1080,10
PO0013338,2024-10-24,3972,86
PO0013339,2024-10-24,366,2
PO0013343,2024-10-24,2916,68
PO0013344,2024-10-24,4212,37
PO0013346,2024-10-24,558,9
PO0013359,2024-10-24,1344,14
PO0013360,2024-10-24,2994,23
PO0013361,2024-10-24,1104,7
PO0013362,2024-10-24,480,4
PO0013367,2024-10-24,1872,21
PO0013368,2024-10-24,2760,24
PO0013386,2024-10-24,2352,22
PO0013390,2024-10-24,336,1
PO0013391,2024-10-24,1146,10
PO0013393,2024-10-24,1824,35
PO0013395,2024-10-24,1296,10
PO0013401,2024-10-24,816,16
PO0013402,2024-10-24,420,2
PO0012989,2024-10-25,855,13
PO0013060,2024-10-25,3631,38
PO0013115,2024-10-25,732,16
PO0013153,2024-10-25,336,3
PO0013198,2024-10-25,671,10
PO0013205,2024-10-25,792,6
PO0013223,2024-10-25,2694,14
PO0013228,2024-10-25,2472,40
PO0013243,2024-10-25,840,2
PO0013248,2024-10-25,1020,20
PO0013268,2024-10-25,1668,15
PO0013270,2024-10-25,588,10
PO0013296,2024-10-25,396,2
PO0013335,2024-10-25,96,4
PO0013341,2024-10-25,1776,6
PO0013342,2024-10-25,960,5
PO0013345,2024-10-25,864,26
PO0013348,2024-10-25,1281,7
PO0013350,2024-10-25,1920,20
PO0013354,2024-10-25,4140,33
PO0013355,2024-10-25,1116,11
PO0013357,2024-10-25,527,6
PO0013365,2024-10-25,144,4
PO0013369,2024-10-25,1434,20
PO0013372,2024-10-25,648,9
PO0013373,2024-10-25,192,2
PO0013375,2024-10-25,2448,31
PO0013376,2024-10-25,822,5
PO0013377,2024-10-25,1503,13
PO0013382,2024-10-25,1872,24
PO0013383,2024-10-25,312,5
PO0013387,2024-10-25,504,5
PO0013388,2024-10-25,4092,38
PO0013389,2024-10-25,2448,22
PO0013394,2024-10-25,432,17
PO0013398,2024-10-25,504,2
PO0013399,2024-10-25,3462,23
PO0013404,2024-10-25,1254,5
PO0013406,2024-10-25,2304,15
PO0013407,2024-10-25,312,4
PO0013408,2024-10-25,258,1
PO0013414,2024-10-25,684,7
PO0013417,2024-10-25,756,5
PO0013420,2024-10-25,144,0
PO0013421,2024-10-25,606,4
PO0013422,2024-10-25,4704,83
PO0013427,2024-10-25,1800,28
PO0013430,2024-10-25,4704,22
PO0013433,2024-10-25,228,1
PO0013434,2024-10-25,144,3
PO0013194,2024-10-26,1944,32
PO0013276,2024-10-26,1356,12
PO0013280,2024-10-26,2952,26
PO0013327,2024-10-26,1098,7
PO0013340,2024-10-26,1584,10
PO0013380,2024-10-26,912,14
PO0013381,2024-10-26,2412,4
PO0013384,2024-10-26,534,6
PO0013397,2024-10-26,244,1
PO0013400,2024-10-26,1836,12
PO0013403,2024-10-26,1824,92
PO0013405,2024-10-26,1248,11
PO0013410,2024-10-26,1104,15
PO0013411,2024-10-26,4272,33
PO0013415,2024-10-26,1632,14
PO0013423,2024-10-26,1872,8
PO0013424,2024-10-26,4368,75
PO0013425,2024-10-26,888,10
PO0013426,2024-10-26,246,1
PO0013436,2024-10-26,2184,16
PO0013437,2024-10-26,162,4
PO0013439,2024-10-26,816,7
PO0013458,2024-10-26,360,5
PO0013467,2024-10-26,420,3
PO0013189,2024-10-27,623,9
PO0013260,2024-10-27,984,8
PO0013322,2024-10-27,384,4
PO0013328,2024-10-27,1041,17
PO0013346,2024-10-27,558,3
PO0013362,2024-10-27,480,7
PO0013363,2024-10-27,972,17
PO0013366,2024-10-27,986,9
PO0013367,2024-10-27,1872,20
PO0013385,2024-10-27,1488,14
PO0013402,2024-10-27,420,3
PO0013409,2024-10-27,444,7
PO0013412,2024-10-27,498,5
PO0013419,2024-10-27,480,3
PO0013428,2024-10-27,504,2
PO0013431,2024-10-27,2256,25
PO0013440,2024-10-27,2712,32
PO0013441,2024-10-27,672,7
PO0013444,2024-10-27,1272,11
PO0013448,2024-10-27,1932,30
PO0013451,2024-10-27,1100,11
PO0013452,2024-10-27,432,5
PO0013456,2024-10-27,618,2
PO0013463,2024-10-27,798,10
PO0013470,2024-10-27,2352,18
PO0013475,2024-10-27,240,0
PO0013488,2024-10-27,672,1
PO0013490,2024-10-27,480,3
PO0013506,2024-10-27,804,6
PO0012950,2024-10-28,402,6
PO0013117,2024-10-28,792,10
PO0013165,2024-10-28,144,1
PO0013329,2024-10-28,972,38
PO0013348,2024-10-28,1281,6
PO0013429,2024-10-28,1368,36
PO0013438,2024-10-28,120,6
PO0013441,2024-10-28,672,11
PO0013442,2024-10-28,6672,51
PO0013445,2024-10-28,1200,14
PO0013446,2024-10-28,1680,9
PO0013454,2024-10-28,1584,17
PO0013455,2024-10-28,672,6
PO0013460,2024-10-28,2418,10
PO0013461,2024-10-28,513,5
PO0013462,2024-10-28,618,6
PO0013468,2024-10-28,516,2
PO0013477,2024-10-28,3288,17
PO0013482,2024-10-28,960,1
PO0013487,2024-10-28,3294,79
PO0013494,2024-10-28,222,2
PO0013496,2024-10-28,2352,17
PO0013500,2024-10-28,720,6
PO0013504,2024-10-28,1200,5
PO0013509,2024-10-28,1416,10
PO0013514,2024-10-28,1848,10
PO0013517,2024-10-28,2208,25
PO0013518,2024-10-28,300,1
PO0013523,2024-10-28,1800,15
PO0013524,2024-10-28,756,14
PO0013531,2024-10-28,2232,26
PO0013552,2024-10-28,372,3
PO0013193,2024-10-29,192,2
PO0013334,2024-10-29,816,22
PO0013335,2024-10-29,96,1
PO0013364,2024-10-29,3024,11
PO0013371,2024-10-29,156,1
PO0013373,2024-10-29,192,1
PO0013447,2024-10-29,768,13
PO0013449,2024-10-29,240,7
PO0013457,2024-10-29,5640,74
PO0013466,2024-10-29,876,12
PO0013469,2024-10-29,4302,32
PO0013472,2024-10-29,528,7
PO0013473,2024-10-29,816,14
PO0013476,2024-10-29,696,6
PO0013479,2024-10-29,1362,18
PO0013485,2024-10-29,336,10
PO0013486,2024-10-29,2328,12
PO0013498,2024-10-29,588,4
PO0013503,2024-10-29,5328,42
PO0013505,2024-10-29,2292,53
PO0013509,2024-10-29,1416,16
PO0013519,2024-10-29,628,11
PO0013521,2024-10-29,192,4
PO0013540,2024-10-29,4944,31
PO0013541,2024-10-29,168,2
PO0013542,2024-10-29,4332,52
PO0013548,2024-10-29,175,2
PO0013554,2024-10-29,816,8
PO0013555,2024-10-29,2328,10
PO0013562,2024-10-29,4944,82
PO0013165,2024-10-30,144,4
PO0013238,2024-10-30,271,7
PO0013244,2024-10-30,522,6
PO0013318,2024-10-30,139,1
PO0013371,2024-10-30,156,0
PO0013412,2024-10-30,498,5
PO0013415,2024-10-30,1632,10
PO0013426,2024-10-30,246,1
PO0013483,2024-10-30,341,4
PO0013484,2024-10-30,1008,24
PO0013489,2024-10-30,2976,40
PO0013491,2024-10-30,960,7
PO0013492,2024-10-30,432,13
PO0013493,2024-10-30,1296,42
PO0013497,2024-10-30,336,11
PO0013501,2024-10-30,2208,37
PO0013502,2024-10-30,3846,40
PO0013507,2024-10-30,672,10
PO0013512,2024-10-30,2466,59
PO0013515,2024-10-30,972,40
PO0013520,2024-10-30,2244,16
PO0013525,2024-10-30,360,1
PO0013526,2024-10-30,1992,18
PO0013530,2024-10-30,2124,16
PO0013544,2024-10-30,528,9
PO0013547,2024-10-30,1782,10
PO0013549,2024-10-30,3696,23
PO0013550,2024-10-30,360,9
PO0013551,2024-10-30,498,0
PO0013557,2024-10-30,792,5
PO0013560,2024-10-30,1056,11
PO0013565,2024-10-30,2928,60
PO0013576,2024-10-30,1584,10
PO0013583,2024-10-30,1716,22
PO0013591,2024-10-30,1368,26
PO0013594,2024-10-30,816,5
PO0013595,2024-10-30,1104,12
PO0013608,2024-10-30,744,6
PO0013291,2024-10-31,840,8
PO0013318,2024-10-31,139,4
PO0013435,2024-10-31,1644,32
PO0013438,2024-10-31,120,5
PO0013461,2024-10-31,514,9
PO0013474,2024-10-31,240,4
PO0013478,2024-10-31,1224,16
PO0013486,2024-10-31,2328,13
PO0013528,2024-10-31,3024,42
PO0013532,2024-10-31,4803,63
PO0013534,2024-10-31,720,19
PO0013538,2024-10-31,216,3
PO0013543,2024-10-31,2448,23
PO0013545,2024-10-31,1020,7
PO0013546,2024-10-31,126,1
PO0013556,2024-10-31,768,29
PO0013558,2024-10-31,378,12
PO0013559,2024-10-31,420,2
PO0013561,2024-10-31,1107,26
PO0013566,2024-10-31,480,4
PO0013567,2024-10-31,504,1
PO0013574,2024-10-31,1584,28
PO0013575,2024-10-31,2448,60
PO0013582,2024-10-31,1344,8
PO0013588,2024-10-31,1284,30
PO0013589,2024-10-31,216,4
PO0013590,2024-10-31,390,3
PO0013592,2024-10-31,2400,21
PO0013596,2024-10-31,1494,6
PO0013597,2024-10-31,1884,22
PO0013598,2024-10-31,5226,64
PO0013599,2024-10-31,1344,22
PO0013605,2024-10-31,360,1
PO0013613,2024-10-31,480,5
PO0013616,2024-10-31,1356,17
PO0013617,2024-10-31,252,1
PO0013618,2024-10-31,936,5
PO0013621,2024-10-31,1608,13
PO0013622,2024-10-31,2934,35
PO0013627,2024-10-31,489,2
PO0013628,2024-10-31,1266,20
PO0013651,2024-10-31,288,1
PO0013193,2024-11-01,192,2
PO0013358,2024-11-01,258,1
PO0013413,2024-11-01,144,1
PO0013446,2024-11-01,1680,11
PO0013462,2024-11-01,618,6
PO0013494,2024-11-01,222,4
PO0013513,2024-11-01,1296,8
PO0013538,2024-11-01,216,0
PO0013563,2024-11-01,480,2
PO0013571,2024-11-01,1929,12
PO0013577,2024-11-01,3528,25
PO0013579,2024-11-01,1896,12
PO0013580,2024-11-01,480,7
PO0013584,2024-11-01,522,13
PO0013585,2024-11-01,2388,14
PO0013587,2024-11-01,1536,24
PO0013589,2024-11-01,216,4
PO0013600,2024-11-01,528,13
PO0013604,2024-11-01,384,2
PO0013606,2024-11-01,1176,12
PO0013607,2024-11-01,1200,11
PO0013610,2024-11-01,492,4
PO0013611,2024-11-01,642,6
PO0013614,2024-11-01,513,8
PO0013615,2024-11-01,900,14
PO0013629,2024-11-01,852,5
PO0013634,2024-11-01,936,18
PO0013637,2024-11-01,1488,12
PO0013645,2024-11-01,552,7
PO0013418,2024-11-02,2208,114
PO0013443,2024-11-02,357,7
PO0013447,2024-11-02,768,15
PO0013466,2024-11-02,876,14
PO0013480,2024-11-02,936,16
PO0013495,2024-11-02,468,3
PO0013510,2024-11-02,1200,31
PO0013516,2024-11-02,3264,149
PO0013519,2024-11-02,629,16
PO0013525,2024-11-02,360,2
PO0013527,2024-11-02,3672,49
PO0013541,2024-11-02,168,3
PO0013568,2024-11-02,876,11
PO0013570,2024-11-02,5376,83
PO0013578,2024-11-02,503,6
PO0013593,2024-11-02,3408,140
PO0013601,2024-11-02,660,3
PO0013609,2024-11-02,864,14
PO0013612,2024-11-02,1014,10
PO0013619,2024-11-02,882,21
PO0013632,2024-11-02,1338,18
PO0013636,2024-11-02,1950,41
PO0013638,2024-11-02,1008,2
PO0013640,2024-11-02,870,3
PO0013642,2024-11-02,180,2
PO0013644,2024-11-02,1566,19
PO0013646,2024-11-02,96,0
PO0013647,2024-11-02,756,10
PO0013648,2024-11-02,240,0
PO0013649,2024-11-02,4656,52
PO0013650,2024-11-02,1536,33
PO0013654,2024-11-02,336,4
PO0013655,2024-11-02,309,4
PO0013656,2024-11-02,336,2
PO0013657,2024-11-02,756,14
PO0013658,2024-11-02,1344,9
PO0013675,2024-11-02,2112,4
PO0013174,2024-11-03,852,3
PO0013416,2024-11-03,1056,27
PO0013471,2024-11-03,1116,14
PO0013529,2024-11-03,372,3
PO0013533,2024-11-03,1572,28
PO0013535,2024-11-03,2556,58
PO0013543,2024-11-03,2448,24
PO0013545,2024-11-03,1020,3
PO0013614,2024-11-03,513,13
PO0013630,2024-11-03,1152,9
PO0013631,2024-11-03,1497,5
PO0013633,2024-11-03,1200,16
PO0013635,2024-11-03,2004,13
PO0013639,2024-11-03,6336,85
PO0013643,2024-11-03,1668,23
PO0013650,2024-11-03,1536,30
PO0013652,2024-11-03,378,5
PO0013659,2024-11-03,663,1
PO0013663,2024-11-03,2316,26
PO0013668,2024-11-03,726,1
PO0013669,2024-11-03,360,5
PO0013672,2024-11-03,144,1
PO0013676,2024-11-03,1092,23
PO0013681,2024-11-03,204,1
PO0013687,2024-11-03,72,0
PO0013693,2024-11-03,864,4
PO0013694,2024-11-03,624,3
PO0013698,2024-11-03,2064,33
PO0013708,2024-11-03,858,2
PO0013432,2024-11-04,4140,10
PO0013459,2024-11-04,1848,19
PO0013481,2024-11-04,264,6
PO0013508,2024-11-04,2244,36
PO0013511,2024-11-04,1050,16
PO0013537,2024-11-04,949,22
PO0013539,2024-11-04,1368,10
PO0013558,2024-11-04,378,10
PO0013559,2024-11-04,420,3
PO0013564,2024-11-04,792,2
PO0013569,2024-11-04,504,10
PO0013581,2024-11-04,1020,18
PO0013602,2024-11-04,1038,8
PO0013605,2024-11-04,360,1
PO0013654,2024-11-04,336,5
PO0013661,2024-11-04,1776,43
PO0013662,2024-11-04,444,4
PO0013666,2024-11-04,648,15
PO0013670,2024-11-04,1776,10
PO0013677,2024-11-04,2256,18
PO0013680,2024-11-04,5136,31
PO0013683,2024-11-04,4944,66
PO0013689,2024-11-04,384,4
PO0013690,2024-11-04,1866,20
PO0013691,2024-11-04,336,5
PO0013692,2024-11-04,576,9
PO0013696,2024-11-04,1632,18
PO0013699,2024-11-04,388,4
PO0013702,2024-11-04,2136,25
PO0013706,2024-11-04,829,27
PO0013712,2024-11-04,114,1
PO0013714,2024-11-04,1572,4
PO0013717,2024-11-04,558,3
PO0013728,2024-11-04,576,4
PO0013731,2024-11-04,432,11
PO0013751,2024-11-04,624,7
PO0013767,2024-11-04,588,3
PO0013464,2024-11-05,1968,82
PO0013465,2024-11-05,1368,67
PO0013536,2024-11-05,1284,15
PO0013568,2024-11-05,876,9
PO0013573,2024-11-05,948,51
PO0013629,2024-11-05,852,10
PO0013631,2024-11-05,1497,7
PO0013646,2024-11-05,96,1
PO0013660,2024-11-05,576,6
PO0013664,2024-11-05,1344,65
PO0013665,2024-11-05,588,7
PO0013667,2024-11-05,2868,63
PO0013671,2024-11-05,1320,18
PO0013673,2024-11-05,4116,44
PO0013674,2024-11-05,144,1
PO0013678,2024-11-05,1200,19
PO0013685,2024-11-05,1296,12
PO0013687,2024-11-05,72,0
PO0013697,2024-11-05,1320,8
PO0013703,2024-11-05,204,4
PO0013704,2024-11-05,1212,14
PO0013709,2024-11-05,6624,24
PO0013711,2024-11-05,744,7
PO0013715,2024-11-05,2904,11
PO0013720,2024-11-05,2448,49
PO0013721,2024-11-05,264,1
PO0013726,2024-11-05,2460,25
PO0013727,2024-11-05,1104,11
PO0013729,2024-11-05,4680,56
PO0013731,2024-11-05,432,17
PO0013733,2024-11-05,240,3
PO0013734,2024-11-05,1968,27
PO0013738,2024-11-05,1734,23
PO0013739,2024-11-05,1020,8
PO0013740,2024-11-05,960,18
PO0013741,2024-11-05,3168,20
PO0013748,2024-11-05,3564,35
PO0013749,2024-11-05,5808,62
PO0013752,2024-11-05,1032,15
PO0013759,2024-11-05,456,3
PO0013761,2024-11-05,672,2
PO0013764,2024-11-05,816,8
PO0013768,2024-11-05,948,9
PO0013769,2024-11-05,1548,32
PO0013770,2024-11-05,264,1
PO0013772,2024-11-05,816,16
PO0013781,2024-11-05,852,42
PO0013782,2024-11-05,1128,8
PO0013786,2024-11-05,3660,58
PO0013802,2024-11-05,318,4
PO0013142,2024-11-06,750,40
PO0013174,2024-11-06,852,5
PO0013450,2024-11-06,1600,31
PO0013465,2024-11-06,1368,48
PO0013522,2024-11-06,419,2
PO0013569,2024-11-06,504,6
PO0013572,2024-11-06,4320,211
PO0013625,2024-11-06,1278,20
PO0013648,2024-11-06,240,3
PO0013655,2024-11-06,309,2
PO0013659,2024-11-06,663,0
PO0013700,2024-11-06,1056,6
PO0013701,2024-11-06,888,1
PO0013707,2024-11-06,2544,36
PO0013711,2024-11-06,744,5
PO0013713,2024-11-06,2364,5
PO0013716,2024-11-06,504,2
PO0013718,2024-11-06,5088,49
PO0013719,2024-11-06,342,1
PO0013722,2024-11-06,600,2
PO0013723,2024-11-06,324,2
PO0013725,2024-11-06,1152,19
PO0013730,2024-11-06,1416,5
PO0013732,2024-11-06,1584,28
PO0013735,2024-11-06,168,0
PO0013744,2024-11-06,936,37
PO0013747,2024-11-06,1920,25
PO0013754,2024-11-06,432,6
PO0013755,2024-11-06,1057,3
PO0013756,2024-11-06,1152,25
PO0013757,2024-11-06,1788,20
PO0013762,2024-11-06,408,9
PO0013763,2024-11-06,1224,17
PO0013765,2024-11-06,372,3
PO0013766,2024-11-06,1008,18
PO0013770,2024-11-06,264,4
PO0013771,2024-11-06,432,6
PO0013776,2024-11-06,462,10
PO0013779,2024-11-06,3432,17
PO0013780,2024-11-06,1680,24
PO0013783,2024-11-06,1860,18
PO0013788,2024-11-06,5700,64
PO0013795,2024-11-06,1002,9
PO0013796,2024-11-06,924,17
PO0013797,2024-11-06,1872,42
PO0013798,2024-11-06,1008,13
PO0013803,2024-11-06,432,13
PO0013808,2024-11-06,912,11
PO0013810,2024-11-06,642,11
PO0013816,2024-11-06,420,4
PO0013817,2024-11-06,120,1
PO0013818,2024-11-06,498,2
PO0013833,2024-11-06,588,0
PO0013152,2024-11-07,372,4
PO0013459,2024-11-07,1848,12
PO0013499,2024-11-07,996,47
PO0013581,2024-11-07,1020,16
PO0013586,2024-11-07,3408,168
PO0013626,2024-11-07,2136,9
PO0013653,2024-11-07,1608,17
PO0013686,2024-11-07,2706,25
PO0013724,2024-11-07,624,5
PO0013742,2024-11-07,360,6
PO0013758,2024-11-07,432,2
PO0013760,2024-11-07,168,1
PO0013771,2024-11-07,432,4
PO0013774,2024-11-07,2484,39
PO0013784,2024-11-07,1752,25
PO0013785,2024-11-07,900,12
PO0013791,2024-11-07,2304,39
PO0013792,2024-11-07,984,2
PO0013793,2024-11-07,2496,68
PO0013794,2024-11-07,576,4
PO0013804,2024-11-07,2256,58
PO0013807,2024-11-07,432,8
PO0013811,2024-11-07,504,2
PO0013815,2024-11-07,492,7
PO0013817,2024-11-07,120,2
PO0013821,2024-11-07,192,8
PO0013826,2024-11-07,432,4
PO0013829,2024-11-07,216,2
PO0013839,2024-11-07,1299,40
PO0013840,2024-11-07,4752,85
PO0013841,2024-11-07,2796,30
PO0013843,2024-11-07,636,3
PO0013846,2024-11-07,960,37
PO0013847,2024-11-07,127,1
PO0013853,2024-11-07,1906,23
PO0013349,2024-11-08,597,24
PO0013573,2024-11-08,948,49
PO0013623,2024-11-08,612,26
PO0013624,2024-11-08,780,5
PO0013625,2024-11-08,1278,18
PO0013674,2024-11-08,144,0
PO0013679,2024-11-08,2016,8
PO0013712,2024-11-08,114,1
PO0013742,2024-11-08,360,8
PO0013762,2024-11-08,408,11
PO0013778,2024-11-08,3024,175
PO0013799,2024-11-08,768,13
PO0013805,2024-11-08,288,1
PO0013806,2024-11-08,732,6
PO0013809,2024-11-08,1968,6
PO0013812,2024-11-08,288,4
PO0013815,2024-11-08,492,9
PO0013824,2024-11-08,1584,29
PO0013830,2024-11-08,456,1
PO0013834,2024-11-08,1632,26
PO0013836,2024-11-08,4416,19
PO0013838,2024-11-08,336,8
PO0013845,2024-11-08,132,11
PO0013872,2024-11-08,480,0
PO0013878,2024-11-08,672,6
PO0013453,2024-11-09,1248,5
PO0013641,2024-11-09,240,3
PO0013703,2024-11-09,204,4
PO0013750,2024-11-09,354,4
PO0013753,2024-11-09,384,3
PO0013809,2024-11-09,1968,11
PO0013819,2024-11-09,528,2
PO0013822,2024-11-09,2700,29
PO0013824,2024-11-09,1584,17
PO0013827,2024-11-09,576,5
PO0013831,2024-11-09,5880,20
PO0013832,2024-11-09,1080,13
PO0013835,2024-11-09,1602,13
PO0013842,2024-11-09,508,4
PO0013844,2024-11-09,132,0
PO0013849,2024-11-09,270,3
PO0013850,2024-11-09,444,3
PO0013852,2024-11-09,288,3
PO0013854,2024-11-09,840,5
PO0013855,2024-11-09,888,13
PO0013856,2024-11-09,1728,78
PO0013857,2024-11-09,2412,14
PO0013858,2024-11-09,5004,40
PO0013861,2024-11-09,1608,5
PO0013863,2024-11-09,984,13
PO0013864,2024-11-09,108,1
PO0013865,2024-11-09,2688,42
PO0013867,2024-11-09,1092,4
PO0013868,2024-11-09,1500,18
PO0013870,2024-11-09,2928,20
PO0013871,2024-11-09,1223,12
PO0013875,2024-11-09,540,8
PO0013877,2024-11-09,852,4
PO0013879,2024-11-09,2016,27
PO0013888,2024-11-09,4464,64
PO0013349,2024-11-10,597,25
PO0013603,2024-11-10,1128,14
PO0013684,2024-11-10,1032,14
PO0013710,2024-11-10,660,17
PO0013745,2024-11-10,984,5
PO0013760,2024-11-10,168,2
PO0013829,2024-11-10,216,0
PO0013830,2024-11-10,456,2
PO0013834,2024-11-10,1632,22
PO0013848,2024-11-10,345,5
PO0013859,2024-11-10,720,3
PO0013866,2024-11-10,3900,32
PO0013873,2024-11-10,792,6
PO0013874,2024-11-10,864,10
PO0013876,2024-11-10,432,2
PO0013880,2024-11-10,528,10
PO0013881,2024-11-10,6336,109
PO0013883,2024-11-10,1590,12
PO0013884,2024-11-10,1958,25
PO0013886,2024-11-10,3042,40
PO0013887,2024-11-10,300,6
PO0013889,2024-11-10,612,5
PO0013893,2024-11-10,216,4
PO0013898,2024-11-10,808,7
PO0013909,2024-11-10,288,3
PO0013688,2024-11-11,984,4
PO0013695,2024-11-11,2352,126
PO0013705,2024-11-11,1236,16
PO0013736,2024-11-11,216,1
PO0013743,2024-11-11,1332,15
PO0013777,2024-11-11,114,1
PO0013790,2024-11-11,4848,240
PO0013820,2024-11-11,360,5
PO0013826,2024-11-11,432,7
PO0013828,2024-11-11,510,7
PO0013839,2024-11-11,1299,25
PO0013842,2024-11-11,508,6
PO0013845,2024-11-11,132,3
PO0013890,2024-11-11,768,13
PO0013892,2024-11-11,936,4
PO0013895,2024-11-11,2304,29
PO0013903,2024-11-11,1074,24
PO0013905,2024-11-11,5562,70
PO0013907,2024-11-11,1920,7
PO0013910,2024-11-11,384,0
PO0013915,2024-11-11,576,10
PO0013917,2024-11-11,1128,14
PO0013918,2024-11-11,576,4
PO0013921,2024-11-11,4026,43
PO0013926,2024-11-11,1440,68
PO0013929,2024-11-11,420,7
PO0013930,2024-11-11,1104,36
PO0013944,2024-11-11,486,2
PO0013746,2024-11-12,2160,22
PO0013789,2024-11-12,384,2
PO0013800,2024-11-12,6900,157
PO0013805,2024-11-12,288,7
PO0013814,2024-11-12,499,0
PO0013825,2024-11-12,1452,29
PO0013848,2024-11-12,345,2
PO0013850,2024-11-12,444,2
PO0013851,2024-11-12,804,13
PO0013864,2024-11-12,108,0
PO0013869,2024-11-12,168,1
PO0013891,2024-11-12,138,3
PO0013894,2024-11-12,2388,45
PO0013896,2024-11-12,2496,11
PO0013897,2024-11-12,1512,27
PO0013899,2024-11-12,96,3
PO0013900,2024-11-12,2475,27
PO0013901,2024-11-12,264,9
PO0013906,2024-11-12,396,6
PO0013913,2024-11-12,1860,37
PO0013916,2024-11-12,654,1
PO0013919,2024-11-12,2124,20
PO0013920,2024-11-12,738,10
PO0013923,2024-11-12,408,7
PO0013927,2024-11-12,720,1
PO0013932,2024-11-12,7704,95
PO0013938,2024-11-12,432,6
PO0013950,2024-11-12,186,1
PO0013993,2024-11-12,384,1
PO0013773,2024-11-13,432,14
PO0013777,2024-11-13,114,0
PO0013837,2024-11-13,5472,69
PO0013854,2024-11-13,840,9
PO0013893,2024-11-13,216,3
PO0013899,2024-11-13,96,0
PO0013908,2024-11-13,1296,19
PO0013911,2024-11-13,4926,59
PO0013914,2024-11-13,408,3
PO0013924,2024-11-13,1572,13
PO0013925,2024-11-13,606,4
PO0013928,2024-11-13,1128,7
PO0013933,2024-11-13,3618,14
PO0013941,2024-11-13,456,0
PO0013942,2024-11-13,207,6
PO0013948,2024-11-13,972,9
PO0013951,2024-11-13,1650,4
PO0013952,2024-11-13,216,4
PO0013954,2024-11-13,461,2
PO0013957,2024-11-13,240,0
PO0013961,2024-11-13,651,13
PO0013963,2024-11-13,768,22
PO0013964,2024-11-13,1248,8
PO0013966,2024-11-13,1932,23
PO0013971,2024-11-13,144,4
PO0013972,2024-11-13,6048,47
PO0013973,2024-11-13,1800,28
PO0013981,2024-11-13,3864,38
PO0013982,2024-11-13,672,3
PO0013983,2024-11-13,1152,5
PO0013985,2024-11-13,474,1
PO0013992,2024-11-13,492,3
PO0013999,2024-11-13,1284,20
PO0014004,2024-11-13,725,3
PO0013682,2024-11-14,1248,60
PO0013737,2024-11-14,1716,35
PO0013773,2024-11-14,432,10
PO0013775,2024-11-14,936,18
PO0013787,2024-11-14,1800,18
PO0013823,2024-11-14,8892,204
PO0013885,2024-11-14,3456,40
PO0013931,2024-11-14,732,15
PO0013935,2024-11-14,1584,38
PO0013937,2024-11-14,1824,28
PO0013939,2024-11-14,3865,20
PO0013940,2024-11-14,240,10
PO0013943,2024-11-14,1728,10
PO0013945,2024-11-14,1272,15
PO0013947,2024-11-14,720,10
PO0013953,2024-11-14,192,4
PO0013955,2024-11-14,4080,42
PO0013956,2024-11-14,150,0
PO0013959,2024-11-14,1152,12
PO0013960,2024-11-14,780,15
PO0013968,2024-11-14,1392,22
PO0013970,2024-11-14,1152,10
PO0013978,2024-11-14,948,4
PO0013994,2024-11-14,996,5
PO0013996,2024-11-14,1788,19
PO0013997,2024-11-14,960,13
PO0014005,2024-11-14,120,0
PO0014016,2024-11-14,1488,9
PO0014018,2024-11-14,528,2
PO0014023,2024-11-14,172,2
PO0014031,2024-11-14,912,7
PO0014033,2024-11-14,1800,28
PO0013736,2024-11-15,216,1
PO0013801,2024-11-15,2598,14
PO0013882,2024-11-15,216,0
PO0013891,2024-11-15,138,0
PO0013901,2024-11-15,264,8
PO0013903,2024-11-15,1074,31
PO0013923,2024-11-15,408,8
PO0013933,2024-11-15,3618,23
PO0013948,2024-11-15,972,16
PO0013958,2024-11-15,480,6
PO0013961,2024-11-15,651,12
PO0013969,2024-11-15,1308,31
PO0013974,2024-11-15,888,11
PO0013975,2024-11-15,828,16
PO0013976,2024-11-15,1464,19
PO0013977,2024-11-15,1200,24
PO0013980,2024-11-15,1632,16
PO0013984,2024-11-15,429,7
PO0013987,2024-11-15,492,9
PO0013991,2024-11-15,798,17
PO0013995,2024-11-15,1752,6
PO0014000,2024-11-15,2688,37
PO0014001,2024-11-15,546,6
PO0014002,2024-11-15,336,3
PO0014003,2024-11-15,894,5
PO0014007,2024-11-15,1164,8
PO0014009,2024-11-15,288,6
PO0014013,2024-11-15,1374,10
PO0014017,2024-11-15,1008,13
PO0014020,2024-11-15,134,3
PO0014022,2024-11-15,1680,23
PO0014025,2024-11-15,1032,5
PO0014027,2024-11-15,1866,16
PO0014032,2024-11-15,2256,13
PO0014035,2024-11-15,3072,28
PO0014036,2024-11-15,294,7
PO0014040,2024-11-15,450,6
PO0014042,2024-11-15,666,5
PO0013860,2024-11-16,948,9
PO0013904,2024-11-16,600,2
PO0013906,2024-11-16,396,9
PO0013942,2024-11-16,207,3
PO0013962,2024-11-16,1338,6
PO0013989,2024-11-16,1140,52
PO0014008,2024-11-16,168,6
PO0014010,2024-11-16,456,7
PO0014011,2024-11-16,1524,7
PO0014012,2024-11-16,720,12
PO0014014,2024-11-16,906,10
PO0014015,2024-11-16,228,3
PO0014021,2024-11-16,330,3
PO0014024,2024-11-16,576,6
PO0014030,2024-11-16,2424,42
PO0014038,2024-11-16,532,7
PO0014039,2024-11-16,177,0
PO0014042,2024-11-16,666,10
PO0014050,2024-11-16,492,6
PO0013553,2024-11-17,720,7
PO0013862,2024-11-17,1218,12
PO0013936,2024-11-17,756,5
PO0013990,2024-11-17,1488,20
PO0013991,2024-11-17,798,12
PO0013995,2024-11-17,1752,7
PO0014009,2024-11-17,288,6
PO0014043,2024-11-17,3360,37
PO0014045,2024-11-17,2136,26
PO0014049,2024-11-17,828,3
PO0014055,2024-11-17,744,7
PO0013787,2024-11-18,1800,20
PO0013912,2024-11-18,276,4
PO0013934,2024-11-18,2892,34
PO0013946,2024-11-18,1914,22
PO0013949,2024-11-18,1128,11
PO0013956,2024-11-18,150,1
PO0013965,2024-11-18,2394,29
PO0013975,2024-11-18,828,13
PO0013984,2024-11-18,429,7
PO0013996,2024-11-18,1788,11
PO0014005,2024-11-18,120,3
PO0014008,2024-11-18,168,0
PO0014015,2024-11-18,228,2
PO0014020,2024-11-18,135,1
PO0014021,2024-11-18,330,3
PO0014028,2024-11-18,3456,39
PO0014041,2024-11-18,768,12
PO0014044,2024-11-18,240,0
PO0014046,2024-11-18,2304,51
PO0014051,2024-11-18,2760,6
PO0014053,2024-11-18,288,3
PO0014054,2024-11-18,564,5
PO0014060,2024-11-18,756,3
PO0014062,2024-11-18,4914,57
PO0014066,2024-11-18,768,2
PO0014067,2024-11-18,288,3
PO0014068,2024-11-18,4608,48
PO0014075,2024-11-18,462,8
PO0014078,2024-11-18,624,7
PO0014080,2024-11-18,264,6
PO0014085,2024-11-18,660,3
PO0013620,2024-11-19,6204,149
PO0013882,2024-11-19,216,0
PO0013912,2024-11-19,276,4
PO0014010,2024-11-19,456,7
PO0014039,2024-11-19,177,2
PO0014048,2024-11-19,1436,25
PO0014052,2024-11-19,288,3
PO0014056,2024-11-19,1683,11
PO0014057,2024-11-19,264,3
PO0014059,2024-11-19,1725,47
PO0014061,2024-11-19,384,3
PO0014065,2024-11-19,1110,18
PO0014069,2024-11-19,498,4
PO0014072,2024-11-19,240,0
PO0014074,2024-11-19,2118,34
PO0014079,2024-11-19,408,3
PO0014083,2024-11-19,1560,13
PO0014084,2024-11-19,1464,14
PO0014092,2024-11-19,1536,10
PO0014095,2024-11-19,1680,11
PO0014106,2024-11-19,252,1
PO0014135,2024-11-19,358,5
PO0013922,2024-11-20,1008,21
PO0013967,2024-11-20,432,5
PO0014034,2024-11-20,1038,12
PO0014037,2024-11-20,382,8
PO0014051,2024-11-20,2760,6
PO0014058,2024-11-20,336,5
PO0014076,2024-11-20,4272,83
PO0014081,2024-11-20,1737,9
PO0014082,2024-11-20,402,7
PO0014087,2024-11-20,3252,40
PO0014089,2024-11-20,2616,7
PO0014090,2024-11-20,2208,25
PO0014091,2024-11-20,480,9
PO0014094,2024-11-20,228,4
PO0014096,2024-11-20,3048,38
PO0014097,2024-11-20,504,5
PO0014103,2024-11-20,576,2
PO0014107,2024-11-20,1008,16
PO0014111,2024-11-20,678,8
PO0014113,2024-11-20,288,3
PO0014115,2024-11-20,318,2
PO0014122,2024-11-20,2616,19
PO0014123,2024-11-20,912,10
PO0014125,2024-11-20,1164,6
PO0014129,2024-11-20,2172,11
PO0014130,2024-11-20,1488,43
PO0014132,2024-11-20,672,15
PO0014137,2024-11-20,768,9
PO0014146,2024-11-20,576,2
PO0013986,2024-11-21,151,4
PO0014026,2024-11-21,2692,25
PO0014028,2024-11-21,3456,34
PO0014049,2024-11-21,828,14
PO0014063,2024-11-21,1986,25
PO0014066,2024-11-21,768,3
PO0014079,2024-11-21,408,4
PO0014099,2024-11-21,192,6
PO0014102,2024-11-21,2388,28
PO0014104,2024-11-21,3258,31
PO0014105,2024-11-21,1020,14
PO0014110,2024-11-21,3156,47
PO0014114,2024-11-21,2652,31
PO0014115,2024-11-21,318,3
PO0014117,2024-11-21,3120,155
PO0014121,2024-11-21,222,2
PO0014126,2024-11-21,1584,28
PO0014127,2024-11-21,768,12
PO0014128,2024-11-21,720,6
PO0014131,2024-11-21,1068,25
PO0014136,2024-11-21,48,0
PO0014139,2024-11-21,438,1
PO0014143,2024-11-21,2970,27
PO0014145,2024-11-21,906,17
PO0014147,2024-11-21,1968,28
PO0014151,2024-11-21,1830,35
PO0014152,2024-11-21,2604,19
PO0014157,2024-11-21,1458,18
PO0014158,2024-11-21,912,26
PO0014160,2024-11-21,1344,22
PO0013813,2024-11-22,600,6
PO0013902,2024-11-22,147,4
PO0014034,2024-11-22,1038,16
PO0014056,2024-11-22,1683,5
PO0014059,2024-11-22,1725,33
PO0014112,2024-11-22,120,1
PO0014116,2024-11-22,1296,14
PO0014118,2024-11-22,312,1
PO0014119,2024-11-22,2127,15
PO0014120,2024-11-22,1008,12
PO0014124,2024-11-22,1764,18
PO0014134,2024-11-22,300,4
PO0014138,2024-11-22,888,29
PO0014141,2024-11-22,1356,10
PO0014144,2024-11-22,2496,23
PO0014149,2024-11-22,1584,17
PO0014150,2024-11-22,271,1
PO0014153,2024-11-22,828,5
PO0014154,2024-11-22,1800,10
PO0014156,2024-11-22,1428,14
PO0014159,2024-11-22,624,10
PO0014161,2024-11-22,558,1
PO0014163,2024-11-22,4404,31
PO0014164,2024-11-22,792,3
PO0014019,2024-11-23,618,8
PO0014029,2024-11-23,3096,51
PO0014057,2024-11-23,264,1
PO0014077,2024-11-23,2088,18
PO0014098,2024-11-23,2400,14
PO0014112,2024-11-23,120,2
PO0014140,2024-11-23,144,0
PO0014155,2024-11-23,1296,20
PO0014166,2024-11-23,408,6
PO0014177,2024-11-23,1848,17
PO0013902,2024-11-24,147,1
PO0013998,2024-11-24,4464,106
PO0014006,2024-11-24,576,2
PO0014086,2024-11-24,1272,9
PO0014087,2024-11-24,3252,42
PO0014101,2024-11-24,2640,36
PO0014132,2024-11-24,672,11
PO0014146,2024-11-24,576,6
PO0014161,2024-11-24,558,4
PO0014162,2024-11-24,7248,51
PO0014165,2024-11-24,1800,22
PO0014167,2024-11-24,3588,84
PO0014169,2024-11-24,4848,89
PO0014171,2024-11-24,159,0
PO0014173,2024-11-24,462,5
PO0014178,2024-11-24,4560,53
PO0014179,2024-11-24,492,4
PO0014182,2024-11-24,228,5
PO0014186,2024-11-24,408,3
PO0014190,2024-11-24,1032,9
PO0014204,2024-11-24,5040,13
PO0013988,2024-11-25,438,3
PO0014026,2024-11-25,2693,24
PO0014119,2024-11-25,2127,23
PO0014136,2024-11-25,48,0
PO0014142,2024-11-25,2172,31
PO0014154,2024-11-25,1800,5
PO0014174,2024-11-25,336,7
PO0014175,2024-11-25,3240,46
PO0014182,2024-11-25,228,5
PO0014188,2024-11-25,1212,10
PO0014189,2024-11-25,240,2
PO0014193,2024-11-25,1692,17
PO0014196,2024-11-25,2868,25
PO0014199,2024-11-25,1716,16
PO0014205,2024-11-25,2352,17
PO0014207,2024-11-25,96,0
PO0014208,2024-11-25,458,2
PO0014209,2024-11-25,558,1
PO0014213,2024-11-25,216,1
PO0014234,2024-11-25,204,1
PO0013813,2024-11-26,600,3
PO0014088,2024-11-26,1428,19
PO0014093,2024-11-26,3888,40
PO0014100,2024-11-26,1152,3
PO0014108,2024-11-26,1176,49
PO0014120,2024-11-26,1008,15
PO0014133,2024-11-26,1920,93
PO0014166,2024-11-26,408,3
PO0014168,2024-11-26,678,16
PO0014171,2024-11-26,159,0
PO0014172,2024-11-26,504,1
PO0014176,2024-11-26,1488,15
PO0014180,2024-11-26,828,42
PO0014181,2024-11-26,4272,224
PO0014184,2024-11-26,1836,26
PO0014185,2024-11-26,312,2
PO0014187,2024-11-26,192,5
PO0014193,2024-11-26,1692,10
PO0014196,2024-11-26,2868,36
PO0014210,2024-11-26,528,9
PO0014214,2024-11-26,1392,36
PO0014215,2024-11-26,540,9
PO0014222,2024-11-26,618,5
PO0014223,2024-11-26,240,3
PO0014225,2024-11-26,852,8
PO0014227,2024-11-26,729,4
PO0014228,2024-11-26,5136,40
PO0014229,2024-11-26,768,23
PO0014231,2024-11-26,3792,27
PO0014235,2024-11-26,696,4
PO0014243,2024-11-26,503,7
PO0014276,2024-11-26,792,10
PO0014064,2024-11-27,4008,34
PO0014073,2024-11-27,1080,17
PO0014109,2024-11-27,672,2
PO0014189,2024-11-27,240,2
PO0014191,2024-11-27,2412,9
PO0014192,2024-11-27,3552,34
PO0014194,2024-11-27,1098,2
PO0014195,2024-11-27,4896,20
PO0014200,2024-11-27,4620,43
PO0014201,2024-11-27,360,7
PO0014202,2024-11-27,192,0
PO0014203,2024-11-27,1608,40
PO0014206,2024-11-27,1044,23
PO0014218,2024-11-27,213,0
PO0014220,2024-11-27,150,6
PO0014226,2024-11-27,1875,17
PO0014233,2024-11-27,1260,19
PO0014240,2024-11-27,336,2
PO0014242,2024-11-27,405,2
PO0014245,2024-11-27,5520,79
PO0014246,2024-11-27,528,17
PO0014247,2024-11-27,1728,21
PO0014251,2024-11-27,2340,7
PO0014257,2024-11-27,2136,14
PO0014263,2024-11-27,852,6
PO0014270,2024-11-27,2976,146
PO0014275,2024-11-27,2286,21
PO0014277,2024-11-27,2880,53
PO0014047,2024-11-28,2208,42
PO0014070,2024-11-28,432,0
PO0014198,2024-11-28,1008,13
PO0014199,2024-11-28,1716,9
PO0014207,2024-11-28,96,4
PO0014211,2024-11-28,840,6
PO0014216,2024-11-28,3192,30
PO0014217,2024-11-28,288,3
PO0014219,2024-11-28,1692,70
PO0014220,2024-11-28,150,3
PO0014221,2024-11-28,1032,8
PO0014224,2024-11-28,618,34
PO0014227,2024-11-28,729,6
PO0014230,2024-11-28,2940,29
PO0014232,2024-11-28,582,10
PO0014234,2024-11-28,204,2
PO0014236,2024-11-28,1848,10
PO0014238,2024-11-28,552,11
PO0014239,2024-11-28,240,3
PO0014241,2024-11-28,3120,69
PO0014248,2024-11-28,2208,9
PO0014252,2024-11-28,564,7
PO0014258,2024-11-28,2544,14
PO0014260,2024-11-28,1344,9
PO0014262,2024-11-28,366,9
PO0014264,2024-11-28,288,6
PO0014265,2024-11-28,276,4
PO0014272,2024-11-28,1032,27
PO0014273,2024-11-28,204,4
PO0014278,2024-11-28,720,6
PO0014281,2024-11-28,3468,30
PO0014293,2024-11-28,228,5
PO0014295,2024-11-28,1524,7
PO0014296,2024-11-28,144,2
PO0014300,2024-11-28,1248,15
PO0014301,2024-11-28,5088,60
PO0013988,2024-11-29,438,3
PO0014170,2024-11-29,1460,18
PO0014194,2024-11-29,1098,7
PO0014211,2024-11-29,840,4
PO0014226,2024-11-29,1875,18
PO0014244,2024-11-29,1248,14
PO0014249,2024-11-29,600,1
PO0014250,2024-11-29,552,4
PO0014253,2024-11-29,1848,22
PO0014255,2024-11-29,2400,14
PO0014261,2024-11-29,732,6
PO0014269,2024-11-29,1290,17
PO0014285,2024-11-29,2736,64
PO0014287,2024-11-29,408,4
PO0014288,2024-11-29,232,6
PO0014290,2024-11-29,2376,36
PO0014292,2024-11-29,96,3
PO0014297,2024-11-29,1704,14
PO0014303,2024-11-29,3816,44
PO0014305,2024-11-29,1284,17
PO0014308,2024-11-29,1104,26
PO0014310,2024-11-29,528,2
PO0014315,2024-11-29,1746,13
PO0014316,2024-11-29,4320,22
PO0014318,2024-11-29,367,0
PO0013979,2024-11-30,948,5
PO0014071,2024-11-30,192,1
PO0014148,2024-11-30,2718,63
PO0014183,2024-11-30,936,14
PO0014201,2024-11-30,360,8
PO0014218,2024-11-30,213,2
PO0014225,2024-11-30,852,3
PO0014256,2024-11-30,1020,60
PO0014259,2024-11-30,2244,46
PO0014261,2024-11-30,732,7
PO0014262,2024-11-30,366,5
PO0014267,2024-11-30,4314,54
PO0014271,2024-11-30,432,15
PO0014274,2024-11-30,216,2
PO0014279,2024-11-30,2376,31
PO0014280,2024-11-30,636,3
PO0014284,2024-11-30,768,25
PO0014286,2024-11-30,1212,17
PO0014289,2024-11-30,4920,31
PO0014291,2024-11-30,1320,9
PO0014294,2024-11-30,78,0
PO0014298,2024-11-30,3264,37
PO0014299,2024-11-30,408,4
PO0014306,2024-11-30,1104,15
PO0014311,2024-11-30,1110,11
PO0014319,2024-11-30,3120,67
PO0014320,2024-11-30,816,3
PO0014321,2024-11-30,1044,3
PO0014212,2024-12-01,576,42
PO0014224,2024-12-01,618,31
PO0014242,2024-12-01,405,2
PO0014266,2024-12-01,1344,4
PO0014302,2024-12-01,373,7
PO0014309,2024-12-01,333,4
PO0014317,2024-12-01,528,28
PO0014322,2024-12-01,5274,72
PO0014323,2024-12-01,516,9
PO0014324,2024-12-01,2160,41
PO0014356,2024-12-01,2160,11
PO0014326,2024-12-02,3486,31
PO0014328,2024-12-02,576,19
PO0014329,2024-12-02,1692,18
PO0014331,2024-12-02,2112,121
PO0014332,2024-12-02,1116,24
PO0014337,2024-12-02,1278,19
PO0014339,2024-12-02,2928,8
PO0014340,2024-12-02,384,13
PO0014341,2024-12-02,1104,13
PO0014345,2024-12-02,168,2
PO0014346,2024-12-02,588,2
PO0014347,2024-12-02,1176,15
PO0014348,2024-12-02,288,3
PO0014353,2024-12-02,3168,146
PO0014354,2024-12-02,1440,24
PO0014366,2024-12-02,348,2
PO0014373,2024-12-02,786,11
PO0014268,2024-12-03,2963,28
PO0014309,2024-12-03,333,4
PO0014314,2024-12-03,312,3
PO0014323,2024-12-03,516,10
PO0014335,2024-12-03,2760,62
PO0014336,2024-12-03,960,11
PO0014343,2024-12-03,2208,30
PO0014349,2024-12-03,1428,27
PO0014350,2024-12-03,576,19
PO0014351,2024-12-03,1032,4
PO0014360,2024-12-03,1474,25
PO0014367,2024-12-03,1788,8
PO0014368,2024-12-03,624,8
PO0014371,2024-12-03,1638,4
PO0014374,2024-12-03,984,12
PO0014291,2024-12-04,1320,11
PO0014294,2024-12-04,78,1
PO0014317,2024-12-04,528,21
PO0014333,2024-12-04,696,0
PO0014334,2024-12-04,1776,18
PO0014338,2024-12-04,468,4
PO0014344,2024-12-04,276,2
PO0014357,2024-12-04,720,13
PO0014358,2024-12-04,384,6
PO0014362,2024-12-04,684,11
PO0014363,2024-12-04,552,1
PO0014364,2024-12-04,990,13
PO0014365,2024-12-04,474,3
PO0014369,2024-12-04,1212,2
PO0014372,2024-12-04,288,2
PO0014373,2024-12-04,786,12
PO0014382,2024-12-04,876,5
PO0014394,2024-12-04,648,5
PO0014398,2024-12-04,1728,35
PO0014400,2024-12-04,480,11
PO0014409,2024-12-04,960,10
PO0014237,2024-12-05,336,8
PO0014254,2024-12-05,888,6
PO0014325,2024-12-05,1368,14
PO0014366,2024-12-05,348,0
PO0014370,2024-12-05,90,1
PO0014378,2024-12-05,432,3
PO0014379,2024-12-05,456,5
PO0014380,2024-12-05,2352,8
PO0014381,2024-12-05,384,5
PO0014385,2024-12-05,4020,50
PO0014386,2024-12-05,870,2
PO0014388,2024-12-05,2160,55
PO0014391,2024-12-05,2916,42
PO0014399,2024-12-05,816,2
PO0014408,2024-12-05,732,6
PO0014411,2024-12-05,2388,20
PO0014412,2024-12-05,1584,32
PO0014413,2024-12-05,1776,20
PO0014415,2024-12-05,480,4
PO0014417,2024-12-05,456,2
PO0014433,2024-12-05,288,2
PO0014197,2024-12-06,1104,5
PO0014312,2024-12-06,2280,19
PO0014352,2024-12-06,408,13
PO0014359,2024-12-06,1344,21
PO0014376,2024-12-06,390,5
PO0014377,2024-12-06,1296,7
PO0014389,2024-12-06,816,2
PO0014392,2024-12-06,624,16
PO0014396,2024-12-06,126,2
PO0014401,2024-12-06,480,6
PO0014402,2024-12-06,948,11
PO0014404,2024-12-06,912,6
PO0014407,2024-12-06,306,4
PO0014414,2024-12-06,1536,17
PO0014416,2024-12-06,720,3
PO0014418,2024-12-06,2400,21
PO0014419,2024-12-06,1872,26
PO0014426,2024-12-06,1044,13
PO0014430,2024-12-06,852,20
PO0014432,2024-12-06,1764,19
PO0014304,2024-12-07,192,0
PO0014307,2024-12-07,624,7
PO0014342,2024-12-07,1104,18
PO0014370,2024-12-07,90,1
PO0014376,2024-12-07,390,1
PO0014395,2024-12-07,1107,14
PO0014410,2024-12-07,264,0
PO0014421,2024-12-07,6096,13
PO0014425,2024-12-07,156,3
PO0014427,2024-12-07,1104,8
PO0014431,2024-12-07,228,1
PO0014283,2024-12-08,492,4
PO0014420,2024-12-08,192,0
PO0014423,2024-12-08,288,2
PO0014428,2024-12-08,336,3
PO0014429,2024-12-08,360,4
PO0014434,2024-12-08,438,4
PO0014435,2024-12-08,1824,6
PO0014436,2024-12-08,990,12
PO0014439,2024-12-08,1410,17
PO0014442,2024-12-08,498,1
PO0014445,2024-12-08,576,9
PO0014449,2024-12-08,2064,6
PO0014466,2024-12-08,912,18
PO0014282,2024-12-09,672,13
PO0014327,2024-12-09,672,14
PO0014361,2024-12-09,240,2
PO0014386,2024-12-09,870,6
PO0014387,2024-12-09,924,7
PO0014396,2024-12-09,126,1
PO0014431,2024-12-09,228,1
PO0014433,2024-12-09,288,0
PO0014437,2024-12-09,1320,17
PO0014440,2024-12-09,5064,24
PO0014444,2024-12-09,333,0
PO0014450,2024-12-09,816,11
PO0014457,2024-12-09,420,5
PO0014464,2024-12-09,1080,5
PO0014471,2024-12-09,1152,10
PO0014472,2024-12-09,864,13
PO0014476,2024-12-09,498,2
PO0014482,2024-12-09,387,6
PO0014483,2024-12-09,360,3
PO0014500,2024-12-09,144,3
PO0014352,2024-12-10,408,9
PO0014390,2024-12-10,696,13
PO0014424,2024-12-10,204,5
PO0014425,2024-12-10,156,1
PO0014438,2024-12-10,2316,32
PO0014443,2024-12-10,2436,53
PO0014446,2024-12-10,1104,24
PO0014453,2024-12-10,840,12
PO0014458,2024-12-10,1608,18
PO0014460,2024-12-10,312,6
PO0014463,2024-12-10,1200,22
PO0014467,2024-12-10,2400,20
PO0014468,2024-12-10,144,3
PO0014469,2024-12-10,1032,16
PO0014470,2024-12-10,1698,35
PO0014479,2024-12-10,618,2
PO0014481,2024-12-10,3024,21
PO0014487,2024-12-10,1188,4
PO0014494,2024-12-10,240,3
PO0014375,2024-12-11,312,5
PO0014397,2024-12-11,408,4
PO0014406,2024-12-11,504,2
PO0014422,2024-12-11,882,21
PO0014448,2024-12-11,1077,8
PO0014452,2024-12-11,126,1
PO0014459,2024-12-11,1440,33
PO0014461,2024-12-11,1368,8
PO0014462,2024-12-11,552,9
PO0014465,2024-12-11,2100,46
PO0014474,2024-12-11,3072,151
PO0014475,2024-12-11,2496,18
PO0014480,2024-12-11,2502,43
PO0014484,2024-12-11,504,8
PO0014485,2024-12-11,2352,13
PO0014490,2024-12-11,501,1
PO0014493,2024-12-11,864,1
PO0014495,2024-12-11,252,1
PO0014498,2024-12-11,2598,37
PO0014500,2024-12-11,144,5
PO0014505,2024-12-11,444,1
PO0014506,2024-12-11,936,3
PO0014508,2024-12-11,1188,3
PO0014511,2024-12-11,1056,20
PO0014513,2024-12-11,530,7
PO0014515,2024-12-11,144,2
PO0014517,2024-12-11,1380,9
PO0014519,2024-12-11,606,9
PO0014540,2024-12-11,792,10
PO0014541,2024-12-11,240,1
PO0014282,2024-12-12,672,11
PO0014355,2024-12-12,900,8
PO0014383,2024-12-12,1080,4
PO0014444,2024-12-12,333,1
PO0014447,2024-12-12,1128,19
PO0014473,2024-12-12,900,17
PO0014477,2024-12-12,1752,16
PO0014486,2024-12-12,2505,25
PO0014488,2024-12-12,1680,32
PO0014489,2024-12-12,864,9
PO0014491,2024-12-12,456,14
PO0014492,2024-12-12,1224,22
PO0014496,2024-12-12,864,3
PO0014497,2024-12-12,384,5
PO0014499,2024-12-12,552,7
PO0014501,2024-12-12,936,17
PO0014503,2024-12-12,720,15
PO0014504,2024-12-12,48,0
PO0014509,2024-12-12,858,7
PO0014512,2024-12-12,972,4
PO0014515,2024-12-12,144,2
PO0014516,2024-12-12,600,9
PO0014523,2024-12-12,864,15
PO0014528,2024-12-12,2796,35
PO0014530,2024-12-12,2808,20
PO0014532,2024-12-12,960,20
PO0014533,2024-12-12,360,5
PO0014534,2024-12-12,3768,39
PO0014535,2024-12-12,4128,87
PO0014539,2024-12-12,240,4
PO0014543,2024-12-12,456,6
PO0014393,2024-12-13,2052,21
PO0014424,2024-12-13,204,5
PO0014441,2024-12-13,4896,57
PO0014446,2024-12-13,1104,27
PO0014482,2024-12-13,387,3
PO0014507,2024-12-13,192,2
PO0014514,2024-12-13,384,1
PO0014518,2024-12-13,4488,51
PO0014521,2024-12-13,4680,58
PO0014522,2024-12-13,792,12
PO0014525,2024-12-13,228,5
PO0014526,2024-12-13,672,8
PO0014529,2024-12-13,756,11
PO0014531,2024-12-13,960,33
PO0014536,2024-12-13,1152,11
PO0014537,2024-12-13,450,2
PO0014538,2024-12-13,864,9
PO0014544,2024-12-13,2256,109
PO0014549,2024-12-13,792,5
PO0014550,2024-12-13,960,11
PO0014554,2024-12-13,912,10
PO0014555,2024-12-13,1152,26
PO0014559,2024-12-13,276,0
PO0014561,2024-12-13,762,8
PO0014313,2024-12-14,312,3
PO0014422,2024-12-14,882,24
PO0014448,2024-12-14,1077,17
PO0014451,2024-12-14,1104,2
PO0014456,2024-12-14,1734,6
PO0014468,2024-12-14,144,2
PO0014490,2024-12-14,501,1
PO0014507,2024-12-14,192,1
PO0014510,2024-12-14,408,20
PO0014524,2024-12-14,408,4
PO0014527,2024-12-14,528,6
PO0014542,2024-12-14,1518,31
PO0014546,2024-12-14,1944,39
PO0014547,2024-12-14,528,4
PO0014548,2024-12-14,1440,18
PO0014551,2024-12-14,1146,7
PO0014552,2024-12-14,828,3
PO0014556,2024-12-14,1884,26
PO0014562,2024-12-14,720,11
PO0014573,2024-12-14,270,0
PO0014355,2024-12-15,900,2
PO0014403,2024-12-15,1644,21
PO0014452,2024-12-15,126,0
PO0014478,2024-12-15,195,1
PO0014533,2024-12-15,360,4
PO0014553,2024-12-15,4674,47
PO0014557,2024-12-15,384,1
PO0014558,2024-12-15,1128,34
PO0014564,2024-12-15,648,6
PO0014569,2024-12-15,2448,15
PO0014575,2024-12-15,816,7
PO0014576,2024-12-15,5592,112
PO0014578,2024-12-15,612,6
PO0014599,2024-12-15,870,2
PO0014393,2024-12-16,2052,20
PO0014545,2024-12-16,1920,91
PO0014568,2024-12-16,3792,213
PO0014577,2024-12-16,265,3
PO0014585,2024-12-16,1429,11
PO0014588,2024-12-16,690,6
PO0014589,2024-12-16,696,8
PO0014590,2024-12-16,798,15
PO0014591,2024-12-16,582,7
PO0014592,2024-12-16,708,3
PO0014604,2024-12-16,2256,24
PO0014605,2024-12-16,420,21
PO0014611,2024-12-16,768,5
PO0014614,2024-12-16,564,4
PO0014630,2024-12-16,336,5
PO0014632,2024-12-16,558,5
PO0014455,2024-12-17,3348,46
PO0014510,2024-12-17,408,21
PO0014529,2024-12-17,756,10
PO0014556,2024-12-17,1884,21
PO0014565,2024-12-17,432,19
PO0014567,2024-12-17,2754,22
PO0014570,2024-12-17,1992,47
PO0014571,2024-12-17,3372,33
PO0014573,2024-12-17,270,3
PO0014574,2024-12-17,1060,20
PO0014579,2024-12-17,480,1
PO0014580,2024-12-17,4710,38
PO0014581,2024-12-17,4608,48
PO0014583,2024-12-17,612,10
PO0014587,2024-12-17,5838,48
PO0014596,2024-12-17,384,8
PO0014597,2024-12-17,420,2
PO0014602,2024-12-17,534,0
PO0014612,2024-12-17,2232,81
PO0014613,2024-12-17,1440,26
PO0014615,2024-12-17,6996,163
PO0014616,2024-12-17,312,18
PO0014622,2024-12-17,912,21
PO0014626,2024-12-17,336,9
PO0014628,2024-12-17,168,9
PO0014629,2024-12-17,168,4
PO0014631,2024-12-17,165,0
PO0014635,2024-12-17,1800,30
PO0014638,2024-12-17,1542,15
PO0014641,2024-12-17,3696,38
PO0014330,2024-12-18,216,4
PO0014384,2024-12-18,366,6
PO0014552,2024-12-18,828,11
PO0014582,2024-12-18,5616,124
PO0014594,2024-12-18,348,2
PO0014595,2024-12-18,304,1
PO0014597,2024-12-18,420,7
PO0014598,2024-12-18,1092,4
PO0014600,2024-12-18,192,3
PO0014603,2024-12-18,2927,22
PO0014606,2024-12-18,576,7
PO0014608,2024-12-18,2532,15
PO0014613,2024-12-18,1440,18
PO0014620,2024-12-18,432,5
PO0014623,2024-12-18,558,1
PO0014627,2024-12-18,372,3
PO0014639,2024-12-18,1104,22
PO0014640,2024-12-18,192,3
PO0014650,2024-12-18,588,5
PO0014651,2024-12-18,1404,28
PO0014661,2024-12-18,504,3
PO0014671,2024-12-18,576,9
PO0014672,2024-12-18,1584,4
PO0014566,2024-12-19,192,7
PO0014584,2024-12-19,1224,5
PO0014609,2024-12-19,696,8
PO0014610,2024-12-19,864,5
PO0014617,2024-12-19,2208,8
PO0014618,2024-12-19,2142,17
PO0014619,2024-12-19,372,9
PO0014621,2024-12-19,1008,7
PO0014625,2024-12-19,534,4
PO0014630,2024-12-19,336,4
PO0014633,2024-12-19,912,14
PO0014634,2024-12-19,192,6
PO0014637,2024-12-19,96,1
PO0014642,2024-12-19,4752,28
PO0014653,2024-12-19,216,0
PO0014654,2024-12-19,336,14
PO0014655,2024-12-19,2508,35
PO0014663,2024-12-19,384,9
PO0014666,2024-12-19,1032,6
PO0014681,2024-12-19,864,5
PO0014687,2024-12-19,1400,4
PO0014590,2024-12-20,798,22
PO0014593,2024-12-20,888,5
PO0014595,2024-12-20,304,0
PO0014618,2024-12-20,2142,19
PO0014628,2024-12-20,168,4
PO0014636,2024-12-20,516,7
PO0014644,2024-12-20,792,15
PO0014646,2024-12-20,588,0
PO0014647,2024-12-20,444,4
PO0014648,2024-12-20,1020,9
PO0014649,2024-12-20,1008,13
PO0014653,2024-12-20,216,0
PO0014656,2024-12-20,216,0
PO0014658,2024-12-20,264,2
PO0014659,2024-12-20,312,0
PO0014662,2024-12-20,564,14
PO0014664,2024-12-20,3168,15
PO0014665,2024-12-20,2082,9
PO0014669,2024-12-20,378,1
PO0014670,2024-12-20,672,1
PO0014673,2024-12-20,1134,10
PO0014676,2024-12-20,2670,45
PO0014679,2024-12-20,846,19
PO0014680,2024-12-20,1488,11
PO0014682,2024-12-20,4992,36
PO0014689,2024-12-20,252,1
PO0014330,2024-12-21,216,7
PO0014601,2024-12-21,1200,17
PO0014629,2024-12-21,168,2
PO0014631,2024-12-21,165,1
PO0014656,2024-12-21,216,0
PO0014657,2024-12-21,1512,11
PO0014667,2024-12-21,216,3
PO0014668,2024-12-21,1728,15
PO0014672,2024-12-21,1584,5
PO0014674,2024-12-21,6288,77
PO0014686,2024-12-21,3936,74
PO0014691,2024-12-21,420,3
PO0014405,2024-12-22,1440,77
PO0014502,2024-12-22,192,1
PO0014563,2024-12-22,186,4
PO0014572,2024-12-22,318,3
PO0014586,2024-12-22,960,15
PO0014594,2024-12-22,348,1
PO0014606,2024-12-22,577,2
PO0014643,2024-12-22,2040,35
PO0014683,2024-12-22,132,6
PO0014684,2024-12-22,1008,10
PO0014688,2024-12-22,912,5
PO0014690,2024-12-22,576,3
PO0014693,2024-12-22,2004,21
PO0014696,2024-12-22,816,9
PO0014698,2024-12-22,420,9
PO0014703,2024-12-22,240,2
PO0014716,2024-12-22,648,5
PO0014726,2024-12-22,1224,29
PO0014560,2024-12-23,1344,19
PO0014652,2024-12-23,600,4
PO0014660,2024-12-23,1656,29
PO0014683,2024-12-23,132,5
PO0014702,2024-12-23,255,0
PO0014706,2024-12-23,1416,10
PO0014709,2024-12-23,1800,15
PO0014710,2024-12-23,417,2
PO0014711,2024-12-23,732,3
PO0014712,2024-12-23,1824,19
PO0014713,2024-12-23,648,3
PO0014732,2024-12-23,222,0
PO0014733,2024-12-23,1428,16
PO0014735,2024-12-23,1440,10
PO0014736,2024-12-23,192,8
PO0014737,2024-12-23,192,1
PO0014405,2024-12-24,1440,77
PO0014520,2024-12-24,2034,10
PO0014607,2024-12-24,510,38
PO0014645,2024-12-24,2232,27
PO0014675,2024-12-24,552,6
PO0014677,2024-12-24,1572,19
PO0014692,2024-12-24,5964,40
PO0014694,2024-12-24,4434,39
PO0014697,2024-12-24,240,1
PO0014699,2024-12-24,768,7
PO0014700,2024-12-24,1218,20
PO0014710,2024-12-24,417,3
PO0014714,2024-12-24,1338,25
PO0014715,2024-12-24,2088,32
PO0014718,2024-12-24,858,8
PO0014721,2024-12-24,3204,29
PO0014722,2024-12-24,420,6
PO0014724,2024-12-24,1152,8
PO0014728,2024-12-24,2724,24
PO0014731,2024-12-24,1104,11
PO0014732,2024-12-24,222,1
PO0014734,2024-12-24,672,6
PO0014745,2024-12-24,216,2
PO0014748,2024-12-24,1392,10
PO0014755,2024-12-24,240,5
PO0014761,2024-12-24,606,6
PO0014762,2024-12-24,1074,6
PO0014781,2024-12-24,3312,42
PO0014705,2024-12-25,2400,16
PO0014707,2024-12-25,1072,20
PO0014713,2024-12-25,648,5
PO0014717,2024-12-25,684,9
PO0014720,2024-12-25,720,4
PO0014723,2024-12-25,240,3
PO0014727,2024-12-25,1986,39
PO0014729,2024-12-25,2160,27
PO0014738,2024-12-25,528,20
PO0014743,2024-12-25,420,4
PO0014744,2024-12-25,720,4
PO0014745,2024-12-25,216,2
PO0014746,2024-12-25,1386,7
PO0014747,2024-12-25,1440,14
PO0014752,2024-12-25,384,7
PO0014753,2024-12-25,192,3
PO0014759,2024-12-25,264,5
PO0014768,2024-12-25,612,5
PO0014769,2024-12-25,672,12
PO0014783,2024-12-25,732,5
PO0014784,2024-12-25,1248,6
PO0014789,2024-12-25,2352,36
PO0014791,2024-12-25,2160,16
PO0014809,2024-12-25,336,3
PO0014624,2024-12-26,5472,114
PO0014739,2024-12-26,1860,6
PO0014749,2024-12-26,336,6
PO0014750,2024-12-26,1116,5
PO0014754,2024-12-26,408,1
PO0014756,2024-12-26,3384,42
PO0014759,2024-12-26,264,5
PO0014760,2024-12-26,1044,11
PO0014763,2024-12-26,306,1
PO0014764,2024-12-26,2928,9
PO0014766,2024-12-26,600,11
PO0014767,2024-12-26,156,2
PO0014774,2024-12-26,1200,23
PO0014775,2024-12-26,324,10
PO0014779,2024-12-26,1242,9
PO0014786,2024-12-26,1074,19
PO0014787,2024-12-26,300,4
PO0014788,2024-12-26,270,2
PO0014790,2024-12-26,252,2
PO0014793,2024-12-26,5520,59
PO0014794,2024-12-26,2130,12
PO0014799,2024-12-26,2010,33
PO0014800,2024-12-26,666,2
PO0014804,2024-12-26,2568,31
PO0014811,2024-12-26,120,3
PO0014520,2024-12-27,2034,7
PO0014695,2024-12-27,2344,27
PO0014729,2024-12-27,2160,30
PO0014730,2024-12-27,504,4
PO0014741,2024-12-27,1902,30
PO0014765,2024-12-27,1344,19
PO0014768,2024-12-27,612,2
PO0014770,2024-12-27,3738,36
PO0014773,2024-12-27,810,13
PO0014778,2024-12-27,816,5
PO0014780,2024-12-27,144,2
PO0014790,2024-12-27,252,1
PO0014797,2024-12-27,168,3
PO0014805,2024-12-27,192,4
PO0014810,2024-12-27,2430,22
PO0014812,2024-12-27,1044,17
PO0014814,2024-12-27,1704,6
PO0014815,2024-12-27,2724,53
PO0014818,2024-12-27,384,1
PO0014820,2024-12-27,3288,12
PO0014822,2024-12-27,1200,12
PO0014823,2024-12-27,1296,9
PO0014828,2024-12-27,504,12
PO0014829,2024-12-27,828,5
PO0014830,2024-12-27,888,30
PO0014831,2024-12-27,336,14
PO0014832,2024-12-27,1152,4
PO0014834,2024-12-27,4512,12
PO0014838,2024-12-27,3456,71
PO0014645,2024-12-28,2232,26
PO0014725,2024-12-28,570,8
PO0014740,2024-12-28,656,8
PO0014751,2024-12-28,1872,23
PO0014757,2024-12-28,264,5
PO0014765,2024-12-28,1344,14
PO0014795,2024-12-28,1920,35
PO0014796,2024-12-28,666,2
PO0014798,2024-12-28,912,5
PO0014801,2024-12-28,912,21
PO0014802,2024-12-28,120,0
PO0014806,2024-12-28,4146,40
PO0014813,2024-12-28,234,2
PO0014816,2024-12-28,1152,17
PO0014817,2024-12-28,4020,27
PO0014825,2024-12-28,3534,33
PO0014833,2024-12-28,384,7
PO0014835,2024-12-28,2256,11
PO0014836,2024-12-28,384,5
PO0014685,2024-12-29,264,0
PO0014704,2024-12-29,1424,28
PO0014719,2024-12-29,4896,13
PO0014750,2024-12-29,1116,7
PO0014758,2024-12-29,2988,29
PO0014783,2024-12-29,732,10
PO0014824,2024-12-29,288,4
PO0014826,2024-12-29,1224,18
PO0014837,2024-12-29,1284,21
PO0014839,2024-12-29,6336,56
PO0014840,2024-12-29,1296,13
PO0014849,2024-12-29,4320,75
PO0014851,2024-12-29,552,5
PO0014852,2024-12-29,1824,16
PO0014853,2024-12-29,4080,68
PO0014854,2024-12-29,222,6
PO0014855,2024-12-29,2352,11
PO0014857,2024-12-29,1488,11
PO0014863,2024-12-29,1530,28
PO0014864,2024-12-29,1920,18
PO0014865,2024-12-29,474,8
PO0014678,2024-12-30,1937,29
PO0014701,2024-12-30,456,3
PO0014708,2024-12-30,3102,69
PO0014730,2024-12-30,504,1
PO0014742,2024-12-30,810,37
PO0014767,2024-12-30,156,0
PO0014771,2024-12-30,1488,45
PO0014776,2024-12-30,738,12
PO0014782,2024-12-30,144,5
PO0014844,2024-12-30,528,5
PO0014847,2024-12-30,1656,19
PO0014850,2024-12-30,564,5
PO0014854,2024-12-30,222,3
PO0014859,2024-12-30,1848,18
PO0014860,2024-12-30,396,1
PO0014869,2024-12-30,1164,13
PO0014870,2024-12-30,384,8
PO0014874,2024-12-30,1696,20
PO0014876,2024-12-30,1584,23
PO0014880,2024-12-30,876,6
PO0014881,2024-12-30,393,15
PO0014884,2024-12-30,1284,30
PO0014889,2024-12-30,432,3
PO0014890,2024-12-30,642,0
PO0014895,2024-12-30,336,3
PO0014898,2024-12-30,360,4
PO0014899,2024-12-30,1008,31
PO0014901,2024-12-30,912,17
PO0014907,2024-12-30,108,1
PO0014920,2024-12-30,840,10
PO0014923,2024-12-30,492,5
PO0014926,2024-12-30,216,3
PO0014943,2024-12-30,960,5
PO0014785,2024-12-31,1566,25
PO0014842,2024-12-31,360,4
PO0014843,2024-12-31,336,5
PO0014845,2024-12-31,2304,30
PO0014848,2024-12-31,618,1
PO0014861,2024-12-31,540,13
PO0014862,2024-12-31,384,0
PO0014867,2024-12-31,1708,48
PO0014868,2024-12-31,876,5
PO0014882,2024-12-31,624,10
PO0014886,2024-12-31,3228,28
PO0014894,2024-12-31,600,10
PO0014895,2024-12-31,336,3
PO0014902,2024-12-31,1008,25
PO0014906,2024-12-31,768,18
PO0014910,2024-12-31,528,11
PO0014919,2024-12-31,192,2
PO0014925,2024-12-31,930,14
PO0014927,2024-12-31,660,37
PO0014929,2024-12-31,1680,18
PO0014932,2024-12-31,2256,19
PO0014934,2024-12-31,210,0
PO0014937,2024-12-31,582,5
PO0014938,2024-12-31,960,12
PO0014945,2024-12-31,2160,8
PO0014976,2024-12-31,1152,7
PO0014740,2025-01-01,657,3
PO0014782,2025-01-01,144,6
PO0014792,2025-01-01,630,7
PO0014819,2025-01-01,1080,14
PO0014842,2025-01-01,360,2
PO0014858,2025-01-01,1392,10
PO0014866,2025-01-01,144,2
PO0014870,2025-01-01,384,11
PO0014871,2025-01-01,2928,26
PO0014872,2025-01-01,624,8
PO0014873,2025-01-01,816,4
PO0014875,2025-01-01,1020,4
PO0014878,2025-01-01,2112,18
PO0014885,2025-01-01,144,1
PO0014887,2025-01-01,480,5
PO0014891,2025-01-01,264,2
PO0014892,2025-01-01,192,1
PO0014896,2025-01-01,840,11
PO0014897,2025-01-01,2520,19
PO0014900,2025-01-01,1236,11
PO0014903,2025-01-01,1008,19
PO0014908,2025-01-01,276,1
PO0014909,2025-01-01,288,4
PO0014911,2025-01-01,96,0
PO0014912,2025-01-01,528,1
PO0014913,2025-01-01,2196,9
PO0014915,2025-01-01,5088,71
PO0014918,2025-01-01,648,13
PO0014924,2025-01-01,3120,26
PO0014931,2025-01-01,600,8
PO0014933,2025-01-01,240,2
PO0014934,2025-01-01,210,2
PO0014935,2025-01-01,276,1
PO0014942,2025-01-01,384,2
PO0014946,2025-01-01,708,10
PO0014948,2025-01-01,4608,44
PO0014949,2025-01-01,391,4
PO0014952,2025-01-01,5004,51
PO0014954,2025-01-01,2544,10
PO0014969,2025-01-01,336,9
PO0014970,2025-01-01,672,21
PO0014972,2025-01-01,2244,52
PO0014975,2025-01-01,1272,20
PO0014983,2025-01-01,1080,20
PO0014985,2025-01-01,420,1
PO0014777,2025-01-02,528,3
PO0014841,2025-01-02,528,6
PO0014856,2025-01-02,1212,34
PO0014858,2025-01-02,1392,5
PO0014881,2025-01-02,393,33
PO0014883,2025-01-02,90,1
PO0014916,2025-01-02,2994,55
PO0014921,2025-01-02,4992,48
PO0014926,2025-01-02,216,2
PO0014928,2025-01-02,696,31
PO0014930,2025-01-02,3672,31
PO0014939,2025-01-02,1656,10
PO0014940,2025-01-02,402,4
PO0014944,2025-01-02,576,10
PO0014947,2025-01-02,1200,21
PO0014951,2025-01-02,2856,30
PO0014953,2025-01-02,1476,18
PO0014956,2025-01-02,588,14
PO0014957,2025-01-02,2544,38
PO0014964,2025-01-02,240,1
PO0014965,2025-01-02,1632,25
PO0014967,2025-01-02,438,4
PO0014974,2025-01-02,3012,13
PO0014978,2025-01-02,2544,48
PO0014981,2025-01-02,3168,31
PO0014984,2025-01-02,1056,4
PO0014985,2025-01-02,420,4
PO0014986,2025-01-02,3462,35
PO0014989,2025-01-02,276,7
PO0014992,2025-01-02,381,6
PO0014993,2025-01-02,1872,25
PO0015003,2025-01-02,432,3
PO0015004,2025-01-02,480,6
PO0015005,2025-01-02,1140,7
PO0015008,2025-01-02,816,5
PO0014772,2025-01-03,5664,64
PO0014882,2025-01-03,624,14
PO0014893,2025-01-03,384,3
PO0014905,2025-01-03,972,42
PO0014918,2025-01-03,648,9
PO0014928,2025-01-03,696,29
PO0014950,2025-01-03,528,19
PO0014958,2025-01-03,1464,14
PO0014959,2025-01-03,4968,65
PO0014960,2025-01-03,1858,9
PO0014963,2025-01-03,1152,13
PO0014968,2025-01-03,1128,10
PO0014973,2025-01-03,204,3
PO0014980,2025-01-03,912,9
PO0014988,2025-01-03,726,7
PO0014991,2025-01-03,720,14
PO0014994,2025-01-03,426,9
PO0014996,2025-01-03,4392,20
PO0014998,2025-01-03,1104,34
PO0015000,2025-01-03,660,10
PO0015002,2025-01-03,96,3
PO0015007,2025-01-03,972,16
PO0015009,2025-01-03,1584,12
PO0015012,2025-01-03,1680,10
PO0015014,2025-01-03,1260,14
PO0015016,2025-01-03,2268,23
PO0015017,2025-01-03,336,3
PO0015019,2025-01-03,2100,9
PO0015020,2025-01-03,1128,68
PO0015026,2025-01-03,1104,8
PO0015027,2025-01-03,672,18
PO0014888,2025-01-04,1674,7
PO0014904,2025-01-04,1536,29
PO0014963,2025-01-04,1152,13
PO0014966,2025-01-04,408,2
PO0014975,2025-01-04,1272,25
PO0014979,2025-01-04,1404,6
PO0014982,2025-01-04,1404,20
PO0014987,2025-01-04,492,3
PO0014988,2025-01-04,726,5
PO0014990,2025-01-04,2016,22
PO0014995,2025-01-04,318,2
PO0014997,2025-01-04,1344,28
PO0015001,2025-01-04,900,25
PO0015011,2025-01-04,2496,31
PO0015018,2025-01-04,1032,22
PO0015020,2025-01-04,1128,54
PO0015022,2025-01-04,513,5
PO0015023,2025-01-04,1536,5
PO0015024,2025-01-04,1161,25
PO0015025,2025-01-04,281,1
PO0015028,2025-01-04,3216,29
PO0015030,2025-01-04,384,10
PO0015031,2025-01-04,240,6
PO0014454,2025-01-05,528,4
PO0014807,2025-01-05,1272,16
PO0014808,2025-01-05,528,3
PO0014866,2025-01-05,144,3
PO0014883,2025-01-05,90,0
PO0014892,2025-01-05,192,1
PO0014917,2025-01-05,336,1
PO0014933,2025-01-05,240,2
PO0014940,2025-01-05,402,4
PO0014941,2025-01-05,480,4
PO0014955,2025-01-05,4272,18
PO0014956,2025-01-05,588,16
PO0015006,2025-01-05,1392,10
PO0015013,2025-01-05,144,1
PO0015021,2025-01-05,1344,4
PO0015022,2025-01-05,513,9
PO0015035,2025-01-05,1416,11
PO0015037,2025-01-05,600,16
PO0015038,2025-01-05,384,10
PO0015039,2025-01-05,636,13
PO0015044,2025-01-05,1500,20
PO0015045,2025-01-05,432,6
PO0015056,2025-01-05,5952,18
PO0015063,2025-01-05,1008,15
PO0015067,2025-01-05,1980,28
PO0014821,2025-01-06,336,5
PO0014982,2025-01-06,1404,18
PO0014992,2025-01-06,381,5
PO0015037,2025-01-06,600,9
PO0015047,2025-01-06,576,7
PO0015053,2025-01-06,276,2
PO0015058,2025-01-06,1848,39
PO0015065,2025-01-06,1716,7
PO0015066,2025-01-06,1416,9
PO0015072,2025-01-06,814,8
PO0015076,2025-01-06,1776,26
PO0015077,2025-01-06,552,3
PO0015078,2025-01-06,432,4
PO0014846,2025-01-07,654,4
PO0014936,2025-01-07,528,7
PO0014962,2025-01-07,336,10
PO0015024,2025-01-07,1161,31
PO0015033,2025-01-07,1992,3
PO0015034,2025-01-07,372,2
PO0015036,2025-01-07,336,12
PO0015041,2025-01-07,4002,55
PO0015043,2025-01-07,1356,13
PO0015049,2025-01-07,984,12
PO0015050,2025-01-07,396,2
PO0015051,2025-01-07,1848,28
PO0015052,2025-01-07,636,4
PO0015054,2025-01-07,666,1
PO0015055,2025-01-07,624,7
PO0015060,2025-01-07,720,2
PO0015061,2025-01-07,456,5
PO0015062,2025-01-07,1032,13
PO0015064,2025-01-07,2088,22
PO0015069,2025-01-07,720,5
PO0015071,2025-01-07,1056,17
PO0015074,2025-01-07,2784,128
PO0015082,2025-01-07,1092,17
PO0015088,2025-01-07,192,4
PO0015090,2025-01-07,2100,45
PO0015092,2025-01-07,144,2
PO0015095,2025-01-07,1798,17
PO0015098,2025-01-07,2064,10
PO0015103,2025-01-07,303,2
PO0015104,2025-01-07,595,5
PO0015114,2025-01-07,528,8
PO0014803,2025-01-08,534,3
PO0014914,2025-01-08,576,4
PO0014979,2025-01-08,1404,10
PO0015015,2025-01-08,3408,56
PO0015032,2025-01-08,876,8
PO0015057,2025-01-08,1224,9
PO0015068,2025-01-08,558,5
PO0015086,2025-01-08,253,3
PO0015096,2025-01-08,708,4
PO0015101,2025-01-08,144,3
PO0015102,2025-01-08,2430,25
PO0015103,2025-01-08,303,1
PO0015105,2025-01-08,984,2
PO0015106,2025-01-08,624,1
PO0015108,2025-01-08,288,1
PO0015110,2025-01-08,384,0
PO0015111,2025-01-08,1536,16
PO0015116,2025-01-08,1182,22
PO0015123,2025-01-08,918,12
PO0015124,2025-01-08,654,6
PO0015125,2025-01-08,1284,15
PO0015128,2025-01-08,1368,6
PO0015129,2025-01-08,864,4
PO0015130,2025-01-08,120,0
PO0015150,2025-01-08,912,12
PO0014808,2025-01-09,528,7
PO0014827,2025-01-09,1464,9
PO0014962,2025-01-09,336,9
PO0014971,2025-01-09,648,6
PO0014999,2025-01-09,3780,40
PO0015070,2025-01-09,1236,9
PO0015083,2025-01-09,1056,33
PO0015084,2025-01-09,1872,18
PO0015089,2025-01-09,1872,33
PO0015092,2025-01-09,144,3
PO0015093,2025-01-09,2736,28
PO0015096,2025-01-09,708,4
PO0015099,2025-01-09,1572,4
PO0015100,2025-01-09,270,5
PO0015109,2025-01-09,456,2
PO0015112,2025-01-09,3024,26
PO0015113,2025-01-09,918,6
PO0015115,2025-01-09,390,7
PO0015118,2025-01-09,5124,23
PO0015119,2025-01-09,4752,56
PO0015121,2025-01-09,654,3
PO0015127,2025-01-09,684,8
PO0015131,2025-01-09,912,7
PO0015132,2025-01-09,264,5
PO0015133,2025-01-09,2226,30
PO0015135,2025-01-09,1584,15
PO0015138,2025-01-09,960,9
PO0015142,2025-01-09,756,8
PO0015146,2025-01-09,984,9
PO0015151,2025-01-09,564,6
PO0015161,2025-01-09,780,12
PO0014877,2025-01-10,1710,34
PO0015029,2025-01-10,2784,50
PO0015048,2025-01-10,144,2
PO0015050,2025-01-10,396,4
PO0015059,2025-01-10,474,9
PO0015079,2025-01-10,312,1
PO0015081,2025-01-10,360,7
PO0015091,2025-01-10,558,2
PO0015107,2025-01-10,1824,21
PO0015109,2025-01-10,456,6
PO0015117,2025-01-10,2136,32
PO0015126,2025-01-10,624,27
PO0015143,2025-01-10,4320,43
PO0015144,2025-01-10,906,9
PO0015145,2025-01-10,1752,11
PO0015147,2025-01-10,3048,19
PO0015148,2025-01-10,528,3
PO0015163,2025-01-10,1836,47
PO0015165,2025-01-10,768,11
PO0015166,2025-01-10,1008,8
PO0015170,2025-01-10,672,12
PO0015176,2025-01-10,1107,17
PO0015182,2025-01-10,576,3
PO0015010,2025-01-11,528,26
PO0015068,2025-01-11,558,3
PO0015075,2025-01-11,3996,19
PO0015087,2025-01-11,888,11
PO0015097,2025-01-11,81,2
PO0015130,2025-01-11,120,0
PO0015136,2025-01-11,2496,55
PO0015137,2025-01-11,1104,22
PO0015139,2025-01-11,456,3
PO0015149,2025-01-11,1512,29
PO0015153,2025-01-11,162,2
PO0015154,2025-01-11,180,5
PO0015156,2025-01-11,714,3
PO0015157,2025-01-11,402,2
PO0015158,2025-01-11,756,14
PO0015162,2025-01-11,621,6
PO0015167,2025-01-11,564,7
PO0015168,2025-01-11,1104,16
PO0015172,2025-01-11,168,2
PO0015173,2025-01-11,180,2
PO0015180,2025-01-11,432,8
PO0014961,2025-01-12,2592,25
PO0014977,2025-01-12,351,4
PO0015042,2025-01-12,1776,21
PO0015073,2025-01-12,3216,145
PO0015122,2025-01-12,198,1
PO0015140,2025-01-12,1464,4
PO0015153,2025-01-12,162,0
PO0015155,2025-01-12,840,17
PO0015158,2025-01-12,756,6
PO0015159,2025-01-12,1464,22
PO0015162,2025-01-12,621,8
PO0015164,2025-01-12,816,14
PO0015169,2025-01-12,180,2
PO0015170,2025-01-12,672,7
PO0015171,2025-01-12,1104,10
PO0015174,2025-01-12,2562,24
PO0015185,2025-01-12,504,1
PO0015192,2025-01-12,1104,29
PO0015194,2025-01-12,474,8
PO0015195,2025-01-12,3768,39
PO0015197,2025-01-12,456,11
PO0015198,2025-01-12,792,7
PO0015199,2025-01-12,720,22
PO0015206,2025-01-12,768,14
PO0015210,2025-01-12,4584,46
PO0015227,2025-01-12,384,5
PO0015046,2025-01-13,2226,31
PO0015085,2025-01-13,3216,189
PO0015144,2025-01-13,906,4
PO0015146,2025-01-13,984,8
PO0015155,2025-01-13,840,12
PO0015172,2025-01-13,168,0
PO0015184,2025-01-13,360,5
PO0015186,2025-01-13,576,3
PO0015187,2025-01-13,96,1
PO0015188,2025-01-13,720,14
PO0015190,2025-01-13,2412,43
PO0015202,2025-01-13,312,6
PO0015203,2025-01-13,1008,8
PO0015207,2025-01-13,336,3
PO0015211,2025-01-13,1920,14
PO0015214,2025-01-13,534,4
PO0015216,2025-01-13,1824,28
PO0015217,2025-01-13,288,1
PO0015220,2025-01-13,4320,87
PO0015221,2025-01-13,4752,54
PO0015226,2025-01-13,409,6
PO0015229,2025-01-13,1152,0
PO0015230,2025-01-13,348,2
PO0015232,2025-01-13,348,4
PO0015249,2025-01-13,540,5
PO0015258,2025-01-13,768,4
PO0014879,2025-01-14,3564,49
PO0015081,2025-01-14,360,2
PO0015152,2025-01-14,1068,5
PO0015157,2025-01-14,402,3
PO0015181,2025-01-14,1968,100
PO0015183,2025-01-14,1068,11
PO0015194,2025-01-14,474,6
PO0015200,2025-01-14,74,1
PO0015201,2025-01-14,960,4
PO0015205,2025-01-14,600,2
PO0015208,2025-01-14,3420,50
PO0015209,2025-01-14,168,3
PO0015212,2025-01-14,1056,60
PO0015215,2025-01-14,720,6
PO0015219,2025-01-14,180,1
PO0015222,2025-01-14,624,1
PO0015224,2025-01-14,1008,23
PO0015228,2025-01-14,828,4
PO0015232,2025-01-14,348,6
PO0015234,2025-01-14,276,2
PO0015235,2025-01-14,2640,14
PO0015237,2025-01-14,210,4
PO0015239,2025-01-14,120,0
PO0015240,2025-01-14,2544,11
PO0015242,2025-01-14,2664,27
PO0015243,2025-01-14,336,1
PO0015246,2025-01-14,804,7
PO0015251,2025-01-14,1218,25
PO0015253,2025-01-14,336,1
PO0015255,2025-01-14,264,0
PO0015257,2025-01-14,624,8
PO0015267,2025-01-14,1488,7
PO0015271,2025-01-14,660,4
PO0015291,2025-01-14,336,2
PO0015299,2025-01-14,311,1
PO0015094,2025-01-15,4152,45
PO0015097,2025-01-15,81,2
PO0015137,2025-01-15,1104,23
PO0015178,2025-01-15,1566,16
PO0015179,2025-01-15,648,13
PO0015187,2025-01-15,96,1
PO0015215,2025-01-15,720,5
PO0015218,2025-01-15,2352,57
PO0015223,2025-01-15,3744,52
PO0015225,2025-01-15,3312,18
PO0015231,2025-01-15,768,2
PO0015233,2025-01-15,288,2
PO0015238,2025-01-15,732,3
PO0015244,2025-01-15,177,3
PO0015245,2025-01-15,318,4
PO0015248,2025-01-15,492,2
PO0015254,2025-01-15,144,1
PO0015261,2025-01-15,1080,13
PO0015262,2025-01-15,1380,16
PO0015269,2025-01-15,1368,16
PO0015273,2025-01-15,5826,41
PO0015274,2025-01-15,312,2
PO0015277,2025-01-15,768,10
PO0015286,2025-01-15,5580,118
PO0015287,2025-01-15,714,12
PO0015288,2025-01-15,552,7
PO0015290,2025-01-15,720,12
PO0015294,2025-01-15,168,0
PO0015295,2025-01-15,180,2
PO0015040,2025-01-16,504,7
PO0015141,2025-01-16,744,8
PO0015209,2025-01-16,168,5
PO0015234,2025-01-16,276,3
PO0015247,2025-01-16,390,1
PO0015248,2025-01-16,492,2
PO0015252,2025-01-16,936,12
PO0015256,2025-01-16,1500,33
PO0015264,2025-01-16,384,16
PO0015265,2025-01-16,504,6
PO0015266,2025-01-16,1008,24
PO0015268,2025-01-16,1728,26
PO0015272,2025-01-16,912,7
PO0015284,2025-01-16,336,3
PO0015285,2025-01-16,1176,35
PO0015306,2025-01-16,288,3
PO0015307,2025-01-16,576,8
PO0015308,2025-01-16,1932,39
PO0015311,2025-01-16,864,6
PO0015313,2025-01-16,1008,17
PO0015319,2025-01-16,804,4
PO0015322,2025-01-16,3312,12
PO0015324,2025-01-16,576,10
PO0015326,2025-01-16,912,9
PO0015335,2025-01-16,2496,18
PO0015340,2025-01-16,390,7
PO0015175,2025-01-17,1372,18
PO0015189,2025-01-17,2712,43
PO0015251,2025-01-17,1218,24
PO0015259,2025-01-17,192,6
PO0015270,2025-01-17,3144,24
PO0015276,2025-01-17,3510,74
PO0015280,2025-01-17,3240,20
PO0015282,2025-01-17,4380,32
PO0015283,2025-01-17,1452,9
PO0015296,2025-01-17,174,2
PO0015297,2025-01-17,1008,9
PO0015298,2025-01-17,1104,28
PO0015302,2025-01-17,432,3
PO0015303,2025-01-17,2278,48
PO0015305,2025-01-17,396,4
PO0015315,2025-01-17,1476,30
PO0015316,2025-01-17,492,1
PO0015328,2025-01-17,144,3
PO0015334,2025-01-17,2496,34
PO0015336,2025-01-17,312,6
PO0015338,2025-01-17,816,9
PO0015346,2025-01-17,222,2
PO0015349,2025-01-17,528,3
PO0015350,2025-01-17,360,6
PO0015351,2025-01-17,1632,13
PO0015120,2025-01-18,720,10
PO0015193,2025-01-18,1452,7
PO0015213,2025-01-18,624,9
PO0015245,2025-01-18,318,2
PO0015309,2025-01-18,4620,26
PO0015317,2025-01-18,276,0
PO0015320,2025-01-18,336,0
PO0015325,2025-01-18,1224,7
PO0015329,2025-01-18,1032,6
PO0015331,2025-01-18,3024,33
PO0015332,2025-01-18,1380,6
PO0015337,2025-01-18,682,10
PO0015354,2025-01-18,1848,27
PO0015369,2025-01-18,888,10
PO0015120,2025-01-19,720,22
PO0015177,2025-01-19,780,15
PO0015281,2025-01-19,372,5
PO0015294,2025-01-19,168,2
PO0015295,2025-01-19,180,3
PO0015333,2025-01-19,2598,28
PO0015339,2025-01-19,440,4
PO0015342,2025-01-19,480,13
PO0015345,2025-01-19,204,1
PO0015346,2025-01-19,222,1
PO0015348,2025-01-19,390,2
PO0015354,2025-01-19,1848,27
PO0015355,2025-01-19,480,5
PO0015361,2025-01-19,4080,22
PO0015365,2025-01-19,576,15
PO0015367,2025-01-19,408,10
PO0015160,2025-01-20,1104,23
PO0015241,2025-01-20,888,6
PO0015284,2025-01-20,336,5
PO0015296,2025-01-20,174,0
PO0015317,2025-01-20,276,0
PO0015327,2025-01-20,4284,89
PO0015353,2025-01-20,3156,33
PO0015363,2025-01-20,384,9
PO0015364,2025-01-20,1236,23
PO0015369,2025-01-20,888,7
PO0015371,2025-01-20,708,7
PO0015372,2025-01-20,528,5
PO0015378,2025-01-20,4896,42
PO0015382,2025-01-20,360,1
PO0015385,2025-01-20,252,1
PO0015387,2025-01-20,2808,29
PO0015389,2025-01-20,756,6
PO0015411,2025-01-20,432,2
PO0015080,2025-01-21,522,7
PO0015177,2025-01-21,780,18
PO0015250,2025-01-21,750,7
PO0015275,2025-01-21,2784,37
PO0015276,2025-01-21,3510,75
PO0015300,2025-01-21,378,5
PO0015312,2025-01-21,432,12
PO0015323,2025-01-21,3048,35
PO0015343,2025-01-21,1728,103
PO0015345,2025-01-21,204,2
PO0015352,2025-01-21,4212,26
PO0015357,2025-01-21,1008,3
PO0015358,2025-01-21,3360,20
PO0015360,2025-01-21,456,18
PO0015362,2025-01-21,2112,5
PO0015366,2025-01-21,216,1
PO0015377,2025-01-21,2778,37
PO0015380,2025-01-21,720,17
PO0015381,2025-01-21,504,4
PO0015388,2025-01-21,816,31
PO0015393,2025-01-21,336,22
PO0015397,2025-01-21,5736,35
PO0015400,2025-01-21,168,0
PO0015403,2025-01-21,372,4
PO0015406,2025-01-21,453,8
PO0015407,2025-01-21,3312,23
PO0015408,2025-01-21,382,0
PO0015419,2025-01-21,348,7
PO0015429,2025-01-21,720,4
PO0015432,2025-01-21,192,6
PO0015437,2025-01-21,480,1
PO0015444,2025-01-21,2340,39
PO0015196,2025-01-22,432,22
PO0015263,2025-01-22,408,5
PO0015289,2025-01-22,384,2
PO0015292,2025-01-22,468,3
PO0015293,2025-01-22,432,9
PO0015341,2025-01-22,456,11
PO0015368,2025-01-22,768,11
PO0015373,2025-01-22,912,4
PO0015374,2025-01-22,678,12
PO0015386,2025-01-22,192,1
PO0015394,2025-01-22,420,27
PO0015398,2025-01-22,816,11
PO0015401,2025-01-22,960,9
PO0015404,2025-01-22,2088,16
PO0015414,2025-01-22,1008,14
PO0015415,2025-01-22,1578,28
PO0015427,2025-01-22,1428,31
PO0015430,2025-01-22,288,4
PO0015431,2025-01-22,1284,16
PO0015435,2025-01-22,486,1
PO0015436,2025-01-22,456,2
PO0015439,2025-01-22,618,7
PO0015446,2025-01-22,1104,14
PO0015454,2025-01-22,1164,13
PO0015460,2025-01-22,2130,10
PO0015462,2025-01-22,2400,26
PO0015465,2025-01-22,720,16
PO0015472,2025-01-22,1248,3
PO0015279,2025-01-23,600,5
PO0015310,2025-01-23,528,4
PO0015314,2025-01-23,2832,167
PO0015353,2025-01-23,3156,28
PO0015370,2025-01-23,2496,28
PO0015396,2025-01-23,1920,17
PO0015399,2025-01-23,1776,20
PO0015402,2025-01-23,1944,9
PO0015404,2025-01-23,2088,26
PO0015405,2025-01-23,264,0
PO0015409,2025-01-23,822,2
PO0015410,2025-01-23,456,3
PO0015412,2025-01-23,312,5
PO0015417,2025-01-23,4032,80
PO0015420,2025-01-23,816,16
PO0015422,2025-01-23,5400,104
PO0015425,2025-01-23,300,3
PO0015428,2025-01-23,3600,43
PO0015430,2025-01-23,288,5
PO0015434,2025-01-23,1344,9
PO0015438,2025-01-23,288,10
PO0015440,2025-01-23,408,1
PO0015442,2025-01-23,828,14
PO0015443,2025-01-23,2226,26
PO0015445,2025-01-23,384,1
PO0015447,2025-01-23,528,3
PO0015448,2025-01-23,768,12
PO0015452,2025-01-23,2106,35
PO0015453,2025-01-23,438,0
PO0015455,2025-01-23,3504,48
PO0015457,2025-01-23,1392,10
PO0015458,2025-01-23,564,2
PO0015464,2025-01-23,288,4
PO0015466,2025-01-23,480,2
PO0015467,2025-01-23,926,18
PO0015471,2025-01-23,408,2
PO0015475,2025-01-23,192,5
PO0015477,2025-01-23,349,6
PO0015479,2025-01-23,1392,41
PO0015480,2025-01-23,48,1
PO0015481,2025-01-23,3660,34
PO0015483,2025-01-23,1056,25
PO0015486,2025-01-23,2160,14
PO0015487,2025-01-23,294,8
PO0015493,2025-01-23,108,0
PO0015500,2025-01-23,636,5
PO0015191,2025-01-24,1344,44
PO0015204,2025-01-24,2028,37
PO0015318,2025-01-24,1416,9
PO0015344,2025-01-24,762,3
PO0015383,2025-01-24,1152,14
PO0015391,2025-01-24,2208,16
PO0015400,2025-01-24,168,1
PO0015421,2025-01-24,744,14
PO0015426,2025-01-24,432,2
PO0015445,2025-01-24,384,6
PO0015449,2025-01-24,726,4
PO0015450,2025-01-24,1560,19
PO0015451,2025-01-24,402,3
PO0015459,2025-01-24,1578,15
PO0015469,2025-01-24,2304,13
PO0015473,2025-01-24,1032,6
PO0015476,2025-01-24,340,10
PO0015484,2025-01-24,236,1
PO0015488,2025-01-24,528,10
PO0015489,2025-01-24,3042,30
PO0015491,2025-01-24,228,1
PO0015492,2025-01-24,3876,77
PO0015496,2025-01-24,624,1
PO0015504,2025-01-24,288,7
PO0015505,2025-01-24,534,1
PO0015506,2025-01-24,2220,20
PO0015196,2025-01-25,432,26
PO0015301,2025-01-25,1008,61
PO0015321,2025-01-25,204,5
PO0015330,2025-01-25,948,15
PO0015359,2025-01-25,2784,153
PO0015379,2025-01-25,840,11
PO0015395,2025-01-25,768,3
PO0015408,2025-01-25,383,1
PO0015413,2025-01-25,636,12
PO0015440,2025-01-25,408,4
PO0015448,2025-01-25,768,11
PO0015461,2025-01-25,1584,7
PO0015468,2025-01-25,1296,7
PO0015470,2025-01-25,204,1
PO0015477,2025-01-25,349,6
PO0015482,2025-01-25,4848,17
PO0015498,2025-01-25,2868,50
PO0015502,2025-01-25,528,13
PO0015503,2025-01-25,3684,34
PO0015512,2025-01-25,1160,25
PO0015515,2025-01-25,972,9
PO0015134,2025-01-26,414,22
PO0015236,2025-01-26,420,3
PO0015304,2025-01-26,1236,57
PO0015412,2025-01-26,312,2
PO0015423,2025-01-26,1776,9
PO0015424,2025-01-26,864,34
PO0015443,2025-01-26,2226,15
PO0015484,2025-01-26,237,0
PO0015495,2025-01-26,1554,19
PO0015497,2025-01-26,3060,73
PO0015501,2025-01-26,702,2
PO0015508,2025-01-26,932,12
PO0015509,2025-01-26,216,2
PO0015510,2025-01-26,924,9
PO0015513,2025-01-26,624,9
PO0015518,2025-01-26,588,5
PO0015520,2025-01-26,1728,13
PO0015523,2025-01-26,5448,71
PO0015526,2025-01-26,756,2
PO0015528,2025-01-26,288,0
PO0015530,2025-01-26,707,7
PO0015538,2025-01-26,864,32
PO0015543,2025-01-26,1104,10
PO0015558,2025-01-26,240,11
PO0015569,2025-01-26,528,6
PO0014922,2025-01-27,1080,18
PO0015278,2025-01-27,3600,188
PO0015347,2025-01-27,768,6
PO0015375,2025-01-27,2106,17
PO0015390,2025-01-27,1152,12
PO0015392,2025-01-27,1008,40
PO0015410,2025-01-27,456,4
PO0015418,2025-01-27,4224,43
PO0015514,2025-01-27,486,4
PO0015517,2025-01-27,240,3
PO0015519,2025-01-27,927,12
PO0015522,2025-01-27,720,17
PO0015527,2025-01-27,348,3
PO0015529,2025-01-27,780,7
PO0015534,2025-01-27,4704,5
PO0015535,2025-01-27,1020,18
PO0015536,2025-01-27,1968,29
PO0015550,2025-01-27,1200,18
PO0015562,2025-01-27,906,0
PO0015565,2025-01-27,252,6
PO0015570,2025-01-27,708,7
PO0015578,2025-01-27,384,7
PO0014922,2025-01-28,1080,20
PO0015321,2025-01-28,204,4
PO0015416,2025-01-28,732,21
PO0015490,2025-01-28,744,8
PO0015506,2025-01-28,2220,21
PO0015511,2025-01-28,528,10
PO0015525,2025-01-28,1920,15
PO0015532,2025-01-28,1065,15
PO0015533,2025-01-28,1128,5
PO0015537,2025-01-28,864,48
PO0015541,2025-01-28,1824,11
PO0015542,2025-01-28,3288,25
PO0015547,2025-01-28,576,3
PO0015549,2025-01-28,3192,25
PO0015551,2025-01-28,936,9
PO0015556,2025-01-28,96,3
PO0015557,2025-01-28,1332,19
PO0015564,2025-01-28,1356,14
PO0015568,2025-01-28,1188,6
PO0015570,2025-01-28,708,14
PO0015572,2025-01-28,624,8
PO0015573,2025-01-28,270,2
PO0015574,2025-01-28,2670,10
PO0015583,2025-01-28,912,8
PO0015585,2025-01-28,480,5
PO0015591,2025-01-28,912,20
PO0015617,2025-01-28,1224,17
PO0015134,2025-01-29,414,21
PO0015416,2025-01-29,732,19
PO0015456,2025-01-29,336,11
PO0015470,2025-01-29,204,2
PO0015501,2025-01-29,702,6
PO0015519,2025-01-29,927,15
PO0015520,2025-01-29,1728,12
PO0015544,2025-01-29,2122,16
PO0015545,2025-01-29,1296,13
PO0015548,2025-01-29,1680,56
PO0015553,2025-01-29,2112,22
PO0015554,2025-01-29,4320,85
PO0015555,2025-01-29,270,0
PO0015556,2025-01-29,96,1
PO0015559,2025-01-29,408,0
PO0015560,2025-01-29,384,2
PO0015561,2025-01-29,576,3
PO0015563,2025-01-29,1392,16
PO0015566,2025-01-29,540,3
PO0015571,2025-01-29,144,1
PO0015575,2025-01-29,1584,10
PO0015577,2025-01-29,348,1
PO0015579,2025-01-29,4368,210
PO0015581,2025-01-29,672,8
PO0015582,2025-01-29,1292,23
PO0015584,2025-01-29,192,1
PO0015592,2025-01-29,1044,29
PO0015596,2025-01-29,192,2
PO0015597,2025-01-29,204,1
PO0015598,2025-01-29,3240,19
PO0015599,2025-01-29,1218,15
PO0015600,2025-01-29,1128,13
PO0015602,2025-01-29,624,11
PO0015603,2025-01-29,366,7
PO0015604,2025-01-29,672,5
PO0015605,2025-01-29,1248,29
PO0015619,2025-01-29,1080,23
PO0015621,2025-01-29,635,15
PO0015624,2025-01-29,180,4
PO0015648,2025-01-29,396,1
PO0015376,2025-01-30,384,3
PO0015524,2025-01-30,1337,18
PO0015540,2025-01-30,480,3
PO0015565,2025-01-30,252,3
PO0015567,2025-01-30,408,4
PO0015576,2025-01-30,192,1
PO0015580,2025-01-30,1512,27
PO0015587,2025-01-30,2688,27
PO0015590,2025-01-30,1728,28
PO0015594,2025-01-30,618,3
PO0015595,2025-01-30,540,4
PO0015597,2025-01-30,204,1
PO0015601,2025-01-30,360,3
PO0015606,2025-01-30,288,5
PO0015614,2025-01-30,228,7
PO0015615,2025-01-30,1728,33
PO0015618,2025-01-30,1740,19
PO0015619,2025-01-30,1080,13
PO0015622,2025-01-30,720,15
PO0015627,2025-01-30,3720,47
PO0015630,2025-01-30,2196,21
PO0015631,2025-01-30,1494,4
PO0015637,2025-01-30,144,1
PO0015645,2025-01-30,1230,12
PO0015650,2025-01-30,336,1
PO0015652,2025-01-30,1656,23
PO0015666,2025-01-30,366,1
PO0015260,2025-01-31,774,11
PO0015474,2025-01-31,288,3
PO0015494,2025-01-31,84,2
PO0015542,2025-01-31,3288,25
PO0015552,2025-01-31,1152,58
PO0015564,2025-01-31,1356,14
PO0015566,2025-01-31,540,3
PO0015582,2025-01-31,1292,17
PO0015584,2025-01-31,192,0
PO0015586,2025-01-31,912,15
PO0015589,2025-01-31,678,12
PO0015610,2025-01-31,5280,89
PO0015620,2025-01-31,2424,19
PO0015623,2025-01-31,384,4
PO0015625,2025-01-31,5040,36
PO0015626,2025-01-31,720,5
PO0015632,2025-01-31,2688,50
PO0015638,2025-01-31,1566,6
PO0015641,2025-01-31,1752,16
PO0015642,2025-01-31,1080,15
PO0015643,2025-01-31,2352,32
PO0015644,2025-01-31,1248,3
PO0015649,2025-01-31,1200,18
PO0015651,2025-01-31,192,3
PO0015654,2025-01-31,648,12
PO0015657,2025-01-31,1284,8
PO0015662,2025-01-31,2565,28
PO0015663,2025-01-31,2988,10
PO0015670,2025-01-31,1296,60
PO0015674,2025-01-31,4500,20
PO0015679,2025-01-31,84,0
PO0015478,2025-02-01,883,10
PO0015525,2025-02-01,1920,21
PO0015568,2025-02-01,1188,7
PO0015633,2025-02-01,2256,13
PO0015634,2025-02-01,714,2
PO0015635,2025-02-01,1014,14
PO0015639,2025-02-01,2160,46
PO0015640,2025-02-01,408,6
PO0015646,2025-02-01,1128,22
PO0015653,2025-02-01,696,5
PO0015655,2025-02-01,852,7
PO0015659,2025-02-01,1116,21
PO0015661,2025-02-01,552,2
PO0015664,2025-02-01,3348,29
PO0015671,2025-02-01,624,4
PO0015678,2025-02-01,3408,29
PO0015700,2025-02-01,1128,24
PO0015433,2025-02-02,396,8
PO0015463,2025-02-02,768,4
PO0015494,2025-02-02,84,1
PO0015499,2025-02-02,1440,16
PO0015516,2025-02-02,804,15
PO0015546,2025-02-02,816,9
PO0015614,2025-02-02,228,4
PO0015647,2025-02-02,1056,9
PO0015657,2025-02-02,1284,12
PO0015658,2025-02-02,360,7
PO0015660,2025-02-02,162,1
PO0015669,2025-02-02,504,11
PO0015672,2025-02-02,240,1
PO0015673,2025-02-02,4944,51
PO0015676,2025-02-02,1392,67
PO0015677,2025-02-02,1488,18
PO0015680,2025-02-02,384,6
PO0015681,2025-02-02,4656,58
PO0015683,2025-02-02,408,0
PO0015686,2025-02-02,4128,21
PO0015688,2025-02-02,3348,21
PO0015693,2025-02-02,2064,29
PO0015696,2025-02-02,403,2
PO0015697,2025-02-02,282,0
PO0015699,2025-02-02,1032,14
PO0015731,2025-02-02,2052,23
PO0015612,2025-02-03,5568,45
PO0015629,2025-02-03,2232,19
PO0015641,2025-02-03,1752,22
PO0015646,2025-02-03,1128,25
PO0015660,2025-02-03,162,1
PO0015687,2025-02-03,1236,14
PO0015689,2025-02-03,384,2
PO0015691,2025-02-03,294,3
PO0015692,2025-02-03,2868,15
PO0015698,2025-02-03,240,3
PO0015704,2025-02-03,2292,25
PO0015705,2025-02-03,1032,6
PO0015711,2025-02-03,726,6
PO0015719,2025-02-03,696,5
PO0015724,2025-02-03,312,2
PO0015730,2025-02-03,1440,30
PO0015732,2025-02-03,144,1
PO0015734,2025-02-03,234,2
PO0015735,2025-02-03,438,8
PO0015741,2025-02-03,720,7
PO0015384,2025-02-04,1668,21
PO0015608,2025-02-04,816,14
PO0015609,2025-02-04,696,25
PO0015628,2025-02-04,216,2
PO0015662,2025-02-04,2565,32
PO0015669,2025-02-04,504,12
PO0015679,2025-02-04,84,1
PO0015684,2025-02-04,2832,39
PO0015685,2025-02-04,1590,11
PO0015694,2025-02-04,720,18
PO0015695,2025-02-04,114,2
PO0015707,2025-02-04,6288,17
PO0015708,2025-02-04,1200,22
PO0015709,2025-02-04,2400,126
PO0015710,2025-02-04,522,3
PO0015716,2025-02-04,1488,24
PO0015720,2025-02-04,822,14
PO0015721,2025-02-04,1062,15
PO0015726,2025-02-04,450,7
PO0015733,2025-02-04,720,5
PO0015743,2025-02-04,480,3
PO0015745,2025-02-04,600,5
PO0015753,2025-02-04,1032,14
PO0015754,2025-02-04,816,17
PO0015759,2025-02-04,182,0
PO0015760,2025-02-04,192,8
PO0015765,2025-02-04,624,9
PO0015539,2025-02-05,1440,18
PO0015609,2025-02-05,696,17
PO0015683,2025-02-05,408,2
PO0015701,2025-02-05,816,9
PO0015702,2025-02-05,996,3
PO0015703,2025-02-05,1800,17
PO0015712,2025-02-05,1320,14
PO0015713,2025-02-05,492,7
PO0015715,2025-02-05,1164,21
PO0015717,2025-02-05,642,2
PO0015718,2025-02-05,378,2
PO0015722,2025-02-05,1284,22
PO0015723,2025-02-05,960,24
PO0015726,2025-02-05,450,12
PO0015728,2025-02-05,384,3
PO0015729,2025-02-05,715,8
PO0015736,2025-02-05,2474,24
PO0015738,2025-02-05,408,10
PO0015739,2025-02-05,1188,15
PO0015740,2025-02-05,534,2
PO0015742,2025-02-05,2076,13
PO0015758,2025-02-05,1008,2
PO0015762,2025-02-05,276,2
PO0015764,2025-02-05,2580,34
PO0015767,2025-02-05,888,1
PO0015769,2025-02-05,960,4
PO0015771,2025-02-05,2220,43
PO0015776,2025-02-05,540,5
PO0015782,2025-02-05,1608,56
PO0015784,2025-02-05,2382,47
PO0015785,2025-02-05,1008,26
PO0015789,2025-02-05,1800,29
PO0015441,2025-02-06,384,5
PO0015507,2025-02-06,864,8
PO0015521,2025-02-06,384,5
PO0015616,2025-02-06,132,1
PO0015656,2025-02-06,1052,15
PO0015682,2025-02-06,1800,18
PO0015710,2025-02-06,522,2
PO0015714,2025-02-06,408,6
PO0015721,2025-02-06,1062,22
PO0015725,2025-02-06,192,5
PO0015730,2025-02-06,1440,29
PO0015733,2025-02-06,720,4
PO0015735,2025-02-06,438,4
PO0015744,2025-02-06,912,16
PO0015747,2025-02-06,552,7
PO0015749,2025-02-06,288,4
PO0015750,2025-02-06,2112,26
PO0015751,2025-02-06,1872,18
PO0015757,2025-02-06,732,2
PO0015763,2025-02-06,366,4
PO0015770,2025-02-06,960,14
PO0015772,2025-02-06,1440,2
PO0015775,2025-02-06,912,10
PO0015779,2025-02-06,312,3
PO0015780,2025-02-06,768,18
PO0015786,2025-02-06,372,4
PO0015787,2025-02-06,432,2
PO0015791,2025-02-06,822,4
PO0015792,2025-02-06,648,6
PO0015794,2025-02-06,1710,16
PO0015796,2025-02-06,756,11
PO0015799,2025-02-06,570,3
PO0015800,2025-02-06,600,6
PO0015801,2025-02-06,492,2
PO0015809,2025-02-06,480,3
PO0015818,2025-02-06,39,0
PO0015819,2025-02-06,384,7
PO0015826,2025-02-06,840,9
PO0015836,2025-02-06,516,7
PO0015441,2025-02-07,384,5
PO0015588,2025-02-07,1596,19
PO0015611,2025-02-07,576,8
PO0015613,2025-02-07,822,34
PO0015636,2025-02-07,702,12
PO0015690,2025-02-07,2808,38
PO0015702,2025-02-07,996,5
PO0015719,2025-02-07,696,5
PO0015737,2025-02-07,459,1
PO0015747,2025-02-07,552,11
PO0015748,2025-02-07,144,1
PO0015766,2025-02-07,1080,10
PO0015777,2025-02-07,1008,10
PO0015781,2025-02-07,912,14
PO0015788,2025-02-07,984,4
PO0015793,2025-02-07,2880,40
PO0015796,2025-02-07,756,11
PO0015797,2025-02-07,504,3
PO0015805,2025-02-07,540,8
PO0015806,2025-02-07,984,14
PO0015807,2025-02-07,1998,11
PO0015811,2025-02-07,553,9
PO0015813,2025-02-07,1488,4
PO0015814,2025-02-07,2418,26
PO0015817,2025-02-07,384,7
PO0015818,2025-02-07,39,1
PO0015821,2025-02-07,864,5
PO0015824,2025-02-07,744,8
PO0015830,2025-02-07,1008,5
PO0015843,2025-02-07,168,6
PO0015844,2025-02-07,816,20
PO0015356,2025-02-08,1524,20
PO0015531,2025-02-08,2154,13
PO0015665,2025-02-08,2484,40
PO0015675,2025-02-08,240,3
PO0015756,2025-02-08,888,47
PO0015763,2025-02-08,367,12
PO0015798,2025-02-08,552,11
PO0015802,2025-02-08,1680,10
PO0015803,2025-02-08,1374,19
PO0015808,2025-02-08,1056,56
PO0015810,2025-02-08,144,1
PO0015815,2025-02-08,294,4
PO0015820,2025-02-08,852,3
PO0015832,2025-02-08,5136,60
PO0015835,2025-02-08,2196,39
PO0015837,2025-02-08,480,12
PO0015838,2025-02-08,3840,37
PO0015839,2025-02-08,528,2
PO0015845,2025-02-08,132,2
PO0015846,2025-02-08,336,7
PO0015847,2025-02-08,192,2
PO0015703,2025-02-09,1800,23
PO0015727,2025-02-09,1056,4
PO0015752,2025-02-09,378,11
PO0015755,2025-02-09,2640,115
PO0015768,2025-02-09,216,3
PO0015783,2025-02-09,768,3
PO0015785,2025-02-09,1008,23
PO0015791,2025-02-09,822,9
PO0015812,2025-02-09,3828,23
PO0015833,2025-02-09,276,0
PO0015834,2025-02-09,1104,24
PO0015841,2025-02-09,510,1
PO0015842,2025-02-09,1416,16
PO0015845,2025-02-09,132,0
PO0015851,2025-02-09,546,4
PO0015852,2025-02-09,1878,10
PO0015860,2025-02-09,2988,57
PO0015868,2025-02-09,474,4
PO0015870,2025-02-09,3486,43
PO0015886,2025-02-09,572,9
PO0015593,2025-02-10,1248,16
PO0015706,2025-02-10,1116,17
PO0015714,2025-02-10,408,3
PO0015766,2025-02-10,1080,15
PO0015783,2025-02-10,768,2
PO0015795,2025-02-10,192,2
PO0015816,2025-02-10,144,0
PO0015826,2025-02-10,840,12
PO0015829,2025-02-10,624,11
PO0015831,2025-02-10,5220,23
PO0015850,2025-02-10,5424,116
PO0015853,2025-02-10,156,0
PO0015855,2025-02-10,582,5
PO0015856,2025-02-10,2184,46
PO0015858,2025-02-10,432,0
PO0015861,2025-02-10,1716,22
PO0015863,2025-02-10,666,10
PO0015866,2025-02-10,1200,20
PO0015873,2025-02-10,360,2
PO0015878,2025-02-10,144,1
PO0015884,2025-02-10,504,7
PO0015887,2025-02-10,3864,45
PO0015891,2025-02-10,3036,30
PO0015900,2025-02-10,681,4
PO0015902,2025-02-10,1299,16
PO0015904,2025-02-10,816,9
PO0015917,2025-02-10,720,9
PO0015667,2025-02-11,2922,56
PO0015668,2025-02-11,1650,14
PO0015737,2025-02-11,459,1
PO0015778,2025-02-11,720,11
PO0015790,2025-02-11,438,1
PO0015804,2025-02-11,1152,27
PO0015825,2025-02-11,890,2
PO0015827,2025-02-11,1332,4
PO0015843,2025-02-11,168,7
PO0015848,2025-02-11,1248,7
PO0015849,2025-02-11,2088,45
PO0015854,2025-02-11,296,7
PO0015857,2025-02-11,648,4
PO0015864,2025-02-11,4272,46
PO0015865,2025-02-11,594,8
PO0015867,2025-02-11,1926,25
PO0015869,2025-02-11,1320,4
PO0015876,2025-02-11,942,10
PO0015879,2025-02-11,1488,16
PO0015880,2025-02-11,1776,14
PO0015888,2025-02-11,1584,16
PO0015889,2025-02-11,1518,8
PO0015895,2025-02-11,552,12
PO0015901,2025-02-11,912,9
PO0015902,2025-02-11,1299,14
PO0015907,2025-02-11,816,4
PO0015918,2025-02-11,137,0
PO0015924,2025-02-11,1152,30
PO0015930,2025-02-11,360,3
PO0015932,2025-02-11,768,10
PO0015936,2025-02-11,552,6
PO0015952,2025-02-11,2352,32
PO0015485,2025-02-12,1668,49
PO0015607,2025-02-12,228,5
PO0015773,2025-02-12,1584,6
PO0015822,2025-02-12,486,3
PO0015823,2025-02-12,1200,62
PO0015872,2025-02-12,570,14
PO0015875,2025-02-12,300,1
PO0015876,2025-02-12,942,9
PO0015877,2025-02-12,291,5
PO0015883,2025-02-12,1392,3
PO0015885,2025-02-12,1164,6
PO0015890,2025-02-12,2100,36
PO0015892,2025-02-12,4164,51
PO0015893,2025-02-12,486,11
PO0015896,2025-02-12,1512,13
PO0015897,2025-02-12,4296,54
PO0015899,2025-02-12,1134,20
PO0015903,2025-02-12,960,44
PO0015906,2025-02-12,4116,37
PO0015908,2025-02-12,924,18
PO0015910,2025-02-12,2832,16
PO0015911,2025-02-12,456,2
PO0015914,2025-02-12,372,2
PO0015916,2025-02-12,2472,52
PO0015919,2025-02-12,612,6
PO0015920,2025-02-12,984,15
PO0015921,2025-02-12,4032,34
PO0015922,2025-02-12,2472,41
PO0015926,2025-02-12,3264,27
PO0015929,2025-02-12,612,1
PO0015931,2025-02-12,1296,16
PO0015934,2025-02-12,528,7
PO0015935,2025-02-12,756,8
PO0015941,2025-02-12,1116,14
PO0015944,2025-02-12,680,18
PO0015948,2025-02-12,624,2
PO0015949,2025-02-12,708,5
PO0015955,2025-02-12,624,11
PO0015959,2025-02-12,1632,24
PO0015960,2025-02-12,3936,89
PO0015962,2025-02-12,1152,8
PO0015964,2025-02-12,240,6
PO0015971,2025-02-12,402,1
PO0015985,2025-02-12,534,3
PO0015746,2025-02-13,1950,24
PO0015840,2025-02-13,1902,20
PO0015862,2025-02-13,1380,19
PO0015868,2025-02-13,474,2
PO0015879,2025-02-13,1488,24
PO0015884,2025-02-13,504,7
PO0015895,2025-02-13,552,10
PO0015900,2025-02-13,681,6
PO0015903,2025-02-13,960,50
PO0015905,2025-02-13,2832,58
PO0015909,2025-02-13,2964,36
PO0015913,2025-02-13,1824,18
PO0015923,2025-02-13,2010,33
PO0015927,2025-02-13,444,11
PO0015928,2025-02-13,1032,21
PO0015933,2025-02-13,912,10
PO0015938,2025-02-13,876,2
PO0015939,2025-02-13,1336,21
PO0015940,2025-02-13,816,16
PO0015947,2025-02-13,276,2
PO0015953,2025-02-13,2808,14
PO0015954,2025-02-13,1116,7
PO0015955,2025-02-13,624,14
PO0015956,2025-02-13,792,11
PO0015958,2025-02-13,864,3
PO0015963,2025-02-13,864,13
PO0015967,2025-02-13,3312,39
PO0015969,2025-02-13,1752,19
PO0015974,2025-02-13,2268,19
PO0015976,2025-02-13,336,7
PO0015980,2025-02-13,1440,72
PO0015982,2025-02-13,1488,9
PO0015986,2025-02-13,30,0
PO0015991,2025-02-13,120,5
PO0015994,2025-02-13,1656,34
PO0016008,2025-02-13,480,4
PO0015872,2025-02-14,571,5
PO0015874,2025-02-14,276,4
PO0015875,2025-02-14,300,5
PO0015878,2025-02-14,144,4
PO0015898,2025-02-14,516,9
PO0015912,2025-02-14,242,3
PO0015930,2025-02-14,360,3
PO0015937,2025-02-14,624,2
PO0015945,2025-02-14,1632,27
PO0015946,2025-02-14,288,3
PO0015950,2025-02-14,936,7
PO0015951,2025-02-14,1560,18
PO0015957,2025-02-14,288,17
PO0015968,2025-02-14,1524,12
PO0015969,2025-02-14,1752,9
PO0015970,2025-02-14,1008,6
PO0015972,2025-02-14,1224,8
PO0015979,2025-02-14,5628,112
PO0015984,2025-02-14,540,9
PO0015993,2025-02-14,744,3
PO0016005,2025-02-14,930,23
PO0016012,2025-02-14,1428,26
PO0015865,2025-02-15,594,7
PO0015915,2025-02-15,367,7
PO0015965,2025-02-15,456,5
PO0015973,2025-02-15,660,11
PO0015974,2025-02-15,2268,23
PO0015987,2025-02-15,384,0
PO0015997,2025-02-15,744,4
PO0015999,2025-02-15,2928,29
PO0016003,2025-02-15,768,9
PO0016007,2025-02-15,201,0
PO0015607,2025-02-16,228,0
PO0015746,2025-02-16,1950,21
PO0015773,2025-02-16,1584,9
PO0015859,2025-02-16,840,4
PO0015942,2025-02-16,1062,17
PO0015975,2025-02-16,264,5
PO0015990,2025-02-16,1272,5
PO0015992,2025-02-16,324,2
PO0016000,2025-02-16,522,16
PO0016001,2025-02-16,7332,156
PO0016002,2025-02-16,864,20
PO0016010,2025-02-16,744,5
PO0016013,2025-02-16,372,5
PO0016014,2025-02-16,168,3
PO0016015,2025-02-16,2034,10
PO0016018,2025-02-16,192,1
PO0016022,2025-02-16,1008,16
PO0016024,2025-02-16,408,9
PO0016027,2025-02-16,468,1
PO0016030,2025-02-16,924,6
PO0016062,2025-02-16,168,1
PO0015761,2025-02-17,192,1
PO0015882,2025-02-17,354,3
PO0015958,2025-02-17,864,5
PO0015966,2025-02-17,294,2
PO0015976,2025-02-17,336,12
PO0015983,2025-02-17,1872,7
PO0015986,2025-02-17,30,0
PO0016005,2025-02-17,930,14
PO0016007,2025-02-17,201,2
PO0016026,2025-02-17,1632,21
PO0016029,2025-02-17,912,13
PO0016032,2025-02-17,432,20
PO0016033,2025-02-17,552,13
PO0016034,2025-02-17,4236,30
PO0016035,2025-02-17,6360,66
PO0016036,2025-02-17,936,4
PO0016038,2025-02-17,4902,37
PO0016040,2025-02-17,912,20
PO0016041,2025-02-17,702,2
PO0016043,2025-02-17,177,2
PO0016046,2025-02-17,3360,11
PO0016047,2025-02-17,4608,45
PO0016048,2025-02-17,408,2
PO0016049,2025-02-17,144,4
PO0016050,2025-02-17,468,9
PO0016056,2025-02-17,600,6
PO0016059,2025-02-17,960,10
PO0016061,2025-02-17,1056,26
PO0016078,2025-02-17,312,1
PO0016088,2025-02-17,336,3
PO0016093,2025-02-17,234,0
PO0015774,2025-02-18,786,2
PO0015828,2025-02-18,1008,19
PO0015943,2025-02-18,2364,21
PO0015961,2025-02-18,216,4
PO0015981,2025-02-18,1116,62
PO0015988,2025-02-18,85,0
PO0015989,2025-02-18,600,20
PO0015995,2025-02-18,6024,50
PO0015998,2025-02-18,660,11
PO0016019,2025-02-18,2088,36
PO0016020,2025-02-18,744,6
PO0016031,2025-02-18,723,14
PO0016037,2025-02-18,924,13
PO0016044,2025-02-18,432,7
PO0016045,2025-02-18,1356,9
PO0016051,2025-02-18,180,0
PO0016053,2025-02-18,912,1
PO0016054,2025-02-18,1344,14
PO0016055,2025-02-18,1824,19
PO0016060,2025-02-18,48,0
PO0016068,2025-02-18,264,13
PO0016074,2025-02-18,378,6
PO0016075,2025-02-18,744,6
PO0016076,2025-02-18,240,0
PO0016090,2025-02-18,1368,22
PO0016092,2025-02-18,252,0
PO0016094,2025-02-18,139,4
PO0016097,2025-02-18,216,2
PO0015881,2025-02-19,1873,22
PO0015943,2025-02-19,2364,26
PO0015992,2025-02-19,324,0
PO0016004,2025-02-19,960,6
PO0016019,2025-02-19,2088,31
PO0016025,2025-02-19,2832,126
PO0016039,2025-02-19,1206,5
PO0016052,2025-02-19,180,1
PO0016057,2025-02-19,1320,25
PO0016063,2025-02-19,1176,6
PO0016064,2025-02-19,424,2
PO0016066,2025-02-19,1308,24
PO0016069,2025-02-19,2162,29
PO0016070,2025-02-19,588,11
PO0016073,2025-02-19,2340,14
PO0016079,2025-02-19,576,4
PO0016082,2025-02-19,202,5
PO0016093,2025-02-19,234,0
PO0016096,2025-02-19,1536,14
PO0016098,2025-02-19,4172,30
PO0016100,2025-02-19,2016,16
PO0016102,2025-02-19,600,4
PO0016108,2025-02-19,1236,67
PO0016109,2025-02-19,612,3
PO0016111,2025-02-19,2016,34
PO0016113,2025-02-19,1206,34
PO0016117,2025-02-19,408,7
PO0016118,2025-02-19,1512,46
PO0016124,2025-02-19,600,9
PO0016125,2025-02-19,126,3
PO0016127,2025-02-19,1584,3
PO0016152,2025-02-19,534,4
PO0015871,2025-02-20,3024,139
PO0015975,2025-02-20,264,3
PO0015977,2025-02-20,1548,21
PO0015990,2025-02-20,1272,2
PO0016011,2025-02-20,402,9
PO0016023,2025-02-20,522,6
PO0016028,2025-02-20,708,14
PO0016058,2025-02-20,648,5
PO0016060,2025-02-20,48,0
PO0016081,2025-02-20,3936,55
PO0016083,2025-02-20,2160,38
PO0016085,2025-02-20,192,0
PO0016086,2025-02-20,1416,32
PO0016087,2025-02-20,528,3
PO0016089,2025-02-20,552,6
PO0016091,2025-02-20,768,17
PO0016095,2025-02-20,1850,22
PO0016104,2025-02-20,1932,16
PO0016106,2025-02-20,168,2
PO0016112,2025-02-20,504,1
PO0016116,2025-02-20,774,11
PO0016119,2025-02-20,2304,34
PO0016126,2025-02-20,1236,15
PO0016128,2025-02-20,972,4
PO0016129,2025-02-20,480,17
PO0016130,2025-02-20,1128,13
PO0016132,2025-02-20,402,4
PO0016139,2025-02-20,888,3
PO0016144,2025-02-20,456,11
PO0016146,2025-02-20,5412,111
PO0016147,2025-02-20,1512,14
PO0016148,2025-02-20,786,6
PO0016149,2025-02-20,312,3
PO0016150,2025-02-20,432,6
PO0016159,2025-02-20,612,2
PO0016162,2025-02-20,1200,5
PO0015894,2025-02-21,576,14
PO0016021,2025-02-21,1320,12
PO0016031,2025-02-21,723,12
PO0016084,2025-02-21,1488,8
PO0016099,2025-02-21,192,7
PO0016101,2025-02-21,6276,26
PO0016103,2025-02-21,2676,45
PO0016105,2025-02-21,708,8
PO0016114,2025-02-21,210,3
PO0016116,2025-02-21,774,15
PO0016122,2025-02-21,492,5
PO0016134,2025-02-21,444,2
PO0016141,2025-02-21,1416,32
PO0016166,2025-02-21,624,8
PO0016172,2025-02-21,576,1
PO0015989,2025-02-22,600,35
PO0016006,2025-02-22,960,8
PO0016052,2025-02-22,180,2
PO0016065,2025-02-22,1224,12
PO0016067,2025-02-22,960,22
PO0016077,2025-02-22,324,5
PO0016106,2025-02-22,168,2
PO0016115,2025-02-22,4224,12
PO0016127,2025-02-22,1584,4
PO0016136,2025-02-22,744,7
PO0016138,2025-02-22,263,3
PO0016140,2025-02-22,378,6
PO0016142,2025-02-22,576,30
PO0016143,2025-02-22,1032,18
PO0016145,2025-02-22,570,14
PO0016151,2025-02-22,300,3
PO0016154,2025-02-22,288,4
PO0016158,2025-02-22,942,11
PO0016161,2025-02-22,1584,5
PO0016167,2025-02-22,1608,16
PO0016168,2025-02-22,768,6
PO0016169,2025-02-22,720,10
PO0016178,2025-02-22,864,6
PO0016180,2025-02-22,1464,15
PO0016183,2025-02-22,5088,13
PO0016188,2025-02-22,528,11
PO0016190,2025-02-22,522,9
PO0016016,2025-02-23,2112,15
PO0016042,2025-02-23,720,8
PO0016066,2025-02-23,1308,17
PO0016080,2025-02-23,408,3
PO0016107,2025-02-23,3792,190
PO0016135,2025-02-23,270,5
PO0016138,2025-02-23,264,1
PO0016155,2025-02-23,336,3
PO0016156,2025-02-23,3318,62
PO0016157,2025-02-23,1968,50
PO0016160,2025-02-23,384,4
PO0016164,2025-02-23,1182,6
PO0016165,2025-02-23,876,4
PO0016170,2025-02-23,1068,4
PO0016172,2025-02-23,576,1
PO0016173,2025-02-23,286,3
PO0016179,2025-02-23,720,1
PO0016182,2025-02-23,1974,35
PO0016185,2025-02-23,1152,16
PO0016189,2025-02-23,492,7
PO0016194,2025-02-23,336,2
PO0016217,2025-02-23,1440,7
PO0016218,2025-02-23,2304,24
PO0015925,2025-02-24,480,7
PO0016009,2025-02-24,738,4
PO0016011,2025-02-24,402,0
PO0016099,2025-02-24,192,6
PO0016131,2025-02-24,396,5
PO0016145,2025-02-24,570,16
PO0016175,2025-02-24,1932,21
PO0016177,2025-02-24,1008,11
PO0016184,2025-02-24,180,1
PO0016186,2025-02-24,540,1
PO0016191,2025-02-24,1689,28
PO0016200,2025-02-24,1962,26
PO0016205,2025-02-24,3600,48
PO0016210,2025-02-24,648,4
PO0016219,2025-02-24,1368,30
PO0016220,2025-02-24,480,5
PO0016241,2025-02-24,4848,16
PO0016017,2025-02-25,4884,26
PO0016072,2025-02-25,1200,8
PO0016120,2025-02-25,1728,88
PO0016123,2025-02-25,672,8
PO0016133,2025-02-25,1920,21
PO0016135,2025-02-25,270,6
PO0016136,2025-02-25,744,12
PO0016170,2025-02-25,1068,4
PO0016176,2025-02-25,240,2
PO0016193,2025-02-25,288,3
PO0016195,2025-02-25,3432,25
PO0016198,2025-02-25,1392,21
PO0016201,2025-02-25,192,2
PO0016202,2025-02-25,648,10
PO0016208,2025-02-25,576,6
PO0016213,2025-02-25,1152,20
PO0016214,2025-02-25,1008,61
PO0016216,2025-02-25,606,6
PO0016223,2025-02-25,1488,32
PO0016225,2025-02-25,840,3
PO0016235,2025-02-25,240,1
PO0016243,2025-02-25,528,9
PO0016245,2025-02-25,3336,44
PO0016246,2025-02-25,321,3
PO0016247,2025-02-25,576,7
PO0016266,2025-02-25,288,2
PO0015978,2025-02-26,288,4
PO0016077,2025-02-26,324,6
PO0016131,2025-02-26,396,6
PO0016143,2025-02-26,1032,20
PO0016151,2025-02-26,300,0
PO0016155,2025-02-26,336,4
PO0016192,2025-02-26,2736,55
PO0016204,2025-02-26,96,1
PO0016206,2025-02-26,300,7
PO0016207,2025-02-26,3264,26
PO0016212,2025-02-26,192,1
PO0016215,2025-02-26,900,2
PO0016216,2025-02-26,606,9
PO0016222,2025-02-26,1068,14
PO0016224,2025-02-26,2724,7
PO0016226,2025-02-26,432,3
PO0016230,2025-02-26,360,1
PO0016232,2025-02-26,1008,4
PO0016234,2025-02-26,1054,13
PO0016236,2025-02-26,816,8
PO0016238,2025-02-26,84,1
PO0016239,2025-02-26,805,8
PO0016242,2025-02-26,960,33
PO0016246,2025-02-26,321,2
PO0016251,2025-02-26,1320,6
PO0016252,2025-02-26,384,6
PO0016256,2025-02-26,840,16
PO0016260,2025-02-26,810,1
PO0016262,2025-02-26,144,2
PO0016265,2025-02-26,1200,6
PO0016267,2025-02-26,2112,35
PO0016280,2025-02-26,1560,19
PO0016071,2025-02-27,2688,127
PO0016184,2025-02-27,180,1
PO0016200,2025-02-27,1962,22
PO0016211,2025-02-27,4338,35
PO0016229,2025-02-27,672,5
PO0016231,2025-02-27,4416,82
PO0016233,2025-02-27,420,5
PO0016234,2025-02-27,1055,7
PO0016240,2025-02-27,1404,28
PO0016244,2025-02-27,2148,23
PO0016255,2025-02-27,1440,27
PO0016261,2025-02-27,240,1
PO0016268,2025-02-27,249,4
PO0016269,2025-02-27,492,1
PO0016270,2025-02-27,3462,30
PO0016272,2025-02-27,96,0
PO0016278,2025-02-27,1248,3
PO0016279,2025-02-27,1536,84
PO0016287,2025-02-27,384,3
PO0016288,2025-02-27,2592,31
PO0016289,2025-02-27,420,0
PO0016291,2025-02-27,1488,79
PO0016293,2025-02-27,114,1
PO0016296,2025-02-27,381,9
PO0016297,2025-02-27,600,3
PO0016298,2025-02-27,426,7
PO0015996,2025-02-28,3204,60
PO0016171,2025-02-28,4176,34
PO0016196,2025-02-28,1128,13
PO0016221,2025-02-28,1488,23
PO0016237,2025-02-28,2592,34
PO0016239,2025-02-28,805,9
PO0016250,2025-02-28,6432,53
PO0016253,2025-02-28,804,13
PO0016257,2025-02-28,1392,7
PO0016258,2025-02-28,2196,5
PO0016259,2025-02-28,174,0
PO0016264,2025-02-28,2616,21
PO0016271,2025-02-28,2280,21
PO0016275,2025-02-28,213,0
PO0016282,2025-02-28,678,7
PO0016292,2025-02-28,216,3
PO0016295,2025-02-28,1632,9
PO0016296,2025-02-28,382,5
PO0016299,2025-02-28,336,3
PO0016303,2025-02-28,1632,6
PO0016312,2025-02-28,2232,43
PO0016314,2025-02-28,5184,54
PO0016319,2025-02-28,336,1
PO0016325,2025-02-28,492,9
PO0016326,2025-02-28,2026,9
PO0016327,2025-02-28,1500,8
PO0016330,2025-02-28,1440,20
PO0016163,2025-03-01,1212,55
PO0016193,2025-03-01,288,1
PO0016203,2025-03-01,1308,18
PO0016206,2025-03-01,300,2
PO0016248,2025-03-01,3576,83
PO0016254,2025-03-01,1308,15
PO0016277,2025-03-01,192,0
PO0016284,2025-03-01,528,6
PO0016286,2025-03-01,2304,26
PO0016290,2025-03-01,552,3
PO0016300,2025-03-01,936,7
PO0016305,2025-03-01,1296,22
PO0016307,2025-03-01,1524,24
PO0016308,2025-03-01,3096,23
PO0016321,2025-03-01,864,12
PO0016332,2025-03-01,360,2
PO0016121,2025-03-02,192,3
PO0016137,2025-03-02,960,13
PO0016197,2025-03-02,5472,67
PO0016221,2025-03-02,1488,15
PO0016238,2025-03-02,84,3
PO0016263,2025-03-02,456,12
PO0016302,2025-03-02,360,6
PO0016304,2025-03-02,1590,20
PO0016309,2025-03-02,2856,29
PO0016311,2025-03-02,972,5
PO0016313,2025-03-02,2208,34
PO0016316,2025-03-02,720,6
PO0016317,2025-03-02,408,1
PO0016320,2025-03-02,528,4
PO0016323,2025-03-02,96,3
PO0016328,2025-03-02,876,11
PO0016329,2025-03-02,1848,12
PO0016338,2025-03-02,912,19
PO0016339,2025-03-02,216,5
PO0016340,2025-03-02,2592,18
PO0016342,2025-03-02,264,2
PO0016343,2025-03-02,576,1
PO0016346,2025-03-02,1035,6
PO0016347,2025-03-02,480,9
PO0016350,2025-03-02,240,7
PO0016351,2025-03-02,288,7
PO0016352,2025-03-02,288,1
PO0016379,2025-03-02,1320,21
PO0016391,2025-03-02,576,13
PO0016110,2025-03-03,5040,36
PO0016153,2025-03-03,942,18
PO0016181,2025-03-03,870,8
PO0016187,2025-03-03,264,11
PO0016259,2025-03-03,174,2
PO0016272,2025-03-03,96,0
PO0016283,2025-03-03,636,7
PO0016285,2025-03-03,1872,15
PO0016290,2025-03-03,552,7
PO0016315,2025-03-03,1848,23
PO0016331,2025-03-03,180,8
PO0016339,2025-03-03,216,6
PO0016341,2025-03-03,540,7
PO0016345,2025-03-03,312,6
PO0016346,2025-03-03,1035,7
PO0016354,2025-03-03,432,3
PO0016360,2025-03-03,1140,14
PO0016371,2025-03-03,288,2
PO0016374,2025-03-03,672,2
PO0016376,2025-03-03,2773,29
PO0016387,2025-03-03,576,27
PO0016388,2025-03-03,3864,41
PO0016389,2025-03-03,246,1
PO0016392,2025-03-03,839,14
PO0016393,2025-03-03,4752,77
PO0016408,2025-03-03,1002,15
PO0016411,2025-03-03,432,4
PO0016153,2025-03-04,942,20
PO0016227,2025-03-04,720,11
PO0016301,2025-03-04,516,20
PO0016317,2025-03-04,408,5
PO0016333,2025-03-04,192,2
PO0016337,2025-03-04,1104,27
PO0016341,2025-03-04,540,2
PO0016344,2025-03-04,96,2
PO0016348,2025-03-04,2640,32
PO0016366,2025-03-04,1063,7
PO0016369,2025-03-04,810,17
PO0016377,2025-03-04,863,10
PO0016383,2025-03-04,1614,25
PO0016384,2025-03-04,816,2
PO0016390,2025-03-04,228,1
PO0016397,2025-03-04,2484,27
PO0016398,2025-03-04,336,3
PO0016399,2025-03-04,1152,9
PO0016403,2025-03-04,461,3
PO0016405,2025-03-04,384,2
PO0016406,2025-03-04,408,1
PO0016412,2025-03-04,816,20
PO0016414,2025-03-04,355,4
PO0016416,2025-03-04,564,7
PO0016418,2025-03-04,2220,17
PO0016420,2025-03-04,318,1
PO0016426,2025-03-04,480,3
PO0016428,2025-03-04,2064,9
PO0016429,2025-03-04,708,12
PO0016430,2025-03-04,2592,27
PO0016438,2025-03-04,492,6
PO0016441,2025-03-04,426,2
PO0016459,2025-03-04,216,1
PO0016209,2025-03-05,240,1
PO0016273,2025-03-05,624,5
PO0016274,2025-03-05,114,3
PO0016276,2025-03-05,552,4
PO0016310,2025-03-05,1236,11
PO0016332,2025-03-05,360,3
PO0016335,2025-03-05,192,6
PO0016338,2025-03-05,912,29
PO0016345,2025-03-05,312,3
PO0016353,2025-03-05,166,2
PO0016355,2025-03-05,1896,19
PO0016356,2025-03-05,756,4
PO0016357,2025-03-05,336,7
PO0016358,2025-03-05,288,1
PO0016361,2025-03-05,2619,26
PO0016362,2025-03-05,912,15
PO0016363,2025-03-05,2424,25
PO0016364,2025-03-05,1908,13
PO0016367,2025-03-05,4224,15
PO0016368,2025-03-05,204,0
PO0016373,2025-03-05,624,14
PO0016375,2025-03-05,564,5
PO0016381,2025-03-05,4656,29
PO0016384,2025-03-05,816,4
PO0016386,2025-03-05,1248,13
PO0016401,2025-03-05,714,4
PO0016410,2025-03-05,432,5
PO0016417,2025-03-05,1220,13
PO0016421,2025-03-05,216,3
PO0016422,2025-03-05,582,6
PO0016423,2025-03-05,2220,31
PO0016425,2025-03-05,192,2
PO0016427,2025-03-05,1656,16
PO0016433,2025-03-05,363,1
PO0016445,2025-03-05,732,12
PO0016446,2025-03-05,3096,22
PO0016447,2025-03-05,168,1
PO0016448,2025-03-05,468,7
PO0016449,2025-03-05,216,3
PO0016453,2025-03-05,768,1
PO0016454,2025-03-05,912,28
PO0016458,2025-03-05,1500,29
PO0016460,2025-03-05,1008,13
PO0016479,2025-03-05,2004,26
PO0016174,2025-03-06,732,10
PO0016199,2025-03-06,1536,63
PO0016249,2025-03-06,1104,13
PO0016309,2025-03-06,2856,32
PO0016331,2025-03-06,180,8
PO0016336,2025-03-06,540,3
PO0016361,2025-03-06,2619,26
PO0016378,2025-03-06,288,3
PO0016394,2025-03-06,2532,40
PO0016396,2025-03-06,3462,23
PO0016400,2025-03-06,360,4
PO0016404,2025-03-06,750,3
PO0016407,2025-03-06,273,3
PO0016413,2025-03-06,876,11
PO0016415,2025-03-06,2688,134
PO0016424,2025-03-06,1014,7
PO0016431,2025-03-06,1128,5
PO0016432,2025-03-06,984,3
PO0016439,2025-03-06,6384,13
PO0016443,2025-03-06,1104,17
PO0016451,2025-03-06,384,2
PO0016455,2025-03-06,1524,22
PO0016456,2025-03-06,1344,21
PO0016457,2025-03-06,2976,60
PO0016463,2025-03-06,576,0
PO0016466,2025-03-06,1242,7
PO0016469,2025-03-06,2382,9
PO0016470,2025-03-06,504,10
PO0016472,2025-03-06,2472,51
PO0016473,2025-03-06,1608,13
PO0016477,2025-03-06,396,2
PO0016484,2025-03-06,936,14
PO0016487,2025-03-06,576,9
PO0016490,2025-03-06,1344,9
PO0016509,2025-03-06,432,1
PO0016228,2025-03-07,1260,30
PO0016273,2025-03-07,624,5
PO0016369,2025-03-07,810,15
PO0016370,2025-03-07,564,3
PO0016373,2025-03-07,624,14
PO0016387,2025-03-07,576,37
PO0016398,2025-03-07,336,2
PO0016437,2025-03-07,2868,18
PO0016440,2025-03-07,528,11
PO0016442,2025-03-07,750,42
PO0016444,2025-03-07,1248,28
PO0016447,2025-03-07,168,0
PO0016452,2025-03-07,1247,17
PO0016465,2025-03-07,2628,57
PO0016468,2025-03-07,1068,17
PO0016474,2025-03-07,714,12
PO0016478,2025-03-07,708,9
PO0016485,2025-03-07,384,2
PO0016489,2025-03-07,1248,25
PO0016497,2025-03-07,684,3
PO0016500,2025-03-07,3648,43
PO0016501,2025-03-07,630,8
PO0016502,2025-03-07,744,13
PO0016504,2025-03-07,1680,1
PO0016508,2025-03-07,4752,57
PO0016512,2025-03-07,1650,37
PO0016174,2025-03-08,732,10
PO0016322,2025-03-08,756,10
PO0016336,2025-03-08,540,7
PO0016382,2025-03-08,1152,21
PO0016407,2025-03-08,273,4
PO0016422,2025-03-08,582,3
PO0016435,2025-03-08,3600,43
PO0016453,2025-03-08,768,7
PO0016462,2025-03-08,2016,10
PO0016464,2025-03-08,910,12
PO0016470,2025-03-08,504,5
PO0016471,2025-03-08,1458,24
PO0016475,2025-03-08,432,7
PO0016476,2025-03-08,2064,25
PO0016480,2025-03-08,1392,23
PO0016481,2025-03-08,96,1
PO0016483,2025-03-08,2448,20
PO0016491,2025-03-08,618,7
PO0016493,2025-03-08,528,4
PO0016498,2025-03-08,1440,13
PO0016503,2025-03-08,618,6
PO0016505,2025-03-08,2016,35
PO0016506,2025-03-08,60,1
PO0016507,2025-03-08,570,1
PO0016511,2025-03-08,312,1
PO0016513,2025-03-08,196,1
PO0016522,2025-03-08,516,4
PO0016533,2025-03-08,432,2
PO0016281,2025-03-09,312,2
PO0016294,2025-03-09,1374,16
PO0016324,2025-03-09,1488,4
PO0016359,2025-03-09,774,9
PO0016375,2025-03-09,564,10
PO0016385,2025-03-09,2250,41
PO0016417,2025-03-09,1220,7
PO0016433,2025-03-09,363,1
PO0016436,2025-03-09,2400,25
PO0016443,2025-03-09,1104,17
PO0016482,2025-03-09,1248,13
PO0016484,2025-03-09,936,13
PO0016486,2025-03-09,1026,13
PO0016492,2025-03-09,648,6
PO0016494,2025-03-09,660,11
PO0016495,2025-03-09,1266,22
PO0016499,2025-03-09,1440,5
PO0016502,2025-03-09,744,7
PO0016517,2025-03-09,690,10
PO0016521,2025-03-09,1512,5
PO0016524,2025-03-09,4224,52
PO0016530,2025-03-09,720,7
PO0016531,2025-03-09,606,5
PO0016539,2025-03-09,480,1
PO0016544,2025-03-09,3360,20
PO0016318,2025-03-10,2400,25
PO0016365,2025-03-10,1536,40
PO0016380,2025-03-10,450,6
PO0016395,2025-03-10,2712,41
PO0016402,2025-03-10,3324,26
PO0016419,2025-03-10,360,1
PO0016434,2025-03-10,1320,15
PO0016477,2025-03-10,396,1
PO0016506,2025-03-10,61,2
PO0016510,2025-03-10,2916,54
PO0016516,2025-03-10,624,5
PO0016518,2025-03-10,1800,7
PO0016520,2025-03-10,1152,18
PO0016525,2025-03-10,240,4
PO0016526,2025-03-10,144,6
PO0016528,2025-03-10,1500,9
PO0016534,2025-03-10,1398,10
PO0016536,2025-03-10,816,12
PO0016538,2025-03-10,456,5
PO0016549,2025-03-10,4416,47
PO0016553,2025-03-10,1080,4
PO0016563,2025-03-10,1440,18
PO0016564,2025-03-10,300,2
PO0016588,2025-03-10,840,7
PO0016590,2025-03-10,804,17
PO0016306,2025-03-11,2077,30
PO0016349,2025-03-11,372,4
PO0016409,2025-03-11,1512,24
PO0016511,2025-03-11,312,10
PO0016515,2025-03-11,828,1
PO0016529,2025-03-11,492,0
PO0016532,2025-03-11,464,3
PO0016540,2025-03-11,240,0
PO0016543,2025-03-11,4824,58
PO0016547,2025-03-11,2352,28
PO0016550,2025-03-11,936,11
PO0016552,2025-03-11,1392,9
PO0016560,2025-03-11,516,0
PO0016561,2025-03-11,468,2
PO0016565,2025-03-11,192,2
PO0016567,2025-03-11,216,3
PO0016568,2025-03-11,192,1
PO0016570,2025-03-11,2064,108
PO0016572,2025-03-11,588,7
PO0016575,2025-03-11,2490,48
PO0016580,2025-03-11,639,5
PO0016584,2025-03-11,672,14
PO0016591,2025-03-11,1697,23
PO0016594,2025-03-11,720,15
PO0016599,2025-03-11,762,20
PO0016601,2025-03-11,898,11
PO0016604,2025-03-11,1560,19
PO0016610,2025-03-11,492,5
PO0016633,2025-03-11,702,7
PO0016334,2025-03-12,1296,24
PO0016372,2025-03-12,888,42
PO0016450,2025-03-12,804,14
PO0016488,2025-03-12,168,6
PO0016503,2025-03-12,618,6
PO0016535,2025-03-12,1920,29
PO0016541,2025-03-12,576,11
PO0016548,2025-03-12,2052,26
PO0016551,2025-03-12,408,4
PO0016562,2025-03-12,144,4
PO0016582,2025-03-12,276,6
PO0016583,2025-03-12,2196,25
PO0016592,2025-03-12,1200,16
PO0016596,2025-03-12,312,0
PO0016597,2025-03-12,2472,22
PO0016598,2025-03-12,3096,44
PO0016602,2025-03-12,186,2
PO0016609,2025-03-12,828,4
PO0016611,2025-03-12,853,3
PO0016617,2025-03-12,1632,17
PO0016625,2025-03-12,132,1
PO0016626,2025-03-12,1068,16
PO0016627,2025-03-12,2742,26
PO0016636,2025-03-12,228,1
PO0016642,2025-03-12,384,4
PO0016645,2025-03-12,2724,33
PO0016380,2025-03-13,450,3
PO0016539,2025-03-13,480,4
PO0016542,2025-03-13,5412,32
PO0016555,2025-03-13,240,3
PO0016573,2025-03-13,360,2
PO0016576,2025-03-13,3336,21
PO0016579,2025-03-13,180,2
PO0016580,2025-03-13,639,4
PO0016581,2025-03-13,288,4
PO0016583,2025-03-13,2196,20
PO0016585,2025-03-13,108,0
PO0016586,2025-03-13,720,14
PO0016589,2025-03-13,792,3
PO0016593,2025-03-13,1782,18
PO0016595,2025-03-13,336,6
PO0016605,2025-03-13,804,8
PO0016606,2025-03-13,1956,13
PO0016613,2025-03-13,336,5
PO0016614,2025-03-13,768,1
PO0016616,2025-03-13,168,2
PO0016620,2025-03-13,816,8
PO0016622,2025-03-13,4080,75
PO0016625,2025-03-13,132,0
PO0016629,2025-03-13,432,5
PO0016635,2025-03-13,408,3
PO0016638,2025-03-13,1086,11
PO0016640,2025-03-13,480,2
PO0016641,2025-03-13,864,3
PO0016646,2025-03-13,1144,19
PO0016654,2025-03-13,384,1
PO0016656,2025-03-13,1022,16
PO0016657,2025-03-13,912,19
PO0016659,2025-03-13,552,1
PO0016662,2025-03-13,528,3
PO0016663,2025-03-13,1314,12
PO0016461,2025-03-14,264,12
PO0016545,2025-03-14,2160,46
PO0016556,2025-03-14,3870,43
PO0016561,2025-03-14,468,3
PO0016562,2025-03-14,144,2
PO0016587,2025-03-14,1116,20
PO0016603,2025-03-14,288,1
PO0016608,2025-03-14,888,2
PO0016615,2025-03-14,1152,9
PO0016616,2025-03-14,168,2
PO0016619,2025-03-14,528,8
PO0016621,2025-03-14,864,11
PO0016624,2025-03-14,1524,10
PO0016634,2025-03-14,1764,23
PO0016637,2025-03-14,360,4
PO0016639,2025-03-14,1608,87
PO0016643,2025-03-14,624,14
PO0016644,2025-03-14,696,11
PO0016649,2025-03-14,552,6
PO0016650,2025-03-14,1176,7
PO0016651,2025-03-14,5664,113
PO0016652,2025-03-14,3476,41
PO0016658,2025-03-14,264,3
PO0016660,2025-03-14,432,12
PO0016664,2025-03-14,468,17
PO0016667,2025-03-14,1440,29
PO0016674,2025-03-14,690,13
PO0016678,2025-03-14,654,11
PO0016679,2025-03-14,1944,22
PO0016686,2025-03-14,762,2
PO0016306,2025-03-15,2078,26
PO0016461,2025-03-15,264,13
PO0016519,2025-03-15,1008,31
PO0016537,2025-03-15,5376,107
PO0016577,2025-03-15,672,4
PO0016596,2025-03-15,312,2
PO0016600,2025-03-15,1968,94
PO0016602,2025-03-15,186,0
PO0016647,2025-03-15,1201,9
PO0016653,2025-03-15,1872,24
PO0016661,2025-03-15,414,8
PO0016666,2025-03-15,720,3
PO0016670,2025-03-15,948,10
PO0016671,2025-03-15,1560,7
PO0016673,2025-03-15,2826,38
PO0016680,2025-03-15,1572,13
PO0016681,2025-03-15,3606,28
PO0016682,2025-03-15,576,9
PO0016684,2025-03-15,402,1
PO0016704,2025-03-15,564,5
PO0016711,2025-03-15,672,5
PO0016372,2025-03-16,888,39
PO0016514,2025-03-16,2832,25
PO0016523,2025-03-16,144,0
PO0016527,2025-03-16,192,1
PO0016546,2025-03-16,960,7
PO0016558,2025-03-16,4044,26
PO0016569,2025-03-16,1296,8
PO0016574,2025-03-16,2280,58
PO0016626,2025-03-16,1068,18
PO0016646,2025-03-16,1144,15
PO0016655,2025-03-16,903,7
PO0016665,2025-03-16,210,0
PO0016667,2025-03-16,1440,26
PO0016672,2025-03-16,1506,23
PO0016683,2025-03-16,540,9
PO0016685,2025-03-16,1044,6
PO0016695,2025-03-16,240,5
PO0016697,2025-03-16,636,10
PO0016700,2025-03-16,258,1
PO0016705,2025-03-16,1440,16
PO0016710,2025-03-16,564,4
PO0016712,2025-03-16,612,4
PO0016554,2025-03-17,648,10
PO0016578,2025-03-17,1104,6
PO0016607,2025-03-17,1932,30
PO0016629,2025-03-17,432,6
PO0016630,2025-03-17,201,3
PO0016648,2025-03-17,324,6
PO0016663,2025-03-17,1314,8
PO0016669,2025-03-17,4224,33
PO0016688,2025-03-17,1452,21
PO0016689,2025-03-17,369,2
PO0016690,2025-03-17,1782,6
PO0016693,2025-03-17,96,0
PO0016707,2025-03-17,960,15
PO0016714,2025-03-17,780,4
PO0016715,2025-03-17,1224,16
PO0016717,2025-03-17,576,18
PO0016720,2025-03-17,1380,7
PO0016721,2025-03-17,5814,41
PO0016723,2025-03-17,2301,23
PO0016727,2025-03-17,336,3
PO0016729,2025-03-17,672,16
PO0016731,2025-03-17,4176,74
PO0016733,2025-03-17,930,18
PO0016734,2025-03-17,336,3
PO0016738,2025-03-17,1488,20
PO0016740,2025-03-17,1968,14
PO0016755,2025-03-17,834,14
PO0016759,2025-03-17,528,1
PO0016467,2025-03-18,2856,38
PO0016523,2025-03-18,144,1
PO0016559,2025-03-18,816,41
PO0016623,2025-03-18,4002,52
PO0016630,2025-03-18,201,3
PO0016639,2025-03-18,1608,94
PO0016648,2025-03-18,325,11
PO0016668,2025-03-18,672,14
PO0016687,2025-03-18,336,4
PO0016688,2025-03-18,1452,19
PO0016689,2025-03-18,369,9
PO0016699,2025-03-18,2712,26
PO0016703,2025-03-18,1368,22
PO0016706,2025-03-18,2112,26
PO0016708,2025-03-18,468,3
PO0016709,2025-03-18,1056,7
PO0016719,2025-03-18,1368,11
PO0016722,2025-03-18,624,10
PO0016724,2025-03-18,666,12
PO0016732,2025-03-18,864,11
PO0016737,2025-03-18,558,16
PO0016739,2025-03-18,117,1
PO0016741,2025-03-18,288,0
PO0016749,2025-03-18,1512,4
PO0016764,2025-03-18,1248,3
PO0016766,2025-03-18,480,6
PO0016768,2025-03-18,420,3
PO0016772,2025-03-18,1296,18
PO0016496,2025-03-19,1458,36
PO0016655,2025-03-19,903,13
PO0016675,2025-03-19,1116,7
PO0016696,2025-03-19,528,4
PO0016716,2025-03-19,3776,33
PO0016718,2025-03-19,4440,30
PO0016726,2025-03-19,480,6
PO0016730,2025-03-19,624,10
PO0016735,2025-03-19,3312,24
PO0016736,2025-03-19,528,14
PO0016742,2025-03-19,1416,34
PO0016745,2025-03-19,6528,76
PO0016747,2025-03-19,288,1
PO0016752,2025-03-19,528,6
PO0016753,2025-03-19,642,5
PO0016756,2025-03-19,240,3
PO0016758,2025-03-19,672,18
PO0016761,2025-03-19,660,10
PO0016763,2025-03-19,1530,22
PO0016765,2025-03-19,510,2
PO0016769,2025-03-19,468,1
PO0016770,2025-03-19,78,0
PO0016771,2025-03-19,330,5
PO0016774,2025-03-19,384,2
PO0016779,2025-03-19,336,4
PO0016781,2025-03-19,618,4
PO0016784,2025-03-19,240,7
PO0016786,2025-03-19,3408,20
PO0016787,2025-03-19,4560,54
PO0016791,2025-03-19,1608,20
PO0016792,2025-03-19,1644,30
PO0016796,2025-03-19,1008,14
PO0016797,2025-03-19,1152,18
PO0016806,2025-03-19,1308,21
PO0016808,2025-03-19,312,5
PO0016527,2025-03-20,192,2
PO0016557,2025-03-20,648,16
PO0016683,2025-03-20,540,8
PO0016715,2025-03-20,1224,17
PO0016739,2025-03-20,117,1
PO0016746,2025-03-20,480,6
PO0016750,2025-03-20,354,18
PO0016751,2025-03-20,144,1
PO0016754,2025-03-20,4992,39
PO0016757,2025-03-20,414,7
PO0016760,2025-03-20,888,6
PO0016762,2025-03-20,1632,8
PO0016766,2025-03-20,480,4
PO0016776,2025-03-20,336,11
PO0016777,2025-03-20,408,21
PO0016780,2025-03-20,312,7
PO0016783,2025-03-20,900,5
PO0016785,2025-03-20,408,7
PO0016793,2025-03-20,900,7
PO0016798,2025-03-20,1008,21
PO0016799,2025-03-20,216,5
PO0016803,2025-03-20,120,0
PO0016804,2025-03-20,3180,20
PO0016807,2025-03-20,3312,5
PO0016815,2025-03-20,1584,14
PO0016818,2025-03-20,1152,23
PO0016819,2025-03-20,168,7
PO0016820,2025-03-20,216,5
PO0016825,2025-03-20,720,15
PO0016831,2025-03-20,1632,3
PO0016833,2025-03-20,678,5
PO0016612,2025-03-21,2304,45
PO0016632,2025-03-21,384,4
PO0016677,2025-03-21,3384,36
PO0016691,2025-03-21,7320,159
PO0016723,2025-03-21,2301,21
PO0016737,2025-03-21,558,18
PO0016743,2025-03-21,792,9
PO0016750,2025-03-21,354,14
PO0016767,2025-03-21,288,4
PO0016775,2025-03-21,2256,18
PO0016788,2025-03-21,3456,174
PO0016794,2025-03-21,672,5
PO0016801,2025-03-21,792,3
PO0016802,2025-03-21,192,0
PO0016805,2025-03-21,1422,27
PO0016811,2025-03-21,432,5
PO0016816,2025-03-21,573,2
PO0016817,2025-03-21,876,10
PO0016823,2025-03-21,672,8
PO0016826,2025-03-21,168,0
PO0016828,2025-03-21,1392,22
PO0016836,2025-03-21,2142,31
PO0016838,2025-03-21,2178,27
PO0016839,2025-03-21,384,11
PO0016840,2025-03-21,2153,6
PO0016843,2025-03-21,768,10
PO0016844,2025-03-21,150,0
PO0016496,2025-03-22,1458,32
PO0016566,2025-03-22,336,2
PO0016748,2025-03-22,288,2
PO0016774,2025-03-22,384,5
PO0016780,2025-03-22,312,5
PO0016803,2025-03-22,120,1
PO0016813,2025-03-22,204,9
PO0016816,2025-03-22,573,0
PO0016827,2025-03-22,864,3
PO0016832,2025-03-22,1320,8
PO0016837,2025-03-22,348,6
PO0016698,2025-03-23,576,7
PO0016728,2025-03-23,216,0
PO0016744,2025-03-23,1488,28
PO0016773,2025-03-23,816,18
PO0016793,2025-03-23,900,8
PO0016800,2025-03-23,432,3
PO0016809,2025-03-23,1680,74
PO0016820,2025-03-23,216,4
PO0016829,2025-03-23,6288,53
PO0016830,2025-03-23,1317,27
PO0016834,2025-03-23,624,9
PO0016837,2025-03-23,348,7
PO0016845,2025-03-23,1008,10
PO0016846,2025-03-23,3000,64
PO0016855,2025-03-23,210,3
PO0016861,2025-03-23,960,6
PO0016863,2025-03-23,1488,22
PO0016864,2025-03-23,240,4
PO0016865,2025-03-23,192,1
PO0016870,2025-03-23,498,2
PO0016875,2025-03-23,2736,127
PO0016876,2025-03-23,1368,20
PO0016877,2025-03-23,726,16
PO0016676,2025-03-24,4578,42
PO0016694,2025-03-24,3456,29
PO0016702,2025-03-24,1968,10
PO0016725,2025-03-24,2976,37
PO0016812,2025-03-24,360,8
PO0016813,2025-03-24,204,1
PO0016848,2025-03-24,912,13
PO0016850,2025-03-24,2544,29
PO0016857,2025-03-24,960,8
PO0016858,2025-03-24,444,0
PO0016864,2025-03-24,240,1
PO0016867,2025-03-24,210,7
PO0016868,2025-03-24,189,3
PO0016871,2025-03-24,984,18
PO0016872,2025-03-24,288,5
PO0016873,2025-03-24,3936,54
PO0016878,2025-03-24,528,1
PO0016879,2025-03-24,2127,21
PO0016883,2025-03-24,2124,40
PO0016886,2025-03-24,210,1
PO0016888,2025-03-24,252,1
PO0016889,2025-03-24,924,2
PO0016890,2025-03-24,576,6
PO0016892,2025-03-24,2160,22
PO0016893,2025-03-24,360,6
PO0016895,2025-03-24,2448,29
PO0016903,2025-03-24,2053,25
PO0016789,2025-03-25,744,29
PO0016795,2025-03-25,552,6
PO0016835,2025-03-25,3888,181
PO0016841,2025-03-25,768,1
PO0016845,2025-03-25,1008,8
PO0016852,2025-03-25,1560,29
PO0016853,2025-03-25,1512,22
PO0016856,2025-03-25,2586,13
PO0016860,2025-03-25,264,2
PO0016866,2025-03-25,960,9
PO0016867,2025-03-25,210,4
PO0016868,2025-03-25,189,3
PO0016877,2025-03-25,726,15
PO0016880,2025-03-25,3176,22
PO0016882,2025-03-25,400,4
PO0016884,2025-03-25,330,7
PO0016885,2025-03-25,456,2
PO0016897,2025-03-25,804,9
PO0016900,2025-03-25,340,4
PO0016905,2025-03-25,574,8
PO0016908,2025-03-25,4410,56
PO0016909,2025-03-25,936,7
PO0016910,2025-03-25,972,16
PO0016916,2025-03-25,216,7
PO0016917,2025-03-25,168,2
PO0016919,2025-03-25,372,4
PO0016925,2025-03-25,324,1
PO0016927,2025-03-25,3900,89
PO0016943,2025-03-25,792,12
PO0016571,2025-03-26,1056,11
PO0016628,2025-03-26,1362,8
PO0016692,2025-03-26,708,11
PO0016782,2025-03-26,888,5
PO0016814,2025-03-26,1680,86
PO0016824,2025-03-26,1680,32
PO0016861,2025-03-26,960,21
PO0016865,2025-03-26,192,0
PO0016871,2025-03-26,984,21
PO0016879,2025-03-26,2127,18
PO0016881,2025-03-26,648,5
PO0016891,2025-03-26,828,9
PO0016894,2025-03-26,2820,56
PO0016898,2025-03-26,3216,63
PO0016899,2025-03-26,978,18
PO0016906,2025-03-26,1674,6
PO0016911,2025-03-26,168,1
PO0016921,2025-03-26,192,5
PO0016922,2025-03-26,384,6
PO0016923,2025-03-26,288,6
PO0016924,2025-03-26,480,4
PO0016926,2025-03-26,282,3
PO0016928,2025-03-26,960,44
PO0016931,2025-03-26,524,0
PO0016932,2025-03-26,1104,10
PO0016934,2025-03-26,1884,23
PO0016938,2025-03-26,1008,16
PO0016945,2025-03-26,240,6
PO0016946,2025-03-26,456,4
PO0016947,2025-03-26,676,4
PO0016954,2025-03-26,816,18
PO0016955,2025-03-26,240,5
PO0016960,2025-03-26,474,3
PO0016822,2025-03-27,1488,19
PO0016830,2025-03-27,1317,20
PO0016857,2025-03-27,960,18
PO0016885,2025-03-27,456,3
PO0016897,2025-03-27,804,12
PO0016902,2025-03-27,2394,8
PO0016907,2025-03-27,120,0
PO0016912,2025-03-27,1176,7
PO0016915,2025-03-27,1296,65
PO0016920,2025-03-27,3144,24
PO0016929,2025-03-27,288,1
PO0016933,2025-03-27,1830,24
PO0016936,2025-03-27,2064,53
PO0016937,2025-03-27,408,5
PO0016948,2025-03-27,1344,9
PO0016949,2025-03-27,240,0
PO0016950,2025-03-27,600,3
PO0016952,2025-03-27,396,2
PO0016956,2025-03-27,882,1
PO0016957,2025-03-27,192,0
PO0016965,2025-03-27,5664,71
PO0016966,2025-03-27,1680,91
PO0016967,2025-03-27,2688,25
PO0016972,2025-03-27,2592,5
PO0016978,2025-03-27,576,12
PO0016979,2025-03-27,3522,36
PO0016985,2025-03-27,1584,11
PO0016986,2025-03-27,1296,3
PO0016987,2025-03-27,396,0
PO0016993,2025-03-27,1200,6
PO0016701,2025-03-28,2928,138
PO0016778,2025-03-28,2448,17
PO0016894,2025-03-28,2820,57
PO0016926,2025-03-28,282,4
PO0016930,2025-03-28,1509,7
PO0016935,2025-03-28,3600,25
PO0016939,2025-03-28,214,1
PO0016941,2025-03-28,3888,34
PO0016942,2025-03-28,192,1
PO0016944,2025-03-28,828,8
PO0016953,2025-03-28,4368,58
PO0016958,2025-03-28,96,2
PO0016961,2025-03-28,3408,41
PO0016962,2025-03-28,522,7
PO0016968,2025-03-28,192,3
PO0016973,2025-03-28,480,13
PO0016974,2025-03-28,1050,13
PO0016975,2025-03-28,744,14
PO0016980,2025-03-28,312,1
PO0016981,2025-03-28,2028,23
PO0016982,2025-03-28,198,0
PO0016989,2025-03-28,2136,38
PO0016990,2025-03-28,6720,58
PO0016991,2025-03-28,444,7
PO0016994,2025-03-28,1050,12
PO0016995,2025-03-28,1296,31
PO0016997,2025-03-28,2544,33
PO0016998,2025-03-28,2304,18
PO0017002,2025-03-28,540,15
PO0016631,2025-03-29,432,8
PO0016692,2025-03-29,708,24
PO0016790,2025-03-29,1632,22
PO0016810,2025-03-29,1344,4
PO0016821,2025-03-29,564,13
PO0016849,2025-03-29,768,14
PO0016851,2025-03-29,1620,42
PO0016854,2025-03-29,2184,13
PO0016859,2025-03-29,803,4
PO0016891,2025-03-29,828,7
PO0016901,2025-03-29,318,2
PO0016917,2025-03-29,168,1
PO0016930,2025-03-29,1509,12
PO0016962,2025-03-29,522,6
PO0016969,2025-03-29,2208,39
PO0016971,2025-03-29,456,12
PO0016972,2025-03-29,2592,11
PO0016976,2025-03-29,672,12
PO0016977,2025-03-29,840,5
PO0016983,2025-03-29,936,14
PO0016984,2025-03-29,240,1
PO0016988,2025-03-29,1200,21
PO0017000,2025-03-29,600,9
PO0016869,2025-03-30,960,22
PO0016881,2025-03-30,648,9
PO0016906,2025-03-30,1674,13
PO0016911,2025-03-30,168,0
PO0016951,2025-03-30,2130,15
PO0016959,2025-03-30,3552,28
PO0016967,2025-03-30,2688,28
PO0016987,2025-03-30,396,1
PO0016992,2025-03-30,384,4
PO0016996,2025-03-30,1164,47
PO0017001,2025-03-30,228,5
PO0017006,2025-03-30,1188,20
PO0017007,2025-03-30,600,2
PO0017008,2025-03-30,1536,15
PO0017010,2025-03-30,286,4
PO0017013,2025-03-30,624,10
PO0017016,2025-03-30,912,15
PO0017019,2025-03-30,240,14
PO0017024,2025-03-30,2844,47
PO0017041,2025-03-30,4608,10
PO0017044,2025-03-30,1152,9
PO0017052,2025-03-30,1032,24
PO0016842,2025-03-31,264,6
PO0016904,2025-03-31,606,4
PO0016914,2025-03-31,756,6
PO0017003,2025-03-31,1758,5
PO0017009,2025-03-31,1224,22
PO0017015,2025-03-31,2544,20
PO0017028,2025-03-31,1158,28
PO0017039,2025-03-31,948,8
PO0017040,2025-03-31,288,8
PO0017047,2025-03-31,96,0
PO0017049,2025-03-31,2694,25
PO0017053,2025-03-31,2736,47
PO0017066,2025-03-31,528,2
PO0016713,2025-04-01,456,9
PO0016964,2025-04-01,432,6
PO0016992,2025-04-01,384,4
PO0017004,2025-04-01,720,15
PO0017005,2025-04-01,1704,13
PO0017011,2025-04-01,1956,25
PO0017012,2025-04-01,2400,19
PO0017014,2025-04-01,960,6
PO0017018,2025-04-01,96,0
PO0017022,2025-04-01,324,4
PO0017026,2025-04-01,816,7
PO0017030,2025-04-01,504,26
PO0017031,2025-04-01,672,0
PO0017034,2025-04-01,1326,29
PO0017043,2025-04-01,384,18
PO0017045,2025-04-01,264,6
PO0017054,2025-04-01,648,5
PO0017064,2025-04-01,360,9
PO0017065,2025-04-01,336,1
PO0017073,2025-04-01,744,41
PO0017074,2025-04-01,1632,27
PO0017083,2025-04-01,768,11
PO0017084,2025-04-01,4944,67
PO0017110,2025-04-01,492,4
PO0016618,2025-04-02,1728,10
PO0016862,2025-04-02,960,5
PO0016874,2025-04-02,456,5
PO0016896,2025-04-02,960,25
PO0016969,2025-04-02,2208,36
PO0017009,2025-04-02,1224,22
PO0017017,2025-04-02,816,18
PO0017023,2025-04-02,192,5
PO0017025,2025-04-02,1902,7
PO0017029,2025-04-02,5952,69
PO0017032,2025-04-02,1392,4
PO0017033,2025-04-02,528,11
PO0017035,2025-04-02,144,3
PO0017036,2025-04-02,306,2
PO0017037,2025-04-02,240,3
PO0017038,2025-04-02,1800,20
PO0017046,2025-04-02,594,2
PO0017050,2025-04-02,2166,17
PO0017051,2025-04-02,264,1
PO0017058,2025-04-02,768,15
PO0017059,2025-04-02,822,7
PO0017060,2025-04-02,732,7
PO0017063,2025-04-02,1284,3
PO0017071,2025-04-02,432,12
PO0017073,2025-04-02,744,36
PO0017076,2025-04-02,1056,4
PO0017078,2025-04-02,192,1
PO0017079,2025-04-02,1776,14
PO0017080,2025-04-02,336,9
PO0017081,2025-04-02,948,10
PO0017082,2025-04-02,264,1
PO0017087,2025-04-02,1752,10
PO0017089,2025-04-02,2904,30
PO0017091,2025-04-02,2316,15
PO0017094,2025-04-02,852,13
PO0017099,2025-04-02,1152,10
PO0017102,2025-04-02,240,2
PO0017106,2025-04-02,480,1
PO0017111,2025-04-02,1392,30
PO0017117,2025-04-02,384,1
PO0017125,2025-04-02,770,11
PO0017128,2025-04-02,1038,3
PO0016913,2025-04-03,546,1
PO0016970,2025-04-03,948,10
PO0016999,2025-04-03,300,6
PO0017027,2025-04-03,5376,81
PO0017042,2025-04-03,1284,17
PO0017048,2025-04-03,552,7
PO0017055,2025-04-03,750,9
PO0017056,2025-04-03,780,9
PO0017057,2025-04-03,3244,33
PO0017061,2025-04-03,3024,18
PO0017068,2025-04-03,720,8
PO0017070,2025-04-03,1320,5
PO0017075,2025-04-03,84,1
PO0017077,2025-04-03,1446,7
PO0017088,2025-04-03,864,3
PO0017096,2025-04-03,5184,72
PO0017097,2025-04-03,1917,19
PO0017100,2025-04-03,1242,65
PO0017101,2025-04-03,785,13
PO0017108,2025-04-03,1440,21
PO0017112,2025-04-03,2220,19
PO0017113,2025-04-03,1092,10
PO0017126,2025-04-03,96,1
PO0017127,2025-04-03,1722,20
PO0017158,2025-04-03,1152,18
PO0017166,2025-04-03,876,11
PO0017021,2025-04-04,2184,28
PO0017069,2025-04-04,2532,46
PO0017085,2025-04-04,672,9
PO0017090,2025-04-04,2976,15
PO0017093,2025-04-04,1098,2
PO0017097,2025-04-04,1917,14
PO0017105,2025-04-04,432,2
PO0017107,2025-04-04,2736,122
PO0017109,2025-04-04,3720,33
PO0017114,2025-04-04,2160,8
PO0017115,2025-04-04,624,10
PO0017116,2025-04-04,756,8
PO0017118,2025-04-04,1920,20
PO0017119,2025-04-04,2472,33
PO0017120,2025-04-04,2376,56
PO0017134,2025-04-04,1392,6
PO0017136,2025-04-04,432,8
PO0017138,2025-04-04,216,0
PO0017141,2025-04-04,756,13
PO0017144,2025-04-04,1104,5
PO0017147,2025-04-04,984,25
PO0017152,2025-04-04,2112,10
PO0017154,2025-04-04,288,0
PO0017157,2025-04-04,6768,26
PO0017159,2025-04-04,1116,6
PO0017170,2025-04-04,528,6
PO0017173,2025-04-04,1584,10
PO0016963,2025-04-05,336,15
PO0017092,2025-04-05,888,14
PO0017098,2025-04-05,1788,20
PO0017121,2025-04-05,360,0
PO0017123,2025-04-05,666,1
PO0017124,2025-04-05,3276,34
PO0017129,2025-04-05,984,5
PO0017133,2025-04-05,180,2
PO0017135,2025-04-05,2190,61
PO0017140,2025-04-05,1200,7
PO0017145,2025-04-05,240,0
PO0017148,2025-04-05,1320,11
PO0017150,2025-04-05,1848,33
PO0017151,2025-04-05,636,3
PO0017153,2025-04-05,1152,8
PO0017156,2025-04-05,1428,26
PO0017161,2025-04-05,1236,6
PO0017162,2025-04-05,528,4
PO0017164,2025-04-05,2592,28
PO0017168,2025-04-05,1224,25
PO0017169,2025-04-05,144,3
PO0017171,2025-04-05,2832,54
PO0017174,2025-04-05,312,16
PO0017175,2025-04-05,552,21
PO0017185,2025-04-05,3744,61
PO0017190,2025-04-05,612,5
PO0017020,2025-04-06,756,29
PO0017023,2025-04-06,192,3
PO0017075,2025-04-06,84,0
PO0017086,2025-04-06,792,3
PO0017146,2025-04-06,432,1
PO0017160,2025-04-06,2256,128
PO0017163,2025-04-06,2160,20
PO0017167,2025-04-06,1104,31
PO0017172,2025-04-06,978,9
PO0017176,2025-04-06,738,3
PO0017183,2025-04-06,1044,9
PO0017191,2025-04-06,1176,17
PO0017193,2025-04-06,1380,21
PO0017201,2025-04-06,396,2
PO0017203,2025-04-06,1428,19
PO0017204,2025-04-06,132,2
PO0017215,2025-04-06,285,3
PO0017234,2025-04-06,432,5
PO0016887,2025-04-07,300,2
PO0016999,2025-04-07,300,2
PO0017070,2025-04-07,1320,8
PO0017103,2025-04-07,4512,28
PO0017142,2025-04-07,1104,12
PO0017143,2025-04-07,2664,33
PO0017151,2025-04-07,636,4
PO0017159,2025-04-07,1116,5
PO0017178,2025-04-07,2304,30
PO0017179,2025-04-07,1284,13
PO0017180,2025-04-07,624,17
PO0017182,2025-04-07,1128,49
PO0017194,2025-04-07,1152,30
PO0017199,2025-04-07,384,8
PO0017202,2025-04-07,864,23
PO0017210,2025-04-07,1380,17
PO0017226,2025-04-07,432,0
PO0017227,2025-04-07,4992,72
PO0017229,2025-04-07,600,4
PO0017235,2025-04-07,1392,34
PO0017236,2025-04-07,1872,10
PO0017238,2025-04-07,1650,28
PO0017244,2025-04-07,708,9
PO0017245,2025-04-07,108,2
PO0017286,2025-04-07,1248,5
PO0017105,2025-04-08,432,0
PO0017130,2025-04-08,1728,51
PO0017132,2025-04-08,888,7
PO0017149,2025-04-08,264,2
PO0017153,2025-04-08,1152,5
PO0017177,2025-04-08,1008,9
PO0017179,2025-04-08,1284,16
PO0017181,2025-04-08,1188,8
PO0017184,2025-04-08,1152,26
PO0017187,2025-04-08,600,17
PO0017188,2025-04-08,2712,60
PO0017189,2025-04-08,2304,48
PO0017192,2025-04-08,2382,17
PO0017198,2025-04-08,888,19
PO0017200,2025-04-08,2022,11
PO0017206,2025-04-08,288,1
PO0017209,2025-04-08,1920,7
PO0017213,2025-04-08,840,3
PO0017216,2025-04-08,360,5
PO0017218,2025-04-08,1680,13
PO0017221,2025-04-08,2328,63
PO0017224,2025-04-08,600,0
PO0017225,2025-04-08,2160,53
PO0017228,2025-04-08,432,5
PO0017230,2025-04-08,2064,30
PO0017233,2025-04-08,1860,26
PO0017237,2025-04-08,1248,21
PO0017241,2025-04-08,792,11
PO0017249,2025-04-08,450,7
PO0017252,2025-04-08,834,1
PO0017256,2025-04-08,672,16
PO0017259,2025-04-08,2382,11
PO0017261,2025-04-08,1296,12
PO0017262,2025-04-08,1416,12
PO0017263,2025-04-08,1440,4
PO0017266,2025-04-08,1332,11
PO0017268,2025-04-08,651,8
PO0017271,2025-04-08,972,44
PO0017272,2025-04-08,384,0
PO0017275,2025-04-08,606,7
PO0017278,2025-04-08,432,0
PO0017284,2025-04-08,1368,11
PO0017310,2025-04-08,528,3
PO0017320,2025-04-08,294,1
PO0017324,2025-04-08,2448,23
PO0016847,2025-04-09,240,1
PO0016963,2025-04-09,336,21
PO0017062,2025-04-09,180,5
PO0017072,2025-04-09,888,14
PO0017129,2025-04-09,984,3
PO0017133,2025-04-09,180,3
PO0017139,2025-04-09,456,6
PO0017150,2025-04-09,1848,24
PO0017183,2025-04-09,1044,14
PO0017212,2025-04-09,1248,19
PO0017214,2025-04-09,4100,57
PO0017217,2025-04-09,2454,31
PO0017223,2025-04-09,4056,45
PO0017229,2025-04-09,600,6
PO0017239,2025-04-09,984,3
PO0017242,2025-04-09,252,4
PO0017246,2025-04-09,672,3
PO0017251,2025-04-09,420,7
PO0017253,2025-04-09,5712,124
PO0017257,2025-04-09,1224,6
PO0017265,2025-04-09,564,12
PO0017267,2025-04-09,468,2
PO0017270,2025-04-09,648,26
PO0017274,2025-04-09,144,2
PO0017277,2025-04-09,666,7
PO0017289,2025-04-09,645,10
PO0017290,2025-04-09,1440,54
PO0017293,2025-04-09,1200,29
PO0017299,2025-04-09,540,2
PO0017319,2025-04-09,504,2
PO0017323,2025-04-09,354,7
PO0017325,2025-04-09,3144,41
PO0017326,2025-04-09,576,15
PO0017327,2025-04-09,168,0
PO0017337,2025-04-09,2160,27
PO0017338,2025-04-09,414,5
PO0016918,2025-04-10,336,1
PO0017155,2025-04-10,3558,31
PO0017205,2025-04-10,2520,16
PO0017215,2025-04-10,285,1
PO0017242,2025-04-10,252,1
PO0017245,2025-04-10,108,2
PO0017250,2025-04-10,492,4
PO0017254,2025-04-10,720,11
PO0017258,2025-04-10,816,9
PO0017264,2025-04-10,480,8
PO0017269,2025-04-10,1009,2
PO0017276,2025-04-10,132,2
PO0017279,2025-04-10,1488,20
PO0017283,2025-04-10,1080,28
PO0017294,2025-04-10,1488,37
PO0017297,2025-04-10,144,2
PO0017298,2025-04-10,618,8
PO0017300,2025-04-10,4290,52
PO0017302,2025-04-10,612,6
PO0017309,2025-04-10,1482,4
PO0017312,2025-04-10,1236,17
PO0017318,2025-04-10,1056,12
PO0017321,2025-04-10,912,11
PO0017322,2025-04-10,1068,12
PO0017328,2025-04-10,474,3
PO0017330,2025-04-10,804,7
PO0017332,2025-04-10,432,14
PO0017334,2025-04-10,600,9
PO0017342,2025-04-10,1362,24
PO0017348,2025-04-10,126,1
PO0017351,2025-04-10,840,8
PO0017355,2025-04-10,816,11
PO0017361,2025-04-10,654,9
PO0017365,2025-04-10,1020,3
PO0017366,2025-04-10,1248,21
PO0016940,2025-04-11,2112,29
PO0017062,2025-04-11,180,2
PO0017095,2025-04-11,408,15
PO0017122,2025-04-11,504,3
PO0017199,2025-04-11,384,11
PO0017231,2025-04-11,1392,30
PO0017232,2025-04-11,1536,24
PO0017240,2025-04-11,1872,19
PO0017287,2025-04-11,5106,45
PO0017288,2025-04-11,1008,14
PO0017291,2025-04-11,3210,65
PO0017303,2025-04-11,336,3
PO0017305,2025-04-11,1998,7
PO0017308,2025-04-11,228,4
PO0017316,2025-04-11,767,8
PO0017329,2025-04-11,192,0
PO0017333,2025-04-11,288,5
PO0017335,2025-04-11,1920,9
PO0017336,2025-04-11,2244,13
PO0017342,2025-04-11,1362,13
PO0017345,2025-04-11,432,4
PO0017347,2025-04-11,408,7
PO0017352,2025-04-11,5220,63
PO0017356,2025-04-11,1392,9
PO0017357,2025-04-11,582,2
PO0017369,2025-04-11,840,19
PO0017104,2025-04-12,1542,19
PO0017131,2025-04-12,480,3
PO0017165,2025-04-12,312,3
PO0017200,2025-04-12,2022,7
PO0017207,2025-04-12,252,6
PO0017255,2025-04-12,816,9
PO0017256,2025-04-12,672,15
PO0017268,2025-04-12,651,3
PO0017280,2025-04-12,192,2
PO0017282,2025-04-12,1512,22
PO0017296,2025-04-12,312,0
PO0017301,2025-04-12,936,8
PO0017306,2025-04-12,948,10
PO0017315,2025-04-12,4440,44
PO0017330,2025-04-12,804,2
PO0017340,2025-04-12,660,8
PO0017341,2025-04-12,6432,139
PO0017344,2025-04-12,1116,16
PO0017349,2025-04-12,40,1
PO0017350,2025-04-12,1920,86
PO0017354,2025-04-12,1200,5
PO0017360,2025-04-12,2772,44
PO0017362,2025-04-12,1116,8
PO0017363,2025-04-12,816,7
PO0017368,2025-04-12,894,10
PO0017381,2025-04-12,2016,14
PO0017186,2025-04-13,432,11
PO0017195,2025-04-13,852,18
PO0017219,2025-04-13,2088,23
PO0017243,2025-04-13,780,10
PO0017247,2025-04-13,216,10
PO0017276,2025-04-13,132,1
PO0017304,2025-04-13,2442,33
PO0017308,2025-04-13,228,2
PO0017316,2025-04-13,768,9
PO0017317,2025-04-13,516,1
PO0017337,2025-04-13,2160,28
PO0017358,2025-04-13,2904,24
PO0017359,2025-04-13,1152,6
PO0017373,2025-04-13,852,9
PO0017376,2025-04-13,4644,28
PO0017377,2025-04-13,441,10
PO0017378,2025-04-13,1344,36
PO0017380,2025-04-13,1068,2
PO0017382,2025-04-13,348,7
PO0017385,2025-04-13,123,1
PO0017389,2025-04-13,240,5
PO0017416,2025-04-13,4230,48
PO0017067,2025-04-14,564,6
PO0017197,2025-04-14,816,18
PO0017260,2025-04-14,750,43
PO0017281,2025-04-14,426,3
PO0017343,2025-04-14,324,4
PO0017346,2025-04-14,792,17
PO0017370,2025-04-14,3532,28
PO0017372,2025-04-14,1662,31
PO0017379,2025-04-14,180,1
PO0017383,2025-04-14,3456,19
PO0017391,2025-04-14,2784,70
PO0017392,2025-04-14,591,4
PO0017393,2025-04-14,1512,23
PO0017397,2025-04-14,816,4
PO0017399,2025-04-14,504,6
PO0017402,2025-04-14,3504,29
PO0017407,2025-04-14,3312,23
PO0017408,2025-04-14,4128,70
PO0017411,2025-04-14,240,2
PO0017412,2025-04-14,3948,40
PO0017413,2025-04-14,900,6
PO0017415,2025-04-14,480,14
PO0017418,2025-04-14,456,4
PO0017438,2025-04-14,618,0
PO0017131,2025-04-15,480,2
PO0017208,2025-04-15,384,13
PO0017282,2025-04-15,1512,21
PO0017285,2025-04-15,720,3
PO0017343,2025-04-15,324,5
PO0017349,2025-04-15,40,0
PO0017374,2025-04-15,3648,40
PO0017375,2025-04-15,192,0
PO0017386,2025-04-15,1308,7
PO0017388,2025-04-15,352,8
PO0017390,2025-04-15,203,1
PO0017394,2025-04-15,4848,18
PO0017396,2025-04-15,2208,35
PO0017401,2025-04-15,3792,17
PO0017419,2025-04-15,1061,8
PO0017420,2025-04-15,2640,10
PO0017422,2025-04-15,1224,16
PO0017435,2025-04-15,336,0
PO0017436,2025-04-15,1248,9
PO0017451,2025-04-15,816,20
PO0017452,2025-04-15,444,1
PO0017454,2025-04-15,552,9
PO0017456,2025-04-15,1200,68
PO0017457,2025-04-15,1392,66
PO0017458,2025-04-15,804,12
PO0017480,2025-04-15,600,6
PO0017492,2025-04-15,109,1
PO0017137,2025-04-16,480,14
PO0017196,2025-04-16,996,18
PO0017211,2025-04-16,480,7
PO0017307,2025-04-16,456,3
PO0017353,2025-04-16,8124,166
PO0017364,2025-04-16,1200,9
PO0017403,2025-04-16,408,5
PO0017406,2025-04-16,384,3
PO0017414,2025-04-16,2136,33
PO0017421,2025-04-16,48,2
PO0017423,2025-04-16,348,1
PO0017425,2025-04-16,528,6
PO0017428,2025-04-16,3609,45
PO0017433,2025-04-16,624,7
PO0017437,2025-04-16,1278,9
PO0017440,2025-04-16,1716,13
PO0017443,2025-04-16,612,16
PO0017444,2025-04-16,762,3
PO0017445,2025-04-16,6324,130
PO0017447,2025-04-16,240,4
PO0017453,2025-04-16,1920,21
PO0017455,2025-04-16,963,8
PO0017460,2025-04-16,816,1
PO0017465,2025-04-16,6600,88
PO0017466,2025-04-16,504,5
PO0017469,2025-04-16,6018,54
PO0017472,2025-04-16,1860,42
PO0017473,2025-04-16,3066,35
PO0017489,2025-04-16,1824,21
PO0017490,2025-04-16,1104,15
PO0017492,2025-04-16,109,0
PO0017512,2025-04-16,828,11
PO0017137,2025-04-17,480,9
PO0017211,2025-04-17,480,8
PO0017248,2025-04-17,612,25
PO0017273,2025-04-17,2232,39
PO0017292,2025-04-17,1758,28
PO0017295,2025-04-17,2580,16
PO0017311,2025-04-17,354,3
PO0017377,2025-04-17,441,7
PO0017385,2025-04-17,123,1
PO0017405,2025-04-17,2280,46
PO0017413,2025-04-17,900,7
PO0017429,2025-04-17,1380,10
PO0017431,2025-04-17,1875,13
PO0017432,2025-04-17,1200,7
PO0017434,2025-04-17,141,2
PO0017437,2025-04-17,1278,12
PO0017439,2025-04-17,1032,4
PO0017441,2025-04-17,2172,23
PO0017442,2025-04-17,1615,23
PO0017446,2025-04-17,1758,10
PO0017448,2025-04-17,720,16
PO0017459,2025-04-17,183,0
PO0017462,2025-04-17,4356,27
PO0017463,2025-04-17,912,7
PO0017464,2025-04-17,624,6
PO0017467,2025-04-17,192,3
PO0017468,2025-04-17,528,2
PO0017471,2025-04-17,1536,6
PO0017474,2025-04-17,279,3
PO0017478,2025-04-17,576,4
PO0017479,2025-04-17,864,5
PO0017482,2025-04-17,2184,35
PO0017485,2025-04-17,360,26
PO0017486,2025-04-17,108,1
PO0017494,2025-04-17,1020,8
PO0017495,2025-04-17,936,22
PO0017497,2025-04-17,384,3
PO0017501,2025-04-17,1836,41
PO0017502,2025-04-17,144,2
PO0017511,2025-04-17,294,2
PO0017516,2025-04-17,816,4
PO0017220,2025-04-18,4704,48
PO0017367,2025-04-18,1686,34
PO0017375,2025-04-18,192,1
PO0017451,2025-04-18,816,19
PO0017455,2025-04-18,963,12
PO0017458,2025-04-18,804,14
PO0017459,2025-04-18,183,4
PO0017470,2025-04-18,1146,9
PO0017475,2025-04-18,708,1
PO0017477,2025-04-18,288,0
PO0017484,2025-04-18,848,1
PO0017496,2025-04-18,264,5
PO0017503,2025-04-18,420,6
PO0017504,2025-04-18,168,6
PO0017505,2025-04-18,2966,26
PO0017507,2025-04-18,564,1
PO0017513,2025-04-18,5040,54
PO0017518,2025-04-18,1488,26
PO0017520,2025-04-18,4620,86
PO0017522,2025-04-18,732,3
PO0017525,2025-04-18,600,16
PO0017526,2025-04-18,558,2
PO0017527,2025-04-18,3054,53
PO0017530,2025-04-18,1573,18
PO0017531,2025-04-18,384,9
PO0017541,2025-04-18,1812,35
PO0017542,2025-04-18,768,2
PO0017545,2025-04-18,264,1
PO0017311,2025-04-19,354,6
PO0017313,2025-04-19,258,3
PO0017339,2025-04-19,1104,29
PO0017395,2025-04-19,1974,45
PO0017417,2025-04-19,360,2
PO0017421,2025-04-19,48,0
PO0017422,2025-04-19,1224,17
PO0017424,2025-04-19,1908,32
PO0017430,2025-04-19,1968,21
PO0017434,2025-04-19,141,2
PO0017491,2025-04-19,286,5
PO0017498,2025-04-19,312,1
PO0017510,2025-04-19,168,2
PO0017523,2025-04-19,150,1
PO0017528,2025-04-19,2568,39
PO0017529,2025-04-19,1488,12
PO0017540,2025-04-19,1764,26
PO0017543,2025-04-19,192,0
PO0017546,2025-04-19,1572,5
PO0017552,2025-04-19,2709,32
PO0017314,2025-04-20,456,8
PO0017404,2025-04-20,1194,13
PO0017427,2025-04-20,888,10
PO0017431,2025-04-20,1875,23
PO0017448,2025-04-20,720,16
PO0017477,2025-04-20,288,1
PO0017478,2025-04-20,576,7
PO0017504,2025-04-20,168,5
PO0017514,2025-04-20,1104,21
PO0017519,2025-04-20,301,2
PO0017533,2025-04-20,1248,16
PO0017534,2025-04-20,804,14
PO0017535,2025-04-20,1878,6
PO0017536,2025-04-20,4524,33
PO0017538,2025-04-20,240,0
PO0017539,2025-04-20,564,5
PO0017546,2025-04-20,1572,8
PO0017548,2025-04-20,1080,20
PO0017549,2025-04-20,1369,19
PO0017553,2025-04-20,504,5
PO0017554,2025-04-20,1488,24
PO0017558,2025-04-20,2112,29
PO0017559,2025-04-20,1044,22
PO0017562,2025-04-20,144,4
PO0017563,2025-04-20,1008,12
PO0017569,2025-04-20,816,7
PO0017571,2025-04-20,768,2
PO0017573,2025-04-20,1121,18
PO0017600,2025-04-20,468,6
PO0017295,2025-04-21,2580,8
PO0017384,2025-04-21,3900,17
PO0017474,2025-04-21,279,0
PO0017511,2025-04-21,294,2
PO0017544,2025-04-21,2064,12
PO0017556,2025-04-21,3840,201
PO0017557,2025-04-21,2352,25
PO0017559,2025-04-21,1044,22
PO0017560,2025-04-21,828,12
PO0017561,2025-04-21,312,4
PO0017564,2025-04-21,120,0
PO0017566,2025-04-21,2148,34
PO0017572,2025-04-21,1476,28
PO0017574,2025-04-21,2736,126
PO0017575,2025-04-21,3312,12
PO0017577,2025-04-21,480,12
PO0017582,2025-04-21,2052,24
PO0017588,2025-04-21,1224,7
PO0017593,2025-04-21,504,2
PO0017597,2025-04-21,540,3
PO0017598,2025-04-21,960,10
PO0017604,2025-04-21,1560,7
PO0017607,2025-04-21,468,4
PO0017608,2025-04-21,240,1
PO0017609,2025-04-21,888,19
PO0017615,2025-04-21,120,0
PO0017313,2025-04-22,258,4
PO0017371,2025-04-22,612,11
PO0017400,2025-04-22,2808,17
PO0017461,2025-04-22,192,3
PO0017475,2025-04-22,708,3
PO0017488,2025-04-22,1176,8
PO0017493,2025-04-22,192,5
PO0017547,2025-04-22,312,6
PO0017551,2025-04-22,5244,56
PO0017555,2025-04-22,912,14
PO0017564,2025-04-22,120,1
PO0017568,2025-04-22,1968,98
PO0017579,2025-04-22,1032,9
PO0017587,2025-04-22,1452,18
PO0017590,2025-04-22,336,3
PO0017591,2025-04-22,600,4
PO0017592,2025-04-22,1128,16
PO0017602,2025-04-22,696,13
PO0017610,2025-04-22,1056,25
PO0017614,2025-04-22,1992,16
PO0017616,2025-04-22,2010,19
PO0017621,2025-04-22,1968,91
PO0017625,2025-04-22,600,17
PO0017632,2025-04-22,288,4
PO0017636,2025-04-22,768,7
PO0017637,2025-04-22,168,1
PO0017641,2025-04-22,354,3
PO0017643,2025-04-22,864,12
PO0017644,2025-04-22,3024,15
PO0017652,2025-04-22,1320,2
PO0017656,2025-04-22,2832,11
PO0017398,2025-04-23,948,20
PO0017491,2025-04-23,286,5
PO0017499,2025-04-23,1176,22
PO0017567,2025-04-23,504,1
PO0017576,2025-04-23,696,2
PO0017580,2025-04-23,708,5
PO0017586,2025-04-23,4576,50
PO0017588,2025-04-23,1224,7
PO0017589,2025-04-23,2016,25
PO0017594,2025-04-23,2472,10
PO0017595,2025-04-23,474,4
PO0017596,2025-04-23,528,2
PO0017599,2025-04-23,3936,57
PO0017601,2025-04-23,1842,6
PO0017603,2025-04-23,918,6
PO0017606,2025-04-23,42,1
PO0017607,2025-04-23,468,2
PO0017612,2025-04-23,678,1
PO0017613,2025-04-23,1728,33
PO0017617,2025-04-23,792,11
PO0017619,2025-04-23,504,2
PO0017627,2025-04-23,936,10
PO0017634,2025-04-23,2952,52
PO0017639,2025-04-23,432,7
PO0017640,2025-04-23,384,1
PO0017642,2025-04-23,336,13
PO0017645,2025-04-23,894,10
PO0017646,2025-04-23,996,10
PO0017647,2025-04-23,1527,6
PO0017648,2025-04-23,2178,6
PO0017651,2025-04-23,1422,25
PO0017654,2025-04-23,1680,42
PO0017659,2025-04-23,216,4
PO0017662,2025-04-23,480,30
PO0017668,2025-04-23,552,1
PO0017669,2025-04-23,672,1
PO0017670,2025-04-23,480,5
PO0017672,2025-04-23,1632,73
PO0017677,2025-04-23,288,2
PO0017690,2025-04-23,612,4
PO0017694,2025-04-23,1098,9
PO0017707,2025-04-23,336,1
PO0017222,2025-04-24,924,45
PO0017314,2025-04-24,456,7
PO0017410,2025-04-24,642,11
PO0017508,2025-04-24,1746,36
PO0017509,2025-04-24,1776,8
PO0017519,2025-04-24,301,3
PO0017521,2025-04-24,888,58
PO0017524,2025-04-24,990,16
PO0017580,2025-04-24,708,7
PO0017581,2025-04-24,6180,31
PO0017602,2025-04-24,696,8
PO0017620,2025-04-24,1104,20
PO0017623,2025-04-24,264,1
PO0017624,2025-04-24,336,11
PO0017626,2025-04-24,2196,52
PO0017628,2025-04-24,1344,18
PO0017631,2025-04-24,336,5
PO0017642,2025-04-24,336,7
PO0017649,2025-04-24,3240,59
PO0017653,2025-04-24,1194,8
PO0017664,2025-04-24,219,2
PO0017665,2025-04-24,546,1
PO0017667,2025-04-24,3348,35
PO0017678,2025-04-24,192,1
PO0017680,2025-04-24,1056,3
PO0017682,2025-04-24,936,4
PO0017687,2025-04-24,2184,7
PO0017688,2025-04-24,250,4
PO0017691,2025-04-24,672,4
PO0017692,2025-04-24,192,0
PO0017693,2025-04-24,708,14
PO0017696,2025-04-24,2544,118
PO0017699,2025-04-24,1188,14
PO0017701,2025-04-24,1224,20
PO0017705,2025-04-24,534,6
PO0017722,2025-04-24,384,1
PO0017387,2025-04-25,456,2
PO0017409,2025-04-25,528,0
PO0017449,2025-04-25,918,15
PO0017481,2025-04-25,384,7
PO0017506,2025-04-25,336,4
PO0017515,2025-04-25,330,0
PO0017517,2025-04-25,480,6
PO0017560,2025-04-25,828,7
PO0017585,2025-04-25,1716,19
PO0017594,2025-04-25,2472,15
PO0017606,2025-04-25,42,0
PO0017622,2025-04-25,165,1
PO0017629,2025-04-25,288,0
PO0017650,2025-04-25,437,4
PO0017655,2025-04-25,1632,16
PO0017657,2025-04-25,552,4
PO0017660,2025-04-25,744,13
PO0017661,2025-04-25,1344,22
PO0017663,2025-04-25,546,20
PO0017666,2025-04-25,1608,18
PO0017674,2025-04-25,72,0
PO0017675,2025-04-25,2352,10
PO0017676,2025-04-25,672,10
PO0017679,2025-04-25,336,3
PO0017681,2025-04-25,1776,23
PO0017683,2025-04-25,132,2
PO0017685,2025-04-25,1056,13
PO0017686,2025-04-25,144,2
PO0017693,2025-04-25,708,7
PO0017698,2025-04-25,588,6
PO0017700,2025-04-25,2400,38
PO0017703,2025-04-25,3384,24
PO0017704,2025-04-25,516,2
PO0017712,2025-04-25,3648,25
PO0017718,2025-04-25,2988,72
PO0017719,2025-04-25,864,14
PO0017724,2025-04-25,138,1
PO0017725,2025-04-25,300,1
PO0017729,2025-04-25,3108,26
PO0017732,2025-04-25,1632,11
PO0017398,2025-04-26,948,8
PO0017483,2025-04-26,2088,36
PO0017570,2025-04-26,1536,78
PO0017591,2025-04-26,600,4
PO0017605,2025-04-26,48,0
PO0017647,2025-04-26,1527,5
PO0017651,2025-04-26,1422,27
PO0017662,2025-04-26,480,24
PO0017664,2025-04-26,219,1
PO0017689,2025-04-26,696,17
PO0017695,2025-04-26,168,5
PO0017702,2025-04-26,1308,37
PO0017705,2025-04-26,534,13
PO0017708,2025-04-26,264,0
PO0017710,2025-04-26,1680,9
PO0017711,2025-04-26,679,14
PO0017714,2025-04-26,660,5
PO0017715,2025-04-26,1893,22
PO0017717,2025-04-26,744,5
PO0017720,2025-04-26,1176,15
PO0017721,2025-04-26,303,0
PO0017723,2025-04-26,4320,44
PO0017726,2025-04-26,408,5
PO0017728,2025-04-26,324,4
PO0017734,2025-04-26,660,3
PO0017738,2025-04-26,1488,12
PO0017745,2025-04-26,5088,25
PO0017750,2025-04-26,864,6
PO0017757,2025-04-26,243,2
PO0017426,2025-04-27,480,9
PO0017487,2025-04-27,288,3
PO0017521,2025-04-27,888,34
PO0017565,2025-04-27,936,14
PO0017578,2025-04-27,906,6
PO0017635,2025-04-27,120,0
PO0017663,2025-04-27,546,21
PO0017713,2025-04-27,552,4
PO0017716,2025-04-27,1020,6
PO0017727,2025-04-27,2148,27
PO0017730,2025-04-27,1722,5
PO0017735,2025-04-27,258,1
PO0017739,2025-04-27,719,2
PO0017741,2025-04-27,125,1
PO0017743,2025-04-27,408,9
PO0017744,2025-04-27,780,14
PO0017753,2025-04-27,72,2
PO0017759,2025-04-27,2346,22
PO0017769,2025-04-27,660,3
PO0017777,2025-04-27,360,3
PO0017784,2025-04-27,564,4
PO0017450,2025-04-28,480,13
PO0017476,2025-04-28,192,1
PO0017622,2025-04-28,165,1
PO0017623,2025-04-28,264,0
PO0017630,2025-04-28,504,5
PO0017715,2025-04-28,1893,23
PO0017721,2025-04-28,303,0
PO0017728,2025-04-28,324,7
PO0017737,2025-04-28,2040,48
PO0017743,2025-04-28,408,5
PO0017744,2025-04-28,780,14
PO0017746,2025-04-28,576,9
PO0017751,2025-04-28,2214,7
PO0017752,2025-04-28,302,7
PO0017755,2025-04-28,3312,28
PO0017756,2025-04-28,288,1
PO0017758,2025-04-28,54,1
PO0017761,2025-04-28,3156,26
PO0017762,2025-04-28,438,2
PO0017766,2025-04-28,1248,7
PO0017768,2025-04-28,1488,35
PO0017771,2025-04-28,624,8
PO0017774,2025-04-28,624,1
PO0017782,2025-04-28,1116,20
PO0017793,2025-04-28,262,5
PO0017481,2025-04-29,384,3
PO0017532,2025-04-29,6816,73
PO0017537,2025-04-29,672,13
PO0017584,2025-04-29,1284,23
PO0017633,2025-04-29,960,17
PO0017708,2025-04-29,264,3
PO0017733,2025-04-29,684,5
PO0017735,2025-04-29,258,3
PO0017736,2025-04-29,336,3
PO0017740,2025-04-29,762,3
PO0017741,2025-04-29,125,2
PO0017749,2025-04-29,2544,43
PO0017754,2025-04-29,528,11
PO0017764,2025-04-29,6672,53
PO0017765,2025-04-29,984,7
PO0017767,2025-04-29,1368,17
PO0017773,2025-04-29,216,2
PO0017775,2025-04-29,768,2
PO0017778,2025-04-29,2130,17
PO0017781,2025-04-29,288,8
PO0017783,2025-04-29,1296,25
PO0017786,2025-04-29,1548,17
PO0017787,2025-04-29,1365,24
PO0017789,2025-04-29,816,4
PO0017794,2025-04-29,5424,96
PO0017799,2025-04-29,1344,7
PO0017803,2025-04-29,768,28
PO0017804,2025-04-29,4512,20
PO0017811,2025-04-29,486,0
PO0017816,2025-04-29,384,1
PO0017821,2025-04-29,7362,70
PO0017426,2025-04-30,480,17
PO0017483,2025-04-30,2088,34
PO0017570,2025-04-30,1536,58
PO0017635,2025-04-30,120,0
PO0017695,2025-04-30,168,1
PO0017697,2025-04-30,1872,12
PO0017706,2025-04-30,624,14
PO0017753,2025-04-30,72,2
PO0017763,2025-04-30,600,0
PO0017773,2025-04-30,216,1
PO0017785,2025-04-30,1080,20
PO0017787,2025-04-30,1365,17
PO0017788,2025-04-30,528,4
PO0017790,2025-04-30,948,6
PO0017791,2025-04-30,408,2
PO0017795,2025-04-30,4368,102
PO0017798,2025-04-30,402,5
PO0017801,2025-04-30,77,0
PO0017802,2025-04-30,1728,10
PO0017807,2025-04-30,912,38
PO0017814,2025-04-30,2553,20
PO0017817,2025-04-30,720,18
PO0017818,2025-04-30,2784,37
PO0017824,2025-04-30,5304,64
PO0017828,2025-04-30,1872,23
PO0017832,2025-04-30,6144,76
PO0017833,2025-04-30,660,17
PO0017839,2025-04-30,2664,36
PO0017842,2025-04-30,318,3
PO0017843,2025-04-30,624,2
PO0017844,2025-04-30,960,13
PO0017850,2025-04-30,528,2
PO0017618,2025-05-01,1776,7
PO0017658,2025-05-01,984,5
PO0017671,2025-05-01,780,17
PO0017673,2025-05-01,996,54
PO0017731,2025-05-01,1296,5
PO0017747,2025-05-01,1632,13
PO0017758,2025-05-01,54,1
PO0017796,2025-05-01,1140,47
PO0017797,2025-05-01,2352,49
PO0017800,2025-05-01,618,2
PO0017805,2025-05-01,2376,17
PO0017806,2025-05-01,1068,21
PO0017808,2025-05-01,288,5
PO0017809,2025-05-01,3936,27
PO0017810,2025-05-01,1776,24
PO0017812,2025-05-01,96,0
PO0017813,2025-05-01,2832,49
PO0017815,2025-05-01,1212,14
PO0017820,2025-05-01,840,13
PO0017825,2025-05-01,1836,9
PO0017831,2025-05-01,2544,13
PO0017842,2025-05-01,318,1
PO0017847,2025-05-01,420,7
PO0017848,2025-05-01,360,5
PO0017851,2025-05-01,636,5
PO0017855,2025-05-01,816,7
PO0017862,2025-05-01,1584,18
PO0017863,2025-05-01,597,3
PO0017872,2025-05-01,1848,9
PO0017500,2025-05-02,2736,144
PO0017638,2025-05-02,948,6
PO0017747,2025-05-02,1632,25
PO0017748,2025-05-02,1416,10
PO0017772,2025-05-02,1008,14
PO0017780,2025-05-02,912,17
PO0017793,2025-05-02,263,2
PO0017801,2025-05-02,77,0
PO0017819,2025-05-02,1734,31
PO0017829,2025-05-02,522,6
PO0017830,2025-05-02,624,5
PO0017833,2025-05-02,660,15
PO0017835,2025-05-02,5976,72
PO0017837,2025-05-02,330,9
PO0017840,2025-05-02,4080,27
PO0017845,2025-05-02,288,14
PO0017852,2025-05-02,5304,70
PO0017856,2025-05-02,1287,15
PO0017857,2025-05-02,1620,31
PO0017860,2025-05-02,8052,164
PO0017865,2025-05-02,1632,27
PO0017869,2025-05-02,636,7
PO0017870,2025-05-02,726,2
PO0017873,2025-05-02,1056,4
PO0017874,2025-05-02,636,8
PO0017875,2025-05-02,540,13
PO0017882,2025-05-02,1020,5
PO0017889,2025-05-02,3090,26
PO0017892,2025-05-02,288,7
PO0017550,2025-05-03,216,2
PO0017684,2025-05-03,336,1
PO0017742,2025-05-03,4656,102
PO0017776,2025-05-03,2544,29
PO0017788,2025-05-03,528,4
PO0017791,2025-05-03,408,3
PO0017846,2025-05-03,2976,22
PO0017849,2025-05-03,288,1
PO0017853,2025-05-03,2280,19
PO0017859,2025-05-03,369,10
PO0017864,2025-05-03,2184,33
PO0017866,2025-05-03,240,1
PO0017867,2025-05-03,2220,12
PO0017871,2025-05-03,750,12
PO0017875,2025-05-03,540,11
PO0017876,2025-05-03,312,17
PO0017878,2025-05-03,4800,46
PO0017879,2025-05-03,1152,20
PO0017880,2025-05-03,2952,21
PO0017881,2025-05-03,3264,34
PO0017883,2025-05-03,168,2
PO0017884,2025-05-03,150,2
PO0017885,2025-05-03,1440,8
PO0017886,2025-05-03,3252,25
PO0017887,2025-05-03,1842,18
PO0017890,2025-05-03,2448,18
PO0017891,2025-05-03,288,8
PO0017893,2025-05-03,1392,30
PO0017331,2025-05-04,696,13
PO0017611,2025-05-04,402,29
PO0017709,2025-05-04,156,2
PO0017779,2025-05-04,1134,22
PO0017829,2025-05-04,522,3
PO0017834,2025-05-04,312,3
PO0017836,2025-05-04,3024,46
PO0017869,2025-05-04,636,10
PO0017888,2025-05-04,1344,16
PO0017895,2025-05-04,1872,15
PO0017898,2025-05-04,192,8
PO0017899,2025-05-04,2520,51
PO0017901,2025-05-04,1416,5
PO0017905,2025-05-04,1476,10
PO0017906,2025-05-04,384,6
PO0017907,2025-05-04,804,14
PO0017909,2025-05-04,5610,58
PO0017910,2025-05-04,1956,12
PO0017912,2025-05-04,852,9
PO0017914,2025-05-04,576,5
PO0017915,2025-05-04,318,5
PO0017917,2025-05-04,120,0
PO0017919,2025-05-04,558,7
PO0017923,2025-05-04,942,15
PO0017760,2025-05-05,432,10
PO0017838,2025-05-05,1392,64
PO0017863,2025-05-05,597,3
PO0017870,2025-05-05,726,3
PO0017887,2025-05-05,1842,17
PO0017894,2025-05-05,720,1
PO0017902,2025-05-05,612,1
PO0017903,2025-05-05,216,4
PO0017904,2025-05-05,288,3
PO0017913,2025-05-05,2280,14
PO0017924,2025-05-05,1608,17
PO0017928,2025-05-05,4131,28
PO0017929,2025-05-05,2214,27
PO0017941,2025-05-05,576,2
PO0017943,2025-05-05,666,9
PO0017945,2025-05-05,1344,6
PO0017960,2025-05-05,2616,29
PO0017961,2025-05-05,1080,24
PO0017962,2025-05-05,1080,7
PO0017977,2025-05-05,1684,16
PO0017985,2025-05-05,222,1
PO0017986,2025-05-05,444,1
PO0017583,2025-05-06,4524,41
PO0017822,2025-05-06,1776,38
PO0017838,2025-05-06,1392,67
PO0017883,2025-05-06,168,0
PO0017896,2025-05-06,168,3
PO0017897,2025-05-06,2856,9
PO0017900,2025-05-06,2838,19
PO0017907,2025-05-06,804,16
PO0017908,2025-05-06,408,7
PO0017913,2025-05-06,2280,13
PO0017926,2025-05-06,2472,40
PO0017935,2025-05-06,6432,81
PO0017937,2025-05-06,1476,14
PO0017938,2025-05-06,2544,17
PO0017940,2025-05-06,499,6
PO0017944,2025-05-06,264,1
PO0017947,2025-05-06,336,4
PO0017949,2025-05-06,822,4
PO0017950,2025-05-06,1578,35
PO0017951,2025-05-06,1368,27
PO0017952,2025-05-06,912,1
PO0017954,2025-05-06,96,2
PO0017957,2025-05-06,246,3
PO0017958,2025-05-06,792,8
PO0017971,2025-05-06,648,18
PO0017973,2025-05-06,1512,5
PO0017983,2025-05-06,324,1
PO0017995,2025-05-06,918,15
PO0018031,2025-05-06,702,14
PO0017823,2025-05-07,2496,108
PO0017834,2025-05-07,312,4
PO0017859,2025-05-07,369,11
PO0017918,2025-05-07,144,4
PO0017920,2025-05-07,384,3
PO0017921,2025-05-07,1488,15
PO0017922,2025-05-07,3744,60
PO0017925,2025-05-07,3618,18
PO0017931,2025-05-07,1392,7
PO0017932,2025-05-07,894,1
PO0017934,2025-05-07,1620,20
PO0017939,2025-05-07,192,1
PO0017946,2025-05-07,1740,23
PO0017955,2025-05-07,192,1
PO0017958,2025-05-07,792,6
PO0017965,2025-05-07,1002,6
PO0017967,2025-05-07,2304,31
PO0017969,2025-05-07,8256,79
PO0017970,2025-05-07,2640,60
PO0017972,2025-05-07,288,5
PO0017974,2025-05-07,1067,15
PO0017980,2025-05-07,852,14
PO0017981,2025-05-07,174,1
PO0017982,2025-05-07,978,4
PO0017984,2025-05-07,2880,66
PO0017985,2025-05-07,222,2
PO0017988,2025-05-07,216,1
PO0017991,2025-05-07,1044,8
PO0017994,2025-05-07,324,3
PO0018000,2025-05-07,942,9
PO0018001,2025-05-07,1944,15
PO0018007,2025-05-07,1392,12
PO0018009,2025-05-07,3192,35
PO0018012,2025-05-07,1032,5
PO0018014,2025-05-07,3368,27
PO0018017,2025-05-07,2088,23
PO0018025,2025-05-07,47,1
PO0018026,2025-05-07,822,17
PO0018027,2025-05-07,654,7
PO0018028,2025-05-07,960,6
PO0018046,2025-05-07,528,7
PO0018060,2025-05-07,720,2
PO0017854,2025-05-08,576,5
PO0017868,2025-05-08,528,5
PO0017877,2025-05-08,1002,22
PO0017927,2025-05-08,6624,13
PO0017929,2025-05-08,2214,24
PO0017963,2025-05-08,503,10
PO0017968,2025-05-08,768,15
PO0017975,2025-05-08,492,3
PO0017978,2025-05-08,5064,40
PO0017979,2025-05-08,408,5
PO0017987,2025-05-08,288,3
PO0017993,2025-05-08,2304,39
PO0017994,2025-05-08,324,5
PO0017998,2025-05-08,996,17
PO0018002,2025-05-08,432,4
PO0018003,2025-05-08,1176,13
PO0018004,2025-05-08,1128,6
PO0018005,2025-05-08,936,8
PO0018008,2025-05-08,5088,35
PO0018015,2025-05-08,1659,33
PO0018016,2025-05-08,486,5
PO0018023,2025-05-08,1194,15
PO0018024,2025-05-08,276,12
PO0018029,2025-05-08,323,0
PO0018032,2025-05-08,240,3
PO0018034,2025-05-08,2262,24
PO0018044,2025-05-08,912,8
PO0018049,2025-05-08,372,2
PO0018060,2025-05-08,720,4
PO0018070,2025-05-08,1824,24
PO0018073,2025-05-08,240,0
PO0018077,2025-05-08,901,8
PO0018081,2025-05-08,990,13
PO0018092,2025-05-08,378,7
PO0017770,2025-05-09,5136,31
PO0017792,2025-05-09,1248,17
PO0017827,2025-05-09,312,0
PO0017841,2025-05-09,1260,16
PO0017933,2025-05-09,456,2
PO0017948,2025-05-09,516,8
PO0017959,2025-05-09,450,6
PO0018010,2025-05-09,870,2
PO0018011,2025-05-09,2442,11
PO0018013,2025-05-09,1152,3
PO0018019,2025-05-09,2496,32
PO0018020,2025-05-09,3876,93
PO0018021,2025-05-09,468,9
PO0018025,2025-05-09,47,1
PO0018026,2025-05-09,822,25
PO0018031,2025-05-09,702,16
PO0018037,2025-05-09,1872,7
PO0018041,2025-05-09,1020,14
PO0018045,2025-05-09,1560,8
PO0018047,2025-05-09,2238,9
PO0018050,2025-05-09,240,7
PO0018053,2025-05-09,2688,11
PO0018054,2025-05-09,1296,8
PO0018055,2025-05-09,1416,12
PO0018056,2025-05-09,240,3
PO0018057,2025-05-09,4656,43
PO0018058,2025-05-09,456,0
PO0018059,2025-05-09,1008,26
PO0018065,2025-05-09,1344,11
PO0018067,2025-05-09,2094,17
PO0018068,2025-05-09,600,11
PO0018076,2025-05-09,1014,17
PO0017826,2025-05-10,2064,8
PO0017861,2025-05-10,1122,62
PO0017877,2025-05-10,1002,19
PO0017930,2025-05-10,10908,230
PO0017936,2025-05-10,864,17
PO0017956,2025-05-10,240,2
PO0017957,2025-05-10,247,4
PO0017964,2025-05-10,840,1
PO0017981,2025-05-10,174,2
PO0017996,2025-05-10,1224,19
PO0017998,2025-05-10,996,16
PO0018001,2025-05-10,1944,28
PO0018023,2025-05-10,1194,14
PO0018036,2025-05-10,552,3
PO0018043,2025-05-10,2364,44
PO0018048,2025-05-10,1308,15
PO0018050,2025-05-10,240,7
PO0018061,2025-05-10,180,2
PO0018062,2025-05-10,336,1
PO0018064,2025-05-10,168,0
PO0018069,2025-05-10,654,8
PO0018072,2025-05-10,408,4
PO0018074,2025-05-10,4152,43
PO0018075,2025-05-10,528,0
PO0018080,2025-05-10,4182,47
PO0018082,2025-05-10,2892,40
PO0018085,2025-05-10,432,3
PO0018086,2025-05-10,1956,10
PO0017827,2025-05-11,312,2
PO0017966,2025-05-11,354,5
PO0017976,2025-05-11,3060,41
PO0017990,2025-05-11,900,9
PO0017992,2025-05-11,1356,7
PO0017997,2025-05-11,1020,14
PO0018000,2025-05-11,942,8
PO0018018,2025-05-11,1704,33
PO0018041,2025-05-11,1020,8
PO0018066,2025-05-11,2550,29
PO0018071,2025-05-11,288,2
PO0018088,2025-05-11,204,1
PO0018089,2025-05-11,264,6
PO0018091,2025-05-11,744,10
PO0018093,2025-05-11,972,15
PO0018095,2025-05-11,1008,17
PO0018097,2025-05-11,1872,11
PO0018104,2025-05-11,5124,32
PO0018108,2025-05-11,1560,20
PO0018110,2025-05-11,1632,40
PO0018115,2025-05-11,480,7
PO0018120,2025-05-11,504,7
PO0018141,2025-05-11,1200,17
PO0017953,2025-05-12,960,43
PO0017999,2025-05-12,678,7
PO0018020,2025-05-12,3876,94
PO0018052,2025-05-12,168,1
PO0018067,2025-05-12,2094,9
PO0018091,2025-05-12,744,9
PO0018100,2025-05-12,1200,22
PO0018102,2025-05-12,426,6
PO0018105,2025-05-12,1656,8
PO0018106,2025-05-12,240,0
PO0018111,2025-05-12,588,7
PO0018113,2025-05-12,762,2
PO0018117,2025-05-12,864,6
PO0018119,2025-05-12,114,3
PO0018126,2025-05-12,828,2
PO0018135,2025-05-12,2688,16
PO0018138,2025-05-12,1704,28
PO0018140,2025-05-12,720,4
PO0018142,2025-05-12,744,12
PO0018148,2025-05-12,486,3
PO0018149,2025-05-12,558,8
PO0018151,2025-05-12,732,11
PO0018152,2025-05-12,972,1
PO0018164,2025-05-12,411,3
PO0017956,2025-05-13,240,4
PO0017989,2025-05-13,432,5
PO0018030,2025-05-13,474,6
PO0018040,2025-05-13,672,10
PO0018063,2025-05-13,1872,29
PO0018068,2025-05-13,600,7
PO0018078,2025-05-13,1200,25
PO0018083,2025-05-13,2016,32
PO0018084,2025-05-13,822,9
PO0018087,2025-05-13,1104,12
PO0018094,2025-05-13,240,1
PO0018096,2025-05-13,576,17
PO0018098,2025-05-13,834,46
PO0018099,2025-05-13,1776,20
PO0018101,2025-05-13,486,1
PO0018103,2025-05-13,1248,8
PO0018107,2025-05-13,2292,19
PO0018114,2025-05-13,564,8
PO0018116,2025-05-13,1207,15
PO0018121,2025-05-13,3120,64
PO0018123,2025-05-13,1164,5
PO0018124,2025-05-13,504,3
PO0018127,2025-05-13,1134,11
PO0018128,2025-05-13,1536,41
PO0018134,2025-05-13,1440,18
PO0018137,2025-05-13,600,6
PO0018139,2025-05-13,480,4
PO0018146,2025-05-13,2640,14
PO0018150,2025-05-13,216,5
PO0018155,2025-05-13,336,5
PO0018156,2025-05-13,336,10
PO0018158,2025-05-13,2808,45
PO0018159,2025-05-13,1752,24
PO0018162,2025-05-13,2328,53
PO0018165,2025-05-13,612,6
PO0018166,2025-05-13,342,6
PO0018170,2025-05-13,6336,72
PO0018197,2025-05-13,192,3
PO0017990,2025-05-14,900,13
PO0018033,2025-05-14,420,7
PO0018038,2025-05-14,5664,115
PO0018066,2025-05-14,2550,36
PO0018078,2025-05-14,1200,12
PO0018088,2025-05-14,204,0
PO0018109,2025-05-14,912,3
PO0018122,2025-05-14,852,6
PO0018125,2025-05-14,1344,16
PO0018129,2025-05-14,1296,42
PO0018130,2025-05-14,420,2
PO0018131,2025-05-14,2837,27
PO0018136,2025-05-14,540,0
PO0018144,2025-05-14,474,8
PO0018147,2025-05-14,1116,17
PO0018153,2025-05-14,240,2
PO0018157,2025-05-14,3504,24
PO0018172,2025-05-14,264,2
PO0018178,2025-05-14,291,2
PO0018180,2025-05-14,690,5
PO0018183,2025-05-14,468,2
PO0018187,2025-05-14,1248,23
PO0018195,2025-05-14,384,3
PO0018200,2025-05-14,840,1
PO0018204,2025-05-14,492,4
PO0017858,2025-05-15,1980,51
PO0017942,2025-05-15,4476,25
PO0018006,2025-05-15,702,6
PO0018051,2025-05-15,2682,58
PO0018093,2025-05-15,972,16
PO0018109,2025-05-15,912,1
PO0018159,2025-05-15,1752,14
PO0018161,2025-05-15,624,5
PO0018163,2025-05-15,4080,82
PO0018167,2025-05-15,282,2
PO0018168,2025-05-15,1248,31
PO0018169,2025-05-15,672,8
PO0018173,2025-05-15,240,5
PO0018174,2025-05-15,5304,117
PO0018176,2025-05-15,780,24
PO0018179,2025-05-15,192,1
PO0018181,2025-05-15,450,8
PO0018183,2025-05-15,468,4
PO0018189,2025-05-15,1926,28
PO0018190,2025-05-15,2964,26
PO0018192,2025-05-15,1962,31
PO0018193,2025-05-15,1110,15
PO0018194,2025-05-15,900,4
PO0018198,2025-05-15,1104,13
PO0018201,2025-05-15,1692,27
PO0018208,2025-05-15,512,19
PO0018210,2025-05-15,1416,8
PO0018216,2025-05-15,408,7
PO0018217,2025-05-15,432,1
PO0018220,2025-05-15,1152,10
PO0017999,2025-05-16,678,10
PO0018132,2025-05-16,2160,29
PO0018135,2025-05-16,2688,6
PO0018150,2025-05-16,216,7
PO0018167,2025-05-16,283,4
PO0018182,2025-05-16,888,8
PO0018186,2025-05-16,156,2
PO0018188,2025-05-16,2208,114
PO0018196,2025-05-16,1236,2
PO0018197,2025-05-16,192,3
PO0018202,2025-05-16,588,7
PO0018211,2025-05-16,3612,45
PO0018212,2025-05-16,336,2
PO0018215,2025-05-16,864,44
PO0018219,2025-05-16,336,2
PO0018221,2025-05-16,342,9
PO0018227,2025-05-16,1440,21
PO0018228,2025-05-16,1020,16
PO0018234,2025-05-16,744,6
PO0018079,2025-05-17,2304,19
PO0018143,2025-05-17,1152,6
PO0018166,2025-05-17,342,4
PO0018203,2025-05-17,804,5
PO0018205,2025-05-17,2832,32
PO0018207,2025-05-17,1068,46
PO0018209,2025-05-17,2363,24
PO0018213,2025-05-17,204,2
PO0018222,2025-05-17,192,4
PO0018223,2025-05-17,336,5
PO0018224,2025-05-17,6528,62
PO0018226,2025-05-17,1350,3
PO0018230,2025-05-17,96,0
PO0018233,2025-05-17,1152,16
PO0018235,2025-05-17,1824,13
PO0018236,2025-05-17,222,2
PO0018130,2025-05-18,420,4
PO0018145,2025-05-18,2328,40
PO0018169,2025-05-18,672,5
PO0018208,2025-05-18,513,33
PO0018214,2025-05-18,3960,32
PO0018225,2025-05-18,1608,22
PO0018232,2025-05-18,192,0
PO0018239,2025-05-18,6036,52
PO0018246,2025-05-18,384,6
PO0018249,2025-05-18,792,8
PO0018255,2025-05-18,334,7
PO0018257,2025-05-18,948,14
PO0018276,2025-05-18,1200,14
PO0018022,2025-05-19,264,14
PO0018177,2025-05-19,2724,17
PO0018186,2025-05-19,156,1
PO0018206,2025-05-19,1440,30
PO0018216,2025-05-19,408,6
PO0018228,2025-05-19,1020,34
PO0018238,2025-05-19,4452,34
PO0018245,2025-05-19,204,2
PO0018247,2025-05-19,558,2
PO0018250,2025-05-19,4776,29
PO0018254,2025-05-19,1824,20
PO0018260,2025-05-19,186,0
PO0018266,2025-05-19,2760,50
PO0018273,2025-05-19,2760,21
PO0018283,2025-05-19,777,6
PO0018287,2025-05-19,288,0
PO0018290,2025-05-19,1056,53
PO0018299,2025-05-19,333,7
PO0018302,2025-05-19,768,11
PO0018312,2025-05-19,648,14
PO0017911,2025-05-20,4440,23
PO0018035,2025-05-20,2064,90
PO0018090,2025-05-20,54,0
PO0018112,2025-05-20,480,8
PO0018175,2025-05-20,1272,18
PO0018185,2025-05-20,1392,41
PO0018231,2025-05-20,138,1
PO0018243,2025-05-20,900,38
PO0018244,2025-05-20,2928,16
PO0018253,2025-05-20,551,2
PO0018256,2025-05-20,123,3
PO0018259,2025-05-20,4080,35
PO0018262,2025-05-20,1332,12
PO0018263,2025-05-20,1260,7
PO0018264,2025-05-20,5280,73
PO0018267,2025-05-20,1512,5
PO0018268,2025-05-20,8208,93
PO0018269,2025-05-20,240,0
PO0018271,2025-05-20,2454,41
PO0018274,2025-05-20,1680,30
PO0018275,2025-05-20,1872,43
PO0018277,2025-05-20,1416,9
PO0018278,2025-05-20,3222,80
PO0018281,2025-05-20,2112,7
PO0018284,2025-05-20,768,20
PO0018288,2025-05-20,216,2
PO0018289,2025-05-20,696,7
PO0018293,2025-05-20,1344,19
PO0018295,2025-05-20,762,20
PO0018297,2025-05-20,672,8
PO0018299,2025-05-20,333,3
PO0018320,2025-05-20,288,5
PO0018342,2025-05-20,3264,11
PO0018039,2025-05-21,1980,12
PO0018090,2025-05-21,55,0
PO0018160,2025-05-21,1032,4
PO0018171,2025-05-21,828,5
PO0018191,2025-05-21,288,3
PO0018199,2025-05-21,576,27
PO0018213,2025-05-21,204,1
PO0018218,2025-05-21,1488,40
PO0018237,2025-05-21,384,8
PO0018241,2025-05-21,2664,84
PO0018251,2025-05-21,2328,37
PO0018252,2025-05-21,1908,25
PO0018261,2025-05-21,936,5
PO0018265,2025-05-21,2886,39
PO0018270,2025-05-21,3840,182
PO0018272,2025-05-21,156,0
PO0018279,2025-05-21,2844,34
PO0018280,2025-05-21,1296,22
PO0018285,2025-05-21,792,5
PO0018286,2025-05-21,1032,6
PO0018292,2025-05-21,1812,21
PO0018296,2025-05-21,960,12
PO0018298,2025-05-21,312,4
PO0018309,2025-05-21,264,2
PO0018313,2025-05-21,186,2
PO0018314,2025-05-21,3168,16
PO0018315,2025-05-21,588,4
PO0018328,2025-05-21,5040,46
PO0018336,2025-05-21,2916,18
PO0018337,2025-05-21,384,4
PO0018349,2025-05-21,435,5
PO0018350,2025-05-21,840,10
PO0018363,2025-05-21,1438,14
PO0017916,2025-05-22,868,13
PO0018133,2025-05-22,2376,19
PO0018154,2025-05-22,732,2
PO0018232,2025-05-22,192,0
PO0018242,2025-05-22,3936,182
PO0018255,2025-05-22,334,4
PO0018258,2025-05-22,1032,12
PO0018272,2025-05-22,156,1
PO0018282,2025-05-22,1392,24
PO0018300,2025-05-22,3468,75
PO0018301,2025-05-22,1272,10
PO0018303,2025-05-22,2508,27
PO0018304,2025-05-22,1152,34
PO0018306,2025-05-22,564,2
PO0018308,2025-05-22,408,1
PO0018310,2025-05-22,192,3
PO0018311,2025-05-22,144,1
PO0018318,2025-05-22,768,10
PO0018321,2025-05-22,925,2
PO0018325,2025-05-22,624,16
PO0018330,2025-05-22,1032,10
PO0018331,2025-05-22,180,0
PO0018332,2025-05-22,816,8
PO0018339,2025-05-22,630,10
PO0018340,2025-05-22,276,5
PO0018344,2025-05-22,504,8
PO0018345,2025-05-22,384,6
PO0018346,2025-05-22,483,11
PO0018347,2025-05-22,1320,8
PO0018348,2025-05-22,1608,18
PO0018361,2025-05-22,708,6
PO0018362,2025-05-22,1410,6
PO0018365,2025-05-22,720,7
PO0018283,2025-05-23,777,14
PO0018294,2025-05-23,1068,16
PO0018316,2025-05-23,1302,21
PO0018317,2025-05-23,6276,39
PO0018320,2025-05-23,288,2
PO0018323,2025-05-23,888,2
PO0018324,2025-05-23,1992,31
PO0018333,2025-05-23,2016,22
PO0018335,2025-05-23,1272,25
PO0018338,2025-05-23,600,3
PO0018351,2025-05-23,420,3
PO0018352,2025-05-23,816,4
PO0018353,2025-05-23,4368,78
PO0018357,2025-05-23,504,1
PO0018360,2025-05-23,936,10
PO0018361,2025-05-23,708,10
PO0018366,2025-05-23,3132,16
PO0018369,2025-05-23,168,2
PO0018372,2025-05-23,1890,23
PO0018375,2025-05-23,1374,8
PO0018376,2025-05-23,1152,18
PO0018377,2025-05-23,774,9
PO0018385,2025-05-23,546,2
PO0018184,2025-05-24,486,9
PO0018248,2025-05-24,588,4
PO0018256,2025-05-24,123,3
PO0018288,2025-05-24,216,2
PO0018294,2025-05-24,1068,11
PO0018297,2025-05-24,672,5
PO0018319,2025-05-24,1584,29
PO0018341,2025-05-24,144,2
PO0018343,2025-05-24,1992,27
PO0018354,2025-05-24,222,2
PO0018355,2025-05-24,912,12
PO0018358,2025-05-24,1200,4
PO0018359,2025-05-24,2088,48
PO0018364,2025-05-24,492,8
PO0018370,2025-05-24,3414,65
PO0018371,2025-05-24,2832,54
PO0018373,2025-05-24,240,5
PO0018379,2025-05-24,1752,19
PO0018380,2025-05-24,528,7
PO0018381,2025-05-24,666,0
PO0018382,2025-05-24,720,3
PO0018383,2025-05-24,312,6
PO0018384,2025-05-24,1104,27
PO0018386,2025-05-24,744,6
PO0018387,2025-05-24,240,3
PO0018388,2025-05-24,150,0
PO0018390,2025-05-24,264,2
PO0018393,2025-05-24,324,0
PO0018042,2025-05-25,2586,58
PO0018191,2025-05-25,288,6
PO0018229,2025-05-25,360,4
PO0018237,2025-05-25,384,1
PO0018307,2025-05-25,1632,5
PO0018313,2025-05-25,186,3
PO0018316,2025-05-25,1302,29
PO0018329,2025-05-25,912,7
PO0018349,2025-05-25,435,7
PO0018356,2025-05-25,3072,156
PO0018374,2025-05-25,924,12
PO0018378,2025-05-25,1944,36
PO0018388,2025-05-25,150,1
PO0018392,2025-05-25,636,1
PO0018394,2025-05-25,6480,34
PO0018396,2025-05-25,288,5
PO0018398,2025-05-25,936,12
PO0018402,2025-05-25,564,5
PO0018412,2025-05-25,1212,23
PO0018248,2025-05-26,588,3
PO0018305,2025-05-26,1620,11
PO0018306,2025-05-26,564,1
PO0018326,2025-05-26,792,9
PO0018331,2025-05-26,180,0
PO0018333,2025-05-26,2016,38
PO0018383,2025-05-26,312,4
PO0018391,2025-05-26,288,4
PO0018405,2025-05-26,1260,20
PO0018407,2025-05-26,624,23
PO0018409,2025-05-26,1296,4
PO0018414,2025-05-26,480,12
PO0018417,2025-05-26,720,15
PO0018419,2025-05-26,486,0
PO0018424,2025-05-26,408,4
PO0018425,2025-05-26,1764,17
PO0018433,2025-05-26,1278,33
PO0018465,2025-05-26,300,1
PO0018467,2025-05-26,588,3
PO0018291,2025-05-27,654,1
PO0018327,2025-05-27,1488,70
PO0018389,2025-05-27,816,13
PO0018397,2025-05-27,528,3
PO0018400,2025-05-27,960,22
PO0018401,2025-05-27,1668,7
PO0018404,2025-05-27,288,0
PO0018408,2025-05-27,138,1
PO0018415,2025-05-27,1824,4
PO0018420,2025-05-27,1404,25
PO0018421,2025-05-27,540,11
PO0018430,2025-05-27,2182,29
PO0018437,2025-05-27,612,5
PO0018447,2025-05-27,360,1
PO0018452,2025-05-27,444,1
PO0018456,2025-05-27,1740,30
PO0018459,2025-05-27,288,2
PO0018460,2025-05-27,384,9
PO0018461,2025-05-27,1248,21
PO0018462,2025-05-27,222,0
PO0018466,2025-05-27,300,4
PO0018469,2025-05-27,990,10
PO0018470,2025-05-27,528,16
PO0018472,2025-05-27,636,5
PO0018488,2025-05-27,5280,17
PO0018494,2025-05-27,576,5
PO0018495,2025-05-27,432,1
PO0018497,2025-05-27,2292,37
PO0018379,2025-05-28,1752,18
PO0018390,2025-05-28,264,3
PO0018395,2025-05-28,1080,6
PO0018406,2025-05-28,936,18
PO0018408,2025-05-28,138,3
PO0018413,2025-05-28,1392,25
PO0018416,2025-05-28,3744,42
PO0018422,2025-05-28,3240,31
PO0018426,2025-05-28,4584,41
PO0018428,2025-05-28,1680,50
PO0018432,2025-05-28,3132,25
PO0018435,2025-05-28,1236,11
PO0018438,2025-05-28,1392,16
PO0018445,2025-05-28,144,2
PO0018446,2025-05-28,2298,14
PO0018449,2025-05-28,534,2
PO0018451,2025-05-28,2095,17
PO0018453,2025-05-28,4896,18
PO0018455,2025-05-28,1578,15
PO0018457,2025-05-28,1200,14
PO0018463,2025-05-28,2196,19
PO0018468,2025-05-28,2298,15
PO0018473,2025-05-28,1680,25
PO0018487,2025-05-28,816,24
PO0018489,2025-05-28,1128,3
PO0018491,2025-05-28,6816,80
PO0018496,2025-05-28,798,8
PO0018498,2025-05-28,828,7
PO0018503,2025-05-28,1164,7
PO0018512,2025-05-28,1224,11
PO0018327,2025-05-29,1488,69
PO0018334,2025-05-29,306,3
PO0018410,2025-05-29,156,5
PO0018436,2025-05-29,780,6
PO0018439,2025-05-29,1776,19
PO0018440,2025-05-29,3624,25
PO0018441,2025-05-29,576,14
PO0018442,2025-05-29,396,6
PO0018443,2025-05-29,672,14
PO0018450,2025-05-29,1440,15
PO0018464,2025-05-29,648,7
PO0018466,2025-05-29,300,7
PO0018474,2025-05-29,2766,6
PO0018475,2025-05-29,6624,48
PO0018477,2025-05-29,258,2
PO0018480,2025-05-29,1656,38
PO0018481,2025-05-29,55,0
PO0018482,2025-05-29,222,2
PO0018484,2025-05-29,438,1
PO0018485,2025-05-29,660,1
PO0018493,2025-05-29,396,2
PO0018499,2025-05-29,504,9
PO0018502,2025-05-29,3072,150
PO0018504,2025-05-29,294,1
PO0018505,2025-05-29,3408,24
PO0018507,2025-05-29,4320,46
PO0018512,2025-05-29,1224,13
PO0018514,2025-05-29,420,3
PO0018515,2025-05-29,1188,11
PO0018520,2025-05-29,330,4
PO0018521,2025-05-29,1896,17
PO0018529,2025-05-29,312,0
PO0018536,2025-05-29,6096,77
PO0018540,2025-05-29,576,15
PO0018541,2025-05-29,168,1
PO0018367,2025-05-30,3594,21
PO0018368,2025-05-30,408,6
PO0018395,2025-05-30,1080,10
PO0018443,2025-05-30,672,10
PO0018476,2025-05-30,744,16
PO0018478,2025-05-30,2616,16
PO0018479,2025-05-30,4518,85
PO0018483,2025-05-30,336,4
PO0018490,2025-05-30,1296,14
PO0018492,2025-05-30,1056,17
PO0018498,2025-05-30,828,11
PO0018500,2025-05-30,2496,22
PO0018510,2025-05-30,268,3
PO0018511,2025-05-30,1572,9
PO0018518,2025-05-30,624,4
PO0018519,2025-05-30,654,7
PO0018522,2025-05-30,768,20
PO0018523,2025-05-30,1098,6
PO0018524,2025-05-30,1062,17
PO0018525,2025-05-30,825,20
PO0018526,2025-05-30,4146,86
PO0018527,2025-05-30,1632,19
PO0018530,2025-05-30,690,20
PO0018531,2025-05-30,348,5
PO0018534,2025-05-30,1008,4
PO0018541,2025-05-30,168,3
PO0018545,2025-05-30,1092,2
PO0018551,2025-05-30,174,0
PO0018556,2025-05-30,648,2
PO0018557,2025-05-30,450,3
PO0018560,2025-05-30,768,10
PO0018389,2025-05-31,816,11
PO0018410,2025-05-31,156,2
PO0018423,2025-05-31,474,1
PO0018429,2025-05-31,1800,36
PO0018462,2025-05-31,222,0
PO0018469,2025-05-31,990,11
PO0018499,2025-05-31,504,10
PO0018501,2025-05-31,1392,69
PO0018514,2025-05-31,420,2
PO0018517,2025-05-31,288,7
PO0018526,2025-05-31,4146,93
PO0018528,2025-05-31,1536,15
PO0018532,2025-05-31,1248,15
PO0018535,2025-05-31,2640,19
PO0018538,2025-05-31,2724,25
PO0018539,2025-05-31,235,2
PO0018542,2025-05-31,1104,39
PO0018544,2025-05-31,216,7
PO0018550,2025-05-31,2668,58
PO0018553,2025-05-31,180,2
PO0018554,2025-05-31,1176,23
PO0018555,2025-05-31,1080,52
PO0018561,2025-05-31,678,7
PO0018571,2025-05-31,5820,54
PO0018574,2025-05-31,660,3
PO0018240,2025-06-01,1056,30
PO0018399,2025-06-01,336,1
PO0018458,2025-06-01,138,2
PO0018481,2025-06-01,55,1
PO0018482,2025-06-01,222,3
PO0018531,2025-06-01,348,6
PO0018549,2025-06-01,5208,71
PO0018552,2025-06-01,1680,8
PO0018558,2025-06-01,432,6
PO0018559,2025-06-01,2784,40
PO0018565,2025-06-01,2160,22
PO0018573,2025-06-01,4104,45
PO0018578,2025-06-01,96,0
PO0018579,2025-06-01,630,6
PO0018590,2025-06-01,1488,7
PO0018418,2025-06-02,288,2
PO0018454,2025-06-02,3360,50
PO0018508,2025-06-02,264,1
PO0018516,2025-06-02,2448,46
PO0018530,2025-06-02,690,12
PO0018533,2025-06-02,1752,15
PO0018537,2025-06-02,120,1
PO0018546,2025-06-02,1008,9
PO0018557,2025-06-02,450,8
PO0018566,2025-06-02,480,3
PO0018567,2025-06-02,480,6
PO0018572,2025-06-02,384,4
PO0018576,2025-06-02,2232,14
PO0018584,2025-06-02,1310,13
PO0018586,2025-06-02,672,8
PO0018587,2025-06-02,2880,43
PO0018592,2025-06-02,4944,62
PO0018593,2025-06-02,696,10
PO0018596,2025-06-02,798,2
PO0018597,2025-06-02,432,0
PO0018600,2025-06-02,390,3
PO0018602,2025-06-02,1896,7
PO0018603,2025-06-02,1836,31
PO0018606,2025-06-02,2370,34
PO0018610,2025-06-02,612,12
PO0018612,2025-06-02,840,14
PO0018614,2025-06-02,3060,38
PO0018623,2025-06-02,600,5
PO0018630,2025-06-02,636,5
PO0018634,2025-06-02,1968,6
PO0018403,2025-06-03,942,9
PO0018411,2025-06-03,1248,12
PO0018486,2025-06-03,648,12
PO0018511,2025-06-03,1572,8
PO0018525,2025-06-03,825,12
PO0018562,2025-06-03,360,2
PO0018563,2025-06-03,3036,14
PO0018564,2025-06-03,834,6
PO0018568,2025-06-03,192,5
PO0018569,2025-06-03,246,4
PO0018570,2025-06-03,2304,16
PO0018575,2025-06-03,306,1
PO0018584,2025-06-03,1310,14
PO0018585,2025-06-03,4032,59
PO0018594,2025-06-03,1296,24
PO0018598,2025-06-03,1320,15
PO0018599,2025-06-03,450,4
PO0018601,2025-06-03,768,14
PO0018604,2025-06-03,2400,8
PO0018605,2025-06-03,432,18
PO0018607,2025-06-03,432,7
PO0018608,2025-06-03,372,10
PO0018611,2025-06-03,1140,21
PO0018613,2025-06-03,342,1
PO0018616,2025-06-03,1416,25
PO0018617,2025-06-03,4164,35
PO0018638,2025-06-03,540,4
PO0018645,2025-06-03,270,1
PO0018665,2025-06-03,1200,12
PO0018669,2025-06-03,1104,6
PO0018676,2025-06-03,5160,48
PO0018684,2025-06-03,618,8
PO0018689,2025-06-03,396,0
PO0018399,2025-06-04,336,6
PO0018427,2025-06-04,2142,7
PO0018553,2025-06-04,180,0
PO0018555,2025-06-04,1080,51
PO0018581,2025-06-04,903,3
PO0018582,2025-06-04,720,11
PO0018586,2025-06-04,672,14
PO0018588,2025-06-04,288,2
PO0018595,2025-06-04,702,9
PO0018604,2025-06-04,2400,10
PO0018615,2025-06-04,2832,34
PO0018621,2025-06-04,6606,86
PO0018625,2025-06-04,3192,21
PO0018628,2025-06-04,96,1
PO0018635,2025-06-04,168,3
PO0018637,2025-06-04,1056,8
PO0018640,2025-06-04,1272,11
PO0018642,2025-06-04,1872,13
PO0018643,2025-06-04,216,4
PO0018647,2025-06-04,2061,15
PO0018652,2025-06-04,2424,27
PO0018654,2025-06-04,1752,15
PO0018663,2025-06-04,360,2
PO0018671,2025-06-04,528,1
PO0018674,2025-06-04,2208,26
PO0018677,2025-06-04,72,0
PO0018683,2025-06-04,120,1
PO0018685,2025-06-04,2040,36
PO0018696,2025-06-04,804,14
PO0018697,2025-06-04,384,2
PO0018706,2025-06-04,564,2
PO0018431,2025-06-05,234,4
PO0018508,2025-06-05,264,2
PO0018581,2025-06-05,903,3
PO0018608,2025-06-05,372,4
PO0018618,2025-06-05,2934,15
PO0018619,2025-06-05,2376,19
PO0018620,2025-06-05,2568,56
PO0018624,2025-06-05,2364,13
PO0018626,2025-06-05,1572,21
PO0018627,2025-06-05,2634,8
PO0018629,2025-06-05,432,3
PO0018633,2025-06-05,1548,21
PO0018639,2025-06-05,528,4
PO0018644,2025-06-05,972,8
PO0018655,2025-06-05,678,8
PO0018662,2025-06-05,960,6
PO0018664,2025-06-05,5328,50
PO0018667,2025-06-05,2256,26
PO0018672,2025-06-05,1536,22
PO0018675,2025-06-05,180,2
PO0018679,2025-06-05,1092,72
PO0018680,2025-06-05,1248,12
PO0018686,2025-06-05,1608,4
PO0018690,2025-06-05,432,3
PO0018691,2025-06-05,720,5
PO0018693,2025-06-05,96,1
PO0018694,2025-06-05,354,7
PO0018702,2025-06-05,6456,60
PO0018710,2025-06-05,2562,29
PO0018713,2025-06-05,1680,30
PO0018715,2025-06-05,246,4
PO0018716,2025-06-05,492,1
PO0018727,2025-06-05,1296,10
PO0018731,2025-06-05,300,3
PO0018732,2025-06-05,1308,26
PO0018742,2025-06-05,204,1
PO0018322,2025-06-06,2112,31
PO0018444,2025-06-06,1152,27
PO0018471,2025-06-06,1092,19
PO0018506,2025-06-06,744,15
PO0018509,2025-06-06,600,4
PO0018513,2025-06-06,1752,17
PO0018547,2025-06-06,5424,85
PO0018646,2025-06-06,330,20
PO0018648,2025-06-06,420,5
PO0018649,2025-06-06,408,7
PO0018650,2025-06-06,672,2
PO0018654,2025-06-06,1752,12
PO0018656,2025-06-06,897,11
PO0018659,2025-06-06,4500,56
PO0018660,2025-06-06,10776,218
PO0018670,2025-06-06,3720,42
PO0018673,2025-06-06,5232,56
PO0018681,2025-06-06,384,7
PO0018682,2025-06-06,2976,70
PO0018687,2025-06-06,2220,56
PO0018688,2025-06-06,1476,7
PO0018695,2025-06-06,360,2
PO0018698,2025-06-06,3384,24
PO0018700,2025-06-06,1068,38
PO0018701,2025-06-06,528,13
PO0018703,2025-06-06,1110,10
PO0018707,2025-06-06,2904,19
PO0018712,2025-06-06,984,18
PO0018714,2025-06-06,192,2
PO0018718,2025-06-06,192,4
PO0018720,2025-06-06,1008,12
PO0018722,2025-06-06,1584,7
PO0018725,2025-06-06,2232,11
PO0018729,2025-06-06,432,3
PO0018730,2025-06-06,765,4
PO0018736,2025-06-06,552,5
PO0018739,2025-06-06,144,1
PO0018746,2025-06-06,888,10
PO0018569,2025-06-07,246,3
PO0018577,2025-06-07,1152,23
PO0018646,2025-06-07,330,13
PO0018656,2025-06-07,897,7
PO0018692,2025-06-07,672,10
PO0018693,2025-06-07,96,1
PO0018704,2025-06-07,945,10
PO0018705,2025-06-07,1380,8
PO0018721,2025-06-07,1968,11
PO0018724,2025-06-07,6480,23
PO0018733,2025-06-07,3204,45
PO0018735,2025-06-07,1340,6
PO0018737,2025-06-07,666,12
PO0018738,2025-06-07,594,14
PO0018740,2025-06-07,552,0
PO0018754,2025-06-07,654,2
PO0018635,2025-06-08,168,0
PO0018651,2025-06-08,1800,30
PO0018700,2025-06-08,1068,30
PO0018704,2025-06-08,945,15
PO0018719,2025-06-08,2328,24
PO0018723,2025-06-08,336,4
PO0018726,2025-06-08,1679,13
PO0018728,2025-06-08,510,5
PO0018734,2025-06-08,1368,11
PO0018743,2025-06-08,240,4
PO0018747,2025-06-08,1992,29
PO0018753,2025-06-08,444,5
PO0018757,2025-06-08,1317,24
PO0018758,2025-06-08,612,4
PO0018765,2025-06-08,240,1
PO0018767,2025-06-08,552,4
PO0018768,2025-06-08,852,13
PO0018772,2025-06-08,288,5
PO0018774,2025-06-08,336,7
PO0018778,2025-06-08,1236,13
PO0018799,2025-06-08,2544,27
PO0018118,2025-06-09,384,2
PO0018591,2025-06-09,792,13
PO0018641,2025-06-09,1476,20
PO0018653,2025-06-09,720,8
PO0018668,2025-06-09,3420,40
PO0018675,2025-06-09,180,4
PO0018692,2025-06-09,672,14
PO0018730,2025-06-09,765,15
PO0018749,2025-06-09,696,6
PO0018750,2025-06-09,2154,16
PO0018752,2025-06-09,216,4
PO0018753,2025-06-09,444,2
PO0018756,2025-06-09,3648,49
PO0018759,2025-06-09,684,3
PO0018761,2025-06-09,1167,2
PO0018770,2025-06-09,323,2
PO0018772,2025-06-09,288,2
PO0018777,2025-06-09,5712,121
PO0018779,2025-06-09,288,0
PO0018781,2025-06-09,2412,52
PO0018787,2025-06-09,1896,39
PO0018789,2025-06-09,264,4
PO0018790,2025-06-09,1416,5
PO0018792,2025-06-09,1224,14
PO0018815,2025-06-09,3648,46
PO0018827,2025-06-09,960,17
PO0018829,2025-06-09,148,2
PO0018583,2025-06-10,432,1
PO0018589,2025-06-10,240,15
PO0018632,2025-06-10,1068,23
PO0018636,2025-06-10,768,12
PO0018651,2025-06-10,1800,24
PO0018661,2025-06-10,2136,34
PO0018678,2025-06-10,1248,68
PO0018695,2025-06-10,360,0
PO0018711,2025-06-10,305,1
PO0018741,2025-06-10,936,14
PO0018752,2025-06-10,216,2
PO0018755,2025-06-10,1344,61
PO0018764,2025-06-10,435,1
PO0018769,2025-06-10,1488,17
PO0018770,2025-06-10,324,5
PO0018775,2025-06-10,1680,13
PO0018776,2025-06-10,399,1
PO0018780,2025-06-10,720,17
PO0018784,2025-06-10,594,1
PO0018786,2025-06-10,2499,17
PO0018788,2025-06-10,864,10
PO0018791,2025-06-10,438,4
PO0018793,2025-06-10,4692,24
PO0018796,2025-06-10,432,3
PO0018797,2025-06-10,1992,33
PO0018798,2025-06-10,1152,9
PO0018802,2025-06-10,1056,32
PO0018803,2025-06-10,744,16
PO0018804,2025-06-10,552,6
PO0018811,2025-06-10,3648,15
PO0018816,2025-06-10,2454,59
PO0018819,2025-06-10,2016,14
PO0018820,2025-06-10,2118,23
PO0018821,2025-06-10,1272,21
PO0018824,2025-06-10,132,0
PO0018830,2025-06-10,312,12
PO0018832,2025-06-10,606,4
PO0018543,2025-06-11,1200,7
PO0018735,2025-06-11,1340,10
PO0018748,2025-06-11,324,9
PO0018760,2025-06-11,336,9
PO0018783,2025-06-11,2112,95
PO0018785,2025-06-11,780,2
PO0018794,2025-06-11,480,4
PO0018795,2025-06-11,768,10
PO0018805,2025-06-11,249,1
PO0018806,2025-06-11,4824,48
PO0018807,2025-06-11,384,5
PO0018810,2025-06-11,1284,16
PO0018814,2025-06-11,282,0
PO0018817,2025-06-11,816,9
PO0018828,2025-06-11,1140,22
PO0018829,2025-06-11,148,1
PO0018831,2025-06-11,144,0
PO0018837,2025-06-11,1056,12
PO0018838,2025-06-11,1560,33
PO0018852,2025-06-11,3942,45
PO0018854,2025-06-11,1008,23
PO0018857,2025-06-11,102,0
PO0018858,2025-06-11,360,1
PO0018708,2025-06-12,1392,28
PO0018750,2025-06-12,2154,18
PO0018776,2025-06-12,399,0
PO0018808,2025-06-12,756,0
PO0018809,2025-06-12,1152,9
PO0018813,2025-06-12,1704,12
PO0018823,2025-06-12,486,26
PO0018825,2025-06-12,950,16
PO0018826,2025-06-12,1008,8
PO0018834,2025-06-12,324,4
PO0018835,2025-06-12,528,5
PO0018836,2025-06-12,5580,135
PO0018842,2025-06-12,1782,35
PO0018845,2025-06-12,360,0
PO0018850,2025-06-12,1056,57
PO0018855,2025-06-12,756,11
PO0018856,2025-06-12,180,1
PO0018862,2025-06-12,336,1
PO0018863,2025-06-12,576,12
PO0018868,2025-06-12,408,1
PO0018881,2025-06-12,480,3
PO0018885,2025-06-12,288,8
PO0018888,2025-06-12,1056,17
PO0018890,2025-06-12,936,12
PO0018893,2025-06-12,672,2
PO0018894,2025-06-12,1512,19
PO0018434,2025-06-13,554,5
PO0018448,2025-06-13,408,1
PO0018631,2025-06-13,240,2
PO0018636,2025-06-13,768,12
PO0018741,2025-06-13,936,12
PO0018761,2025-06-13,1167,3
PO0018839,2025-06-13,288,2
PO0018841,2025-06-13,2364,16
PO0018844,2025-06-13,2424,31
PO0018848,2025-06-13,528,9
PO0018849,2025-06-13,1320,23
PO0018851,2025-06-13,108,3
PO0018859,2025-06-13,1152,22
PO0018860,2025-06-13,1968,18
PO0018861,2025-06-13,1272,13
PO0018873,2025-06-13,522,4
PO0018875,2025-06-13,1008,3
PO0018876,2025-06-13,3180,32
PO0018880,2025-06-13,888,8
PO0018882,2025-06-13,354,1
PO0018886,2025-06-13,864,18
PO0018891,2025-06-13,2304,29
PO0018892,2025-06-13,172,0
PO0018895,2025-06-13,984,21
PO0018901,2025-06-13,366,1
PO0018904,2025-06-13,336,5
PO0018905,2025-06-13,1020,17
PO0018906,2025-06-13,336,2
PO0018548,2025-06-14,1224,61
PO0018609,2025-06-14,1470,8
PO0018717,2025-06-14,288,3
PO0018744,2025-06-14,726,4
PO0018745,2025-06-14,984,16
PO0018762,2025-06-14,1176,13
PO0018764,2025-06-14,435,2
PO0018785,2025-06-14,780,3
PO0018834,2025-06-14,324,2
PO0018865,2025-06-14,5352,17
PO0018866,2025-06-14,531,5
PO0018867,2025-06-14,3516,31
PO0018869,2025-06-14,96,1
PO0018870,2025-06-14,2784,35
PO0018872,2025-06-14,1470,14
PO0018877,2025-06-14,576,13
PO0018879,2025-06-14,384,1
PO0018895,2025-06-14,984,37
PO0018896,2025-06-14,936,13
PO0018897,2025-06-14,612,3
PO0018898,2025-06-14,1668,10
PO0018899,2025-06-14,480,6
PO0018903,2025-06-14,1584,36
PO0018580,2025-06-15,1152,6
PO0018622,2025-06-15,942,2
PO0018763,2025-06-15,2448,23
PO0018771,2025-06-15,1086,7
PO0018801,2025-06-15,288,5
PO0018814,2025-06-15,282,4
PO0018818,2025-06-15,4176,78
PO0018822,2025-06-15,6336,68
PO0018843,2025-06-15,1164,57
PO0018875,2025-06-15,1008,5
PO0018877,2025-06-15,576,11
PO0018900,2025-06-15,476,0
PO0018902,2025-06-15,2040,45
PO0018908,2025-06-15,1560,9
PO0018910,2025-06-15,1824,21
PO0018921,2025-06-15,1680,6
PO0018922,2025-06-15,3336,30
PO0018948,2025-06-15,2496,24
PO0018658,2025-06-16,1152,25
PO0018709,2025-06-16,7836,160
PO0018846,2025-06-16,580,11
PO0018869,2025-06-16,96,1
PO0018871,2025-06-16,4656,27
PO0018882,2025-06-16,354,1
PO0018900,2025-06-16,477,2
PO0018907,2025-06-16,1667,29
PO0018911,2025-06-16,600,3
PO0018912,2025-06-16,768,10
PO0018915,2025-06-16,1176,57
PO0018917,2025-06-16,2580,45
PO0018926,2025-06-16,2292,25
PO0018935,2025-06-16,1872,16
PO0018939,2025-06-16,828,11
PO0018947,2025-06-16,1566,19
PO0018959,2025-06-16,888,13
PO0018972,2025-06-16,744,10
PO0018657,2025-06-17,8304,88
PO0018666,2025-06-17,192,0
PO0018766,2025-06-17,132,2
PO0018812,2025-06-17,1644,7
PO0018847,2025-06-17,684,5
PO0018892,2025-06-17,172,0
PO0018897,2025-06-17,612,4
PO0018901,2025-06-17,366,7
PO0018909,2025-06-17,1488,30
PO0018916,2025-06-17,360,4
PO0018925,2025-06-17,3744,54
PO0018928,2025-06-17,624,5
PO0018929,2025-06-17,1944,82
PO0018930,2025-06-17,180,3
PO0018931,2025-06-17,744,6
PO0018938,2025-06-17,744,16
PO0018942,2025-06-17,1392,9
PO0018943,2025-06-17,2256,24
PO0018944,2025-06-17,1272,10
PO0018945,2025-06-17,1680,25
PO0018950,2025-06-17,1044,7
PO0018954,2025-06-17,2226,21
PO0018956,2025-06-17,5904,41
PO0018958,2025-06-17,384,13
PO0018961,2025-06-17,624,4
PO0018962,2025-06-17,1728,16
PO0018969,2025-06-17,264,8
PO0018970,2025-06-17,192,1
PO0019007,2025-06-17,576,9
PO0018866,2025-06-18,531,5
PO0018919,2025-06-18,696,9
PO0018924,2025-06-18,6816,71
PO0018933,2025-06-18,1536,24
PO0018934,2025-06-18,636,1
PO0018937,2025-06-18,126,3
PO0018940,2025-06-18,504,11
PO0018941,2025-06-18,384,7
PO0018946,2025-06-18,238,1
PO0018949,2025-06-18,1404,23
PO0018952,2025-06-18,2821,21
PO0018953,2025-06-18,108,0
PO0018954,2025-06-18,2226,19
PO0018955,2025-06-18,1548,34
PO0018957,2025-06-18,1656,12
PO0018963,2025-06-18,3342,74
PO0018965,2025-06-18,480,7
PO0018966,2025-06-18,240,0
PO0018971,2025-06-18,312,5
PO0018975,2025-06-18,624,5
PO0018977,2025-06-18,255,0
PO0018980,2025-06-18,1488,10
PO0018984,2025-06-18,2412,34
PO0018985,2025-06-18,1272,20
PO0018987,2025-06-18,960,21
PO0018990,2025-06-18,216,3
PO0018994,2025-06-18,1968,27
PO0018995,2025-06-18,864,10
PO0018997,2025-06-18,1200,26
PO0018998,2025-06-18,666,11
PO0018999,2025-06-18,1392,30
PO0019001,2025-06-18,1488,22
PO0019003,2025-06-18,618,5
PO0019004,2025-06-18,288,3
PO0019006,2025-06-18,2220,47
PO0019008,2025-06-18,192,1
PO0019012,2025-06-18,920,13
PO0019047,2025-06-18,768,2
PO0019050,2025-06-18,432,1
PO0018864,2025-06-19,1152,5
PO0018884,2025-06-19,708,10
PO0018889,2025-06-19,2772,17
PO0018913,2025-06-19,348,3
PO0018914,2025-06-19,2711,17
PO0018929,2025-06-19,1944,96
PO0018937,2025-06-19,126,4
PO0018960,2025-06-19,588,2
PO0018964,2025-06-19,1248,24
PO0018967,2025-06-19,3936,45
PO0018968,2025-06-19,366,1
PO0018973,2025-06-19,240,3
PO0018974,2025-06-19,792,8
PO0018976,2025-06-19,186,7
PO0018978,2025-06-19,504,4
PO0018979,2025-06-19,1872,73
PO0018981,2025-06-19,1038,4
PO0018983,2025-06-19,444,7
PO0018993,2025-06-19,444,3
PO0018996,2025-06-19,264,3
PO0019005,2025-06-19,720,2
PO0019009,2025-06-19,2040,14
PO0019023,2025-06-19,360,0
PO0019036,2025-06-19,1920,28
PO0019037,2025-06-19,642,6
PO0019040,2025-06-19,540,13
PO0019042,2025-06-19,3300,15
PO0019044,2025-06-19,1476,22
PO0019059,2025-06-19,456,7
PO0019060,2025-06-19,1440,7
PO0018782,2025-06-20,762,33
PO0018800,2025-06-20,1182,20
PO0018874,2025-06-20,672,29
PO0018878,2025-06-20,4092,21
PO0018977,2025-06-20,255,0
PO0018982,2025-06-20,1584,22
PO0018983,2025-06-20,444,6
PO0018988,2025-06-20,1862,27
PO0018989,2025-06-20,2220,46
PO0018990,2025-06-20,216,2
PO0018991,2025-06-20,4320,103
PO0018993,2025-06-20,444,4
PO0019002,2025-06-20,1212,3
PO0019010,2025-06-20,1680,9
PO0019011,2025-06-20,72,0
PO0019014,2025-06-20,288,3
PO0019015,2025-06-20,264,0
PO0019016,2025-06-20,1008,44
PO0019021,2025-06-20,504,15
PO0019024,2025-06-20,1152,8
PO0019027,2025-06-20,4728,38
PO0019033,2025-06-20,1656,28
PO0019034,2025-06-20,384,3
PO0019041,2025-06-20,96,0
PO0019045,2025-06-20,252,3
PO0019049,2025-06-20,204,3
PO0019057,2025-06-20,912,22
PO0018766,2025-06-21,132,8
PO0018773,2025-06-21,2124,19
PO0018887,2025-06-21,2016,99
PO0018920,2025-06-21,2880,149
PO0018931,2025-06-21,744,3
PO0018951,2025-06-21,336,3
PO0018966,2025-06-21,240,1
PO0018976,2025-06-21,186,1
PO0019005,2025-06-21,720,2
PO0019019,2025-06-21,456,7
PO0019022,2025-06-21,144,0
PO0019028,2025-06-21,552,9
PO0019029,2025-06-21,1104,29
PO0019030,2025-06-21,2832,21
PO0019031,2025-06-21,864,15
PO0019032,2025-06-21,1791,41
PO0019035,2025-06-21,1320,18
PO0019053,2025-06-21,5304,65
PO0019055,2025-06-21,720,12
PO0019063,2025-06-21,669,13
PO0019064,2025-06-21,342,2
PO0018833,2025-06-22,492,3
PO0018923,2025-06-22,504,2
PO0018927,2025-06-22,1200,27
PO0018936,2025-06-22,408,1
PO0018960,2025-06-22,588,10
PO0019011,2025-06-22,72,0
PO0019020,2025-06-22,7944,71
PO0019051,2025-06-22,600,8
PO0019052,2025-06-22,1142,18
PO0019056,2025-06-22,288,4
PO0019057,2025-06-22,912,25
PO0019058,2025-06-22,780,19
PO0019061,2025-06-22,1848,6
PO0019062,2025-06-22,1488,16
PO0019069,2025-06-22,366,3
PO0019074,2025-06-22,1104,33
PO0019076,2025-06-22,1176,11
PO0019081,2025-06-22,336,4
PO0019084,2025-06-22,834,20
PO0019093,2025-06-22,444,3
PO0019097,2025-06-22,594,4
PO0018853,2025-06-23,792,9
PO0018932,2025-06-23,516,4
PO0019022,2025-06-23,144,1
PO0019032,2025-06-23,1791,40
PO0019046,2025-06-23,3360,9
PO0019063,2025-06-23,669,10
PO0019066,2025-06-23,450,7
PO0019075,2025-06-23,4128,72
PO0019080,2025-06-23,456,7
PO0019083,2025-06-23,978,15
PO0019086,2025-06-23,4656,63
PO0019096,2025-06-23,768,9
PO0019100,2025-06-23,546,9
PO0019101,2025-06-23,419,1
PO0019102,2025-06-23,504,4
PO0019103,2025-06-23,1032,10
PO0019109,2025-06-23,516,3
PO0019112,2025-06-23,792,5
PO0019115,2025-06-23,624,4
PO0019116,2025-06-23,1872,101
PO0018840,2025-06-24,144,1
PO0018853,2025-06-24,792,12
PO0018883,2025-06-24,528,19
PO0018992,2025-06-24,960,12
PO0019017,2025-06-24,540,26
PO0019026,2025-06-24,1128,1
PO0019031,2025-06-24,864,11
PO0019038,2025-06-24,4896,43
PO0019039,2025-06-24,2664,40
PO0019065,2025-06-24,480,9
PO0019067,2025-06-24,990,16
PO0019070,2025-06-24,1227,22
PO0019071,2025-06-24,780,7
PO0019073,2025-06-24,1104,7
PO0019076,2025-06-24,1176,19
PO0019077,2025-06-24,3072,157
PO0019078,2025-06-24,96,1
PO0019079,2025-06-24,1416,10
PO0019082,2025-06-24,210,2
PO0019089,2025-06-24,2844,58
PO0019090,2025-06-24,1002,5
PO0019094,2025-06-24,1248,27
PO0019098,2025-06-24,240,0
PO0019099,2025-06-24,1392,6
PO0019106,2025-06-24,198,3
PO0019108,2025-06-24,288,2
PO0019110,2025-06-24,3744,58
PO0019111,2025-06-24,276,1
PO0019118,2025-06-24,48,0
PO0019119,2025-06-24,192,2
PO0019120,2025-06-24,528,23
PO0019121,2025-06-24,3096,66
PO0019123,2025-06-24,306,6
PO0019127,2025-06-24,2010,33
PO0019129,2025-06-24,4848,23
PO0019130,2025-06-24,144,4
PO0019132,2025-06-24,1038,11
PO0019134,2025-06-24,864,4
PO0019136,2025-06-24,576,2
PO0019138,2025-06-24,1482,6
PO0019140,2025-06-24,696,14
PO0019145,2025-06-24,144,3
PO0019150,2025-06-24,1920,11
PO0019168,2025-06-24,384,4
PO0018932,2025-06-25,516,5
PO0019018,2025-06-25,954,3
PO0019043,2025-06-25,240,2
PO0019058,2025-06-25,780,11
PO0019070,2025-06-25,1227,24
PO0019085,2025-06-25,840,20
PO0019087,2025-06-25,2508,56
PO0019088,2025-06-25,1106,8
PO0019091,2025-06-25,384,2
PO0019095,2025-06-25,744,7
PO0019105,2025-06-25,936,11
PO0019111,2025-06-25,276,2
PO0019117,2025-06-25,1098,7
PO0019122,2025-06-25,672,4
PO0019128,2025-06-25,912,31
PO0019139,2025-06-25,1392,27
PO0019141,2025-06-25,228,3
PO0019142,2025-06-25,141,0
PO0019152,2025-06-25,1992,36
PO0019153,2025-06-25,1284,17
PO0019154,2025-06-25,996,1
PO0019156,2025-06-25,384,3
PO0019160,2025-06-25,1620,8
PO0019162,2025-06-25,594,1
PO0019164,2025-06-25,156,2
PO0019165,2025-06-25,4236,38
PO0019167,2025-06-25,2550,33
PO0019054,2025-06-26,2712,51
PO0019078,2025-06-26,96,2
PO0019085,2025-06-26,840,11
PO0019106,2025-06-26,198,0
PO0019124,2025-06-26,576,7
PO0019125,2025-06-26,666,8
PO0019131,2025-06-26,3240,32
PO0019137,2025-06-26,384,4
PO0019143,2025-06-26,192,0
PO0019144,2025-06-26,264,4
PO0019147,2025-06-26,480,2
PO0019148,2025-06-26,1344,9
PO0019149,2025-06-26,1151,14
PO0019154,2025-06-26,996,4
PO0019157,2025-06-26,158,2
PO0019158,2025-06-26,1122,4
PO0019159,2025-06-26,588,4
PO0019163,2025-06-26,96,1
PO0019170,2025-06-26,192,8
PO0019171,2025-06-26,1344,22
PO0019172,2025-06-26,780,6
PO0019173,2025-06-26,1338,21
PO0019180,2025-06-26,2352,38
PO0019186,2025-06-26,3168,155
PO0019187,2025-06-26,204,0
PO0019188,2025-06-26,888,13
PO0019190,2025-06-26,597,2
PO0019192,2025-06-26,480,1
PO0019193,2025-06-26,288,4
PO0019195,2025-06-26,1500,19
PO0019196,2025-06-26,2994,34
PO0019198,2025-06-26,1500,13
PO0019211,2025-06-26,2196,26
PO0018699,2025-06-27,2136,27
PO0019025,2025-06-27,1008,5
PO0019066,2025-06-27,450,4
PO0019071,2025-06-27,780,9
PO0019118,2025-06-27,48,1
PO0019146,2025-06-27,3060,14
PO0019155,2025-06-27,228,4
PO0019161,2025-06-27,336,5
PO0019164,2025-06-27,156,2
PO0019166,2025-06-27,963,8
PO0019169,2025-06-27,912,8
PO0019181,2025-06-27,258,3
PO0019184,2025-06-27,432,5
PO0019188,2025-06-27,888,8
PO0019200,2025-06-27,540,0
PO0019207,2025-06-27,1080,19
PO0019214,2025-06-27,261,4
PO0019216,2025-06-27,1740,21
PO0019218,2025-06-27,2592,26
PO0018840,2025-06-28,144,5
PO0019065,2025-06-28,480,6
PO0019067,2025-06-28,990,9
PO0019072,2025-06-28,840,9
PO0019123,2025-06-28,306,4
PO0019142,2025-06-28,142,1
PO0019155,2025-06-28,228,2
PO0019176,2025-06-28,588,2
PO0019178,2025-06-28,756,5
PO0019179,2025-06-28,1971,24
PO0019183,2025-06-28,864,2
PO0019189,2025-06-28,2064,8
PO0019194,2025-06-28,624,9
PO0019199,2025-06-28,6672,55
PO0019203,2025-06-28,972,14
PO0019207,2025-06-28,1080,18
PO0019208,2025-06-28,768,4
PO0019213,2025-06-28,2136,20
PO0019216,2025-06-28,1740,15
PO0018751,2025-06-29,1224,12
PO0018918,2025-06-29,216,5
PO0019174,2025-06-29,1080,14
PO0019191,2025-06-29,900,6
PO0019201,2025-06-29,3672,31
PO0019206,2025-06-29,4110,41
PO0019209,2025-06-29,1572,26
PO0019219,2025-06-29,3240,26
PO0019220,2025-06-29,4386,126
PO0019228,2025-06-29,2472,17
PO0019231,2025-06-29,2880,31
PO0019235,2025-06-29,912,5
PO0019243,2025-06-29,594,9
PO0019249,2025-06-29,384,4
PO0019048,2025-06-30,3312,16
PO0019179,2025-06-30,1971,16
PO0019191,2025-06-30,900,4
PO0019205,2025-06-30,588,6
PO0019210,2025-06-30,528,2
PO0019214,2025-06-30,261,1
PO0019222,2025-06-30,1350,26
PO0019226,2025-06-30,1146,6
PO0019236,2025-06-30,3072,61
PO0019248,2025-06-30,1164,17
PO0019250,2025-06-30,1248,23
PO0019252,2025-06-30,1248,32
PO0019254,2025-06-30,264,6
PO0019257,2025-06-30,768,10
PO0019295,2025-06-30,696,8
PO0019092,2025-07-01,3138,15
PO0019126,2025-07-01,2136,15
PO0019166,2025-07-01,963,9
PO0019212,2025-07-01,1080,18
PO0019221,2025-07-01,1217,14
PO0019223,2025-07-01,5328,57
PO0019224,2025-07-01,684,9
PO0019227,2025-07-01,3640,9
PO0019232,2025-07-01,8412,167
PO0019234,2025-07-01,630,6
PO0019237,2025-07-01,192,1
PO0019239,2025-07-01,288,3
PO0019241,2025-07-01,1818,29
PO0019242,2025-07-01,612,4
PO0019258,2025-07-01,1152,31
PO0019259,2025-07-01,4848,11
PO0019260,2025-07-01,3120,41
PO0019263,2025-07-01,1584,15
PO0019266,2025-07-01,2598,27
PO0019268,2025-07-01,7170,66
PO0019269,2025-07-01,2148,38
PO0019273,2025-07-01,408,8
PO0019274,2025-07-01,1740,15
PO0019276,2025-07-01,1530,25
PO0019284,2025-07-01,240,1
PO0019285,2025-07-01,612,5
PO0019287,2025-07-01,288,1
PO0019293,2025-07-01,1008,6
PO0019300,2025-07-01,768,6
PO0019328,2025-07-01,858,12
PO0019013,2025-07-02,768,30
PO0019133,2025-07-02,792,4
PO0019135,2025-07-02,348,3
PO0019151,2025-07-02,6288,29
PO0019175,2025-07-02,966,3
PO0019177,2025-07-02,2928,135
PO0019182,2025-07-02,576,2
PO0019210,2025-07-02,528,0
PO0019215,2025-07-02,1776,17
PO0019246,2025-07-02,240,7
PO0019247,2025-07-02,1908,19
PO0019253,2025-07-02,2376,14
PO0019255,2025-07-02,960,4
PO0019256,2025-07-02,2142,14
PO0019264,2025-07-02,3360,28
PO0019267,2025-07-02,1440,16
PO0019270,2025-07-02,624,7
PO0019271,2025-07-02,312,1
PO0019275,2025-07-02,3420,45
PO0019279,2025-07-02,120,2
PO0019280,2025-07-02,2328,12
PO0019281,2025-07-02,6144,71
PO0019288,2025-07-02,2166,22
PO0019291,2025-07-02,480,11
PO0019292,2025-07-02,2592,42
PO0019294,2025-07-02,384,7
PO0019298,2025-07-02,816,2
PO0019299,2025-07-02,720,5
PO0019307,2025-07-02,720,3
PO0019308,2025-07-02,480,2
PO0019315,2025-07-02,1296,13
PO0019316,2025-07-02,696,4
PO0019317,2025-07-02,516,5
PO0019321,2025-07-02,5820,62
PO0019324,2025-07-02,192,5
PO0019325,2025-07-02,1176,10
PO0019331,2025-07-02,1200,52
PO0019336,2025-07-02,1104,9
PO0019345,2025-07-02,5322,66
PO0018918,2025-07-03,216,7
PO0019113,2025-07-03,2328,24
PO0019114,2025-07-03,1980,25
PO0019204,2025-07-03,372,5
PO0019229,2025-07-03,1542,30
PO0019243,2025-07-03,594,10
PO0019277,2025-07-03,2616,31
PO0019278,2025-07-03,456,14
PO0019279,2025-07-03,120,7
PO0019289,2025-07-03,432,9
PO0019290,2025-07-03,1070,11
PO0019301,2025-07-03,72,0
PO0019302,2025-07-03,2232,18
PO0019304,2025-07-03,1704,25
PO0019322,2025-07-03,4104,54
PO0019324,2025-07-03,192,4
PO0019330,2025-07-03,492,1
PO0019332,2025-07-03,204,2
PO0019333,2025-07-03,99,0
PO0019340,2025-07-03,337,3
PO0019344,2025-07-03,912,11
PO0019349,2025-07-03,360,3
PO0019350,2025-07-03,600,4
PO0019360,2025-07-03,894,10
PO0019371,2025-07-03,576,0
PO0019104,2025-07-04,2160,57
PO0019107,2025-07-04,60,0
PO0019202,2025-07-04,2112,56
PO0019248,2025-07-04,1164,17
PO0019267,2025-07-04,1440,16
PO0019298,2025-07-04,816,4
PO0019302,2025-07-04,2232,23
PO0019303,2025-07-04,5568,104
PO0019305,2025-07-04,1518,6
PO0019309,2025-07-04,2448,62
PO0019310,2025-07-04,1680,23
PO0019311,2025-07-04,1259,9
PO0019312,2025-07-04,960,9
PO0019313,2025-07-04,5040,59
PO0019314,2025-07-04,330,6
PO0019319,2025-07-04,3630,26
PO0019326,2025-07-04,348,4
PO0019327,2025-07-04,534,7
PO0019337,2025-07-04,600,6
PO0019341,2025-07-04,1986,26
PO0019342,2025-07-04,523,11
PO0019349,2025-07-04,360,3
PO0019361,2025-07-04,2352,35
PO0019362,2025-07-04,2784,37
PO0019364,2025-07-04,384,1
PO0019365,2025-07-04,2358,26
PO0019368,2025-07-04,2268,7
PO0019369,2025-07-04,384,2
PO0019372,2025-07-04,756,13
PO0019378,2025-07-04,744,4
PO0019382,2025-07-04,2262,60
PO0019092,2025-07-05,3138,15
PO0019217,2025-07-05,4320,56
PO0019225,2025-07-05,576,7
PO0019251,2025-07-05,1056,19
PO0019261,2025-07-05,1596,19
PO0019333,2025-07-05,99,2
PO0019334,2025-07-05,372,4
PO0019338,2025-07-05,132,2
PO0019343,2025-07-05,2304,45
PO0019346,2025-07-05,438,2
PO0019347,2025-07-05,288,3
PO0019348,2025-07-05,696,3
PO0019351,2025-07-05,1752,14
PO0019353,2025-07-05,480,3
PO0019354,2025-07-05,240,3
PO0019355,2025-07-05,648,1
PO0019359,2025-07-05,3576,41
PO0019373,2025-07-05,192,2
PO0019375,2025-07-05,858,12
PO0019380,2025-07-05,1440,39
PO0019381,2025-07-05,1032,6
PO0019390,2025-07-05,708,2
PO0019240,2025-07-06,1278,10
PO0019272,2025-07-06,720,13
PO0019294,2025-07-06,384,5
PO0019330,2025-07-06,492,5
PO0019338,2025-07-06,132,5
PO0019357,2025-07-06,1104,9
PO0019363,2025-07-06,2928,20
PO0019370,2025-07-06,288,3
PO0019373,2025-07-06,192,2
PO0019376,2025-07-06,174,1
PO0019379,2025-07-06,720,21
PO0019384,2025-07-06,10512,230
PO0019387,2025-07-06,96,1
PO0019389,2025-07-06,371,4
PO0019391,2025-07-06,816,5
PO0019392,2025-07-06,1416,15
PO0019396,2025-07-06,342,4
PO0019398,2025-07-06,360,7
PO0019401,2025-07-06,1176,6
PO0019000,2025-07-07,960,1
PO0019068,2025-07-07,3264,159
PO0019107,2025-07-07,60,0
PO0019185,2025-07-07,294,7
PO0019278,2025-07-07,456,10
PO0019286,2025-07-07,384,8
PO0019297,2025-07-07,864,46
PO0019301,2025-07-07,72,0
PO0019305,2025-07-07,1518,12
PO0019306,2025-07-07,816,6
PO0019318,2025-07-07,756,3
PO0019323,2025-07-07,816,11
PO0019334,2025-07-07,372,5
PO0019396,2025-07-07,342,7
PO0019399,2025-07-07,1080,2
PO0019400,2025-07-07,276,4
PO0019402,2025-07-07,672,8
PO0019403,2025-07-07,792,13
PO0019404,2025-07-07,1104,16
PO0019412,2025-07-07,1224,12
PO0019431,2025-07-07,1572,40
PO0019461,2025-07-07,270,6
PO0019296,2025-07-08,456,10
PO0019311,2025-07-08,1259,10
PO0019367,2025-07-08,222,4
PO0019383,2025-07-08,576,2
PO0019386,2025-07-08,5232,50
PO0019388,2025-07-08,540,2
PO0019394,2025-07-08,1541,9
PO0019398,2025-07-08,360,2
PO0019402,2025-07-08,672,12
PO0019410,2025-07-08,6624,15
PO0019416,2025-07-08,1494,29
PO0019419,2025-07-08,768,12
PO0019428,2025-07-08,1524,23
PO0019433,2025-07-08,630,6
PO0019438,2025-07-08,2517,20
PO0019441,2025-07-08,696,6
PO0019455,2025-07-08,186,0
PO0019460,2025-07-08,1500,35
PO0019197,2025-07-09,1356,17
PO0019233,2025-07-09,1344,60
PO0019244,2025-07-09,4464,51
PO0019329,2025-07-09,4560,19
PO0019335,2025-07-09,405,5
PO0019407,2025-07-09,2040,9
PO0019408,2025-07-09,816,8
PO0019409,2025-07-09,1842,16
PO0019411,2025-07-09,2160,24
PO0019412,2025-07-09,1224,18
PO0019413,2025-07-09,2448,21
PO0019414,2025-07-09,3119,31
PO0019423,2025-07-09,318,10
PO0019424,2025-07-09,1512,4
PO0019427,2025-07-09,438,7
PO0019429,2025-07-09,504,2
PO0019434,2025-07-09,4032,47
PO0019435,2025-07-09,894,9
PO0019437,2025-07-09,372,3
PO0019450,2025-07-09,1920,8
PO0019459,2025-07-09,588,11
PO0019466,2025-07-09,384,5
PO0019467,2025-07-09,1152,11
PO0019481,2025-07-09,369,2
PO0019489,2025-07-09,231,3
PO0019496,2025-07-09,1476,13
PO0019515,2025-07-09,1200,19
PO0019185,2025-07-10,294,4
PO0019356,2025-07-10,713,3
PO0019358,2025-07-10,174,5
PO0019388,2025-07-10,540,1
PO0019403,2025-07-10,792,4
PO0019405,2025-07-10,600,1
PO0019409,2025-07-10,1842,11
PO0019418,2025-07-10,2574,14
PO0019422,2025-07-10,432,8
PO0019425,2025-07-10,4824,45
PO0019426,2025-07-10,672,5
PO0019430,2025-07-10,1020,10
PO0019432,2025-07-10,2832,54
PO0019438,2025-07-10,2517,25
PO0019443,2025-07-10,744,10
PO0019447,2025-07-10,1056,12
PO0019448,2025-07-10,1296,37
PO0019449,2025-07-10,360,8
PO0019451,2025-07-10,300,19
PO0019452,2025-07-10,2454,29
PO0019454,2025-07-10,432,1
PO0019455,2025-07-10,186,1
PO0019458,2025-07-10,336,2
PO0019463,2025-07-10,624,7
PO0019468,2025-07-10,768,7
PO0019472,2025-07-10,5616,116
PO0019473,2025-07-10,636,8
PO0019474,2025-07-10,1008,8
PO0019479,2025-07-10,216,6
PO0019490,2025-07-10,709,10
PO0019500,2025-07-10,2100,24
PO0019502,2025-07-10,1512,15
PO0019245,2025-07-11,1296,22
PO0019296,2025-07-11,456,11
PO0019320,2025-07-11,192,5
PO0019323,2025-07-11,816,10
PO0019335,2025-07-11,405,6
PO0019374,2025-07-11,6648,64
PO0019399,2025-07-11,1080,10
PO0019417,2025-07-11,1848,12
PO0019423,2025-07-11,318,2
PO0019439,2025-07-11,1752,13
PO0019440,2025-07-11,4212,33
PO0019442,2025-07-11,2292,16
PO0019444,2025-07-11,2712,16
PO0019445,2025-07-11,1440,16
PO0019446,2025-07-11,84,2
PO0019456,2025-07-11,156,3
PO0019464,2025-07-11,864,5
PO0019469,2025-07-11,218,7
PO0019470,2025-07-11,864,16
PO0019471,2025-07-11,384,3
PO0019478,2025-07-11,588,4
PO0019481,2025-07-11,369,1
PO0019484,2025-07-11,3150,29
PO0019489,2025-07-11,231,3
PO0019492,2025-07-11,147,5
PO0019494,2025-07-11,420,4
PO0019495,2025-07-11,757,9
PO0019498,2025-07-11,1122,14
PO0019503,2025-07-11,576,1
PO0019506,2025-07-11,216,3
PO0019508,2025-07-11,753,16
PO0019510,2025-07-11,1968,41
PO0019517,2025-07-11,2544,25
PO0019522,2025-07-11,450,7
PO0019527,2025-07-11,108,2
PO0019282,2025-07-12,238,1
PO0019339,2025-07-12,1512,17
PO0019394,2025-07-12,1542,10
PO0019406,2025-07-12,1008,4
PO0019415,2025-07-12,954,5
PO0019436,2025-07-12,1251,26
PO0019453,2025-07-12,336,9
PO0019457,2025-07-12,162,0
PO0019469,2025-07-12,219,1
PO0019475,2025-07-12,672,14
PO0019477,2025-07-12,1332,6
PO0019491,2025-07-12,498,0
PO0019493,2025-07-12,1896,26
PO0019505,2025-07-12,1518,23
PO0019514,2025-07-12,4224,81
PO0019518,2025-07-12,792,5
PO0019520,2025-07-12,1836,27
PO0019521,2025-07-12,900,26
PO0019523,2025-07-12,300,0
PO0019525,2025-07-12,1332,3
PO0019532,2025-07-12,1266,21
PO0019533,2025-07-12,600,8
PO0019238,2025-07-13,384,3
PO0019385,2025-07-13,984,16
PO0019397,2025-07-13,708,31
PO0019456,2025-07-13,156,3
PO0019465,2025-07-13,2160,33
PO0019480,2025-07-13,543,4
PO0019482,2025-07-13,1632,4
PO0019488,2025-07-13,1440,11
PO0019504,2025-07-13,5160,28
PO0019507,2025-07-13,777,10
PO0019524,2025-07-13,360,11
PO0019529,2025-07-13,1464,15
PO0019535,2025-07-13,303,0
PO0019537,2025-07-13,1104,18
PO0019538,2025-07-13,396,2
PO0019540,2025-07-13,2046,35
PO0019542,2025-07-13,288,2
PO0019543,2025-07-13,744,8
PO0019544,2025-07-13,486,8
PO0019420,2025-07-14,816,46
PO0019421,2025-07-14,3858,26
PO0019447,2025-07-14,1056,17
PO0019451,2025-07-14,300,15
PO0019457,2025-07-14,162,1
PO0019462,2025-07-14,312,5
PO0019471,2025-07-14,384,1
PO0019476,2025-07-14,576,9
PO0019485,2025-07-14,840,4
PO0019487,2025-07-14,162,1
PO0019501,2025-07-14,2496,44
PO0019511,2025-07-14,864,15
PO0019513,2025-07-14,1236,73
PO0019516,2025-07-14,4548,20
PO0019523,2025-07-14,300,2
PO0019528,2025-07-14,576,5
PO0019541,2025-07-14,240,5
PO0019554,2025-07-14,252,4
PO0019560,2025-07-14,204,1
PO0019562,2025-07-14,528,2
PO0019563,2025-07-14,492,22
PO0019564,2025-07-14,1056,11
PO0019587,2025-07-14,108,0
PO0019591,2025-07-14,624,11
PO0019616,2025-07-14,804,13
PO0019624,2025-07-14,552,3
PO0019230,2025-07-15,6432,83
PO0019262,2025-07-15,2880,158
PO0019265,2025-07-15,414,2
PO0019283,2025-07-15,2232,16
PO0019366,2025-07-15,4488,52
PO0019505,2025-07-15,1518,26
PO0019507,2025-07-15,777,12
PO0019512,2025-07-15,1428,32
PO0019519,2025-07-15,420,0
PO0019527,2025-07-15,108,4
PO0019534,2025-07-15,1872,10
PO0019549,2025-07-15,600,7
PO0019551,2025-07-15,72,0
PO0019552,2025-07-15,3600,30
PO0019553,2025-07-15,624,6
PO0019556,2025-07-15,894,5
PO0019557,2025-07-15,996,17
PO0019565,2025-07-15,1488,17
PO0019566,2025-07-15,900,4
PO0019572,2025-07-15,1121,19
PO0019585,2025-07-15,360,4
PO0019590,2025-07-15,168,1
PO0019593,2025-07-15,444,3
PO0019612,2025-07-15,636,6
PO0019619,2025-07-15,1536,27
PO0019627,2025-07-15,816,26
PO0019633,2025-07-15,2832,19
PO0019634,2025-07-15,582,5
PO0019393,2025-07-16,1152,29
PO0019395,2025-07-16,288,1
PO0019486,2025-07-16,486,24
PO0019499,2025-07-16,1543,14
PO0019509,2025-07-16,1068,12
PO0019526,2025-07-16,2032,36
PO0019536,2025-07-16,1392,23
PO0019547,2025-07-16,5424,20
PO0019550,2025-07-16,648,2
PO0019558,2025-07-16,1362,2
PO0019575,2025-07-16,3456,46
PO0019578,2025-07-16,768,17
PO0019581,2025-07-16,336,4
PO0019582,2025-07-16,480,5
PO0019583,2025-07-16,612,6
PO0019588,2025-07-16,960,6
PO0019594,2025-07-16,4932,96
PO0019621,2025-07-16,1596,4
PO0019635,2025-07-16,384,8
PO0019642,2025-07-16,618,1
PO0019644,2025-07-16,7584,81
PO0019647,2025-07-16,864,7
PO0019662,2025-07-16,2064,29
PO0018986,2025-07-17,864,13
PO0019352,2025-07-17,789,10
PO0019385,2025-07-17,984,13
PO0019480,2025-07-17,543,2
PO0019483,2025-07-17,2460,37
PO0019487,2025-07-17,162,2
PO0019536,2025-07-17,1392,20
PO0019560,2025-07-17,204,1
PO0019561,2025-07-17,630,3
PO0019571,2025-07-17,240,3
PO0019573,2025-07-17,1872,5
PO0019574,2025-07-17,990,13
PO0019576,2025-07-17,384,2
PO0019577,2025-07-17,1338,15
PO0019587,2025-07-17,108,0
PO0019597,2025-07-17,1128,2
PO0019603,2025-07-17,3840,192
PO0019604,2025-07-17,627,2
PO0019605,2025-07-17,1530,5
PO0019607,2025-07-17,480,5
PO0019609,2025-07-17,2016,43
PO0019610,2025-07-17,642,3
PO0019625,2025-07-17,300,2
PO0019628,2025-07-17,384,3
PO0019629,2025-07-17,600,11
PO0019630,2025-07-17,252,4
PO0019639,2025-07-17,924,11
PO0019640,2025-07-17,5988,48
PO0019665,2025-07-17,1332,30
PO0019672,2025-07-17,643,8
PO0019676,2025-07-17,672,4
PO0019679,2025-07-17,4656,71
PO0019680,2025-07-17,558,11
PO0019497,2025-07-18,576,10
PO0019531,2025-07-18,768,8
PO0019545,2025-07-18,912,36
PO0019546,2025-07-18,932,10
PO0019548,2025-07-18,1020,49
PO0019555,2025-07-18,336,7
PO0019559,2025-07-18,1200,21
PO0019562,2025-07-18,528,6
PO0019570,2025-07-18,288,0
PO0019579,2025-07-18,2352,45
PO0019580,2025-07-18,3060,21
PO0019586,2025-07-18,384,6
PO0019596,2025-07-18,2352,34
PO0019599,2025-07-18,2148,10
PO0019601,2025-07-18,1536,14
PO0019608,2025-07-18,1896,19
PO0019614,2025-07-18,996,5
PO0019615,2025-07-18,1992,30
PO0019617,2025-07-18,1272,18
PO0019623,2025-07-18,3360,37
PO0019631,2025-07-18,432,9
PO0019643,2025-07-18,1512,7
PO0019645,2025-07-18,792,3
PO0019648,2025-07-18,534,9
PO0019650,2025-07-18,1824,45
PO0019653,2025-07-18,936,15
PO0019656,2025-07-18,384,4
PO0019661,2025-07-18,1464,12
PO0019666,2025-07-18,4080,24
PO0019671,2025-07-18,195,1
PO0019675,2025-07-18,1440,12
PO0019678,2025-07-18,2208,37
PO0019698,2025-07-18,960,5
PO0019530,2025-07-19,1200,11
PO0019551,2025-07-19,72,0
PO0019567,2025-07-19,2928,46
PO0019584,2025-07-19,7152,160
PO0019589,2025-07-19,456,3
PO0019592,2025-07-19,348,5
PO0019595,2025-07-19,1104,5
PO0019598,2025-07-19,864,10
PO0019602,2025-07-19,1908,16
PO0019604,2025-07-19,627,6
PO0019620,2025-07-19,408,20
PO0019637,2025-07-19,1476,21
PO0019651,2025-07-19,408,3
PO0019655,2025-07-19,345,0
PO0019659,2025-07-19,2496,19
PO0019663,2025-07-19,1056,16
PO0019668,2025-07-19,1032,9
PO0019669,2025-07-19,1416,26
PO0019670,2025-07-19,294,1
PO0019702,2025-07-19,1632,22
PO0019704,2025-07-19,1002,7
PO0019569,2025-07-20,744,0
PO0019570,2025-07-20,288,2
PO0019620,2025-07-20,408,20
PO0019631,2025-07-20,432,8
PO0019636,2025-07-20,4452,29
PO0019646,2025-07-20,480,1
PO0019654,2025-07-20,336,1
PO0019655,2025-07-20,345,1
PO0019656,2025-07-20,384,9
PO0019677,2025-07-20,144,4
PO0019681,2025-07-20,1044,9
PO0019683,2025-07-20,528,4
PO0019692,2025-07-20,5430,59
PO0019694,2025-07-20,552,11
PO0019700,2025-07-20,1080,21
PO0019705,2025-07-20,900,13
PO0019708,2025-07-20,240,1
PO0019713,2025-07-20,1104,19
PO0019592,2025-07-21,348,4
PO0019615,2025-07-21,1992,32
PO0019622,2025-07-21,1152,13
PO0019625,2025-07-21,300,3
PO0019626,2025-07-21,1152,6
PO0019632,2025-07-21,2016,102
PO0019649,2025-07-21,876,9
PO0019653,2025-07-21,936,13
PO0019660,2025-07-21,636,5
PO0019673,2025-07-21,552,3
PO0019680,2025-07-21,558,6
PO0019682,2025-07-21,1920,9
PO0019683,2025-07-21,528,1
PO0019684,2025-07-21,165,5
PO0019685,2025-07-21,160,1
PO0019689,2025-07-21,624,8
PO0019690,2025-07-21,300,5
PO0019691,2025-07-21,2106,28
PO0019697,2025-07-21,276,3
PO0019703,2025-07-21,288,3
PO0019710,2025-07-21,2850,42
PO0019719,2025-07-21,504,4
PO0019721,2025-07-21,1152,11
PO0019724,2025-07-21,2832,20
PO0019730,2025-07-21,720,4
PO0019732,2025-07-21,45,0
PO0019736,2025-07-21,2376,51
PO0019741,2025-07-21,708,10
PO0019745,2025-07-21,1296,18
PO0019748,2025-07-21,816,19
PO0019750,2025-07-21,4272,86
PO0019569,2025-07-22,744,4
PO0019600,2025-07-22,3636,67
PO0019658,2025-07-22,744,10
PO0019693,2025-07-22,1362,8
PO0019695,2025-07-22,762,16
PO0019696,2025-07-22,192,4
PO0019699,2025-07-22,4764,34
PO0019706,2025-07-22,336,1
PO0019709,2025-07-22,1392,19
PO0019714,2025-07-22,204,3
PO0019715,2025-07-22,288,6
PO0019716,2025-07-22,516,5
PO0019720,2025-07-22,384,1
PO0019723,2025-07-22,306,6
PO0019729,2025-07-22,336,7
PO0019731,2025-07-22,1488,35
PO0019732,2025-07-22,45,1
PO0019733,2025-07-22,97,2
PO0019735,2025-07-22,864,5
PO0019740,2025-07-22,738,1
PO0019769,2025-07-22,408,1
PO0019539,2025-07-23,2868,38
PO0019618,2025-07-23,672,9
PO0019638,2025-07-23,3324,38
PO0019652,2025-07-23,726,1
PO0019674,2025-07-23,443,2
PO0019687,2025-07-23,864,20
PO0019718,2025-07-23,2592,51
PO0019727,2025-07-23,384,11
PO0019728,2025-07-23,516,8
PO0019737,2025-07-23,4800,64
PO0019738,2025-07-23,2916,64
PO0019742,2025-07-23,480,3
PO0019743,2025-07-23,528,11
PO0019744,2025-07-23,2640,6
PO0019747,2025-07-23,2058,40
PO0019752,2025-07-23,855,2
PO0019757,2025-07-23,2364,48
PO0019769,2025-07-23,408,1
PO0019770,2025-07-23,288,9
PO0019774,2025-07-23,1440,11
PO0019779,2025-07-23,1200,8
PO0019782,2025-07-23,768,21
PO0019789,2025-07-23,1494,15
PO0019790,2025-07-23,384,5
PO0019794,2025-07-23,384,1
PO0019818,2025-07-23,432,12
PO0019822,2025-07-23,732,3
PO0019377,2025-07-24,384,0
PO0019568,2025-07-24,1080,15
PO0019606,2025-07-24,996,44
PO0019641,2025-07-24,2112,35
PO0019657,2025-07-24,912,9
PO0019694,2025-07-24,552,17
PO0019707,2025-07-24,192,2
PO0019711,2025-07-24,672,23
PO0019733,2025-07-24,97,2
PO0019739,2025-07-24,855,1
PO0019749,2025-07-24,2124,25
PO0019754,2025-07-24,168,2
PO0019756,2025-07-24,192,2
PO0019762,2025-07-24,4224,72
PO0019764,2025-07-24,912,18
PO0019767,2025-07-24,562,1
PO0019768,2025-07-24,936,10
PO0019773,2025-07-24,576,3
PO0019775,2025-07-24,696,9
PO0019781,2025-07-24,1260,22
PO0019792,2025-07-24,1080,4
PO0019799,2025-07-24,936,13
PO0019809,2025-07-24,468,6
PO0019815,2025-07-24,384,6
PO0019820,2025-07-24,1716,9
PO0019823,2025-07-24,384,1
PO0019844,2025-07-24,300,1
PO0019858,2025-07-24,139,2
PO0019611,2025-07-25,480,3
PO0019638,2025-07-25,3324,36
PO0019667,2025-07-25,828,5
PO0019701,2025-07-25,2352,15
PO0019712,2025-07-25,1152,58
PO0019717,2025-07-25,216,2
PO0019755,2025-07-25,708,2
PO0019761,2025-07-25,1440,34
PO0019775,2025-07-25,696,11
PO0019784,2025-07-25,3144,18
PO0019786,2025-07-25,432,7
PO0019793,2025-07-25,648,29
PO0019795,2025-07-25,1731,5
PO0019796,2025-07-25,612,13
PO0019800,2025-07-25,780,4
PO0019804,2025-07-25,804,3
PO0019805,2025-07-25,1920,39
PO0019806,2025-07-25,624,27
PO0019808,2025-07-25,156,0
PO0019811,2025-07-25,552,2
PO0019813,2025-07-25,348,6
PO0019821,2025-07-25,252,3
PO0019822,2025-07-25,732,20
PO0019826,2025-07-25,1872,15
PO0019835,2025-07-25,1764,2
PO0019836,2025-07-25,552,3
PO0019839,2025-07-25,696,3
PO0019840,2025-07-25,252,3
PO0019842,2025-07-25,912,8
PO0019854,2025-07-25,384,6
PO0019856,2025-07-25,912,21
PO0019867,2025-07-25,282,2
PO0019686,2025-07-26,264,5
PO0019695,2025-07-26,762,7
PO0019723,2025-07-26,306,0
PO0019725,2025-07-26,1584,22
PO0019726,2025-07-26,5184,25
PO0019752,2025-07-26,855,2
PO0019765,2025-07-26,1591,17
PO0019772,2025-07-26,3336,74
PO0019780,2025-07-26,1728,15
PO0019802,2025-07-26,1728,44
PO0019814,2025-07-26,3408,20
PO0019817,2025-07-26,1200,12
PO0019819,2025-07-26,642,1
PO0019824,2025-07-26,636,9
PO0019831,2025-07-26,1146,12
PO0019838,2025-07-26,312,10
PO0019840,2025-07-26,252,1
PO0019842,2025-07-26,912,7
PO0019847,2025-07-26,823,4
PO0019862,2025-07-26,324,6
PO0019865,2025-07-26,120,0
PO0019886,2025-07-26,225,2
PO0019734,2025-07-27,288,4
PO0019773,2025-07-27,576,1
PO0019777,2025-07-27,888,7
PO0019778,2025-07-27,751,9
PO0019783,2025-07-27,156,1
PO0019785,2025-07-27,1002,9
PO0019788,2025-07-27,192,3
PO0019795,2025-07-27,1731,10
PO0019798,2025-07-27,1368,12
PO0019807,2025-07-27,2304,14
PO0019808,2025-07-27,156,0
PO0019825,2025-07-27,480,23
PO0019828,2025-07-27,3906,35
PO0019830,2025-07-27,1584,9
PO0019859,2025-07-27,2220,14
PO0019861,2025-07-27,648,4
PO0019866,2025-07-27,840,16
PO0019868,2025-07-27,858,2
PO0019886,2025-07-27,225,3
PO0019889,2025-07-27,66,2
PO0019890,2025-07-27,1344,10
PO0019613,2025-07-28,660,8
PO0019722,2025-07-28,264,2
PO0019801,2025-07-28,912,17
PO0019812,2025-07-28,504,8
PO0019833,2025-07-28,1128,17
PO0019837,2025-07-28,2670,63
PO0019845,2025-07-28,111,2
PO0019855,2025-07-28,168,10
PO0019857,2025-07-28,1524,5
PO0019860,2025-07-28,143,1
PO0019863,2025-07-28,720,9
PO0019874,2025-07-28,378,6
PO0019879,2025-07-28,660,14
PO0019883,2025-07-28,1056,53
PO0019885,2025-07-28,3066,23
PO0019895,2025-07-28,336,4
PO0019907,2025-07-28,384,11
PO0019746,2025-07-29,570,25
PO0019751,2025-07-29,2976,143
PO0019758,2025-07-29,2808,37
PO0019760,2025-07-29,1020,21
PO0019787,2025-07-29,720,8
PO0019797,2025-07-29,2472,57
PO0019827,2025-07-29,798,8
PO0019841,2025-07-29,240,4
PO0019864,2025-07-29,1392,9
PO0019870,2025-07-29,240,0
PO0019871,2025-07-29,1140,24
PO0019872,2025-07-29,624,11
PO0019874,2025-07-29,378,6
PO0019875,2025-07-29,288,4
PO0019877,2025-07-29,816,11
PO0019882,2025-07-29,1032,24
PO0019887,2025-07-29,168,1
PO0019888,2025-07-29,192,0
PO0019891,2025-07-29,336,3
PO0019893,2025-07-29,1195,4
PO0019894,2025-07-29,1296,15
PO0019897,2025-07-29,1128,33
PO0019920,2025-07-29,912,11
PO0019975,2025-07-29,264,1
PO0019977,2025-07-29,300,3
PO0019613,2025-07-30,660,6
PO0019753,2025-07-30,4992,31
PO0019763,2025-07-30,450,9
PO0019765,2025-07-30,1591,17
PO0019810,2025-07-30,2352,32
PO0019825,2025-07-30,480,18
PO0019845,2025-07-30,111,1
PO0019849,2025-07-30,6720,72
PO0019853,2025-07-30,1008,7
PO0019873,2025-07-30,666,10
PO0019881,2025-07-30,144,1
PO0019884,2025-07-30,1008,8
PO0019892,2025-07-30,7008,59
PO0019896,2025-07-30,4944,50
PO0019899,2025-07-30,264,2
PO0019904,2025-07-30,144,0
PO0019905,2025-07-30,2280,11
PO0019914,2025-07-30,408,4
PO0019916,2025-07-30,1920,22
PO0019922,2025-07-30,384,4
PO0019930,2025-07-30,4092,24
PO0019932,2025-07-30,402,7
PO0019934,2025-07-30,426,5
PO0019935,2025-07-30,1020,8
PO0019946,2025-07-30,2568,19
PO0019951,2025-07-30,1752,9
PO0019954,2025-07-30,2274,21
PO0019955,2025-07-30,1860,16
PO0019960,2025-07-30,1740,8
PO0019969,2025-07-30,516,0
PO0019688,2025-07-31,144,2
PO0019803,2025-07-31,3840,49
PO0019816,2025-07-31,4578,41
PO0019832,2025-07-31,3480,21
PO0019848,2025-07-31,684,10
PO0019850,2025-07-31,1152,18
PO0019889,2025-07-31,66,1
PO0019890,2025-07-31,1344,10
PO0019903,2025-07-31,480,0
PO0019908,2025-07-31,636,16
PO0019911,2025-07-31,1536,75
PO0019915,2025-07-31,661,12
PO0019923,2025-07-31,3552,23
PO0019924,2025-07-31,864,25
PO0019931,2025-07-31,1296,21
PO0019938,2025-07-31,510,4
PO0019940,2025-07-31,771,14
PO0019945,2025-07-31,5232,14
PO0019947,2025-07-31,1344,6
PO0019950,2025-07-31,935,17
PO0019952,2025-07-31,408,2
PO0019953,2025-07-31,2640,38
PO0019956,2025-07-31,360,7
PO0019958,2025-07-31,624,11
PO0019965,2025-07-31,354,4
PO0019968,2025-07-31,564,7
PO0019973,2025-07-31,744,4
PO0019979,2025-07-31,2448,6
PO0019982,2025-07-31,48,1
PO0019988,2025-07-31,3744,41
PO0019995,2025-07-31,5400,69
PO0019776,2025-08-01,1344,31
PO0019829,2025-08-01,336,6
PO0019846,2025-08-01,336,1
PO0019860,2025-08-01,143,0
PO0019876,2025-08-01,2055,28
PO0019883,2025-08-01,1056,36
PO0019901,2025-08-01,1584,20
PO0019906,2025-08-01,576,9
PO0019910,2025-08-01,1584,19
PO0019912,2025-08-01,1530,15
PO0019919,2025-08-01,702,2
PO0019925,2025-08-01,3288,21
PO0019927,2025-08-01,1944,27
PO0019933,2025-08-01,2256,37
PO0019936,2025-08-01,576,6
PO0019939,2025-08-01,552,4
PO0019943,2025-08-01,1392,11
PO0019948,2025-08-01,1632,87
PO0019951,2025-08-01,1752,10
PO0019962,2025-08-01,552,10
PO0019967,2025-08-01,1992,24
PO0019986,2025-08-01,5016,66
PO0020003,2025-08-01,1488,21
PO0020009,2025-08-01,96,3
PO0020011,2025-08-01,1368,17
PO0020017,2025-08-01,1968,32
PO0020028,2025-08-01,960,50
PO0020030,2025-08-01,1608,8
PO0020031,2025-08-01,399,2
PO0019763,2025-08-02,450,4
PO0019766,2025-08-02,1848,4
PO0019827,2025-08-02,798,9
PO0019834,2025-08-02,336,12
PO0019852,2025-08-02,720,46
PO0019871,2025-08-02,1140,25
PO0019876,2025-08-02,2055,22
PO0019880,2025-08-02,1059,9
PO0019897,2025-08-02,1128,31
PO0019900,2025-08-02,1584,64
PO0019918,2025-08-02,72,0
PO0019940,2025-08-02,771,10
PO0019943,2025-08-02,1392,6
PO0019966,2025-08-02,360,2
PO0019978,2025-08-02,1791,19
PO0019981,2025-08-02,261,5
PO0019982,2025-08-02,48,1
PO0019984,2025-08-02,1296,20
PO0019987,2025-08-02,2508,6
PO0019990,2025-08-02,132,3
PO0019991,2025-08-02,1152,19
PO0019992,2025-08-02,348,9
PO0019993,2025-08-02,2040,25
PO0019994,2025-08-02,1080,13
PO0019996,2025-08-02,1344,18
PO0019998,2025-08-02,2160,28
PO0019999,2025-08-02,600,5
PO0020000,2025-08-02,1884,15
PO0020004,2025-08-02,576,3
PO0020010,2025-08-02,1272,14
PO0020013,2025-08-02,3168,62
PO0020019,2025-08-02,5712,95
PO0020027,2025-08-02,3534,29
PO0020029,2025-08-02,4056,50
PO0020032,2025-08-02,1800,21
PO0020034,2025-08-02,912,13
PO0020036,2025-08-02,192,2
PO0019898,2025-08-03,864,10
PO0019928,2025-08-03,2880,19
PO0019929,2025-08-03,2574,71
PO0019957,2025-08-03,750,34
PO0019970,2025-08-03,1716,21
PO0019971,2025-08-03,312,1
PO0019972,2025-08-03,630,4
PO0019983,2025-08-03,2736,36
PO0019989,2025-08-03,432,10
PO0019990,2025-08-03,132,3
PO0019991,2025-08-03,1152,33
PO0020001,2025-08-03,954,7
PO0020005,2025-08-03,96,0
PO0020006,2025-08-03,120,1
PO0020014,2025-08-03,384,5
PO0020016,2025-08-03,288,7
PO0020018,2025-08-03,2556,44
PO0020021,2025-08-03,1008,21
PO0020026,2025-08-03,252,2
PO0020031,2025-08-03,399,4
PO0020033,2025-08-03,288,7
PO0020048,2025-08-03,1212,9
PO0020054,2025-08-03,1440,16
PO0020059,2025-08-03,336,0
PO0019917,2025-08-04,568,6
PO0019918,2025-08-04,72,0
PO0019926,2025-08-04,1596,27
PO0019941,2025-08-04,1872,17
PO0019949,2025-08-04,1392,5
PO0019964,2025-08-04,216,1
PO0019974,2025-08-04,336,5
PO0019985,2025-08-04,864,4
PO0020015,2025-08-04,2158,20
PO0020020,2025-08-04,852,11
PO0020035,2025-08-04,480,4
PO0020038,2025-08-04,1008,6
PO0020042,2025-08-04,1518,36
PO0020044,2025-08-04,1152,13
PO0020053,2025-08-04,2064,100
PO0020064,2025-08-04,1608,11
PO0020069,2025-08-04,348,3
PO0020080,2025-08-04,240,1
PO0020117,2025-08-04,768,4
PO0019909,2025-08-05,528,32
PO0019913,2025-08-05,432,4
PO0019917,2025-08-05,568,7
PO0019937,2025-08-05,912,8
PO0019942,2025-08-05,336,4
PO0019959,2025-08-05,528,4
PO0019981,2025-08-05,261,6
PO0019992,2025-08-05,348,6
PO0020012,2025-08-05,360,8
PO0020022,2025-08-05,432,7
PO0020026,2025-08-05,252,1
PO0020040,2025-08-05,1218,16
PO0020045,2025-08-05,544,2
PO0020047,2025-08-05,1406,22
PO0020051,2025-08-05,3600,15
PO0020052,2025-08-05,864,6
PO0020055,2025-08-05,474,6
PO0020062,2025-08-05,1776,12
PO0020063,2025-08-05,1104,18
PO0020067,2025-08-05,2088,28
PO0020070,2025-08-05,1068,20
PO0020077,2025-08-05,1728,32
PO0020083,2025-08-05,762,4
PO0020086,2025-08-05,2160,26
PO0020108,2025-08-05,192,1
PO0019664,2025-08-06,5520,59
PO0019771,2025-08-06,816,49
PO0019843,2025-08-06,1710,24
PO0019851,2025-08-06,3360,147
PO0019902,2025-08-06,1368,9
PO0019944,2025-08-06,1116,20
PO0019964,2025-08-06,216,2
PO0019978,2025-08-06,1791,19
PO0019997,2025-08-06,984,12
PO0020002,2025-08-06,2352,13
PO0020006,2025-08-06,120,0
PO0020008,2025-08-06,54,0
PO0020012,2025-08-06,360,16
PO0020043,2025-08-06,1620,25
PO0020049,2025-08-06,384,4
PO0020050,2025-08-06,528,10
PO0020060,2025-08-06,396,0
PO0020071,2025-08-06,2292,12
PO0020075,2025-08-06,1776,46
PO0020076,2025-08-06,768,8
PO0020079,2025-08-06,342,2
PO0020087,2025-08-06,2688,9
PO0020092,2025-08-06,114,1
PO0020099,2025-08-06,384,3
PO0020103,2025-08-06,768,6
PO0020105,2025-08-06,678,6
PO0020111,2025-08-06,960,16
PO0020132,2025-08-06,927,4
PO0020134,2025-08-06,5280,48
PO0019869,2025-08-07,6108,35
PO0019976,2025-08-07,150,0
PO0020022,2025-08-07,432,6
PO0020023,2025-08-07,336,0
PO0020024,2025-08-07,336,2
PO0020037,2025-08-07,492,10
PO0020050,2025-08-07,528,13
PO0020057,2025-08-07,384,5
PO0020058,2025-08-07,1824,21
PO0020065,2025-08-07,2784,45
PO0020066,2025-08-07,267,2
PO0020068,2025-08-07,2016,14
PO0020072,2025-08-07,709,14
PO0020081,2025-08-07,330,5
PO0020082,2025-08-07,1104,9
PO0020085,2025-08-07,288,5
PO0020089,2025-08-07,432,1
PO0020095,2025-08-07,864,9
PO0020100,2025-08-07,816,19
PO0020101,2025-08-07,1824,14
PO0020107,2025-08-07,1752,31
PO0020109,2025-08-07,1008,5
PO0020112,2025-08-07,606,7
PO0020113,2025-08-07,972,4
PO0020114,2025-08-07,480,10
PO0020116,2025-08-07,1104,17
PO0020118,2025-08-07,1896,14
PO0020122,2025-08-07,315,7
PO0020126,2025-08-07,6912,28
PO0020128,2025-08-07,1068,10
PO0020129,2025-08-07,1296,28
PO0020140,2025-08-07,432,4
PO0020141,2025-08-07,3060,26
PO0020144,2025-08-07,1440,34
PO0020148,2025-08-07,876,17
PO0020149,2025-08-07,168,3
PO0020150,2025-08-07,324,2
PO0020153,2025-08-07,696,7
PO0020167,2025-08-07,648,1
PO0019759,2025-08-08,822,6
PO0019791,2025-08-08,3216,12
PO0019878,2025-08-08,1182,13
PO0019949,2025-08-08,1392,11
PO0019961,2025-08-08,204,0
PO0019997,2025-08-08,984,9
PO0020008,2025-08-08,54,2
PO0020040,2025-08-08,1218,17
PO0020049,2025-08-08,384,8
PO0020073,2025-08-08,1200,4
PO0020078,2025-08-08,120,3
PO0020088,2025-08-08,840,35
PO0020091,2025-08-08,2838,30
PO0020092,2025-08-08,114,1
PO0020094,2025-08-08,2232,23
PO0020110,2025-08-08,3072,67
PO0020120,2025-08-08,2136,3
PO0020122,2025-08-08,315,5
PO0020123,2025-08-08,1560,7
PO0020124,2025-08-08,252,4
PO0020125,2025-08-08,240,2
PO0020127,2025-08-08,1428,11
PO0020130,2025-08-08,2448,99
PO0020136,2025-08-08,1308,13
PO0020145,2025-08-08,474,10
PO0020146,2025-08-08,156,2
PO0020151,2025-08-08,708,2
PO0020162,2025-08-08,1025,10
PO0020165,2025-08-08,240,3
PO0020168,2025-08-08,2340,13
PO0020170,2025-08-08,480,1
PO0020182,2025-08-08,648,4
PO0019942,2025-08-09,336,2
PO0020074,2025-08-09,1032,24
PO0020088,2025-08-09,840,38
PO0020124,2025-08-09,252,6
PO0020133,2025-08-09,876,7
PO0020135,2025-08-09,564,2
PO0020138,2025-08-09,360,9
PO0020147,2025-08-09,1530,8
PO0020149,2025-08-09,168,1
PO0020152,2025-08-09,1254,18
PO0020154,2025-08-09,342,6
PO0020163,2025-08-09,432,4
PO0020164,2025-08-09,120,0
PO0020172,2025-08-09,312,3
PO0020173,2025-08-09,744,15
PO0020174,2025-08-09,576,9
PO0019771,2025-08-10,816,38
PO0019963,2025-08-10,1992,22
PO0020078,2025-08-10,120,4
PO0020096,2025-08-10,1302,21
PO0020098,2025-08-10,2688,39
PO0020139,2025-08-10,282,0
PO0020153,2025-08-10,696,9
PO0020157,2025-08-10,1242,15
PO0020166,2025-08-10,504,2
PO0020169,2025-08-10,336,4
PO0020176,2025-08-10,1349,15
PO0020180,2025-08-10,2112,31
PO0020181,2025-08-10,1440,12
PO0020188,2025-08-10,219,2
PO0020190,2025-08-10,1539,10
PO0020199,2025-08-10,345,0
PO0020206,2025-08-10,960,8
PO0020209,2025-08-10,1416,5
PO0020213,2025-08-10,312,2
PO0019980,2025-08-11,240,2
PO0020084,2025-08-11,1584,32
PO0020104,2025-08-11,2706,24
PO0020156,2025-08-11,2274,11
PO0020161,2025-08-11,96,2
PO0020177,2025-08-11,240,3
PO0020197,2025-08-11,210,2
PO0020201,2025-08-11,828,7
PO0020211,2025-08-11,1104,20
PO0020232,2025-08-11,3850,71
PO0020238,2025-08-11,840,3
PO0020242,2025-08-11,648,17
PO0020074,2025-08-12,1032,15
PO0020106,2025-08-12,1104,9
PO0020139,2025-08-12,282,3
PO0020143,2025-08-12,138,1
PO0020158,2025-08-12,1829,18
PO0020160,2025-08-12,1392,10
PO0020171,2025-08-12,360,7
PO0020176,2025-08-12,1350,18
PO0020185,2025-08-12,4668,32
PO0020186,2025-08-12,233,4
PO0020189,2025-08-12,1848,25
PO0020192,2025-08-12,1338,13
PO0020194,2025-08-12,672,11
PO0020201,2025-08-12,828,2
PO0020210,2025-08-12,552,32
PO0020212,2025-08-12,312,1
PO0020215,2025-08-12,780,13
PO0020217,2025-08-12,786,1
PO0020221,2025-08-12,4464,30
PO0020225,2025-08-12,612,5
PO0020226,2025-08-12,1644,18
PO0020228,2025-08-12,2690,32
PO0020229,2025-08-12,528,11
PO0020231,2025-08-12,3216,32
PO0020233,2025-08-12,468,6
PO0020234,2025-08-12,315,5
PO0020235,2025-08-12,516,2
PO0020236,2025-08-12,1200,15
PO0020241,2025-08-12,936,3
PO0020294,2025-08-12,240,2
PO0020007,2025-08-13,288,8
PO0020039,2025-08-13,3696,55
PO0020046,2025-08-13,90,0
PO0020093,2025-08-13,5160,48
PO0020102,2025-08-13,1044,10
PO0020115,2025-08-13,2688,36
PO0020173,2025-08-13,744,11
PO0020178,2025-08-13,660,5
PO0020184,2025-08-13,612,3
PO0020195,2025-08-13,648,0
PO0020199,2025-08-13,345,0
PO0020202,2025-08-13,624,4
PO0020205,2025-08-13,192,1
PO0020219,2025-08-13,2400,21
PO0020220,2025-08-13,1602,8
PO0020224,2025-08-13,4812,20
PO0020230,2025-08-13,477,0
PO0020239,2025-08-13,732,14
PO0020240,2025-08-13,1872,10
PO0020253,2025-08-13,468,3
PO0020255,2025-08-13,2496,34
PO0020257,2025-08-13,528,3
PO0020259,2025-08-13,257,3
PO0020266,2025-08-13,396,1
PO0020281,2025-08-13,2616,10
PO0020286,2025-08-13,1032,8
PO0020292,2025-08-13,168,0
PO0020041,2025-08-14,2970,14
PO0020090,2025-08-14,1080,4
PO0020097,2025-08-14,768,22
PO0020121,2025-08-14,5856,112
PO0020179,2025-08-14,3216,79
PO0020188,2025-08-14,219,1
PO0020198,2025-08-14,1728,26
PO0020208,2025-08-14,3648,36
PO0020214,2025-08-14,336,1
PO0020222,2025-08-14,1176,50
PO0020244,2025-08-14,1104,31
PO0020245,2025-08-14,1920,22
PO0020248,2025-08-14,4044,51
PO0020249,2025-08-14,2064,30
PO0020252,2025-08-14,2976,147
PO0020256,2025-08-14,252,2
PO0020258,2025-08-14,960,34
PO0020260,2025-08-14,384,6
PO0020261,2025-08-14,768,4
PO0020264,2025-08-14,864,16
PO0020265,2025-08-14,1680,13
PO0020267,2025-08-14,2400,22
PO0020269,2025-08-14,756,4
PO0020270,2025-08-14,2346,38
PO0020271,2025-08-14,840,11
PO0020273,2025-08-14,288,9
PO0020274,2025-08-14,2352,15
PO0020277,2025-08-14,408,2
PO0020287,2025-08-14,450,17
PO0020288,2025-08-14,1512,22
PO0020289,2025-08-14,5700,125
PO0020298,2025-08-14,1500,36
PO0020301,2025-08-14,648,3
PO0020303,2025-08-14,3024,45
PO0020314,2025-08-14,2436,25
PO0020316,2025-08-14,405,9
PO0020324,2025-08-14,480,9
PO0020342,2025-08-14,612,10
PO0020056,2025-08-15,456,2
PO0020061,2025-08-15,384,3
PO0020119,2025-08-15,2136,17
PO0020131,2025-08-15,1188,64
PO0020137,2025-08-15,82,1
PO0020175,2025-08-15,309,1
PO0020184,2025-08-15,612,6
PO0020187,2025-08-15,1440,18
PO0020200,2025-08-15,594,2
PO0020207,2025-08-15,720,21
PO0020216,2025-08-15,240,4
PO0020227,2025-08-15,168,1
PO0020234,2025-08-15,315,3
PO0020250,2025-08-15,432,7
PO0020254,2025-08-15,144,1
PO0020262,2025-08-15,1104,6
PO0020268,2025-08-15,780,2
PO0020272,2025-08-15,3234,26
PO0020275,2025-08-15,5334,68
PO0020278,2025-08-15,1500,20
PO0020291,2025-08-15,1260,7
PO0020300,2025-08-15,867,8
PO0020302,2025-08-15,672,12
PO0020304,2025-08-15,204,0
PO0020316,2025-08-15,405,10
PO0020321,2025-08-15,408,14
PO0020326,2025-08-15,314,4
PO0020046,2025-08-16,90,1
PO0020119,2025-08-16,2136,19
PO0020216,2025-08-16,240,2
PO0020230,2025-08-16,477,0
PO0020246,2025-08-16,2388,49
PO0020279,2025-08-16,684,10
PO0020296,2025-08-16,2208,20
PO0020297,2025-08-16,420,2
PO0020300,2025-08-16,868,11
PO0020304,2025-08-16,204,2
PO0020309,2025-08-16,1926,25
PO0020312,2025-08-16,600,5
PO0020319,2025-08-16,1896,44
PO0020323,2025-08-16,624,5
PO0020329,2025-08-16,304,2
PO0020332,2025-08-16,4752,56
PO0020333,2025-08-16,6078,53
PO0020343,2025-08-16,492,3
PO0020345,2025-08-16,1008,12
PO0020361,2025-08-16,243,5
PO0020061,2025-08-17,384,5
PO0020183,2025-08-17,408,9
PO0020243,2025-08-17,696,3
PO0020251,2025-08-17,4344,57
PO0020281,2025-08-17,2616,15
PO0020282,2025-08-17,3384,20
PO0020284,2025-08-17,873,8
PO0020285,2025-08-17,1848,39
PO0020286,2025-08-17,1032,1
PO0020290,2025-08-17,720,2
PO0020308,2025-08-17,1026,9
PO0020309,2025-08-17,1926,31
PO0020311,2025-08-17,624,11
PO0020317,2025-08-17,912,8
PO0020325,2025-08-17,1680,29
PO0020327,2025-08-17,2736,15
PO0020336,2025-08-17,660,12
PO0020337,2025-08-17,504,7
PO0020338,2025-08-17,144,1
PO0020344,2025-08-17,864,6
PO0020347,2025-08-17,318,1
PO0020361,2025-08-17,243,2
PO0020025,2025-08-18,264,2
PO0020183,2025-08-18,408,9
PO0020227,2025-08-18,168,0
PO0020271,2025-08-18,840,9
PO0020293,2025-08-18,1200,11
PO0020306,2025-08-18,816,49
PO0020313,2025-08-18,336,3
PO0020315,2025-08-18,336,8
PO0020328,2025-08-18,1128,4
PO0020330,2025-08-18,432,4
PO0020334,2025-08-18,2952,50
PO0020339,2025-08-18,516,20
PO0020340,2025-08-18,384,6
PO0020341,2025-08-18,420,7
PO0020346,2025-08-18,480,0
PO0020350,2025-08-18,336,3
PO0020355,2025-08-18,1188,28
PO0020368,2025-08-18,972,20
PO0020380,2025-08-18,720,7
PO0020025,2025-08-19,264,1
PO0020137,2025-08-19,82,1
PO0020142,2025-08-19,2928,147
PO0020159,2025-08-19,714,39
PO0020175,2025-08-19,309,1
PO0020203,2025-08-19,834,11
PO0020218,2025-08-19,1632,27
PO0020276,2025-08-19,1176,34
PO0020307,2025-08-19,216,3
PO0020322,2025-08-19,456,0
PO0020329,2025-08-19,304,2
PO0020335,2025-08-19,1704,14
PO0020348,2025-08-19,1440,8
PO0020352,2025-08-19,420,2
PO0020358,2025-08-19,864,9
PO0020364,2025-08-19,1872,35
PO0020367,2025-08-19,291,2
PO0020383,2025-08-19,234,2
PO0020389,2025-08-19,3264,21
PO0020392,2025-08-19,3816,46
PO0020393,2025-08-19,204,3
PO0020396,2025-08-19,216,2
PO0020401,2025-08-19,516,10
PO0020412,2025-08-19,2028,9
PO0020427,2025-08-19,636,6
PO0020428,2025-08-19,1056,3
PO0020449,2025-08-19,612,3
PO0020247,2025-08-20,215,4
PO0020318,2025-08-20,2352,15
PO0020349,2025-08-20,192,2
PO0020359,2025-08-20,1848,17
PO0020365,2025-08-20,720,19
PO0020367,2025-08-20,291,3
PO0020369,2025-08-20,2724,31
PO0020374,2025-08-20,2304,35
PO0020375,2025-08-20,1440,8
PO0020379,2025-08-20,504,9
PO0020399,2025-08-20,288,6
PO0020400,2025-08-20,414,3
PO0020404,2025-08-20,360,1
PO0020408,2025-08-20,528,2
PO0020410,2025-08-20,384,1
PO0020416,2025-08-20,3918,35
PO0020420,2025-08-20,672,9
PO0020432,2025-08-20,492,4
PO0020450,2025-08-20,4176,78
PO0019921,2025-08-21,1002,14
PO0020191,2025-08-21,192,8
PO0020193,2025-08-21,192,1
PO0020196,2025-08-21,864,8
PO0020223,2025-08-21,2832,29
PO0020331,2025-08-21,612,2
PO0020339,2025-08-21,516,30
PO0020351,2025-08-21,4560,103
PO0020363,2025-08-21,1056,48
PO0020366,2025-08-21,3396,38
PO0020370,2025-08-21,2958,48
PO0020376,2025-08-21,1536,9
PO0020387,2025-08-21,648,3
PO0020394,2025-08-21,288,6
PO0020398,2025-08-21,960,10
PO0020407,2025-08-21,774,5
PO0020411,2025-08-21,732,13
PO0020413,2025-08-21,528,3
PO0020423,2025-08-21,576,1
PO0020426,2025-08-21,894,16
PO0020429,2025-08-21,984,2
PO0020434,2025-08-21,516,6
PO0020438,2025-08-21,1230,23
PO0020439,2025-08-21,540,4
PO0020445,2025-08-21,2736,18
PO0020452,2025-08-21,3240,10
PO0020465,2025-08-21,264,3
PO0020467,2025-08-21,1818,16
PO0020469,2025-08-21,1068,15
PO0020477,2025-08-21,540,3
PO0020204,2025-08-22,192,6
PO0020362,2025-08-22,288,6
PO0020369,2025-08-22,2724,30
PO0020373,2025-08-22,444,1
PO0020386,2025-08-22,576,11
PO0020418,2025-08-22,612,11
PO0020419,2025-08-22,744,9
PO0020425,2025-08-22,1080,5
PO0020441,2025-08-22,1152,12
PO0020447,2025-08-22,2160,26
PO0020463,2025-08-22,336,6
PO0020465,2025-08-22,264,1
PO0020471,2025-08-22,360,0
PO0020472,2025-08-22,2064,52
PO0020476,2025-08-22,768,6
PO0020479,2025-08-22,2880,30
PO0020481,2025-08-22,564,8
PO0020489,2025-08-22,3222,40
PO0020280,2025-08-23,3888,174
PO0020283,2025-08-23,192,0
PO0020357,2025-08-23,1008,10
PO0020371,2025-08-23,438,6
PO0020372,2025-08-23,408,3
PO0020383,2025-08-23,234,0
PO0020384,2025-08-23,576,4
PO0020388,2025-08-23,1956,29
PO0020406,2025-08-23,180,1
PO0020414,2025-08-23,1620,18
PO0020421,2025-08-23,144,0
PO0020422,2025-08-23,1236,15
PO0020433,2025-08-23,2880,58
PO0020436,2025-08-23,2928,32
PO0020437,2025-08-23,1662,13
PO0020438,2025-08-23,1230,22
PO0020440,2025-08-23,276,3
PO0020444,2025-08-23,2298,37
PO0020446,2025-08-23,1026,3
PO0020456,2025-08-23,1288,13
PO0020457,2025-08-23,762,8
PO0020460,2025-08-23,669,3
PO0020462,2025-08-23,756,10
PO0020464,2025-08-23,4032,65
PO0020480,2025-08-23,198,1
PO0020492,2025-08-23,2448,29
PO0020493,2025-08-23,1110,6
PO0020496,2025-08-23,600,3
PO0020237,2025-08-24,408,6
PO0020263,2025-08-24,912,45
PO0020305,2025-08-24,1968,97
PO0020360,2025-08-24,432,7
PO0020366,2025-08-24,3396,36
PO0020378,2025-08-24,348,1
PO0020385,2025-08-24,240,2
PO0020400,2025-08-24,414,3
PO0020402,2025-08-24,2052,22
PO0020409,2025-08-24,792,12
PO0020413,2025-08-24,528,3
PO0020419,2025-08-24,744,10
PO0020435,2025-08-24,1344,3
PO0020440,2025-08-24,276,5
PO0020446,2025-08-24,1026,7
PO0020454,2025-08-24,1488,27
PO0020468,2025-08-24,2208,19
PO0020473,2025-08-24,312,4
PO0020478,2025-08-24,402,4
PO0020482,2025-08-24,3384,78
PO0020483,2025-08-24,360,1
PO0020495,2025-08-24,228,6
PO0020497,2025-08-24,300,3
PO0020509,2025-08-24,720,19
PO0020523,2025-08-24,468,6
PO0020295,2025-08-25,816,11
PO0020320,2025-08-25,828,46
PO0020354,2025-08-25,2556,44
PO0020377,2025-08-25,216,4
PO0020390,2025-08-25,1200,30
PO0020397,2025-08-25,348,6
PO0020417,2025-08-25,1128,25
PO0020424,2025-08-25,528,3
PO0020430,2025-08-25,1632,42
PO0020453,2025-08-25,2832,51
PO0020455,2025-08-25,816,13
PO0020461,2025-08-25,2316,33
PO0020466,2025-08-25,384,3
PO0020467,2025-08-25,1818,26
PO0020468,2025-08-25,2208,20
PO0020478,2025-08-25,402,10
PO0020484,2025-08-25,1236,20
PO0020486,2025-08-25,1272,19
PO0020488,2025-08-25,1074,12
PO0020491,2025-08-25,1290,2
PO0020500,2025-08-25,624,11
PO0020503,2025-08-25,1536,33
PO0020505,2025-08-25,360,2
PO0020508,2025-08-25,1836,28
PO0020512,2025-08-25,4704,42
PO0020515,2025-08-25,768,5
PO0020518,2025-08-25,132,0
PO0020527,2025-08-25,2304,51
PO0020536,2025-08-25,2100,25
PO0020545,2025-08-25,264,11
PO0020582,2025-08-25,672,5
PO0020155,2025-08-26,432,3
PO0020299,2025-08-26,366,1
PO0020372,2025-08-26,408,5
PO0020373,2025-08-26,444,1
PO0020395,2025-08-26,830,9
PO0020403,2025-08-26,462,4
PO0020460,2025-08-26,669,4
PO0020470,2025-08-26,888,7
PO0020473,2025-08-26,312,5
PO0020475,2025-08-26,816,26
PO0020487,2025-08-26,792,9
PO0020488,2025-08-26,1074,15
PO0020499,2025-08-26,1536,24
PO0020504,2025-08-26,1608,7
PO0020510,2025-08-26,816,8
PO0020514,2025-08-26,708,7
PO0020520,2025-08-26,612,3
PO0020523,2025-08-26,468,6
PO0020525,2025-08-26,684,9
PO0020529,2025-08-26,576,14
PO0020545,2025-08-26,264,13
PO0020546,2025-08-26,1560,41
PO0020548,2025-08-26,1008,25
PO0020551,2025-08-26,192,1
PO0020552,2025-08-26,1308,15
PO0020554,2025-08-26,240,0
PO0020557,2025-08-26,3792,90
PO0020559,2025-08-26,1368,21
PO0020564,2025-08-26,3648,157
PO0020567,2025-08-26,630,4
PO0020571,2025-08-26,972,12
PO0020584,2025-08-26,3096,25
PO0020356,2025-08-27,1740,21
PO0020371,2025-08-27,438,5
PO0020431,2025-08-27,4944,65
PO0020443,2025-08-27,4704,50
PO0020490,2025-08-27,7572,173
PO0020501,2025-08-27,840,2
PO0020502,2025-08-27,2856,24
PO0020506,2025-08-27,3978,44
PO0020507,2025-08-27,193,2
PO0020511,2025-08-27,384,6
PO0020517,2025-08-27,480,23
PO0020521,2025-08-27,696,4
PO0020524,2025-08-27,2460,51
PO0020526,2025-08-27,960,11
PO0020528,2025-08-27,240,3
PO0020531,2025-08-27,1062,3
PO0020539,2025-08-27,528,8
PO0020541,2025-08-27,2916,50
PO0020542,2025-08-27,768,20
PO0020549,2025-08-27,864,11
PO0020553,2025-08-27,1890,36
PO0020555,2025-08-27,576,4
PO0020556,2025-08-27,864,8
PO0020563,2025-08-27,4990,46
PO0020570,2025-08-27,612,1
PO0020573,2025-08-27,1128,13
PO0020575,2025-08-27,696,5
PO0020579,2025-08-27,684,8
PO0020586,2025-08-27,624,8
PO0020587,2025-08-27,480,7
PO0020589,2025-08-27,2112,112
PO0020599,2025-08-27,564,6
PO0020605,2025-08-27,444,8
PO0020611,2025-08-27,720,4
PO0020614,2025-08-27,96,1
PO0020381,2025-08-28,2688,18
PO0020397,2025-08-28,348,9
PO0020448,2025-08-28,1872,14
PO0020458,2025-08-28,552,1
PO0020495,2025-08-28,228,2
PO0020498,2025-08-28,336,2
PO0020528,2025-08-28,240,2
PO0020537,2025-08-28,552,1
PO0020543,2025-08-28,708,12
PO0020544,2025-08-28,1116,20
PO0020550,2025-08-28,434,5
PO0020561,2025-08-28,1368,18
PO0020562,2025-08-28,1152,20
PO0020568,2025-08-28,1512,34
PO0020577,2025-08-28,1668,5
PO0020578,2025-08-28,2220,20
PO0020581,2025-08-28,192,3
PO0020583,2025-08-28,2472,21
PO0020585,2025-08-28,1344,42
PO0020595,2025-08-28,1956,26
PO0020600,2025-08-28,384,5
PO0020603,2025-08-28,1194,22
PO0020606,2025-08-28,1560,20
PO0020617,2025-08-28,1728,17
PO0020628,2025-08-28,2328,19
PO0020670,2025-08-28,396,3
PO0020442,2025-08-29,732,9
PO0020474,2025-08-29,444,12
PO0020507,2025-08-29,194,5
PO0020520,2025-08-29,612,8
PO0020532,2025-08-29,2172,38
PO0020534,2025-08-29,4800,18
PO0020569,2025-08-29,912,3
PO0020572,2025-08-29,1008,10
PO0020576,2025-08-29,756,32
PO0020580,2025-08-29,384,2
PO0020593,2025-08-29,615,3
PO0020596,2025-08-29,468,1
PO0020598,2025-08-29,2040,12
PO0020609,2025-08-29,2184,10
PO0020612,2025-08-29,456,1
PO0020615,2025-08-29,1176,24
PO0020620,2025-08-29,2688,21
PO0020624,2025-08-29,1944,30
PO0020625,2025-08-29,3324,31
PO0020626,2025-08-29,120,1
PO0020629,2025-08-29,240,2
PO0020635,2025-08-29,1008,28
PO0020636,2025-08-29,1008,7
PO0020637,2025-08-29,1044,2
PO0020639,2025-08-29,3360,47
PO0020641,2025-08-29,2880,37
PO0020647,2025-08-29,2088,42
PO0020155,2025-08-30,432,1
PO0020310,2025-08-30,1344,27
PO0020353,2025-08-30,1320,15
PO0020382,2025-08-30,1872,18
PO0020405,2025-08-30,588,11
PO0020451,2025-08-30,2208,33
PO0020485,2025-08-30,1488,18
PO0020516,2025-08-30,3120,155
PO0020519,2025-08-30,2688,41
PO0020540,2025-08-30,3348,21
PO0020547,2025-08-30,2844,66
PO0020552,2025-08-30,1308,18
PO0020590,2025-08-30,264,1
PO0020594,2025-08-30,3504,13
PO0020596,2025-08-30,468,1
PO0020601,2025-08-30,762,3
PO0020610,2025-08-30,720,11
PO0020613,2025-08-30,468,2
PO0020619,2025-08-30,426,3
PO0020631,2025-08-30,1056,10
PO0020633,2025-08-30,468,3
PO0020634,2025-08-30,840,18
PO0020638,2025-08-30,594,7
PO0020646,2025-08-30,360,5
PO0020649,2025-08-30,1596,28
PO0020655,2025-08-30,240,5
PO0020656,2025-08-30,912,23
PO0020663,2025-08-30,2712,26
PO0020513,2025-08-31,1608,33
PO0020530,2025-08-31,666,17
PO0020535,2025-08-31,804,22
PO0020538,2025-08-31,5280,37
PO0020547,2025-08-31,2844,69
PO0020558,2025-08-31,102,2
PO0020560,2025-08-31,3062,30
PO0020565,2025-08-31,1134,29
PO0020566,2025-08-31,4164,47
PO0020590,2025-08-31,264,3
PO0020604,2025-08-31,4140,22
PO0020612,2025-08-31,456,4
PO0020626,2025-08-31,120,0
PO0020627,2025-08-31,807,13
PO0020640,2025-08-31,696,9
PO0020643,2025-08-31,696,16
PO0020644,2025-08-31,816,14
PO0020645,2025-08-31,336,4
PO0020648,2025-08-31,3384,19
PO0020650,2025-08-31,1032,20
PO0020653,2025-08-31,1476,71
PO0020659,2025-08-31,96,0
PO0020661,2025-08-31,192,2
PO0020662,2025-08-31,840,11
PO0020667,2025-08-31,3360,25
PO0020668,2025-08-31,228,7
PO0020681,2025-08-31,210,3
PO0020686,2025-08-31,1536,61
PO0020693,2025-08-31,88,1
PO0020459,2025-09-01,1008,13
PO0020494,2025-09-01,336,4
PO0020591,2025-09-01,6816,49
PO0020621,2025-09-01,2970,10
PO0020622,2025-09-01,804,7
PO0020630,2025-09-01,1056,13
PO0020632,2025-09-01,492,4
PO0020651,2025-09-01,1440,22
PO0020664,2025-09-01,1200,7
PO0020665,2025-09-01,2292,51
PO0020666,2025-09-01,288,1
PO0020671,2025-09-01,1092,5
PO0020672,2025-09-01,144,2
PO0020673,2025-09-01,4512,41
PO0020675,2025-09-01,4992,67
PO0020680,2025-09-01,516,3
PO0020683,2025-09-01,2328,26
PO0020689,2025-09-01,264,5
PO0020692,2025-09-01,2448,9
PO0020704,2025-09-01,264,3
PO0020714,2025-09-01,390,10
PO0020727,2025-09-01,2124,30
PO0020764,2025-09-01,528,14
PO0020415,2025-09-02,240,5
PO0020565,2025-09-02,1134,17
PO0020593,2025-09-02,615,4
PO0020602,2025-09-02,1596,11
PO0020616,2025-09-02,2700,24
PO0020623,2025-09-02,720,30
PO0020642,2025-09-02,342,3
PO0020652,2025-09-02,984,10
PO0020654,2025-09-02,408,7
PO0020655,2025-09-02,240,9
PO0020660,2025-09-02,1056,24
PO0020677,2025-09-02,228,2
PO0020681,2025-09-02,210,1
PO0020682,2025-09-02,624,12
PO0020685,2025-09-02,2304,21
PO0020690,2025-09-02,1374,2
PO0020697,2025-09-02,840,9
PO0020718,2025-09-02,2400,14
PO0020724,2025-09-02,828,2
PO0020725,2025-09-02,954,10
PO0020730,2025-09-02,1030,5
PO0020742,2025-09-02,864,1
PO0020760,2025-09-02,816,12
PO0020761,2025-09-02,1242,16
PO0020494,2025-09-03,336,3
PO0020574,2025-09-03,4554,52
PO0020597,2025-09-03,1056,7
PO0020608,2025-09-03,819,11
PO0020619,2025-09-03,426,2
PO0020627,2025-09-03,807,14
PO0020659,2025-09-03,96,1
PO0020687,2025-09-03,1776,21
PO0020688,2025-09-03,1584,9
PO0020691,2025-09-03,267,1
PO0020692,2025-09-03,2448,6
PO0020694,2025-09-03,936,3
PO0020695,2025-09-03,624,8
PO0020702,2025-09-03,504,3
PO0020713,2025-09-03,79,0
PO0020714,2025-09-03,390,4
PO0020717,2025-09-03,3984,28
PO0020722,2025-09-03,540,3
PO0020735,2025-09-03,1440,67
PO0020736,2025-09-03,996,38
PO0020741,2025-09-03,246,3
PO0020750,2025-09-03,418,1
PO0020754,2025-09-03,240,3
PO0020763,2025-09-03,828,2
PO0020769,2025-09-03,192,4
PO0020772,2025-09-03,672,12
PO0020783,2025-09-03,2544,15
PO0020803,2025-09-03,1488,38
PO0020805,2025-09-03,984,16
PO0020607,2025-09-04,511,8
PO0020618,2025-09-04,1440,13
PO0020657,2025-09-04,228,3
PO0020669,2025-09-04,144,0
PO0020676,2025-09-04,3744,47
PO0020678,2025-09-04,2544,50
PO0020684,2025-09-04,2394,52
PO0020698,2025-09-04,480,4
PO0020699,2025-09-04,1488,40
PO0020708,2025-09-04,6000,63
PO0020712,2025-09-04,360,2
PO0020713,2025-09-04,80,1
PO0020715,2025-09-04,834,1
PO0020719,2025-09-04,1296,11
PO0020720,2025-09-04,336,0
PO0020721,2025-09-04,138,2
PO0020732,2025-09-04,2340,22
PO0020733,2025-09-04,1314,27
PO0020734,2025-09-04,1380,2
PO0020737,2025-09-04,228,1
PO0020741,2025-09-04,246,1
PO0020743,2025-09-04,1032,21
PO0020746,2025-09-04,2448,27
PO0020748,2025-09-04,816,2
PO0020753,2025-09-04,240,4
PO0020757,2025-09-04,768,16
PO0020758,2025-09-04,864,13
PO0020774,2025-09-04,240,5
PO0020778,2025-09-04,960,9
PO0020787,2025-09-04,1116,4
PO0020797,2025-09-04,1008,23
PO0020809,2025-09-04,3360,13
PO0020810,2025-09-04,432,6
PO0020811,2025-09-04,1632,17
PO0020825,2025-09-04,1080,16
PO0020658,2025-09-05,2352,117
PO0020679,2025-09-05,5376,53
PO0020699,2025-09-05,1488,32
PO0020700,2025-09-05,468,0
PO0020701,2025-09-05,1056,13
PO0020704,2025-09-05,264,1
PO0020731,2025-09-05,856,10
PO0020740,2025-09-05,684,32
PO0020745,2025-09-05,2328,31
PO0020749,2025-09-05,354,3
PO0020756,2025-09-05,186,1
PO0020763,2025-09-05,828,4
PO0020764,2025-09-05,528,9
PO0020770,2025-09-05,1032,16
PO0020771,2025-09-05,720,15
PO0020773,2025-09-05,1188,18
PO0020775,2025-09-05,1459,8
PO0020779,2025-09-05,1380,17
PO0020786,2025-09-05,324,1
PO0020789,2025-09-05,1836,15
PO0020791,2025-09-05,1380,5
PO0020801,2025-09-05,576,6
PO0020802,2025-09-05,774,3
PO0020804,2025-09-05,372,3
PO0020813,2025-09-05,1152,59
PO0020820,2025-09-05,780,4
PO0020826,2025-09-05,816,15
PO0020828,2025-09-05,864,11
PO0020833,2025-09-05,162,5
PO0020837,2025-09-05,2424,34
PO0020845,2025-09-05,204,2
PO0020846,2025-09-05,738,13
PO0020854,2025-09-05,1500,18
PO0020522,2025-09-06,792,7
PO0020533,2025-09-06,1008,14
PO0020588,2025-09-06,522,4
PO0020592,2025-09-06,960,5
PO0020660,2025-09-06,1056,19
PO0020674,2025-09-06,792,14
PO0020677,2025-09-06,228,3
PO0020682,2025-09-06,624,16
PO0020697,2025-09-06,840,14
PO0020703,2025-09-06,2557,13
PO0020709,2025-09-06,1134,17
PO0020711,2025-09-06,648,36
PO0020716,2025-09-06,1356,10
PO0020744,2025-09-06,1176,12
PO0020752,2025-09-06,2848,47
PO0020765,2025-09-06,232,7
PO0020767,2025-09-06,798,4
PO0020768,2025-09-06,1896,14
PO0020780,2025-09-06,5424,91
PO0020782,2025-09-06,2016,98
PO0020784,2025-09-06,504,0
PO0020785,2025-09-06,288,4
PO0020786,2025-09-06,324,1
PO0020792,2025-09-06,3498,30
PO0020794,2025-09-06,3552,18
PO0020799,2025-09-06,1425,14
PO0020800,2025-09-06,255,3
PO0020801,2025-09-06,576,8
PO0020808,2025-09-06,576,14
PO0020814,2025-09-06,2412,6
PO0020815,2025-09-06,2256,35
PO0020818,2025-09-06,960,13
PO0020821,2025-09-06,192,2
PO0020827,2025-09-06,4320,89
PO0020836,2025-09-06,1134,12
PO0020851,2025-09-06,624,7
PO0020853,2025-09-06,1464,23
PO0020855,2025-09-06,414,5
PO0020862,2025-09-06,1176,20
PO0020608,2025-09-07,819,11
PO0020703,2025-09-07,2558,18
PO0020707,2025-09-07,1614,28
PO0020759,2025-09-07,1056,4
PO0020765,2025-09-07,232,7
PO0020766,2025-09-07,432,8
PO0020776,2025-09-07,336,2
PO0020777,2025-09-07,576,9
PO0020781,2025-09-07,1296,24
PO0020795,2025-09-07,504,4
PO0020798,2025-09-07,1608,10
PO0020812,2025-09-07,798,7
PO0020816,2025-09-07,5424,37
PO0020817,2025-09-07,1944,32
PO0020823,2025-09-07,2454,10
PO0020829,2025-09-07,468,7
PO0020834,2025-09-07,624,13
PO0020835,2025-09-07,1680,5
PO0020842,2025-09-07,792,3
PO0020844,2025-09-07,1254,13
PO0020850,2025-09-07,2880,57
PO0020852,2025-09-07,312,5
PO0020855,2025-09-07,414,5
PO0020857,2025-09-07,6528,31
PO0020874,2025-09-07,888,18
PO0020877,2025-09-07,776,4
PO0020706,2025-09-08,984,13
PO0020712,2025-09-08,360,0
PO0020726,2025-09-08,3492,42
PO0020739,2025-09-08,624,9
PO0020755,2025-09-08,690,1
PO0020767,2025-09-08,798,11
PO0020793,2025-09-08,492,2
PO0020819,2025-09-08,336,5
PO0020830,2025-09-08,1728,29
PO0020831,2025-09-08,564,10
PO0020832,2025-09-08,1056,3
PO0020840,2025-09-08,1536,48
PO0020841,2025-09-08,2832,31
PO0020843,2025-09-08,624,6
PO0020865,2025-09-08,696,12
PO0020867,2025-09-08,522,2
PO0020869,2025-09-08,384,2
PO0020875,2025-09-08,816,4
PO0020887,2025-09-08,1536,72
PO0020901,2025-09-08,636,8
PO0020927,2025-09-08,1824,12
PO0020700,2025-09-09,468,2
PO0020744,2025-09-09,1176,11
PO0020795,2025-09-09,504,9
PO0020800,2025-09-09,255,3
PO0020806,2025-09-09,264,4
PO0020839,2025-09-09,768,8
PO0020849,2025-09-09,63,0
PO0020859,2025-09-09,1464,9
PO0020864,2025-09-09,1632,22
PO0020866,2025-09-09,1686,36
PO0020868,2025-09-09,1524,22
PO0020871,2025-09-09,216,8
PO0020872,2025-09-09,1530,38
PO0020879,2025-09-09,876,5
PO0020882,2025-09-09,2484,22
PO0020886,2025-09-09,720,13
PO0020895,2025-09-09,672,2
PO0020898,2025-09-09,492,6
PO0020900,2025-09-09,792,11
PO0020904,2025-09-09,2424,24
PO0020905,2025-09-09,2304,10
PO0020906,2025-09-09,384,2
PO0020908,2025-09-09,432,10
PO0020910,2025-09-09,402,7
PO0020939,2025-09-09,228,0
PO0020955,2025-09-09,247,2
PO0020738,2025-09-10,576,4
PO0020812,2025-09-10,798,7
PO0020831,2025-09-10,564,10
PO0020842,2025-09-10,792,5
PO0020848,2025-09-10,288,2
PO0020858,2025-09-10,684,9
PO0020878,2025-09-10,942,4
PO0020884,2025-09-10,289,2
PO0020891,2025-09-10,960,7
PO0020897,2025-09-10,4060,33
PO0020899,2025-09-10,2340,44
PO0020903,2025-09-10,552,7
PO0020907,2025-09-10,1560,4
PO0020915,2025-09-10,4296,79
PO0020916,2025-09-10,1758,16
PO0020917,2025-09-10,384,4
PO0020920,2025-09-10,1170,13
PO0020921,2025-09-10,2040,23
PO0020925,2025-09-10,318,3
PO0020928,2025-09-10,240,2
PO0020933,2025-09-10,372,4
PO0020937,2025-09-10,1335,10
PO0020943,2025-09-10,2898,9
PO0020944,2025-09-10,384,4
PO0020975,2025-09-10,345,5
PO0020696,2025-09-11,2256,14
PO0020710,2025-09-11,252,3
PO0020728,2025-09-11,1764,24
PO0020824,2025-09-11,720,19
PO0020856,2025-09-11,336,0
PO0020860,2025-09-11,755,12
PO0020861,2025-09-11,462,3
PO0020870,2025-09-11,4608,56
PO0020876,2025-09-11,384,5
PO0020880,2025-09-11,432,1
PO0020881,2025-09-11,1224,11
PO0020885,2025-09-11,552,1
PO0020888,2025-09-11,2520,37
PO0020894,2025-09-11,5280,58
PO0020909,2025-09-11,432,12
PO0020911,2025-09-11,3720,39
PO0020918,2025-09-11,1692,9
PO0020930,2025-09-11,360,16
PO0020938,2025-09-11,144,1
PO0020939,2025-09-11,228,1
PO0020942,2025-09-11,5712,123
PO0020953,2025-09-11,408,3
PO0020955,2025-09-11,247,5
PO0020956,2025-09-11,2628,25
PO0020972,2025-09-11,840,7
PO0020973,2025-09-11,312,4
PO0020985,2025-09-11,360,5
PO0020991,2025-09-11,984,8
PO0021001,2025-09-11,1248,25
PO0020790,2025-09-12,336,1
PO0020838,2025-09-12,990,5
PO0020863,2025-09-12,384,2
PO0020889,2025-09-12,684,7
PO0020892,2025-09-12,1815,17
PO0020893,2025-09-12,2304,62
PO0020896,2025-09-12,1272,14
PO0020901,2025-09-12,636,9
PO0020914,2025-09-12,1224,11
PO0020922,2025-09-12,1269,29
PO0020931,2025-09-12,1014,6
PO0020940,2025-09-12,180,0
PO0020945,2025-09-12,2184,8
PO0020947,2025-09-12,1632,29
PO0020949,2025-09-12,2778,11
PO0020953,2025-09-12,408,1
PO0020954,2025-09-12,714,3
PO0020964,2025-09-12,3252,18
PO0020965,2025-09-12,240,0
PO0020966,2025-09-12,324,6
PO0020968,2025-09-12,3024,152
PO0020971,2025-09-12,372,1
PO0020977,2025-09-12,4068,29
PO0020979,2025-09-12,2047,15
PO0020984,2025-09-12,360,1
PO0021000,2025-09-12,192,0
PO0021004,2025-09-12,297,2
PO0021016,2025-09-12,1074,10
PO0021020,2025-09-12,1464,3
PO0021023,2025-09-12,330,3
PO0020391,2025-09-13,3996,18
PO0020751,2025-09-13,1272,21
PO0020788,2025-09-13,498,5
PO0020807,2025-09-13,594,7
PO0020849,2025-09-13,63,0
PO0020861,2025-09-13,462,5
PO0020884,2025-09-13,290,0
PO0020919,2025-09-13,1476,21
PO0020932,2025-09-13,1848,21
PO0020937,2025-09-13,1335,11
PO0020948,2025-09-13,1008,49
PO0020949,2025-09-13,2778,20
PO0020950,2025-09-13,144,3
PO0020958,2025-09-13,1116,10
PO0020963,2025-09-13,432,7
PO0020975,2025-09-13,345,5
PO0020978,2025-09-13,912,5
PO0020980,2025-09-13,1464,3
PO0020988,2025-09-13,3420,42
PO0020992,2025-09-13,1548,27
PO0020993,2025-09-13,216,3
PO0020998,2025-09-13,1212,5
PO0021004,2025-09-13,297,3
PO0021006,2025-09-13,768,2
PO0021015,2025-09-13,552,3
PO0021027,2025-09-13,1680,27
PO0020796,2025-09-14,1116,51
PO0020890,2025-09-14,960,3
PO0020892,2025-09-14,1815,15
PO0020922,2025-09-14,1269,37
PO0020923,2025-09-14,840,3
PO0020926,2025-09-14,1224,58
PO0020935,2025-09-14,616,8
PO0020941,2025-09-14,1992,6
PO0020957,2025-09-14,1794,18
PO0020959,2025-09-14,732,15
PO0020961,2025-09-14,1056,10
PO0020974,2025-09-14,246,0
PO0020981,2025-09-14,624,6
PO0020995,2025-09-14,1236,6
PO0020996,2025-09-14,1304,14
PO0021003,2025-09-14,782,10
PO0021007,2025-09-14,924,1
PO0021010,2025-09-14,612,11
PO0021012,2025-09-14,1956,6
PO0021014,2025-09-14,1944,12
PO0021025,2025-09-14,2112,24
PO0021030,2025-09-14,660,3
PO0021031,2025-09-14,96,1
PO0021032,2025-09-14,2247,25
PO0021034,2025-09-14,444,9
PO0021036,2025-09-14,2820,13
PO0021040,2025-09-14,4632,35
PO0021043,2025-09-14,609,12
PO0021045,2025-09-14,1128,13
PO0021061,2025-09-14,438,4
PO0020873,2025-09-15,264,0
PO0020913,2025-09-15,264,1
PO0020929,2025-09-15,396,8
PO0020945,2025-09-15,2184,22
PO0020948,2025-09-15,1008,57
PO0020952,2025-09-15,5112,21
PO0020959,2025-09-15,732,12
PO0020982,2025-09-15,480,1
PO0020987,2025-09-15,2902,31
PO0020997,2025-09-15,288,4
PO0021009,2025-09-15,1740,5
PO0021013,2025-09-15,1549,19
PO0021019,2025-09-15,132,0
PO0021023,2025-09-15,330,1
PO0021024,2025-09-15,636,12
PO0021028,2025-09-15,240,1
PO0021033,2025-09-15,996,21
PO0021037,2025-09-15,1080,4
PO0021047,2025-09-15,3024,39
PO0021078,2025-09-15,240,0
PO0021079,2025-09-15,864,2
PO0021090,2025-09-15,1284,3
PO0021092,2025-09-15,1008,9
PO0021093,2025-09-15,252,0
PO0020729,2025-09-16,2544,14
PO0020762,2025-09-16,912,24
PO0020822,2025-09-16,792,17
PO0020847,2025-09-16,432,9
PO0020934,2025-09-16,498,5
PO0020954,2025-09-16,714,5
PO0020970,2025-09-16,48,0
PO0020976,2025-09-16,786,10
PO0020989,2025-09-16,2880,155
PO0020990,2025-09-16,1140,21
PO0021008,2025-09-16,1680,15
PO0021029,2025-09-16,600,4
PO0021035,2025-09-16,1104,54
PO0021038,2025-09-16,1632,25
PO0021039,2025-09-16,4842,38
PO0021041,2025-09-16,204,2
PO0021043,2025-09-16,609,11
PO0021050,2025-09-16,360,1
PO0021051,2025-09-16,504,8
PO0021052,2025-09-16,1968,7
PO0021056,2025-09-16,504,7
PO0021057,2025-09-16,180,3
PO0021059,2025-09-16,522,3
PO0021062,2025-09-16,1254,15
PO0021064,2025-09-16,312,5
PO0021080,2025-09-16,453,2
PO0021088,2025-09-16,3408,22
PO0021096,2025-09-16,420,21
PO0021106,2025-09-16,624,7
PO0021108,2025-09-16,1275,12
PO0020807,2025-09-17,594,10
PO0020912,2025-09-17,1776,21
PO0020962,2025-09-17,492,7
PO0020999,2025-09-17,960,7
PO0021002,2025-09-17,1536,6
PO0021021,2025-09-17,432,2
PO0021048,2025-09-17,156,3
PO0021049,2025-09-17,522,6
PO0021053,2025-09-17,546,16
PO0021055,2025-09-17,1104,9
PO0021060,2025-09-17,600,9
PO0021063,2025-09-17,333,8
PO0021065,2025-09-17,219,2
PO0021067,2025-09-17,5640,56
PO0021071,2025-09-17,4740,48
PO0021075,2025-09-17,2988,28
PO0021077,2025-09-17,4116,37
PO0021080,2025-09-17,453,1
PO0021081,2025-09-17,408,3
PO0021082,2025-09-17,504,4
PO0021083,2025-09-17,264,3
PO0021084,2025-09-17,648,13
PO0021085,2025-09-17,240,1
PO0021086,2025-09-17,1404,12
PO0021087,2025-09-17,288,8
PO0021094,2025-09-17,1128,16
PO0021104,2025-09-17,768,10
PO0021109,2025-09-17,960,17
PO0021124,2025-09-17,1488,5
PO0021135,2025-09-17,3168,29
PO0021144,2025-09-17,2808,27
PO0021149,2025-09-17,1920,31
PO0021178,2025-09-17,768,11
PO0021185,2025-09-17,768,1
PO0020705,2025-09-18,336,4
PO0020723,2025-09-18,1776,20
PO0020902,2025-09-18,336,3
PO0020924,2025-09-18,1482,30
PO0020946,2025-09-18,3180,61
PO0020951,2025-09-18,267,3
PO0020960,2025-09-18,5868,104
PO0020970,2025-09-18,48,0
PO0021005,2025-09-18,144,3
PO0021010,2025-09-18,612,6
PO0021041,2025-09-18,204,4
PO0021042,2025-09-18,1380,15
PO0021044,2025-09-18,1434,5
PO0021048,2025-09-18,156,4
PO0021051,2025-09-18,504,3
PO0021053,2025-09-18,546,13
PO0021054,2025-09-18,816,7
PO0021063,2025-09-18,334,8
PO0021068,2025-09-18,3150,29
PO0021069,2025-09-18,1728,14
PO0021070,2025-09-18,984,15
PO0021073,2025-09-18,1440,16
PO0021076,2025-09-18,576,9
PO0021089,2025-09-18,1152,57
PO0021091,2025-09-18,1296,11
PO0021100,2025-09-18,1188,3
PO0021111,2025-09-18,492,11
PO0021112,2025-09-18,870,5
PO0021118,2025-09-18,336,1
PO0021119,2025-09-18,154,1
PO0021120,2025-09-18,1224,4
PO0021127,2025-09-18,3024,64
PO0021130,2025-09-18,336,9
PO0021131,2025-09-18,360,7
PO0021132,2025-09-18,288,3
PO0021133,2025-09-18,480,10
PO0021137,2025-09-18,414,5
PO0021138,2025-09-18,1590,7
PO0021142,2025-09-18,2124,37
PO0021143,2025-09-18,816,21
PO0021152,2025-09-18,1320,17
PO0021153,2025-09-18,2112,31
PO0021162,2025-09-18,492,6
PO0021167,2025-09-18,216,3
PO0021171,2025-09-18,120,0
PO0021177,2025-09-18,636,5
PO0021186,2025-09-18,288,7
PO0021187,2025-09-18,264,3
PO0020913,2025-09-19,264,2
PO0020936,2025-09-19,1164,22
PO0020986,2025-09-19,1116,51
PO0021046,2025-09-19,1728,32
PO0021065,2025-09-19,219,1
PO0021066,2025-09-19,4776,44
PO0021072,2025-09-19,3792,193
PO0021074,2025-09-19,4368,75
PO0021099,2025-09-19,1320,26
PO0021108,2025-09-19,1275,9
PO0021110,2025-09-19,384,4
PO0021113,2025-09-19,264,6
PO0021123,2025-09-19,936,3
PO0021125,2025-09-19,2208,35
PO0021134,2025-09-19,709,17
PO0021136,2025-09-19,4128,206
PO0021139,2025-09-19,1646,35
PO0021140,2025-09-19,66,1
PO0021145,2025-09-19,4416,71
PO0021150,2025-09-19,977,5
PO0021151,2025-09-19,492,3
PO0021156,2025-09-19,144,1
PO0021157,2025-09-19,456,1
PO0021158,2025-09-19,444,4
PO0021159,2025-09-19,300,0
PO0021160,2025-09-19,278,2
PO0021161,2025-09-19,3240,18
PO0021163,2025-09-19,384,5
PO0021165,2025-09-19,129,1
PO0021180,2025-09-19,1224,4
PO0021187,2025-09-19,264,1
PO0021194,2025-09-19,2862,31
PO0021199,2025-09-19,1632,19
PO0021209,2025-09-19,552,2
PO0020883,2025-09-20,3750,39
PO0020983,2025-09-20,1392,20
PO0021098,2025-09-20,240,4
PO0021101,2025-09-20,576,26
PO0021116,2025-09-20,912,15
PO0021117,2025-09-20,153,1
PO0021121,2025-09-20,480,5
PO0021141,2025-09-20,792,6
PO0021154,2025-09-20,2064,22
PO0021155,2025-09-20,3804,41
PO0021175,2025-09-20,432,7
PO0021176,2025-09-20,1560,26
PO0021181,2025-09-20,960,19
PO0021182,2025-09-20,993,15
PO0021183,2025-09-20,384,9
PO0021184,2025-09-20,1584,23
PO0021189,2025-09-20,343,2
PO0021193,2025-09-20,786,16
PO0021204,2025-09-20,816,1
PO0021222,2025-09-20,1776,22
PO0020747,2025-09-21,2784,9
PO0020902,2025-09-21,336,1
PO0020969,2025-09-21,2496,27
PO0020994,2025-09-21,552,7
PO0021005,2025-09-21,144,1
PO0021103,2025-09-21,2232,43
PO0021107,2025-09-21,1050,16
PO0021117,2025-09-21,153,2
PO0021118,2025-09-21,336,3
PO0021130,2025-09-21,336,7
PO0021146,2025-09-21,4560,46
PO0021147,2025-09-21,2550,15
PO0021165,2025-09-21,129,0
PO0021166,2025-09-21,2952,36
PO0021169,2025-09-21,498,3
PO0021174,2025-09-21,624,4
PO0021190,2025-09-21,2640,52
PO0021195,2025-09-21,624,12
PO0021200,2025-09-21,1836,49
PO0021201,2025-09-21,768,11
PO0021202,2025-09-21,3270,35
PO0021209,2025-09-21,552,2
PO0021219,2025-09-21,3864,107
PO0021229,2025-09-21,744,17
PO0021232,2025-09-21,5184,22
PO0020967,2025-09-22,1248,33
PO0021017,2025-09-22,2448,46
PO0021058,2025-09-22,3888,37
PO0021068,2025-09-22,3150,28
PO0021095,2025-09-22,624,6
PO0021119,2025-09-22,154,1
PO0021122,2025-09-22,1872,91
PO0021126,2025-09-22,528,17
PO0021140,2025-09-22,66,0
PO0021148,2025-09-22,1320,22
PO0021153,2025-09-22,2112,22
PO0021168,2025-09-22,2232,30
PO0021179,2025-09-22,180,5
PO0021196,2025-09-22,1992,24
PO0021198,2025-09-22,6048,66
PO0021205,2025-09-22,768,6
PO0021208,2025-09-22,864,12
PO0021211,2025-09-22,384,2
PO0021213,2025-09-22,1812,7
PO0021215,2025-09-22,390,2
PO0021216,2025-09-22,288,2
PO0021223,2025-09-22,1272,27
PO0021248,2025-09-22,492,4
PO0021250,2025-09-22,1176,6
PO0021253,2025-09-22,564,5
PO0021256,2025-09-22,1008,27
PO0021260,2025-09-22,1368,22
PO0021277,2025-09-22,576,13
PO0021011,2025-09-23,3204,44
PO0021097,2025-09-23,531,12
PO0021102,2025-09-23,816,40
PO0021113,2025-09-23,264,1
PO0021115,2025-09-23,396,2
PO0021164,2025-09-23,1704,56
PO0021182,2025-09-23,993,9
PO0021188,2025-09-23,1578,37
PO0021193,2025-09-23,786,12
PO0021207,2025-09-23,2160,34
PO0021214,2025-09-23,209,1
PO0021220,2025-09-23,2256,111
PO0021227,2025-09-23,4098,36
PO0021231,2025-09-23,564,10
PO0021234,2025-09-23,3072,147
PO0021238,2025-09-23,192,2
PO0021239,2025-09-23,1440,30
PO0021249,2025-09-23,564,11
PO0021269,2025-09-23,120,0
PO0021270,2025-09-23,1380,28
PO0021275,2025-09-23,228,2
PO0021279,2025-09-23,738,16
PO0021312,2025-09-23,666,6
PO0021191,2025-09-24,3300,66
PO0021192,2025-09-24,576,5
PO0021197,2025-09-24,498,3
PO0021204,2025-09-24,816,1
PO0021216,2025-09-24,288,3
PO0021221,2025-09-24,516,8
PO0021230,2025-09-24,1794,21
PO0021236,2025-09-24,312,0
PO0021241,2025-09-24,600,0
PO0021246,2025-09-24,744,5
PO0021249,2025-09-24,564,8
PO0021260,2025-09-24,1368,15
PO0021261,2025-09-24,744,5
PO0021263,2025-09-24,312,3
PO0021271,2025-09-24,2838,59
PO0021283,2025-09-24,2160,7
PO0021286,2025-09-24,1104,30
PO0021290,2025-09-24,1608,8
PO0021295,2025-09-24,912,10
PO0021299,2025-09-24,984,29
PO0021301,2025-09-24,2982,30
PO0021302,2025-09-24,696,6
PO0021307,2025-09-24,396,3
PO0021310,2025-09-24,696,12
PO0021331,2025-09-24,492,5
PO0021339,2025-09-24,2256,9
PO0021340,2025-09-24,3648,42
PO0021343,2025-09-24,960,8
PO0021345,2025-09-24,1668,9
PO0021349,2025-09-24,384,0
PO0021026,2025-09-25,513,30
PO0021105,2025-09-25,276,5
PO0021170,2025-09-25,336,2
PO0021173,2025-09-25,1284,12
PO0021197,2025-09-25,498,6
PO0021206,2025-09-25,4914,45
PO0021212,2025-09-25,432,3
PO0021215,2025-09-25,390,3
PO0021218,2025-09-25,708,12
PO0021224,2025-09-25,528,8
PO0021225,2025-09-25,1320,8
PO0021226,2025-09-25,1992,28
PO0021233,2025-09-25,4752,51
PO0021240,2025-09-25,4639,69
PO0021244,2025-09-25,1266,13
PO0021246,2025-09-25,744,4
PO0021251,2025-09-25,594,29
PO0021257,2025-09-25,4260,23
PO0021266,2025-09-25,504,6
PO0021269,2025-09-25,120,2
PO0021271,2025-09-25,2838,47
PO0021273,2025-09-25,528,1
PO0021278,2025-09-25,192,5
PO0021285,2025-09-25,624,6
PO0021289,2025-09-25,3720,20
PO0021291,2025-09-25,96,2
PO0021296,2025-09-25,1248,34
PO0021297,2025-09-25,144,0
PO0021304,2025-09-25,456,5
PO0021309,2025-09-25,600,2
PO0021314,2025-09-25,3006,8
PO0021315,2025-09-25,672,15
PO0021317,2025-09-25,1368,9
PO0021329,2025-09-25,2448,51
PO0021334,2025-09-25,336,10
PO0021341,2025-09-25,1416,10
PO0021342,2025-09-25,5184,51
PO0021347,2025-09-25,3504,29
PO0021382,2025-09-25,1824,29
PO0021390,2025-09-25,120,0
PO0021018,2025-09-26,1128,8
PO0021022,2025-09-26,1272,11
PO0021026,2025-09-26,513,24
PO0021097,2025-09-26,531,4
PO0021114,2025-09-26,1728,12
PO0021170,2025-09-26,336,5
PO0021172,2025-09-26,2736,37
PO0021210,2025-09-26,984,8
PO0021235,2025-09-26,408,4
PO0021243,2025-09-26,492,5
PO0021251,2025-09-26,594,34
PO0021255,2025-09-26,1776,35
PO0021263,2025-09-26,312,2
PO0021274,2025-09-26,714,5
PO0021276,2025-09-26,654,5
PO0021280,2025-09-26,1728,29
PO0021282,2025-09-26,540,6
PO0021288,2025-09-26,2304,38
PO0021294,2025-09-26,1314,14
PO0021298,2025-09-26,528,15
PO0021311,2025-09-26,708,31
PO0021313,2025-09-26,2061,16
PO0021316,2025-09-26,1800,8
PO0021319,2025-09-26,6420,40
PO0021320,2025-09-26,816,16
PO0021321,2025-09-26,3672,33
PO0021328,2025-09-26,768,7
PO0021333,2025-09-26,1080,11
PO0021351,2025-09-26,2382,24
PO0021352,2025-09-26,1575,13
PO0021353,2025-09-26,816,27
PO0021356,2025-09-26,816,10
PO0021357,2025-09-26,672,3
PO0021360,2025-09-26,1200,29
PO0021361,2025-09-26,252,7
PO0021362,2025-09-26,432,11
PO0021367,2025-09-26,816,11
PO0021381,2025-09-26,600,8
PO0021392,2025-09-26,1251,16
PO0021407,2025-09-26,1908,18
PO0021203,2025-09-27,7428,181
PO0021210,2025-09-27,984,12
PO0021217,2025-09-27,519,5
PO0021228,2025-09-27,468,4
PO0021245,2025-09-27,912,15
PO0021247,2025-09-27,1464,19
PO0021254,2025-09-27,216,3
PO0021259,2025-09-27,956,18
PO0021272,2025-09-27,1680,73
PO0021281,2025-09-27,195,3
PO0021287,2025-09-27,348,5
PO0021292,2025-09-27,1140,9
PO0021297,2025-09-27,144,0
PO0021318,2025-09-27,2136,24
PO0021322,2025-09-27,168,3
PO0021324,2025-09-27,1128,62
PO0021326,2025-09-27,696,3
PO0021335,2025-09-27,276,8
PO0021336,2025-09-27,921,7
PO0021344,2025-09-27,1608,17
PO0021355,2025-09-27,780,6
PO0021358,2025-09-27,888,4
PO0021361,2025-09-27,252,6
PO0021364,2025-09-27,1032,11
PO0021365,2025-09-27,2472,35
PO0021368,2025-09-27,2088,30
PO0021370,2025-09-27,432,11
PO0021378,2025-09-27,2154,10
PO0021379,2025-09-27,1248,15
PO0021380,2025-09-27,1470,8
PO0021386,2025-09-27,1341,14
PO0021399,2025-09-27,990,12
PO0021400,2025-09-27,1770,11
PO0021427,2025-09-27,240,1
PO0021129,2025-09-28,1200,3
PO0021242,2025-09-28,408,4
PO0021247,2025-09-28,1464,17
PO0021265,2025-09-28,414,6
PO0021294,2025-09-28,1314,21
PO0021309,2025-09-28,600,4
PO0021324,2025-09-28,1128,58
PO0021325,2025-09-28,1932,38
PO0021330,2025-09-28,1656,12
PO0021352,2025-09-28,1575,7
PO0021359,2025-09-28,5112,50
PO0021363,2025-09-28,312,5
PO0021366,2025-09-28,240,3
PO0021371,2025-09-28,912,14
PO0021376,2025-09-28,912,10
PO0021377,2025-09-28,312,5
PO0021388,2025-09-28,2784,44
PO0021396,2025-09-28,1182,21
PO0021403,2025-09-28,1995,19
PO0021420,2025-09-28,738,3
PO0021423,2025-09-28,1638,22
PO0021425,2025-09-28,336,3
PO0021237,2025-09-29,87,2
PO0021265,2025-09-29,414,9
PO0021276,2025-09-29,654,9
PO0021282,2025-09-29,540,12
PO0021303,2025-09-29,2316,25
PO0021305,2025-09-29,672,8
PO0021308,2025-09-29,456,2
PO0021322,2025-09-29,168,4
PO0021346,2025-09-29,738,10
PO0021350,2025-09-29,3432,39
PO0021354,2025-09-29,180,0
PO0021369,2025-09-29,2592,28
PO0021375,2025-09-29,276,1
PO0021384,2025-09-29,401,10
PO0021386,2025-09-29,1341,16
PO0021387,2025-09-29,384,9
PO0021389,2025-09-29,1392,16
PO0021393,2025-09-29,624,1
PO0021394,2025-09-29,3360,22
PO0021396,2025-09-29,1182,16
PO0021397,2025-09-29,624,3
PO0021410,2025-09-29,1770,25
PO0021424,2025-09-29,399,2
PO0021440,2025-09-29,288,1
PO0021442,2025-09-29,2268,25
PO0021447,2025-09-29,384,7
PO0021455,2025-09-29,336,2
PO0021237,2025-09-30,87,3
PO0021262,2025-09-30,984,5
PO0021264,2025-09-30,432,5
PO0021281,2025-09-30,195,2
PO0021300,2025-09-30,2424,59
PO0021332,2025-09-30,606,10
PO0021336,2025-09-30,921,7
PO0021337,2025-09-30,384,3
PO0021338,2025-09-30,1728,29
PO0021348,2025-09-30,336,7
PO0021372,2025-09-30,2928,154
PO0021374,2025-09-30,1152,20
PO0021383,2025-09-30,204,4
PO0021394,2025-09-30,3360,19
PO0021395,2025-09-30,1296,18
PO0021400,2025-09-30,1770,15
PO0021405,2025-09-30,1920,19
PO0021408,2025-09-30,1122,14
PO0021412,2025-09-30,3336,26
PO0021415,2025-09-30,384,11
PO0021416,2025-09-30,2400,61
PO0021424,2025-09-30,399,1
PO0021427,2025-09-30,240,1
PO0021428,2025-09-30,438,3
PO0021435,2025-09-30,552,6
PO0021436,2025-09-30,456,6
PO0021437,2025-09-30,1836,21
PO0021455,2025-09-30,336,1
PO0021462,2025-09-30,510,10
PO0021469,2025-09-30,816,12
PO0021474,2025-09-30,1674,38
PO0021481,2025-09-30,199,2
PO0021521,2025-09-30,58,0
PO0021128,2025-10-01,1008,19
PO0021217,2025-10-01,519,6
PO0021292,2025-10-01,1140,15
PO0021368,2025-10-01,2088,35
PO0021401,2025-10-01,1068,13
PO0021404,2025-10-01,1092,6
PO0021405,2025-10-01,1920,19
PO0021409,2025-10-01,288,2
PO0021414,2025-10-01,960,8
PO0021419,2025-10-01,1392,36
PO0021421,2025-10-01,2400,31
PO0021422,2025-10-01,198,1
PO0021429,2025-10-01,168,2
PO0021431,2025-10-01,624,2
PO0021439,2025-10-01,534,3
PO0021443,2025-10-01,2664,18
PO0021448,2025-10-01,4896,20
PO0021449,2025-10-01,3792,187
PO0021451,2025-10-01,972,4
PO0021452,2025-10-01,192,5
PO0021457,2025-10-01,336,6
PO0021459,2025-10-01,2064,12
PO0021467,2025-10-01,960,8
PO0021473,2025-10-01,768,20
PO0021477,2025-10-01,192,2
PO0021480,2025-10-01,3408,13
PO0021488,2025-10-01,1200,9
PO0021501,2025-10-01,625,5
PO0021507,2025-10-01,762,7
PO0021510,2025-10-01,852,12
PO0021515,2025-10-01,1968,9
PO0021520,2025-10-01,600,8
PO0021258,2025-10-02,894,1
PO0021293,2025-10-02,756,11
PO0021330,2025-10-02,1656,17
PO0021385,2025-10-02,444,7
PO0021387,2025-10-02,384,4
PO0021411,2025-10-02,3744,46
PO0021417,2025-10-02,5616,57
PO0021420,2025-10-02,738,4
PO0021430,2025-10-02,774,3
PO0021432,2025-10-02,348,2
PO0021438,2025-10-02,768,19
PO0021445,2025-10-02,756,6
PO0021446,2025-10-02,288,6
PO0021453,2025-10-02,648,14
PO0021458,2025-10-02,420,3
PO0021463,2025-10-02,504,4
PO0021465,2025-10-02,2460,12
PO0021475,2025-10-02,720,7
PO0021478,2025-10-02,480,4
PO0021483,2025-10-02,720,10
PO0021490,2025-10-02,5472,93
PO0021496,2025-10-02,2832,14
PO0021499,2025-10-02,408,3
PO0021502,2025-10-02,3402,22
PO0021512,2025-10-02,1032,4
PO0021517,2025-10-02,144,0
PO0021523,2025-10-02,1044,7
PO0021536,2025-10-02,1176,17
PO0021539,2025-10-02,546,15
PO0021545,2025-10-02,3942,46
PO0021556,2025-10-02,2304,14
PO0021557,2025-10-02,1434,10
PO0021558,2025-10-02,420,1
PO0021128,2025-10-03,1008,15
PO0021267,2025-10-03,1272,8
PO0021323,2025-10-03,1200,22
PO0021348,2025-10-03,336,4
PO0021398,2025-10-03,468,1
PO0021406,2025-10-03,1632,8
PO0021433,2025-10-03,2340,19
PO0021444,2025-10-03,1344,24
PO0021450,2025-10-03,1056,3
PO0021454,2025-10-03,660,28
PO0021456,2025-10-03,192,1
PO0021457,2025-10-03,336,8
PO0021461,2025-10-03,672,26
PO0021468,2025-10-03,4320,39
PO0021471,2025-10-03,266,0
PO0021479,2025-10-03,1896,15
PO0021481,2025-10-03,200,7
PO0021493,2025-10-03,2370,9
PO0021497,2025-10-03,420,7
PO0021504,2025-10-03,468,6
PO0021506,2025-10-03,3504,22
PO0021509,2025-10-03,1260,6
PO0021511,2025-10-03,1041,5
PO0021516,2025-10-03,2604,34
PO0021525,2025-10-03,3072,30
PO0021527,2025-10-03,1488,20
PO0021528,2025-10-03,264,1
PO0021550,2025-10-03,240,2
PO0021569,2025-10-03,978,17
PO0021584,2025-10-03,888,12
PO0021426,2025-10-04,336,1
PO0021456,2025-10-04,192,4
PO0021466,2025-10-04,672,13
PO0021470,2025-10-04,336,1
PO0021472,2025-10-04,1632,26
PO0021485,2025-10-04,1356,13
PO0021486,2025-10-04,384,4
PO0021487,2025-10-04,492,8
PO0021494,2025-10-04,2448,31
PO0021495,2025-10-04,546,2
PO0021498,2025-10-04,492,3
PO0021500,2025-10-04,636,2
PO0021503,2025-10-04,384,8
PO0021510,2025-10-04,852,6
PO0021511,2025-10-04,1041,3
PO0021514,2025-10-04,864,7
PO0021518,2025-10-04,1056,6
PO0021521,2025-10-04,58,1
PO0021524,2025-10-04,1608,11
PO0021532,2025-10-04,1212,15
PO0021535,2025-10-04,636,9
PO0021537,2025-10-04,1632,10
PO0021546,2025-10-04,3174,19
PO0021549,2025-10-04,1188,22
PO0021551,2025-10-04,360,6
PO0021553,2025-10-04,1704,24
PO0021554,2025-10-04,480,20
PO0021559,2025-10-04,576,11
PO0021560,2025-10-04,444,2
PO0021562,2025-10-04,1056,15
PO0021563,2025-10-04,432,7
PO0021564,2025-10-04,516,6
PO0021565,2025-10-04,4452,40
PO0021570,2025-10-04,912,7
PO0021575,2025-10-04,720,4
PO0021582,2025-10-04,216,3
PO0021252,2025-10-05,2304,8
PO0021306,2025-10-05,558,11
PO0021327,2025-10-05,570,4
PO0021398,2025-10-05,468,0
PO0021402,2025-10-05,2424,53
PO0021460,2025-10-05,1344,77
PO0021461,2025-10-05,672,38
PO0021465,2025-10-05,2460,9
PO0021476,2025-10-05,384,1
PO0021508,2025-10-05,1584,15
PO0021530,2025-10-05,2358,8
PO0021531,2025-10-05,227,1
PO0021533,2025-10-05,5664,52
PO0021541,2025-10-05,384,1
PO0021542,2025-10-05,534,8
PO0021543,2025-10-05,978,42
PO0021552,2025-10-05,120,0
PO0021567,2025-10-05,330,1
PO0021571,2025-10-05,204,0
PO0021580,2025-10-05,1098,16
PO0021585,2025-10-05,780,17
PO0021588,2025-10-05,1056,11
PO0021594,2025-10-05,1008,24
PO0021597,2025-10-05,636,7
PO0021601,2025-10-05,2400,12
PO0021373,2025-10-06,876,5
PO0021464,2025-10-06,720,7
PO0021489,2025-10-06,1908,26
PO0021492,2025-10-06,1344,30
PO0021522,2025-10-06,600,2
PO0021526,2025-10-06,1968,86
PO0021529,2025-10-06,192,2
PO0021544,2025-10-06,1584,11
PO0021547,2025-10-06,288,3
PO0021548,2025-10-06,288,3
PO0021566,2025-10-06,1008,15
PO0021572,2025-10-06,2160,25
PO0021577,2025-10-06,282,2
PO0021579,2025-10-06,720,11
PO0021590,2025-10-06,660,3
PO0021591,2025-10-06,3768,50
PO0021592,2025-10-06,297,1
PO0021596,2025-10-06,2016,25
PO0021598,2025-10-06,732,2
PO0021604,2025-10-06,4128,75
PO0021605,2025-10-06,672,3
PO0021631,2025-10-06,570,5
PO0021434,2025-10-07,2448,39
PO0021441,2025-10-07,4674,45
PO0021485,2025-10-07,1356,26
PO0021491,2025-10-07,432,9
PO0021498,2025-10-07,492,6
PO0021505,2025-10-07,1728,12
PO0021513,2025-10-07,552,10
PO0021538,2025-10-07,1032,6
PO0021563,2025-10-07,432,5
PO0021567,2025-10-07,330,3
PO0021568,2025-10-07,1392,7
PO0021583,2025-10-07,1920,27
PO0021599,2025-10-07,735,11
PO0021609,2025-10-07,696,7
PO0021610,2025-10-07,228,0
PO0021612,2025-10-07,312,2
PO0021614,2025-10-07,744,10
PO0021620,2025-10-07,1152,28
PO0021623,2025-10-07,768,9
PO0021626,2025-10-07,360,1
PO0021628,2025-10-07,548,6
PO0021634,2025-10-07,1656,64
PO0021635,2025-10-07,822,7
PO0021639,2025-10-07,408,1
PO0021643,2025-10-07,588,3
PO0021644,2025-10-07,1632,22
PO0021657,2025-10-07,528,19
PO0021658,2025-10-07,1014,13
PO0021664,2025-10-07,1260,17
PO0021665,2025-10-07,624,2
PO0021667,2025-10-07,864,16
PO0021668,2025-10-07,624,43
PO0021696,2025-10-07,1488,11
PO0021704,2025-10-07,1116,5
PO0021713,2025-10-07,384,2
PO0021716,2025-10-07,1056,0
PO0021721,2025-10-07,456,3
PO0021268,2025-10-08,912,29
PO0021413,2025-10-08,5856,61
PO0021482,2025-10-08,423,15
PO0021519,2025-10-08,2928,65
PO0021574,2025-10-08,1645,28
PO0021587,2025-10-08,288,2
PO0021589,2025-10-08,444,2
PO0021593,2025-10-08,6744,73
PO0021600,2025-10-08,432,1
PO0021603,2025-10-08,1200,3
PO0021613,2025-10-08,1176,2
PO0021617,2025-10-08,864,15
PO0021618,2025-10-08,6816,26
PO0021619,2025-10-08,2256,17
PO0021625,2025-10-08,1272,55
PO0021630,2025-10-08,2640,27
PO0021632,2025-10-08,1248,15
PO0021636,2025-10-08,456,2
PO0021638,2025-10-08,2496,24
PO0021642,2025-10-08,2880,129
PO0021650,2025-10-08,213,1
PO0021656,2025-10-08,468,1
PO0021659,2025-10-08,792,4
PO0021661,2025-10-08,2388,46
PO0021662,2025-10-08,516,4
PO0021663,2025-10-08,192,3
PO0021676,2025-10-08,1008,8
PO0021678,2025-10-08,2694,35
PO0021679,2025-10-08,174,1
PO0021687,2025-10-08,480,2
PO0021688,2025-10-08,702,5
PO0021697,2025-10-08,432,0
PO0021701,2025-10-08,252,4
PO0021709,2025-10-08,360,5
PO0021712,2025-10-08,690,10
PO0021721,2025-10-08,456,7
PO0021722,2025-10-08,714,3
PO0021729,2025-10-08,276,1
PO0021732,2025-10-08,1152,11
PO0021373,2025-10-09,876,6
PO0021534,2025-10-09,564,2
PO0021587,2025-10-09,288,4
PO0021595,2025-10-09,1437,18
PO0021615,2025-10-09,1194,9
PO0021619,2025-10-09,2256,13
PO0021622,2025-10-09,1788,4
PO0021640,2025-10-09,354,10
PO0021646,2025-10-09,72,1
PO0021648,2025-10-09,1530,5
PO0021649,2025-10-09,1500,20
PO0021650,2025-10-09,213,1
PO0021651,2025-10-09,96,1
PO0021653,2025-10-09,4284,31
PO0021654,2025-10-09,5856,88
PO0021655,2025-10-09,912,26
PO0021656,2025-10-09,468,1
PO0021660,2025-10-09,1044,27
PO0021668,2025-10-09,624,31
PO0021669,2025-10-09,480,0
PO0021671,2025-10-09,972,4
PO0021677,2025-10-09,471,4
PO0021682,2025-10-09,792,4
PO0021685,2025-10-09,2112,11
PO0021693,2025-10-09,1992,118
PO0021699,2025-10-09,1392,8
PO0021703,2025-10-09,306,1
PO0021706,2025-10-09,2892,22
PO0021708,2025-10-09,4344,49
PO0021710,2025-10-09,384,4
PO0021715,2025-10-09,2094,39
PO0021718,2025-10-09,930,22
PO0021720,2025-10-09,3888,31
PO0021723,2025-10-09,180,2
PO0021725,2025-10-09,486,5
PO0021727,2025-10-09,234,5
PO0021728,2025-10-09,240,3
PO0021730,2025-10-09,1104,54
PO0021731,2025-10-09,1104,24
PO0021735,2025-10-09,480,12
PO0021737,2025-10-09,840,18
PO0021738,2025-10-09,1656,19
PO0021752,2025-10-09,3984,197
PO0021758,2025-10-09,1752,12
PO0021759,2025-10-09,660,10
PO0021764,2025-10-09,96,3
PO0021767,2025-10-09,1008,18
PO0021768,2025-10-09,1296,9
PO0021781,2025-10-09,264,2
PO0021782,2025-10-09,456,3
PO0021284,2025-10-10,852,6
PO0021561,2025-10-10,2544,51
PO0021573,2025-10-10,1296,23
PO0021586,2025-10-10,84,1
PO0021592,2025-10-10,297,1
PO0021606,2025-10-10,282,4
PO0021608,2025-10-10,4416,54
PO0021616,2025-10-10,534,7
PO0021624,2025-10-10,1608,7
PO0021627,2025-10-10,3816,46
PO0021629,2025-10-10,1056,12
PO0021637,2025-10-10,1548,8
PO0021645,2025-10-10,636,17
PO0021651,2025-10-10,96,1
PO0021652,2025-10-10,528,7
PO0021686,2025-10-10,702,5
PO0021695,2025-10-10,2448,33
PO0021700,2025-10-10,900,7
PO0021702,2025-10-10,5148,23
PO0021707,2025-10-10,3156,62
PO0021711,2025-10-10,1596,12
PO0021714,2025-10-10,696,14
PO0021717,2025-10-10,1272,25
PO0021719,2025-10-10,336,2
PO0021724,2025-10-10,786,12
PO0021733,2025-10-10,1620,41
PO0021734,2025-10-10,2118,14
PO0021740,2025-10-10,600,7
PO0021745,2025-10-10,468,4
PO0021750,2025-10-10,864,13
PO0021753,2025-10-10,552,8
PO0021757,2025-10-10,720,7
PO0021761,2025-10-10,732,0
PO0021778,2025-10-10,684,13
PO0021391,2025-10-11,198,2
PO0021418,2025-10-11,1296,9
PO0021573,2025-10-11,1296,17
PO0021607,2025-10-11,408,3
PO0021611,2025-10-11,955,7
PO0021630,2025-10-11,2640,24
PO0021645,2025-10-11,636,11
PO0021660,2025-10-11,1044,23
PO0021673,2025-10-11,1086,12
PO0021677,2025-10-11,471,6
PO0021680,2025-10-11,2256,96
PO0021700,2025-10-11,900,9
PO0021705,2025-10-11,336,5
PO0021736,2025-10-11,3132,75
PO0021739,2025-10-11,3072,45
PO0021741,2025-10-11,426,4
PO0021742,2025-10-11,576,4
PO0021749,2025-10-11,812,5
PO0021751,2025-10-11,2796,38
PO0021754,2025-10-11,168,2
PO0021755,2025-10-11,1356,9
PO0021762,2025-10-11,1068,4
PO0021763,2025-10-11,1080,7
PO0021765,2025-10-11,792,8
PO0021766,2025-10-11,132,4
PO0021771,2025-10-11,354,2
PO0021774,2025-10-11,504,2
PO0021777,2025-10-11,354,1
PO0021783,2025-10-11,216,2
PO0021784,2025-10-11,468,9
PO0021816,2025-10-11,162,3
PO0021391,2025-10-12,198,3
PO0021482,2025-10-12,423,20
PO0021607,2025-10-12,408,4
PO0021633,2025-10-12,930,17
PO0021641,2025-10-12,528,11
PO0021690,2025-10-12,1920,38
PO0021711,2025-10-12,1596,13
PO0021724,2025-10-12,786,24
PO0021735,2025-10-12,480,12
PO0021746,2025-10-12,450,6
PO0021769,2025-10-12,5190,57
PO0021770,2025-10-12,810,5
PO0021772,2025-10-12,780,9
PO0021775,2025-10-12,4752,80
PO0021776,2025-10-12,1800,21
PO0021780,2025-10-12,390,2
PO0021785,2025-10-12,168,7
PO0021786,2025-10-12,2856,32
PO0021789,2025-10-12,876,8
PO0021798,2025-10-12,456,8
PO0021805,2025-10-12,1584,16
PO0021807,2025-10-12,5160,54
PO0021809,2025-10-12,1020,76
PO0021812,2025-10-12,216,3
PO0021815,2025-10-12,156,2
PO0021816,2025-10-12,162,0
PO0021819,2025-10-12,3288,33
PO0021820,2025-10-12,1704,37
PO0021821,2025-10-12,312,0
PO0021827,2025-10-12,864,10
PO0021836,2025-10-12,1164,16
PO0021838,2025-10-12,792,6
PO0021849,2025-10-12,1344,21
PO0021578,2025-10-13,1776,7
PO0021602,2025-10-13,1560,19
PO0021681,2025-10-13,3060,23
PO0021683,2025-10-13,1542,6
PO0021692,2025-10-13,1728,71
PO0021693,2025-10-13,1992,89
PO0021698,2025-10-13,792,1
PO0021723,2025-10-13,180,1
PO0021726,2025-10-13,192,0
PO0021727,2025-10-13,234,5
PO0021744,2025-10-13,1584,29
PO0021766,2025-10-13,132,2
PO0021787,2025-10-13,2304,29
PO0021788,2025-10-13,516,9
PO0021790,2025-10-13,4704,40
PO0021795,2025-10-13,1560,30
PO0021796,2025-10-13,576,11
PO0021797,2025-10-13,4644,49
PO0021806,2025-10-13,4062,48
PO0021811,2025-10-13,116,0
PO0021814,2025-10-13,3408,19
PO0021815,2025-10-13,157,3
PO0021817,2025-10-13,195,2
PO0021825,2025-10-13,1872,6
PO0021826,2025-10-13,3144,64
PO0021828,2025-10-13,1158,17
PO0021832,2025-10-13,858,6
PO0021848,2025-10-13,1236,6
PO0021850,2025-10-13,573,9
PO0021854,2025-10-13,264,12
PO0021855,2025-10-13,1356,60
PO0021858,2025-10-13,1188,8
PO0021864,2025-10-13,1008,18
PO0021880,2025-10-13,2832,40
PO0021881,2025-10-13,816,10
PO0021540,2025-10-14,792,13
PO0021576,2025-10-14,192,2
PO0021621,2025-10-14,5496,30
PO0021633,2025-10-14,930,10
PO0021672,2025-10-14,1374,29
PO0021684,2025-10-14,348,1
PO0021689,2025-10-14,1476,29
PO0021691,2025-10-14,2256,95
PO0021694,2025-10-14,1656,2
PO0021707,2025-10-14,3156,72
PO0021719,2025-10-14,336,7
PO0021756,2025-10-14,516,1
PO0021760,2025-10-14,2400,14
PO0021780,2025-10-14,391,2
PO0021791,2025-10-14,1608,17
PO0021794,2025-10-14,2352,24
PO0021799,2025-10-14,1728,7
PO0021801,2025-10-14,240,1
PO0021802,2025-10-14,696,10
PO0021803,2025-10-14,1224,18
PO0021804,2025-10-14,912,20
PO0021808,2025-10-14,792,10
PO0021810,2025-10-14,2568,40
PO0021813,2025-10-14,696,11
PO0021822,2025-10-14,1032,14
PO0021823,2025-10-14,1414,20
PO0021831,2025-10-14,1812,15
PO0021834,2025-10-14,624,5
PO0021840,2025-10-14,2400,28
PO0021842,2025-10-14,492,6
PO0021843,2025-10-14,480,8
PO0021844,2025-10-14,1374,22
PO0021847,2025-10-14,474,3
PO0021852,2025-10-14,2034,5
PO0021853,2025-10-14,816,5
PO0021857,2025-10-14,270,1
PO0021859,2025-10-14,480,11
PO0021860,2025-10-14,372,6
PO0021879,2025-10-14,1476,19
PO0021883,2025-10-14,258,2
PO0021890,2025-10-14,672,11
PO0021897,2025-10-14,1632,12
PO0021912,2025-10-14,396,0
PO0021928,2025-10-14,432,1
PO0021611,2025-10-15,955,12
PO0021670,2025-10-15,672,5
PO0021694,2025-10-15,1656,11
PO0021772,2025-10-15,780,7
PO0021773,2025-10-15,1440,24
PO0021811,2025-10-15,117,3
PO0021817,2025-10-15,195,5
PO0021824,2025-10-15,288,2
PO0021830,2025-10-15,1206,16
PO0021833,2025-10-15,1548,1
PO0021836,2025-10-15,1164,21
PO0021841,2025-10-15,1092,17
PO0021845,2025-10-15,804,3
PO0021851,2025-10-15,1272,16
PO0021856,2025-10-15,1356,1
PO0021865,2025-10-15,5658,70
PO0021866,2025-10-15,4970,42
PO0021867,2025-10-15,1566,12
PO0021870,2025-10-15,8436,193
PO0021871,2025-10-15,858,47
PO0021872,2025-10-15,1644,32
PO0021874,2025-10-15,1440,31
PO0021875,2025-10-15,1824,29
PO0021878,2025-10-15,648,8
PO0021888,2025-10-15,960,16
PO0021889,2025-10-15,348,1
PO0021891,2025-10-15,713,10
PO0021893,2025-10-15,1452,8
PO0021901,2025-10-15,1206,22
PO0021908,2025-10-15,906,12
PO0021915,2025-10-15,774,5
PO0021916,2025-10-15,384,3
PO0021920,2025-10-15,4620,21
PO0021926,2025-10-15,1248,19
PO0021927,2025-10-15,768,7
PO0021932,2025-10-15,1266,2
PO0021933,2025-10-15,1104,10
PO0021934,2025-10-15,1296,9
PO0021937,2025-10-15,1608,12
PO0021945,2025-10-15,510,6
PO0021555,2025-10-16,696,16
PO0021675,2025-10-16,408,14
PO0021746,2025-10-16,450,5
PO0021793,2025-10-16,1056,12
PO0021821,2025-10-16,312,1
PO0021835,2025-10-16,990,19
PO0021850,2025-10-16,573,8
PO0021868,2025-10-16,504,8
PO0021869,2025-10-16,6288,83
PO0021873,2025-10-16,3000,18
PO0021876,2025-10-16,2256,57
PO0021883,2025-10-16,258,5
PO0021885,2025-10-16,3756,12
PO0021887,2025-10-16,744,11
PO0021894,2025-10-16,4716,92
PO0021895,2025-10-16,2928,122
PO0021896,2025-10-16,456,3
PO0021903,2025-10-16,1860,17
PO0021905,2025-10-16,1452,17
PO0021909,2025-10-16,1224,11
PO0021919,2025-10-16,816,2
PO0021922,2025-10-16,720,0
PO0021923,2025-10-16,1176,13
PO0021924,2025-10-16,168,1
PO0021925,2025-10-16,168,2
PO0021931,2025-10-16,780,18
PO0021940,2025-10-16,624,11
PO0021941,2025-10-16,3390,59
PO0021942,2025-10-16,2508,44
PO0021949,2025-10-16,624,18
PO0021955,2025-10-16,1536,51
PO0021960,2025-10-16,3828,43
PO0021974,2025-10-16,1530,34
PO0021985,2025-10-16,333,5
PO0021666,2025-10-17,1032,13
PO0021675,2025-10-17,408,11
PO0021691,2025-10-17,2256,108
PO0021747,2025-10-17,480,7
PO0021792,2025-10-17,1200,12
PO0021803,2025-10-17,1224,18
PO0021882,2025-10-17,222,2
PO0021899,2025-10-17,384,2
PO0021900,2025-10-17,3072,33
PO0021902,2025-10-17,3684,40
PO0021904,2025-10-17,405,12
PO0021910,2025-10-17,504,6
PO0021911,2025-10-17,984,19
PO0021914,2025-10-17,384,2
PO0021921,2025-10-17,492,1
PO0021929,2025-10-17,1416,10
PO0021930,2025-10-17,1872,8
PO0021931,2025-10-17,780,16
PO0021938,2025-10-17,576,11
PO0021946,2025-10-17,1344,10
PO0021947,2025-10-17,552,17
PO0021948,2025-10-17,4608,68
PO0021951,2025-10-17,1437,15
PO0021957,2025-10-17,1754,18
PO0021965,2025-10-17,468,9
PO0021968,2025-10-17,2796,62
PO0021969,2025-10-17,408,2
PO0021972,2025-10-17,2238,36
PO0021975,2025-10-17,708,5
PO0021978,2025-10-17,2880,28
PO0021982,2025-10-17,4452,41
PO0021984,2025-10-17,324,12
PO0021987,2025-10-17,816,11
PO0021581,2025-10-18,3912,12
PO0021684,2025-10-18,348,2
PO0021743,2025-10-18,108,1
PO0021779,2025-10-18,2748,32
PO0021878,2025-10-18,648,6
PO0021906,2025-10-18,588,25
PO0021925,2025-10-18,168,0
PO0021936,2025-10-18,210,2
PO0021943,2025-10-18,528,8
PO0021944,2025-10-18,384,3
PO0021950,2025-10-18,750,2
PO0021952,2025-10-18,240,1
PO0021953,2025-10-18,2928,39
PO0021954,2025-10-18,288,5
PO0021967,2025-10-18,1188,10
PO0021974,2025-10-18,1530,19
PO0021976,2025-10-18,2208,12
PO0021979,2025-10-18,480,6
PO0021981,2025-10-18,738,1
PO0021986,2025-10-18,269,2
PO0021989,2025-10-18,2352,33
PO0021992,2025-10-18,692,16
PO0021994,2025-10-18,870,14
PO0021997,2025-10-18,576,7
PO0022034,2025-10-18,648,5
PO0021484,2025-10-19,450,0
PO0021674,2025-10-19,1404,7
PO0021824,2025-10-19,288,3
PO0021829,2025-10-19,1752,17
PO0021846,2025-10-19,249,1
PO0021861,2025-10-19,384,1
PO0021862,2025-10-19,871,7
PO0021892,2025-10-19,384,2
PO0021906,2025-10-19,588,36
PO0021907,2025-10-19,942,2
PO0021954,2025-10-19,288,2
PO0021966,2025-10-19,240,6
PO0021970,2025-10-19,720,6
PO0021971,2025-10-19,1218,8
PO0021973,2025-10-19,1728,7
PO0021977,2025-10-19,1200,34
PO0021980,2025-10-19,6264,86
PO0021983,2025-10-19,1290,6
PO0021988,2025-10-19,912,16
PO0021995,2025-10-19,2740,42
PO0021998,2025-10-19,1176,24
PO0022001,2025-10-19,1224,15
PO0022003,2025-10-19,1608,18
PO0022006,2025-10-19,588,10
PO0022024,2025-10-19,588,10
PO0022040,2025-10-19,1344,17
PO0022057,2025-10-19,900,13
PO0022068,2025-10-19,660,2
PO0022072,2025-10-19,327,5
PO0021484,2025-10-20,450,1
PO0021800,2025-10-20,720,4
PO0021818,2025-10-20,1085,10
PO0021877,2025-10-20,240,2
PO0021886,2025-10-20,1212,15
PO0021904,2025-10-20,405,10
PO0021910,2025-10-20,504,2
PO0021947,2025-10-20,552,17
PO0021985,2025-10-20,333,2
PO0021999,2025-10-20,432,2
PO0022006,2025-10-20,588,6
PO0022007,2025-10-20,360,2
PO0022011,2025-10-20,2064,34
PO0022013,2025-10-20,2898,62
PO0022015,2025-10-20,864,12
PO0022016,2025-10-20,349,1
PO0022017,2025-10-20,456,4
PO0022020,2025-10-20,5208,57
PO0022023,2025-10-20,3165,10
PO0022025,2025-10-20,624,5
PO0022026,2025-10-20,2160,24
PO0022031,2025-10-20,192,0
PO0022032,2025-10-20,144,0
PO0022033,2025-10-20,288,7
PO0022039,2025-10-20,2304,19
PO0022041,2025-10-20,984,2
PO0022044,2025-10-20,3678,40
PO0022045,2025-10-20,3036,19
PO0022046,2025-10-20,2616,8
PO0022048,2025-10-20,2616,48
PO0022050,2025-10-20,1092,10
PO0022059,2025-10-20,960,14
PO0022067,2025-10-20,2736,17
PO0022071,2025-10-20,2496,14
PO0022072,2025-10-20,327,2
PO0022089,2025-10-20,384,2
PO0022103,2025-10-20,1680,3
PO0022111,2025-10-20,552,1
PO0022112,2025-10-20,516,3
PO0021647,2025-10-21,744,3
PO0021846,2025-10-21,249,5
PO0021884,2025-10-21,588,8
PO0021936,2025-10-21,210,0
PO0021959,2025-10-21,672,21
PO0021963,2025-10-21,744,2
PO0021975,2025-10-21,708,5
PO0021993,2025-10-21,192,6
PO0022000,2025-10-21,468,6
PO0022004,2025-10-21,7032,39
PO0022007,2025-10-21,360,5
PO0022010,2025-10-21,2496,44
PO0022014,2025-10-21,3744,36
PO0022018,2025-10-21,1956,24
PO0022019,2025-10-21,450,9
PO0022021,2025-10-21,1656,39
PO0022022,2025-10-21,672,7
PO0022029,2025-10-21,240,7
PO0022030,2025-10-21,1920,5
PO0022043,2025-10-21,714,14
PO0022054,2025-10-21,1104,8
PO0022062,2025-10-21,1152,17
PO0022065,2025-10-21,1104,11
PO0022073,2025-10-21,5583,47
PO0022077,2025-10-21,468,1
PO0022081,2025-10-21,174,2
PO0022098,2025-10-21,1704,24
PO0022107,2025-10-21,312,4
PO0022108,2025-10-21,486,1
PO0022110,2025-10-21,1536,30
PO0022113,2025-10-21,252,1
PO0022115,2025-10-21,483,7
PO0022130,2025-10-21,4224,53
PO0022150,2025-10-21,1284,3
PO0021743,2025-10-22,108,2
PO0021863,2025-10-22,168,4
PO0021913,2025-10-22,5280,63
PO0021956,2025-10-22,4176,71
PO0021962,2025-10-22,1344,16
PO0021990,2025-10-22,720,15
PO0022036,2025-10-22,3576,11
PO0022037,2025-10-22,894,0
PO0022038,2025-10-22,1992,12
PO0022042,2025-10-22,1344,33
PO0022049,2025-10-22,360,2
PO0022051,2025-10-22,2568,23
PO0022052,2025-10-22,1116,57
PO0022053,2025-10-22,264,9
PO0022055,2025-10-22,2016,31
PO0022058,2025-10-22,1344,21
PO0022066,2025-10-22,1137,18
PO0022070,2025-10-22,201,3
PO0022075,2025-10-22,1488,17
PO0022078,2025-10-22,720,8
PO0022082,2025-10-22,1344,7
PO0022085,2025-10-22,648,7
PO0022092,2025-10-22,3888,59
PO0022094,2025-10-22,1608,12
PO0022104,2025-10-22,756,10
PO0022105,2025-10-22,1026,4
PO0022121,2025-10-22,798,3
PO0022122,2025-10-22,3960,31
PO0022129,2025-10-22,744,7
PO0022131,2025-10-22,372,6
PO0022132,2025-10-22,624,6
PO0022134,2025-10-22,712,3
PO0022140,2025-10-22,3024,20
PO0022143,2025-10-22,1056,17
PO0022144,2025-10-22,2136,12
PO0022147,2025-10-22,3216,50
PO0022148,2025-10-22,648,19
PO0022149,2025-10-22,3840,27
PO0022156,2025-10-22,324,4
PO0022158,2025-10-22,768,6
PO0022160,2025-10-22,1698,15
PO0022161,2025-10-22,1176,16
PO0022163,2025-10-22,733,5
PO0022165,2025-10-22,510,1
PO0022181,2025-10-22,528,4
PO0021861,2025-10-23,384,1
PO0021898,2025-10-23,3482,45
PO0021958,2025-10-23,336,5
PO0021999,2025-10-23,432,2
PO0022005,2025-10-23,648,0
PO0022049,2025-10-23,360,3
PO0022064,2025-10-23,4320,230
PO0022076,2025-10-23,2928,27
PO0022080,2025-10-23,2808,51
PO0022086,2025-10-23,756,4
PO0022087,2025-10-23,682,8
PO0022093,2025-10-23,2352,59
PO0022095,2025-10-23,2760,13
PO0022101,2025-10-23,192,2
PO0022106,2025-10-23,844,4
PO0022117,2025-10-23,696,16
PO0022119,2025-10-23,576,1
PO0022120,2025-10-23,576,16
PO0022124,2025-10-23,1212,33
PO0022125,2025-10-23,1086,16
PO0022127,2025-10-23,1536,10
PO0022128,2025-10-23,600,9
PO0022129,2025-10-23,744,1
PO0022135,2025-10-23,4128,37
PO0022136,2025-10-23,6528,57
PO0022138,2025-10-23,4614,46
PO0022139,2025-10-23,1344,36
PO0022142,2025-10-23,1740,40
PO0022146,2025-10-23,1512,4
PO0022151,2025-10-23,972,10
PO0022153,2025-10-23,384,1
PO0022155,2025-10-23,462,2
PO0022160,2025-10-23,1698,22
PO0022167,2025-10-23,177,3
PO0022170,2025-10-23,684,7
PO0022178,2025-10-23,1374,23
PO0022180,2025-10-23,300,0
PO0022182,2025-10-23,522,3
PO0022184,2025-10-23,5316,20
PO0022185,2025-10-23,444,7
PO0022200,2025-10-23,768,36
PO0022002,2025-10-24,684,13
PO0022005,2025-10-24,648,3
PO0022019,2025-10-24,450,3
PO0022025,2025-10-24,624,1
PO0022035,2025-10-24,1872,38
PO0022050,2025-10-24,1092,15
PO0022066,2025-10-24,1137,22
PO0022078,2025-10-24,720,5
PO0022084,2025-10-24,3264,18
PO0022099,2025-10-24,1734,21
PO0022126,2025-10-24,2208,116
PO0022141,2025-10-24,4128,15
PO0022145,2025-10-24,1416,6
PO0022154,2025-10-24,462,10
PO0022164,2025-10-24,1200,9
PO0022166,2025-10-24,804,10
PO0022167,2025-10-24,177,2
PO0022168,2025-10-24,2784,48
PO0022175,2025-10-24,606,13
PO0022176,2025-10-24,1188,15
PO0022179,2025-10-24,1332,74
PO0022190,2025-10-24,1224,22
PO0022192,2025-10-24,1032,22
PO0022195,2025-10-24,1075,13
PO0022196,2025-10-24,1416,12
PO0022198,2025-10-24,1090,16
PO0022201,2025-10-24,960,4
PO0022202,2025-10-24,1032,10
PO0022206,2025-10-24,3192,42
PO0022209,2025-10-24,2280,29
PO0022211,2025-10-24,288,5
PO0022213,2025-10-24,1080,3
PO0022214,2025-10-24,7584,91
PO0022216,2025-10-24,2310,45
PO0022219,2025-10-24,2832,49
PO0022221,2025-10-24,216,2
PO0022228,2025-10-24,1656,91
PO0022232,2025-10-24,2856,17
PO0022238,2025-10-24,96,2
PO0022240,2025-10-24,288,1
PO0022241,2025-10-24,336,12
PO0022244,2025-10-24,672,22
PO0021863,2025-10-25,168,0
PO0021917,2025-10-25,1008,6
PO0022009,2025-10-25,1296,48
PO0022074,2025-10-25,178,2
PO0022102,2025-10-25,240,5
PO0022123,2025-10-25,2100,26
PO0022152,2025-10-25,2322,12
PO0022162,2025-10-25,1584,22
PO0022173,2025-10-25,2436,12
PO0022174,2025-10-25,1134,21
PO0022177,2025-10-25,738,9
PO0022186,2025-10-25,576,3
PO0022191,2025-10-25,576,1
PO0022193,2025-10-25,2652,28
PO0022199,2025-10-25,600,6
PO0022202,2025-10-25,1032,6
PO0022203,2025-10-25,216,1
PO0022205,2025-10-25,768,16
PO0022207,2025-10-25,864,6
PO0022208,2025-10-25,210,3
PO0022212,2025-10-25,3672,31
PO0022213,2025-10-25,1080,3
PO0022217,2025-10-25,662,10
PO0022221,2025-10-25,216,0
PO0022223,2025-10-25,348,3
PO0022224,2025-10-25,4026,36
PO0022227,2025-10-25,1692,10
PO0022230,2025-10-25,300,1
PO0022231,2025-10-25,924,10
PO0022234,2025-10-25,606,3
PO0022236,2025-10-25,1824,28
PO0022242,2025-10-25,72,0
PO0022246,2025-10-25,1254,24
PO0022275,2025-10-25,792,11
PO0021839,2025-10-26,3360,176
PO0021939,2025-10-26,942,9
PO0022012,2025-10-26,684,11
PO0022028,2025-10-26,1092,7
PO0022047,2025-10-26,1126,27
PO0022056,2025-10-26,1392,13
PO0022063,2025-10-26,840,43
PO0022070,2025-10-26,201,1
PO0022083,2025-10-26,204,7
PO0022095,2025-10-26,2760,12
PO0022114,2025-10-26,1386,7
PO0022124,2025-10-26,1212,41
PO0022133,2025-10-26,2784,51
PO0022137,2025-10-26,1608,17
PO0022165,2025-10-26,510,3
PO0022172,2025-10-26,822,7
PO0022190,2025-10-26,1224,25
PO0022210,2025-10-26,624,11
PO0022215,2025-10-26,2028,24
PO0022225,2025-10-26,624,10
PO0022237,2025-10-26,498,6
PO0022245,2025-10-26,330,1
PO0022248,2025-10-26,576,4
PO0022251,2025-10-26,1295,18
PO0022252,2025-10-26,2100,29
PO0022253,2025-10-26,306,9
PO0022258,2025-10-26,334,2
PO0022264,2025-10-26,528,14
PO0022266,2025-10-26,276,2
PO0022267,2025-10-26,912,11
PO0022273,2025-10-26,1476,14
PO0022274,2025-10-26,576,13
PO0022296,2025-10-26,2352,19
PO0022303,2025-10-26,528,4
PO0021918,2025-10-27,1968,97
PO0021964,2025-10-27,321,3
PO0021996,2025-10-27,1632,21
PO0022027,2025-10-27,462,2
PO0022088,2025-10-27,1176,12
PO0022106,2025-10-27,844,7
PO0022145,2025-10-27,1416,6
PO0022187,2025-10-27,5424,64
PO0022188,2025-10-27,930,45
PO0022210,2025-10-27,624,16
PO0022220,2025-10-27,7212,46
PO0022230,2025-10-27,301,1
PO0022238,2025-10-27,96,1
PO0022239,2025-10-27,120,0
PO0022245,2025-10-27,330,3
PO0022253,2025-10-27,306,3
PO0022257,2025-10-27,1597,19
PO0022260,2025-10-27,936,4
PO0022262,2025-10-27,474,10
PO0022269,2025-10-27,5616,58
PO0022271,2025-10-27,1776,37
PO0022276,2025-10-27,510,5
PO0022278,2025-10-27,288,21
PO0022279,2025-10-27,1536,8
PO0022281,2025-10-27,4704,73
PO0022285,2025-10-27,6288,97
PO0022295,2025-10-27,1128,5
PO0022297,2025-10-27,696,3
PO0022301,2025-10-27,798,4
PO0022302,2025-10-27,5136,101
PO0022306,2025-10-27,1848,12
PO0022313,2025-10-27,1782,6
PO0022318,2025-10-27,393,3
PO0022323,2025-10-27,960,13
PO0021837,2025-10-28,1296,21
PO0022027,2025-10-28,462,0
PO0022063,2025-10-28,840,35
PO0022079,2025-10-28,3384,49
PO0022083,2025-10-28,204,10
PO0022091,2025-10-28,1344,12
PO0022096,2025-10-28,912,24
PO0022162,2025-10-28,1584,39
PO0022166,2025-10-28,804,4
PO0022171,2025-10-28,1464,20
PO0022175,2025-10-28,606,11
PO0022183,2025-10-28,462,4
PO0022189,2025-10-28,1056,7
PO0022194,2025-10-28,672,14
PO0022196,2025-10-28,1416,10
PO0022204,2025-10-28,3408,77
PO0022217,2025-10-28,663,11
PO0022222,2025-10-28,210,1
PO0022249,2025-10-28,8568,97
PO0022250,2025-10-28,672,9
PO0022256,2025-10-28,5184,239
PO0022259,2025-10-28,1218,4
PO0022260,2025-10-28,936,2
PO0022261,2025-10-28,6480,45
PO0022263,2025-10-28,528,7
PO0022270,2025-10-28,1728,22
PO0022277,2025-10-28,720,16
PO0022282,2025-10-28,240,3
PO0022284,2025-10-28,3360,18
PO0022286,2025-10-28,504,14
PO0022293,2025-10-28,576,7
PO0022304,2025-10-28,912,10
PO0022307,2025-10-28,5472,15
PO0022309,2025-10-28,600,15
PO0022310,2025-10-28,624,31
PO0022315,2025-10-28,3360,54
PO0022321,2025-10-28,1884,6
PO0022322,2025-10-28,1320,24
PO0022325,2025-10-28,1704,39
PO0022326,2025-10-28,510,5
PO0022327,2025-10-28,822,15
PO0021748,2025-10-29,1128,3
PO0021964,2025-10-29,321,1
PO0022009,2025-10-29,1296,61
PO0022060,2025-10-29,2706,51
PO0022074,2025-10-29,179,3
PO0022102,2025-10-29,240,9
PO0022109,2025-10-29,2892,24
PO0022118,2025-10-29,792,47
PO0022157,2025-10-29,960,10
PO0022186,2025-10-29,576,2
PO0022203,2025-10-29,216,4
PO0022208,2025-10-29,210,2
PO0022218,2025-10-29,3192,169
PO0022242,2025-10-29,72,0
PO0022265,2025-10-29,654,2
PO0022280,2025-10-29,2016,8
PO0022283,2025-10-29,480,3
PO0022288,2025-10-29,600,7
PO0022289,2025-10-29,2196,4
PO0022290,2025-10-29,2586,12
PO0022298,2025-10-29,210,2
PO0022300,2025-10-29,384,9
PO0022308,2025-10-29,5664,61
PO0022312,2025-10-29,5496,61
PO0022314,2025-10-29,612,5
PO0022328,2025-10-29,390,11
PO0022329,2025-10-29,4878,54
PO0022330,2025-10-29,552,4
PO0022333,2025-10-29,192,8
PO0022334,2025-10-29,1656,26
PO0022352,2025-10-29,1032,14
PO0021991,2025-10-30,2520,40
PO0022028,2025-10-30,1092,4
PO0022061,2025-10-30,1404,21
PO0022114,2025-10-30,1386,10
PO0022159,2025-10-30,3096,35
PO0022229,2025-10-30,228,0
PO0022235,2025-10-30,1776,85
PO0022243,2025-10-30,1488,92
PO0022247,2025-10-30,312,0
PO0022272,2025-10-30,102,0
PO0022276,2025-10-30,510,5
PO0022301,2025-10-30,798,4
PO0022335,2025-10-30,1956,17
PO0022337,2025-10-30,816,3
PO0022342,2025-10-30,180,3
PO0022343,2025-10-30,672,8
PO0022347,2025-10-30,2232,40
PO0022349,2025-10-30,1176,15
PO0022354,2025-10-30,456,3
PO0022355,2025-10-30,1224,9
PO0022357,2025-10-30,138,1
PO0022367,2025-10-30,552,0
PO0022008,2025-10-31,1392,26
PO0022091,2025-10-31,1344,11
PO0022100,2025-10-31,2904,53
PO0022235,2025-10-31,1776,103
PO0022272,2025-10-31,102,2
PO0022321,2025-10-31,1884,10
PO0022331,2025-10-31,576,2
PO0022332,2025-10-31,1992,23
PO0022336,2025-10-31,720,24
PO0022339,2025-10-31,2304,19
PO0022344,2025-10-31,852,5
PO0022345,2025-10-31,6360,71
PO0022346,2025-10-31,864,11
PO0022348,2025-10-31,840,12
PO0022350,2025-10-31,1152,11
PO0022351,2025-10-31,1092,5
PO0022353,2025-10-31,2064,18
PO0022361,2025-10-31,3408,47
PO0022363,2025-10-31,6372,32
PO0022366,2025-10-31,4230,44
PO0022369,2025-10-31,360,0
PO0022370,2025-10-31,96,2
PO0022377,2025-10-31,450,0
PO0021748,2025-11-01,1128,7
PO0021935,2025-11-01,738,13
PO0022090,2025-11-01,1398,38
PO0022097,2025-11-01,462,4
PO0022169,2025-11-01,924,21
PO0022171,2025-11-01,1464,17
PO0022222,2025-11-01,210,0
PO0022226,2025-11-01,570,5
PO0022309,2025-11-01,600,14
PO0022311,2025-11-01,1464,8
PO0022319,2025-11-01,516,10
PO0022335,2025-11-01,1956,12
PO0022340,2025-11-01,651,5
PO0022341,2025-11-01,4488,45
PO0022344,2025-11-01,852,7
PO0022354,2025-11-01,456,3
PO0022359,2025-11-01,1584,9
PO0022364,2025-11-01,1681,12
PO0022372,2025-11-01,174,0
PO0022374,2025-11-01,1776,14
PO0022376,2025-11-01,192,1
PO0022090,2025-11-02,1398,42
PO0022116,2025-11-02,1788,19
PO0022218,2025-11-02,3192,160
PO0022247,2025-11-02,312,1
PO0022294,2025-11-02,336,15
PO0022319,2025-11-02,516,6
PO0022331,2025-11-02,576,8
PO0022333,2025-11-02,192,7
PO0022349,2025-11-02,1176,14
PO0022357,2025-11-02,138,0
PO0022358,2025-11-02,384,7
PO0022365,2025-11-02,672,13
PO0022371,2025-11-02,1176,4
PO0022384,2025-11-02,858,1
PO0022389,2025-11-02,120,3
PO0022393,2025-11-02,240,2
PO0022394,2025-11-02,444,5
PO0021961,2025-11-03,6192,133
PO0022169,2025-11-03,924,14
PO0022229,2025-11-03,228,0
PO0022254,2025-11-03,252,3
PO0022268,2025-11-03,1776,75
PO0022299,2025-11-03,2592,8
PO0022305,2025-11-03,5052,46
PO0022311,2025-11-03,1464,6
PO0022316,2025-11-03,468,5
PO0022317,2025-11-03,3354,41
PO0022338,2025-11-03,672,4
PO0022381,2025-11-03,528,8
PO0022382,2025-11-03,456,2
PO0022387,2025-11-03,288,3
PO0022392,2025-11-03,306,2
PO0022400,2025-11-03,1776,31
PO0022401,2025-11-03,7344,25
PO0022405,2025-11-03,120,2
PO0022407,2025-11-03,552,7
PO0022413,2025-11-03,1716,8
PO0022419,2025-11-03,879,13
PO0022421,2025-11-03,978,20
PO0021935,2025-11-04,738,13
PO0022197,2025-11-04,3696,42
PO0022255,2025-11-04,768,15
PO0022287,2025-11-04,5856,34
PO0022324,2025-11-04,1236,22
PO0022340,2025-11-04,651,5
PO0022362,2025-11-04,1284,34
PO0022373,2025-11-04,3840,20
PO0022379,2025-11-04,216,3
PO0022380,2025-11-04,978,0
PO0022381,2025-11-04,528,10
PO0022385,2025-11-04,1008,12
PO0022388,2025-11-04,1596,15
PO0022389,2025-11-04,120,3
PO0022398,2025-11-04,5172,46
PO0022404,2025-11-04,2958,49
PO0022408,2025-11-04,924,17
PO0022410,2025-11-04,360,8
PO0022414,2025-11-04,336,0
PO0022417,2025-11-04,778,3
PO0022424,2025-11-04,498,4
PO0022428,2025-11-04,720,9
PO0022432,2025-11-04,840,16
PO0022434,2025-11-04,1068,10
PO0022320,2025-11-05,1974,90
PO0022372,2025-11-05,174,0
PO0022375,2025-11-05,498,4
PO0022376,2025-11-05,192,3
PO0022393,2025-11-05,240,4
PO0022397,2025-11-05,288,4
PO0022402,2025-11-05,3954,88
PO0022403,2025-11-05,2640,49
PO0022406,2025-11-05,270,5
PO0022410,2025-11-05,360,8
PO0022412,2025-11-05,108,0
PO0022415,2025-11-05,720,9
PO0022423,2025-11-05,3744,25
PO0022425,2025-11-05,1158,8
PO0022426,2025-11-05,2100,28
PO0022429,2025-11-05,243,0
PO0022430,2025-11-05,1644,22
PO0022432,2025-11-05,840,9
PO0022439,2025-11-05,2016,26
PO0022440,2025-11-05,1896,21
PO0022441,2025-11-05,1800,4
PO0022443,2025-11-05,336,3
PO0022444,2025-11-05,1848,35
PO0022451,2025-11-05,708,2
PO0022452,2025-11-05,5424,23
PO0022453,2025-11-05,2016,19
PO0022456,2025-11-05,72,0
PO0022457,2025-11-05,2112,24
PO0022458,2025-11-05,624,11
PO0022460,2025-11-05,486,2
PO0022466,2025-11-05,5616,18
PO0022069,2025-11-06,264,7
PO0022255,2025-11-06,768,12
PO0022368,2025-11-06,90,1
PO0022391,2025-11-06,720,10
PO0022392,2025-11-06,306,1
PO0022396,2025-11-06,774,9
PO0022399,2025-11-06,3408,63
PO0022418,2025-11-06,2232,19
PO0022420,2025-11-06,1086,23
PO0022425,2025-11-06,1158,17
PO0022427,2025-11-06,2736,38
PO0022433,2025-11-06,2352,7
PO0022434,2025-11-06,1068,12
PO0022435,2025-11-06,6702,59
PO0022436,2025-11-06,768,33
PO0022437,2025-11-06,6402,63
PO0022447,2025-11-06,624,15
PO0022463,2025-11-06,474,3
PO0022464,2025-11-06,48,1
PO0022468,2025-11-06,1848,13
PO0022476,2025-11-06,492,1
PO0022356,2025-11-07,624,18
PO0022360,2025-11-07,1296,24
PO0022395,2025-11-07,1740,26
PO0022405,2025-11-07,120,1
PO0022419,2025-11-07,879,12
PO0022438,2025-11-07,912,21
PO0022442,2025-11-07,888,10
PO0022446,2025-11-07,2256,38
PO0022450,2025-11-07,2574,26
PO0022455,2025-11-07,587,3
PO0022459,2025-11-07,216,0
PO0022464,2025-11-07,48,2
PO0022467,2025-11-07,768,11
PO0022472,2025-11-07,960,11
PO0022475,2025-11-07,480,2
PO0022479,2025-11-07,240,3
PO0022487,2025-11-07,720,17
PO0022291,2025-11-08,2400,32
PO0022388,2025-11-08,1596,20
PO0022399,2025-11-08,3408,86
PO0022431,2025-11-08,876,46
PO0022449,2025-11-08,750,7
PO0022454,2025-11-08,180,4
PO0022456,2025-11-08,72,0
PO0022459,2025-11-08,216,2
PO0022468,2025-11-08,1849,10
PO0022470,2025-11-08,264,1
PO0022471,2025-11-08,1752,26
PO0022473,2025-11-08,3244,27
PO0022477,2025-11-08,2700,23
PO0022478,2025-11-08,1638,4
PO0022482,2025-11-08,1260,16
PO0022483,2025-11-08,570,10
PO0022485,2025-11-08,570,9
PO0022488,2025-11-08,3456,48
PO0022506,2025-11-08,984,5
PO0022411,2025-11-09,1728,89
PO0022412,2025-11-09,108,2
PO0022420,2025-11-09,1086,11
PO0022429,2025-11-09,243,2
PO0022448,2025-11-09,1212,24
PO0022480,2025-11-09,1104,8
PO0022481,2025-11-09,5376,92
PO0022486,2025-11-09,132,1
PO0022489,2025-11-09,5664,73
PO0022490,2025-11-09,300,2
PO0022495,2025-11-09,1152,17
PO0022496,2025-11-09,864,17
PO0022499,2025-11-09,426,8
PO0022501,2025-11-09,216,0
PO0022503,2025-11-09,864,6
PO0022505,2025-11-09,1122,3
PO0022515,2025-11-09,438,6
PO0022454,2025-11-10,180,4
PO0022463,2025-11-10,474,1
PO0022485,2025-11-10,570,11
PO0022486,2025-11-10,132,0
PO0022490,2025-11-10,300,2
PO0022491,2025-11-10,1824,29
PO0022492,2025-11-10,647,13
PO0022497,2025-11-10,1152,4
PO0022508,2025-11-10,5292,45
PO0022514,2025-11-10,1134,4
PO0022520,2025-11-10,336,9
PO0022521,2025-11-10,528,2
PO0022531,2025-11-10,1200,10
PO0022535,2025-11-10,672,4
PO0022378,2025-11-11,2414,29
PO0022390,2025-11-11,7584,174
PO0022461,2025-11-11,738,1
PO0022462,2025-11-11,3504,52
PO0022492,2025-11-11,648,12
PO0022494,2025-11-11,1200,8
PO0022499,2025-11-11,426,3
PO0022511,2025-11-11,864,16
PO0022516,2025-11-11,600,2
PO0022517,2025-11-11,1488,8
PO0022523,2025-11-11,960,13
PO0022524,2025-11-11,348,4
PO0022525,2025-11-11,2334,16
PO0022526,2025-11-11,1284,15
PO0022527,2025-11-11,288,3
PO0022530,2025-11-11,864,44
PO0022533,2025-11-11,4176,45
PO0022536,2025-11-11,540,7
PO0022542,2025-11-11,624,4
PO0022544,2025-11-11,720,22
PO0022548,2025-11-11,432,7
PO0022549,2025-11-11,288,5
PO0022576,2025-11-11,432,3
PO0022416,2025-11-12,864,29
PO0022474,2025-11-12,954,7
PO0022478,2025-11-12,1638,6
PO0022502,2025-11-12,192,1
PO0022504,2025-11-12,1289,30
PO0022506,2025-11-12,984,5
PO0022507,2025-11-12,780,5
PO0022509,2025-11-12,800,7
PO0022510,2025-11-12,852,10
PO0022528,2025-11-12,2640,17
PO0022532,2025-11-12,192,4
PO0022534,2025-11-12,1032,24
PO0022540,2025-11-12,3234,42
PO0022545,2025-11-12,264,1
PO0022559,2025-11-12,96,1
PO0022561,2025-11-12,690,4
PO0022562,2025-11-12,852,10
PO0022564,2025-11-12,1632,21
PO0022574,2025-11-12,336,0
PO0022577,2025-11-12,156,2
PO0022597,2025-11-12,4266,40
PO0022604,2025-11-12,1416,19
PO0022292,2025-11-13,624,7
PO0022386,2025-11-13,264,4
PO0022465,2025-11-13,1656,26
PO0022498,2025-11-13,1662,5
PO0022500,2025-11-13,1200,14
PO0022512,2025-11-13,840,19
PO0022538,2025-11-13,555,5
PO0022539,2025-11-13,240,0
PO0022541,2025-11-13,264,7
PO0022545,2025-11-13,264,2
PO0022546,2025-11-13,1776,52
PO0022547,2025-11-13,1056,25
PO0022555,2025-11-13,612,10
PO0022566,2025-11-13,1008,17
PO0022572,2025-11-13,138,2
PO0022575,2025-11-13,288,4
PO0022589,2025-11-13,4848,83
PO0022606,2025-11-13,1296,18
PO0022445,2025-11-14,624,5
PO0022522,2025-11-14,1086,11
PO0022551,2025-11-14,1668,35
PO0022553,2025-11-14,552,4
PO0022554,2025-11-14,1932,16
PO0022556,2025-11-14,4462,53
PO0022558,2025-11-14,840,7
PO0022565,2025-11-14,352,4
PO0022567,2025-11-14,408,3
PO0022569,2025-11-14,552,7
PO0022570,2025-11-14,780,5
PO0022582,2025-11-14,1056,7
PO0022584,2025-11-14,1032,11
PO0022586,2025-11-14,2340,39
PO0022591,2025-11-14,537,9
PO0022593,2025-11-14,2640,130
PO0022598,2025-11-14,1440,13
PO0022599,2025-11-14,1672,17
PO0022600,2025-11-14,563,7
PO0022607,2025-11-14,816,9
PO0022609,2025-11-14,5850,52
PO0022614,2025-11-14,684,6
PO0022615,2025-11-14,948,11
PO0022618,2025-11-14,3888,32
PO0022620,2025-11-14,900,6
PO0022469,2025-11-15,192,1
PO0022484,2025-11-15,2232,99
PO0022524,2025-11-15,348,0
PO0022537,2025-11-15,960,9
PO0022541,2025-11-15,264,6
PO0022551,2025-11-15,1668,40
PO0022570,2025-11-15,780,7
PO0022580,2025-11-15,1494,16
PO0022581,2025-11-15,806,7
PO0022585,2025-11-15,2424,42
PO0022587,2025-11-15,1572,13
PO0022592,2025-11-15,3066,33
PO0022595,2025-11-15,1248,3
PO0022596,2025-11-15,72,4
PO0022601,2025-11-15,1806,24
PO0022603,2025-11-15,1284,8
PO0022605,2025-11-15,936,17
PO0022608,2025-11-15,2532,36
PO0022617,2025-11-15,1212,10
PO0022636,2025-11-15,660,5
PO0022409,2025-11-16,1536,22
PO0022422,2025-11-16,252,4
PO0022552,2025-11-16,1632,41
PO0022560,2025-11-16,582,6
PO0022568,2025-11-16,474,7
PO0022587,2025-11-16,1572,12
PO0022610,2025-11-16,1476,25
PO0022611,2025-11-16,1818,19
PO0022630,2025-11-16,936,7
PO0022631,2025-11-16,1416,12
PO0022632,2025-11-16,816,13
PO0022633,2025-11-16,432,2
PO0022644,2025-11-16,4752,76
PO0022386,2025-11-17,264,1
PO0022484,2025-11-17,2232,125
PO0022566,2025-11-17,1008,6
PO0022568,2025-11-17,474,8
PO0022588,2025-11-17,672,9
PO0022596,2025-11-17,72,2
PO0022602,2025-11-17,744,8
PO0022622,2025-11-17,840,2
PO0022624,2025-11-17,360,3
PO0022626,2025-11-17,3456,37
PO0022628,2025-11-17,216,2
PO0022629,2025-11-17,1008,12
PO0022634,2025-11-17,678,2
PO0022639,2025-11-17,792,16
PO0022641,2025-11-17,3000,63
PO0022645,2025-11-17,3564,49
PO0022654,2025-11-17,288,3
PO0022655,2025-11-17,674,4
PO0022658,2025-11-17,339,1
PO0022663,2025-11-17,1872,20
PO0022670,2025-11-17,2592,7
PO0022689,2025-11-17,648,5
PO0022233,2025-11-18,1422,18
PO0022579,2025-11-18,1008,13
PO0022591,2025-11-18,537,8
PO0022621,2025-11-18,852,14
PO0022623,2025-11-18,3612,81
PO0022625,2025-11-18,3360,34
PO0022627,2025-11-18,219,5
PO0022635,2025-11-18,828,6
PO0022647,2025-11-18,1056,20
PO0022665,2025-11-18,1374,20
PO0022667,2025-11-18,384,5
PO0022671,2025-11-18,960,17
PO0022672,2025-11-18,1855,38
PO0022677,2025-11-18,3024,30
PO0022686,2025-11-18,924,3
PO0022409,2025-11-19,1536,27
PO0022493,2025-11-19,360,4
PO0022518,2025-11-19,1176,8
PO0022519,2025-11-19,4057,44
PO0022573,2025-11-19,1236,58
PO0022588,2025-11-19,672,5
PO0022612,2025-11-19,9168,187
PO0022634,2025-11-19,678,2
PO0022637,2025-11-19,174,3
PO0022640,2025-11-19,7440,51
PO0022646,2025-11-19,2688,30
PO0022648,2025-11-19,3264,25
PO0022650,2025-11-19,2064,27
PO0022653,2025-11-19,624,4
PO0022659,2025-11-19,2262,15
PO0022660,2025-11-19,1008,16
PO0022661,2025-11-19,1404,18
PO0022662,2025-11-19,1536,22
PO0022666,2025-11-19,216,4
PO0022669,2025-11-19,2934,37
PO0022676,2025-11-19,558,1
PO0022678,2025-11-19,2472,36
PO0022680,2025-11-19,1920,101
PO0022683,2025-11-19,564,6
PO0022684,2025-11-19,1584,25
PO0022690,2025-11-19,1104,8
PO0022702,2025-11-19,192,2
PO0022705,2025-11-19,1488,26
PO0022706,2025-11-19,936,4
PO0022709,2025-11-19,1710,14
PO0022726,2025-11-19,1632,4
PO0022616,2025-11-20,648,11
PO0022633,2025-11-20,432,2
PO0022638,2025-11-20,492,3
PO0022658,2025-11-20,339,4
PO0022668,2025-11-20,1824,17
PO0022674,2025-11-20,864,18
PO0022675,2025-11-20,1752,49
PO0022679,2025-11-20,1116,6
PO0022681,2025-11-20,360,1
PO0022682,2025-11-20,246,2
PO0022687,2025-11-20,144,3
PO0022693,2025-11-20,1824,18
PO0022694,2025-11-20,3336,26
PO0022697,2025-11-20,900,23
PO0022699,2025-11-20,384,1
PO0022707,2025-11-20,483,7
PO0022727,2025-11-20,628,2
PO0022728,2025-11-20,1062,14
PO0022730,2025-11-20,126,2
PO0022743,2025-11-20,3984,51
PO0022513,2025-11-21,264,1
PO0022529,2025-11-21,1039,17
PO0022543,2025-11-21,1817,30
PO0022563,2025-11-21,672,13
PO0022649,2025-11-21,1344,10
PO0022666,2025-11-21,216,4
PO0022688,2025-11-21,312,4
PO0022692,2025-11-21,1008,2
PO0022696,2025-11-21,1200,19
PO0022701,2025-11-21,258,3
PO0022707,2025-11-21,483,11
PO0022708,2025-11-21,234,6
PO0022710,2025-11-21,1986,34
PO0022711,2025-11-21,204,0
PO0022712,2025-11-21,323,2
PO0022717,2025-11-21,2553,21
PO0022720,2025-11-21,912,12
PO0022727,2025-11-21,629,1
PO0022729,2025-11-21,240,5
PO0022741,2025-11-21,3600,32
PO0022747,2025-11-21,1182,19
PO0022748,2025-11-21,336,3
PO0022550,2025-11-22,3600,49
PO0022557,2025-11-22,1104,43
PO0022619,2025-11-22,3816,18
PO0022621,2025-11-22,852,21
PO0022698,2025-11-22,1800,40
PO0022713,2025-11-22,708,6
PO0022716,2025-11-22,1932,10
PO0022717,2025-11-22,2553,21
PO0022718,2025-11-22,840,15
PO0022721,2025-11-22,384,7
PO0022722,2025-11-22,588,1
PO0022723,2025-11-22,1815,45
PO0022724,2025-11-22,1080,12
PO0022725,2025-11-22,288,4
PO0022730,2025-11-22,126,0
PO0022733,2025-11-22,352,1
PO0022734,2025-11-22,288,0
PO0022735,2025-11-22,744,5
PO0022737,2025-11-22,6924,43
PO0022738,2025-11-22,900,13
PO0022739,2025-11-22,1440,14
PO0022742,2025-11-22,336,3
PO0022744,2025-11-22,408,6
PO0022745,2025-11-22,456,3
PO0022748,2025-11-22,336,4
PO0022749,2025-11-22,942,24
PO0022750,2025-11-22,900,4
PO0022758,2025-11-22,2820,45
PO0022383,2025-11-23,1056,22
PO0022583,2025-11-23,288,4
PO0022638,2025-11-23,492,1
PO0022642,2025-11-23,714,19
PO0022683,2025-11-23,564,4
PO0022701,2025-11-23,258,4
PO0022711,2025-11-23,204,0
PO0022715,2025-11-23,921,23
PO0022721,2025-11-23,384,6
PO0022728,2025-11-23,1063,6
PO0022731,2025-11-23,240,1
PO0022736,2025-11-23,432,3
PO0022740,2025-11-23,5760,68
PO0022753,2025-11-23,261,2
PO0022754,2025-11-23,414,3
PO0022772,2025-11-23,624,0
PO0022786,2025-11-23,660,5
PO0022578,2025-11-24,492,6
PO0022590,2025-11-24,4680,45
PO0022594,2025-11-24,5496,29
PO0022685,2025-11-24,672,13
PO0022710,2025-11-24,1986,59
PO0022746,2025-11-24,564,7
PO0022751,2025-11-24,528,12
PO0022752,2025-11-24,744,0
PO0022753,2025-11-24,261,5
PO0022756,2025-11-24,267,2
PO0022765,2025-11-24,1056,11
PO0022770,2025-11-24,1632,35
PO0022771,2025-11-24,1776,11
PO0022773,2025-11-24,4380,67
PO0022776,2025-11-24,612,5
PO0022781,2025-11-24,468,7
PO0022783,2025-11-24,2268,11
PO0022785,2025-11-24,1728,10
PO0022797,2025-11-24,542,2
PO0022643,2025-11-25,1152,9
PO0022651,2025-11-25,276,2
PO0022652,2025-11-25,336,7
PO0022657,2025-11-25,4512,61
PO0022691,2025-11-25,2112,46
PO0022700,2025-11-25,4242,43
PO0022715,2025-11-25,921,17
PO0022720,2025-11-25,912,12
PO0022755,2025-11-25,1176,10
PO0022757,2025-11-25,1932,41
PO0022759,2025-11-25,1344,5
PO0022762,2025-11-25,696,3
PO0022763,2025-11-25,1671,6
PO0022766,2025-11-25,1452,14
PO0022769,2025-11-25,3744,16
PO0022775,2025-11-25,1008,19
PO0022778,2025-11-25,210,4
PO0022780,2025-11-25,768,14
PO0022784,2025-11-25,432,8
PO0022787,2025-11-25,300,4
PO0022791,2025-11-25,1776,10
PO0022793,2025-11-25,2340,8
PO0022794,2025-11-25,5040,43
PO0022796,2025-11-25,2424,46
PO0022799,2025-11-25,480,0
PO0022801,2025-11-25,396,3
PO0022803,2025-11-25,816,23
PO0022832,2025-11-25,504,3
PO0022571,2025-11-26,1044,20
PO0022613,2025-11-26,1332,60
PO0022656,2025-11-26,912,13
PO0022695,2025-11-26,960,15
PO0022732,2025-11-26,828,30
PO0022763,2025-11-26,1671,8
PO0022765,2025-11-26,1056,12
PO0022767,2025-11-26,360,2
PO0022774,2025-11-26,456,11
PO0022777,2025-11-26,1776,17
PO0022782,2025-11-26,1638,15
PO0022789,2025-11-26,336,7
PO0022790,2025-11-26,768,9
PO0022798,2025-11-26,192,3
PO0022802,2025-11-26,3108,35
PO0022804,2025-11-26,696,12
PO0022805,2025-11-26,480,2
PO0022806,2025-11-26,1872,30
PO0022807,2025-11-26,276,4
PO0022810,2025-11-26,264,1
PO0022811,2025-11-26,3888,42
PO0022820,2025-11-26,1152,37
PO0022827,2025-11-26,3396,29
PO0022828,2025-11-26,558,1
PO0022829,2025-11-26,1176,12
PO0022831,2025-11-26,2328,52
PO0022835,2025-11-26,2093,26
PO0022836,2025-11-26,2832,49
PO0022837,2025-11-26,528,6
PO0022839,2025-11-26,558,2
PO0022850,2025-11-26,360,6
PO0022754,2025-11-27,414,7
PO0022761,2025-11-27,1884,31
PO0022792,2025-11-27,2928,54
PO0022795,2025-11-27,1608,12
PO0022800,2025-11-27,2292,18
PO0022813,2025-11-27,2112,118
PO0022815,2025-11-27,3936,45
PO0022816,2025-11-27,600,1
PO0022821,2025-11-27,2688,19
PO0022833,2025-11-27,696,2
PO0022834,2025-11-27,144,1
PO0022841,2025-11-27,1608,22
PO0022849,2025-11-27,1812,24
PO0022854,2025-11-27,1872,29
PO0022856,2025-11-27,1656,13
PO0022862,2025-11-27,888,8
PO0022864,2025-11-27,480,8
PO0022865,2025-11-27,432,5
PO0022881,2025-11-27,792,7
PO0022719,2025-11-28,576,15
PO0022764,2025-11-28,402,5
PO0022778,2025-11-28,210,2
PO0022779,2025-11-28,552,3
PO0022808,2025-11-28,312,4
PO0022814,2025-11-28,117,1
PO0022818,2025-11-28,2400,26
PO0022823,2025-11-28,1212,14
PO0022825,2025-11-28,2688,16
PO0022826,2025-11-28,672,2
PO0022843,2025-11-28,1116,15
PO0022844,2025-11-28,291,1
PO0022845,2025-11-28,1602,2
PO0022846,2025-11-28,3648,25
PO0022857,2025-11-28,2712,26
PO0022860,2025-11-28,840,11
PO0022863,2025-11-28,48,0
PO0022866,2025-11-28,2220,19
PO0022867,2025-11-28,216,3
PO0022868,2025-11-28,324,1
PO0022870,2025-11-28,1290,9
PO0022875,2025-11-28,1704,26
PO0022882,2025-11-28,1776,22
PO0022884,2025-11-28,288,6
PO0022714,2025-11-29,1392,25
PO0022760,2025-11-29,3312,170
PO0022774,2025-11-29,456,16
PO0022788,2025-11-29,642,4
PO0022817,2025-11-29,456,4
PO0022824,2025-11-29,336,14
PO0022832,2025-11-29,504,4
PO0022840,2025-11-29,3991,38
PO0022848,2025-11-29,504,4
PO0022851,2025-11-29,192,7
PO0022855,2025-11-29,1230,12
PO0022858,2025-11-29,816,20
PO0022859,2025-11-29,768,9
PO0022871,2025-11-29,216,3
PO0022876,2025-11-29,534,5
PO0022878,2025-11-29,792,15
PO0022879,2025-11-29,504,4
PO0022880,2025-11-29,234,1
PO0022883,2025-11-29,600,2
PO0022889,2025-11-29,1158,18
PO0022891,2025-11-29,1512,19
PO0022664,2025-11-30,2784,130
PO0022673,2025-11-30,864,2
PO0022704,2025-11-30,5184,48
PO0022767,2025-11-30,360,4
PO0022812,2025-11-30,1056,6
PO0022814,2025-11-30,117,1
PO0022819,2025-11-30,864,16
PO0022873,2025-11-30,4860,50
PO0022874,2025-11-30,3552,19
PO0022877,2025-11-30,600,5
PO0022885,2025-11-30,3180,20
PO0022893,2025-11-30,5304,54
PO0022895,2025-11-30,2406,47
PO0022897,2025-11-30,5088,16
PO0022898,2025-11-30,588,9
PO0022809,2025-12-01,1488,11
PO0022848,2025-12-01,504,13
PO0022863,2025-12-01,48,0
PO0022868,2025-12-01,324,0
PO0022887,2025-12-01,1968,48
PO0022888,2025-12-01,264,2
PO0022890,2025-12-01,2256,13
PO0022892,2025-12-01,1080,11
PO0022902,2025-12-01,210,2
PO0022907,2025-12-01,1368,24
PO0022909,2025-12-01,1968,29
PO0022918,2025-12-01,648,7
PO0022919,2025-12-01,2265,22
PO0022920,2025-12-01,1104,24
PO0022921,2025-12-01,696,8
PO0022922,2025-12-01,5077,94
PO0022924,2025-12-01,1950,35
PO0022925,2025-12-01,186,1
PO0022953,2025-12-01,264,4
PO0022714,2025-12-02,1392,26
PO0022830,2025-12-02,384,5
PO0022844,2025-12-02,291,3
PO0022861,2025-12-02,192,3
PO0022886,2025-12-02,1968,29
PO0022894,2025-12-02,3882,31
PO0022900,2025-12-02,930,6
PO0022901,2025-12-02,663,7
PO0022905,2025-12-02,900,15
PO0022908,2025-12-02,960,14
PO0022910,2025-12-02,3456,15
PO0022913,2025-12-02,936,11
PO0022914,2025-12-02,360,4
PO0022930,2025-12-02,2880,64
PO0022932,2025-12-02,372,2
PO0022934,2025-12-02,444,8
PO0022937,2025-12-02,361,3
PO0022940,2025-12-02,288,4
PO0022954,2025-12-02,960,10
PO0022955,2025-12-02,432,3
PO0022956,2025-12-02,192,3
PO0022959,2025-12-02,1104,13
PO0022969,2025-12-02,1680,7
PO0022972,2025-12-02,504,4
PO0022847,2025-12-03,2064,15
PO0022851,2025-12-03,192,3
PO0022869,2025-12-03,600,14
PO0022871,2025-12-03,216,0
PO0022903,2025-12-03,5712,94
PO0022905,2025-12-03,900,15
PO0022906,2025-12-03,2460,10
PO0022915,2025-12-03,1080,13
PO0022917,2025-12-03,4932,17
PO0022919,2025-12-03,2265,27
PO0022923,2025-12-03,894,45
PO0022926,2025-12-03,450,2
PO0022927,2025-12-03,1164,24
PO0022931,2025-12-03,1392,6
PO0022941,2025-12-03,954,6
PO0022942,2025-12-03,660,6
PO0022946,2025-12-03,288,2
PO0022948,2025-12-03,864,22
PO0022951,2025-12-03,125,0
PO0022952,2025-12-03,2352,20
PO0022953,2025-12-03,264,3
PO0022958,2025-12-03,894,3
PO0022965,2025-12-03,552,13
PO0022973,2025-12-03,2292,7
PO0022974,2025-12-03,456,1
PO0022983,2025-12-03,824,10
PO0022997,2025-12-03,3456,14
PO0022842,2025-12-04,426,6
PO0022852,2025-12-04,480,4
PO0022904,2025-12-04,2508,10
PO0022929,2025-12-04,2172,12
PO0022932,2025-12-04,372,4
PO0022939,2025-12-04,1626,9
PO0022947,2025-12-04,1248,20
PO0022960,2025-12-04,552,2
PO0022966,2025-12-04,528,2
PO0022967,2025-12-04,2208,30
PO0022971,2025-12-04,768,3
PO0022976,2025-12-04,4272,81
PO0022978,2025-12-04,2292,39
PO0022987,2025-12-04,1266,13
PO0022991,2025-12-04,2256,12
PO0022993,2025-12-04,396,4
PO0022994,2025-12-04,1212,11
PO0023017,2025-12-04,333,5
PO0022838,2025-12-05,1008,14
PO0022872,2025-12-05,2460,18
PO0022899,2025-12-05,114,4
PO0022912,2025-12-05,1728,9
PO0022935,2025-12-05,960,7
PO0022945,2025-12-05,240,3
PO0022951,2025-12-05,126,1
PO0022961,2025-12-05,192,3
PO0022962,2025-12-05,576,6
PO0022968,2025-12-05,2400,27
PO0022970,2025-12-05,240,11
PO0022972,2025-12-05,504,2
PO0022975,2025-12-05,1680,3
PO0022978,2025-12-05,2292,37
PO0022979,2025-12-05,492,12
PO0022980,2025-12-05,1128,26
PO0022984,2025-12-05,2160,43
PO0022985,2025-12-05,1632,11
PO0022989,2025-12-05,684,10
PO0022990,2025-12-05,1440,35
PO0022992,2025-12-05,360,5
PO0022998,2025-12-05,1608,13
PO0023000,2025-12-05,503,8
PO0023001,2025-12-05,288,3
PO0023003,2025-12-05,408,2
PO0023004,2025-12-05,1152,26
PO0023008,2025-12-05,780,3
PO0023014,2025-12-05,84,0
PO0023016,2025-12-05,1536,9
PO0023017,2025-12-05,333,5
PO0023020,2025-12-05,720,8
PO0022703,2025-12-06,624,8
PO0022768,2025-12-06,1872,24
PO0022853,2025-12-06,1512,79
PO0022913,2025-12-06,936,27
PO0022928,2025-12-06,2784,26
PO0022934,2025-12-06,444,5
PO0022938,2025-12-06,1404,21
PO0022944,2025-12-06,1266,18
PO0022970,2025-12-06,240,4
PO0022977,2025-12-06,876,12
PO0022982,2025-12-06,1596,19
PO0022986,2025-12-06,732,13
PO0022988,2025-12-06,528,2
PO0022995,2025-12-06,792,5
PO0022996,2025-12-06,1728,20
PO0023002,2025-12-06,360,4
PO0023005,2025-12-06,144,2
PO0023011,2025-12-06,576,11
PO0023012,2025-12-06,3378,31
PO0023015,2025-12-06,240,1
PO0023023,2025-12-06,480,5
PO0022899,2025-12-07,114,4
PO0022950,2025-12-07,138,0
PO0022964,2025-12-07,1308,3
PO0023007,2025-12-07,528,8
PO0023009,2025-12-07,5472,44
PO0023013,2025-12-07,1104,11
PO0023018,2025-12-07,1128,6
PO0023030,2025-12-07,1032,5
PO0023036,2025-12-07,924,18
PO0023043,2025-12-07,1266,10
PO0022896,2025-12-08,456,1
PO0022911,2025-12-08,228,1
PO0022957,2025-12-08,192,1
PO0022962,2025-12-08,576,4
PO0022971,2025-12-08,768,2
PO0022993,2025-12-08,396,11
PO0023003,2025-12-08,408,1
PO0023010,2025-12-08,624,9
PO0023022,2025-12-08,528,1
PO0023027,2025-12-08,342,2
PO0023028,2025-12-08,63,1
PO0023029,2025-12-08,2400,22
PO0023031,2025-12-08,720,6
PO0023033,2025-12-08,408,7
PO0023035,2025-12-08,6744,75
PO0023037,2025-12-08,240,1
PO0023038,2025-12-08,6960,24
PO0023042,2025-12-08,288,6
PO0023046,2025-12-08,3738,30
PO0023055,2025-12-08,1056,12
PO0023069,2025-12-08,762,0
PO0022916,2025-12-09,1008,6
PO0022933,2025-12-09,3072,26
PO0022944,2025-12-09,1266,15
PO0022963,2025-12-09,2196,29
PO0023018,2025-12-09,1128,5
PO0023024,2025-12-09,273,2
PO0023032,2025-12-09,840,10
PO0023047,2025-12-09,240,3
PO0023050,2025-12-09,960,23
PO0023051,2025-12-09,1476,11
PO0023054,2025-12-09,2976,149
PO0023056,2025-12-09,372,5
PO0023068,2025-12-09,636,5
PO0023075,2025-12-09,3361,44
PO0023076,2025-12-09,1200,10
PO0023077,2025-12-09,1932,31
PO0023078,2025-12-09,684,5
PO0023079,2025-12-09,1056,21
PO0023080,2025-12-09,570,17
PO0023081,2025-12-09,402,5
PO0023088,2025-12-09,888,5
PO0023089,2025-12-09,990,7
PO0023104,2025-12-09,5328,18
PO0023120,2025-12-09,396,5
PO0022911,2025-12-10,228,1
PO0022943,2025-12-10,4206,62
PO0023007,2025-12-10,528,4
PO0023011,2025-12-10,576,6
PO0023027,2025-12-10,342,6
PO0023034,2025-12-10,648,18
PO0023044,2025-12-10,774,18
PO0023048,2025-12-10,2214,39
PO0023052,2025-12-10,4512,38
PO0023053,2025-12-10,678,16
PO0023058,2025-12-10,1452,17
PO0023062,2025-12-10,5904,102
PO0023065,2025-12-10,1104,6
PO0023070,2025-12-10,672,7
PO0023071,2025-12-10,120,1
PO0023072,2025-12-10,1320,7
PO0023074,2025-12-10,2004,48
PO0023082,2025-12-10,864,8
PO0023086,2025-12-10,378,2
PO0023090,2025-12-10,153,3
PO0023091,2025-12-10,2640,29
PO0023093,2025-12-10,4248,37
PO0023096,2025-12-10,492,7
PO0023099,2025-12-10,1320,15
PO0023100,2025-12-10,2598,13
PO0023103,2025-12-10,654,4
PO0023115,2025-12-10,1440,32
PO0023119,2025-12-10,660,7
PO0023121,2025-12-10,816,12
PO0023123,2025-12-10,360,1
PO0022949,2025-12-11,1560,61
PO0023053,2025-12-11,678,17
PO0023063,2025-12-11,396,6
PO0023073,2025-12-11,87,1
PO0023083,2025-12-11,132,0
PO0023092,2025-12-11,930,5
PO0023094,2025-12-11,3864,36
PO0023102,2025-12-11,633,7
PO0023105,2025-12-11,960,7
PO0023106,2025-12-11,1182,29
PO0023109,2025-12-11,1620,6
PO0023111,2025-12-11,2316,43
PO0023112,2025-12-11,3180,30
PO0023117,2025-12-11,1896,30
PO0023127,2025-12-11,240,1
PO0023133,2025-12-11,4752,51
PO0023135,2025-12-11,756,10
PO0023137,2025-12-11,2400,15
PO0023141,2025-12-11,144,5
PO0023142,2025-12-11,195,1
PO0022822,2025-12-12,2544,36
PO0022896,2025-12-12,456,2
PO0022981,2025-12-12,1440,29
PO0022999,2025-12-12,480,9
PO0023019,2025-12-12,2928,33
PO0023025,2025-12-12,480,21
PO0023028,2025-12-12,63,1
PO0023049,2025-12-12,318,9
PO0023066,2025-12-12,1134,10
PO0023095,2025-12-12,1716,25
PO0023097,2025-12-12,1632,5
PO0023098,2025-12-12,336,3
PO0023107,2025-12-12,1518,8
PO0023110,2025-12-12,174,2
PO0023113,2025-12-12,294,3
PO0023116,2025-12-12,456,4
PO0023123,2025-12-12,360,6
PO0023130,2025-12-12,360,6
PO0023132,2025-12-12,900,7
PO0023134,2025-12-12,768,21
PO0023140,2025-12-12,240,0
PO0023144,2025-12-12,198,0
PO0023145,2025-12-12,840,9
PO0023146,2025-12-12,189,4
PO0023151,2025-12-12,1296,24
PO0023152,2025-12-12,1092,22
PO0023154,2025-12-12,2880,36
PO0023156,2025-12-12,1632,14
PO0023159,2025-12-12,1668,13
PO0023161,2025-12-12,876,11
PO0023162,2025-12-12,840,12
PO0023163,2025-12-12,948,13
PO0023024,2025-12-13,273,1
PO0023071,2025-12-13,120,4
PO0023090,2025-12-13,153,0
PO0023101,2025-12-13,1524,20
PO0023102,2025-12-13,633,5
PO0023110,2025-12-13,174,3
PO0023129,2025-12-13,612,3
PO0023131,2025-12-13,1416,29
PO0023139,2025-12-13,312,2
PO0023140,2025-12-13,240,1
PO0023144,2025-12-13,198,0
PO0023147,2025-12-13,288,2
PO0023149,2025-12-13,4704,22
PO0023157,2025-12-13,5088,18
PO0023158,2025-12-13,372,1
PO0023168,2025-12-13,1164,9
PO0023172,2025-12-13,1092,7
PO0023174,2025-12-13,750,8
PO0022949,2025-12-14,1560,72
PO0023025,2025-12-14,480,31
PO0023041,2025-12-14,2448,17
PO0023059,2025-12-14,360,9
PO0023061,2025-12-14,648,38
PO0023067,2025-12-14,6144,64
PO0023073,2025-12-14,87,1
PO0023087,2025-12-14,384,1
PO0023129,2025-12-14,612,9
PO0023138,2025-12-14,2262,28
PO0023141,2025-12-14,144,4
PO0023148,2025-12-14,1088,8
PO0023155,2025-12-14,1968,13
PO0023165,2025-12-14,1032,25
PO0023166,2025-12-14,384,3
PO0023167,2025-12-14,1512,17
PO0023169,2025-12-14,840,11
PO0023170,2025-12-14,396,7
PO0023176,2025-12-14,5892,126
PO0023178,2025-12-14,1104,12
PO0023179,2025-12-14,243,5
PO0023191,2025-12-14,336,3
PO0023206,2025-12-14,1224,14
PO0023207,2025-12-14,708,11
PO0022981,2025-12-15,1440,26
PO0023061,2025-12-15,648,40
PO0023083,2025-12-15,132,0
PO0023084,2025-12-15,228,4
PO0023142,2025-12-15,195,2
PO0023171,2025-12-15,2424,42
PO0023177,2025-12-15,576,3
PO0023180,2025-12-15,2112,25
PO0023184,2025-12-15,618,1
PO0023185,2025-12-15,1824,25
PO0023189,2025-12-15,1776,4
PO0023199,2025-12-15,456,6
PO0023201,2025-12-15,2064,38
PO0023204,2025-12-15,540,5
PO0023208,2025-12-15,306,1
PO0023212,2025-12-15,2064,18
PO0023216,2025-12-15,756,36
PO0023224,2025-12-15,360,5
PO0023229,2025-12-15,576,4
PO0023240,2025-12-15,420,8
PO0023241,2025-12-15,462,9
PO0023039,2025-12-16,6192,74
PO0023126,2025-12-16,96,0
PO0023136,2025-12-16,708,16
PO0023146,2025-12-16,189,4
PO0023147,2025-12-16,288,1
PO0023150,2025-12-16,3102,56
PO0023160,2025-12-16,221,4
PO0023164,2025-12-16,720,21
PO0023175,2025-12-16,864,9
PO0023181,2025-12-16,3543,55
PO0023182,2025-12-16,4812,40
PO0023187,2025-12-16,1014,9
PO0023190,2025-12-16,1788,20
PO0023193,2025-12-16,3744,195
PO0023196,2025-12-16,1536,15
PO0023200,2025-12-16,534,8
PO0023202,2025-12-16,336,5
PO0023205,2025-12-16,474,9
PO0023209,2025-12-16,936,13
PO0023210,2025-12-16,576,6
PO0023214,2025-12-16,1704,8
PO0023215,2025-12-16,888,11
PO0023217,2025-12-16,2112,26
PO0023218,2025-12-16,1428,24
PO0023221,2025-12-16,504,14
PO0023224,2025-12-16,360,1
PO0023227,2025-12-16,432,1
PO0023239,2025-12-16,450,4
PO0023245,2025-12-16,1956,24
PO0023263,2025-12-16,2268,40
PO0023270,2025-12-16,1224,13
PO0023277,2025-12-16,3948,39
PO0022936,2025-12-17,720,8
PO0023026,2025-12-17,432,10
PO0023040,2025-12-17,912,8
PO0023045,2025-12-17,576,3
PO0023064,2025-12-17,624,5
PO0023108,2025-12-17,672,28
PO0023122,2025-12-17,732,35
PO0023183,2025-12-17,678,4
PO0023194,2025-12-17,408,0
PO0023195,2025-12-17,2856,40
PO0023214,2025-12-17,1704,10
PO0023220,2025-12-17,528,15
PO0023225,2025-12-17,528,14
PO0023226,2025-12-17,1872,18
PO0023230,2025-12-17,822,15
PO0023234,2025-12-17,390,2
PO0023235,2025-12-17,1968,12
PO0023236,2025-12-17,1224,26
PO0023248,2025-12-17,1836,42
PO0023249,2025-12-17,468,11
PO0023253,2025-12-17,5598,71
PO0023256,2025-12-17,120,6
PO0023265,2025-12-17,372,1
PO0023278,2025-12-17,462,3
PO0023279,2025-12-17,240,3
PO0023283,2025-12-17,324,1
PO0023006,2025-12-18,6072,79
PO0023057,2025-12-18,1776,21
PO0023118,2025-12-18,60,1
PO0023125,2025-12-18,336,24
PO0023143,2025-12-18,828,9
PO0023153,2025-12-18,5568,30
PO0023179,2025-12-18,243,1
PO0023188,2025-12-18,1464,27
PO0023203,2025-12-18,864,15
PO0023209,2025-12-18,936,9
PO0023232,2025-12-18,1020,19
PO0023237,2025-12-18,2502,22
PO0023242,2025-12-18,240,6
PO0023250,2025-12-18,2904,51
PO0023252,2025-12-18,1086,6
PO0023259,2025-12-18,624,4
PO0023260,2025-12-18,813,3
PO0023262,2025-12-18,2442,31
PO0023264,2025-12-18,240,8
PO0023266,2025-12-18,480,10
PO0023268,2025-12-18,336,3
PO0023274,2025-12-18,1716,17
PO0023280,2025-12-18,3864,61
PO0023285,2025-12-18,683,5
PO0023286,2025-12-18,2346,30
PO0023293,2025-12-18,384,1
PO0023296,2025-12-18,2880,15
PO0023298,2025-12-18,720,15
PO0023307,2025-12-18,408,5
PO0023308,2025-12-18,840,5
PO0023311,2025-12-18,3552,35
PO0023316,2025-12-18,876,2
PO0023324,2025-12-18,1332,16
PO0023326,2025-12-18,4614,61
PO0023331,2025-12-18,990,16
PO0023334,2025-12-18,366,8
PO0023021,2025-12-19,1920,82
PO0023085,2025-12-19,528,8
PO0023128,2025-12-19,582,8
PO0023171,2025-12-19,2424,40
PO0023202,2025-12-19,336,5
PO0023219,2025-12-19,131,0
PO0023222,2025-12-19,384,6
PO0023251,2025-12-19,984,2
PO0023255,2025-12-19,1170,6
PO0023257,2025-12-19,216,2
PO0023258,2025-12-19,798,9
PO0023266,2025-12-19,480,9
PO0023267,2025-12-19,336,3
PO0023273,2025-12-19,144,0
PO0023276,2025-12-19,288,5
PO0023281,2025-12-19,1188,2
PO0023282,2025-12-19,1710,32
PO0023289,2025-12-19,1356,4
PO0023291,2025-12-19,840,4
PO0023294,2025-12-19,252,1
PO0023297,2025-12-19,4512,82
PO0023301,2025-12-19,1824,27
PO0023306,2025-12-19,192,4
PO0023313,2025-12-19,276,2
PO0023314,2025-12-19,2796,38
PO0023317,2025-12-19,768,5
PO0023319,2025-12-19,420,1
PO0023325,2025-12-19,1536,46
PO0023327,2025-12-19,1218,28
PO0023335,2025-12-19,228,1
PO0023336,2025-12-19,1776,13
PO0023337,2025-12-19,846,9
PO0023040,2025-12-20,912,10
PO0023187,2025-12-20,1014,8
PO0023222,2025-12-20,384,7
PO0023231,2025-12-20,1048,8
PO0023247,2025-12-20,492,9
PO0023251,2025-12-20,984,4
PO0023255,2025-12-20,1170,11
PO0023290,2025-12-20,1104,4
PO0023295,2025-12-20,288,5
PO0023300,2025-12-20,2652,25
PO0023302,2025-12-20,1506,3
PO0023303,2025-12-20,864,12
PO0023304,2025-12-20,2160,40
PO0023310,2025-12-20,558,2
PO0023315,2025-12-20,1164,8
PO0023318,2025-12-20,1254,6
PO0023321,2025-12-20,3252,65
PO0023322,2025-12-20,762,5
PO0023323,2025-12-20,936,12
PO0023339,2025-12-20,828,46
PO0023340,2025-12-20,2712,46
PO0023351,2025-12-20,810,5
PO0023026,2025-12-21,432,6
PO0023060,2025-12-21,1536,36
PO0023124,2025-12-21,1104,17
PO0023211,2025-12-21,1080,12
PO0023243,2025-12-21,1239,19
PO0023244,2025-12-21,1104,3
PO0023256,2025-12-21,120,5
PO0023320,2025-12-21,2664,65
PO0023329,2025-12-21,1104,26
PO0023332,2025-12-21,4116,12
PO0023333,2025-12-21,858,4
PO0023338,2025-12-21,1104,13
PO0023349,2025-12-21,744,3
PO0023350,2025-12-21,534,6
PO0023354,2025-12-21,5130,50
PO0023358,2025-12-21,379,6
PO0023359,2025-12-21,96,1
PO0023363,2025-12-21,96,0
PO0023118,2025-12-22,60,1
PO0023173,2025-12-22,360,3
PO0023192,2025-12-22,3696,196
PO0023246,2025-12-22,864,9
PO0023260,2025-12-22,813,1
PO0023268,2025-12-22,336,4
PO0023341,2025-12-22,6816,44
PO0023343,2025-12-22,2952,24
PO0023344,2025-12-22,2820,52
PO0023355,2025-12-22,1308,10
PO0023360,2025-12-22,1242,21
PO0023361,2025-12-22,1056,26
PO0023362,2025-12-22,360,1
PO0023365,2025-12-22,3912,76
PO0023366,2025-12-22,5220,58
PO0023369,2025-12-22,354,0
PO0023370,2025-12-22,1560,21
PO0023374,2025-12-22,960,10
PO0023376,2025-12-22,636,7
PO0023382,2025-12-22,672,14
PO0023391,2025-12-22,948,7
PO0023392,2025-12-22,1104,16
PO0023261,2025-12-23,2460,49
PO0023269,2025-12-23,2088,25
PO0023289,2025-12-23,1356,4
PO0023292,2025-12-23,348,11
PO0023330,2025-12-23,984,14
PO0023342,2025-12-23,798,10
PO0023346,2025-12-23,239,2
PO0023347,2025-12-23,912,4
PO0023353,2025-12-23,360,7
PO0023357,2025-12-23,1992,34
PO0023364,2025-12-23,1488,17
PO0023369,2025-12-23,354,1
PO0023371,2025-12-23,558,5
PO0023373,2025-12-23,348,2
PO0023375,2025-12-23,1803,22
PO0023377,2025-12-23,1104,27
PO0023383,2025-12-23,282,3
PO0023384,2025-12-23,864,11
PO0023386,2025-12-23,192,3
PO0023388,2025-12-23,864,9
PO0023393,2025-12-23,1416,9
PO0023394,2025-12-23,1681,17
PO0023397,2025-12-23,246,0
PO0023399,2025-12-23,186,2
PO0023402,2025-12-23,516,4
PO0023407,2025-12-23,1188,8
PO0023408,2025-12-23,3516,29
PO0023409,2025-12-23,672,5
PO0023410,2025-12-23,528,6
PO0023411,2025-12-23,528,3
PO0023416,2025-12-23,376,6
PO0023424,2025-12-23,936,7
PO0023430,2025-12-23,971,16
PO0023440,2025-12-23,2784,39
PO0023443,2025-12-23,1008,7
PO0023445,2025-12-23,720,3
PO0023186,2025-12-24,456,6
PO0023309,2025-12-24,1488,7
PO0023312,2025-12-24,840,10
PO0023328,2025-12-24,1548,76
PO0023353,2025-12-24,360,10
PO0023362,2025-12-24,360,5
PO0023367,2025-12-24,288,1
PO0023372,2025-12-24,354,7
PO0023375,2025-12-24,1803,20
PO0023379,2025-12-24,1626,14
PO0023385,2025-12-24,792,2
PO0023387,2025-12-24,804,14
PO0023389,2025-12-24,672,15
PO0023390,2025-12-24,648,16
PO0023395,2025-12-24,444,2
PO0023398,2025-12-24,768,15
PO0023400,2025-12-24,1704,11
PO0023405,2025-12-24,576,5
PO0023415,2025-12-24,2904,29
PO0023417,2025-12-24,2280,23
PO0023418,2025-12-24,432,9
PO0023420,2025-12-24,2040,9
PO0023422,2025-12-24,4176,80
PO0023425,2025-12-24,267,1
PO0023426,2025-12-24,1200,12
PO0023430,2025-12-24,971,7
PO0023435,2025-12-24,528,15
PO0023437,2025-12-24,2040,23
PO0023439,2025-12-24,1203,6
PO0023444,2025-12-24,3840,51
PO0023450,2025-12-24,630,3
PO0023451,2025-12-24,1920,35
PO0023454,2025-12-24,180,2
PO0023469,2025-12-24,462,9
PO0023476,2025-12-24,924,15
PO0023477,2025-12-24,1584,6
PO0023186,2025-12-25,456,9
PO0023223,2025-12-25,1770,35
PO0023269,2025-12-25,2088,22
PO0023272,2025-12-25,828,7
PO0023299,2025-12-25,702,4
PO0023358,2025-12-25,379,5
PO0023368,2025-12-25,504,6
PO0023380,2025-12-25,393,9
PO0023403,2025-12-25,1968,20
PO0023412,2025-12-25,192,3
PO0023413,2025-12-25,504,5
PO0023414,2025-12-25,1008,9
PO0023419,2025-12-25,708,2
PO0023427,2025-12-25,522,0
PO0023429,2025-12-25,516,14
PO0023431,2025-12-25,810,3
PO0023433,2025-12-25,624,13
PO0023434,2025-12-25,6372,40
PO0023437,2025-12-25,2040,14
PO0023441,2025-12-25,2250,19
PO0023447,2025-12-25,600,4
PO0023449,2025-12-25,582,12
PO0023452,2025-12-25,672,2
PO0023456,2025-12-25,504,0
PO0023458,2025-12-25,2088,18
PO0023464,2025-12-25,948,10
PO0023465,2025-12-25,552,7
PO0023467,2025-12-25,762,8
PO0023482,2025-12-25,1440,51
PO0023483,2025-12-25,240,5
PO0023485,2025-12-25,750,3
PO0023488,2025-12-25,1056,9
PO0023114,2025-12-26,2208,14
PO0023233,2025-12-26,144,0
PO0023254,2025-12-26,900,21
PO0023271,2025-12-26,864,4
PO0023348,2025-12-26,2832,18
PO0023371,2025-12-26,558,9
PO0023399,2025-12-26,186,1
PO0023406,2025-12-26,1728,33
PO0023425,2025-12-26,267,0
PO0023432,2025-12-26,858,4
PO0023438,2025-12-26,2169,29
PO0023439,2025-12-26,1203,4
PO0023442,2025-12-26,339,2
PO0023446,2025-12-26,1176,11
PO0023448,2025-12-26,2304,14
PO0023453,2025-12-26,2128,9
PO0023462,2025-12-26,120,1
PO0023468,2025-12-26,888,20
PO0023472,2025-12-26,1560,24
PO0023473,2025-12-26,1140,52
PO0023475,2025-12-26,3492,22
PO0023478,2025-12-26,1230,15
PO0023479,2025-12-26,1678,33
PO0023480,2025-12-26,914,11
PO0023491,2025-12-26,612,7
PO0023494,2025-12-26,3204,12
PO0023497,2025-12-26,816,31
PO0023498,2025-12-26,3720,31
PO0023503,2025-12-26,3936,30
PO0023506,2025-12-26,912,8
PO0023508,2025-12-26,1332,8
PO0023514,2025-12-26,480,2
PO0023515,2025-12-26,396,2
PO0023516,2025-12-26,1176,6
PO0023519,2025-12-26,528,2
PO0023520,2025-12-26,1752,21
PO0023198,2025-12-27,1212,8
PO0023238,2025-12-27,435,5
PO0023288,2025-12-27,132,2
PO0023381,2025-12-27,7488,170
PO0023386,2025-12-27,192,6
PO0023390,2025-12-27,648,9
PO0023400,2025-12-27,1704,13
PO0023423,2025-12-27,1920,17
PO0023455,2025-12-27,1026,9
PO0023457,2025-12-27,186,3
PO0023460,2025-12-27,5256,52
PO0023461,2025-12-27,1680,32
PO0023471,2025-12-27,2100,39
PO0023474,2025-12-27,5040,48
PO0023479,2025-12-27,1679,45
PO0023484,2025-12-27,2244,16
PO0023486,2025-12-27,2280,22
PO0023487,2025-12-27,3186,28
PO0023489,2025-12-27,1080,17
PO0023490,2025-12-27,384,8
PO0023491,2025-12-27,612,10
PO0023492,2025-12-27,2976,44
PO0023493,2025-12-27,168,0
PO0023496,2025-12-27,4140,70
PO0023499,2025-12-27,2400,20
PO0023504,2025-12-27,2634,56
PO0023510,2025-12-27,960,26
PO0023512,2025-12-27,4392,24
PO0023522,2025-12-27,288,0
PO0023238,2025-12-28,435,1
PO0023441,2025-12-28,2250,28
PO0023456,2025-12-28,504,3
PO0023495,2025-12-28,1032,7
PO0023505,2025-12-28,274,2
PO0023507,2025-12-28,528,3
PO0023509,2025-12-28,1128,3
PO0023513,2025-12-28,1608,25
PO0023517,2025-12-28,2784,16
PO0023521,2025-12-28,1332,28
PO0023523,2025-12-28,652,5
PO0023525,2025-12-28,480,1
PO0023526,2025-12-28,960,33
PO0023528,2025-12-28,480,25
PO0023533,2025-12-28,1716,21
PO0023541,2025-12-28,240,5
PO0023197,2025-12-29,1848,51
PO0023287,2025-12-29,72,0
PO0023288,2025-12-29,132,4
PO0023378,2025-12-29,3072,35
PO0023380,2025-12-29,393,4
PO0023412,2025-12-29,192,2
PO0023457,2025-12-29,186,1
PO0023463,2025-12-29,522,0
PO0023467,2025-12-29,762,9
PO0023481,2025-12-29,864,14
PO0023511,2025-12-29,3024,135
PO0023524,2025-12-29,252,3
PO0023527,2025-12-29,2016,57
PO0023529,2025-12-29,1824,30
PO0023535,2025-12-29,1200,36
PO0023536,2025-12-29,682,10
PO0023537,2025-12-29,48,0
PO0023538,2025-12-29,444,4
PO0023540,2025-12-29,1368,21
PO0023545,2025-12-29,645,4
PO0023549,2025-12-29,3492,24
PO0023550,2025-12-29,720,9
PO0023553,2025-12-29,480,4
PO0023555,2025-12-29,315,1
PO0023568,2025-12-29,192,1
PO0023575,2025-12-29,648,3
PO0023597,2025-12-29,624,5
PO0023598,2025-12-29,1632,13
PO0023213,2025-12-30,804,18
PO0023345,2025-12-30,3084,54
PO0023396,2025-12-30,762,15
PO0023404,2025-12-30,1030,3
PO0023438,2025-12-30,2169,22
PO0023442,2025-12-30,339,2
PO0023459,2025-12-30,2040,23
PO0023470,2025-12-30,480,14
PO0023478,2025-12-30,1230,37
PO0023501,2025-12-30,1008,15
PO0023508,2025-12-30,1332,7
PO0023530,2025-12-30,485,6
PO0023531,2025-12-30,660,14
PO0023532,2025-12-30,264,4
PO0023539,2025-12-30,384,7
PO0023542,2025-12-30,912,15
PO0023543,2025-12-30,948,13
PO0023544,2025-12-30,1560,5
PO0023548,2025-12-30,1632,30
PO0023554,2025-12-30,1344,11
PO0023556,2025-12-30,1656,12
PO0023557,2025-12-30,372,6
PO0023563,2025-12-30,864,10
PO0023566,2025-12-30,1560,9
PO0023567,2025-12-30,114,1
PO0023569,2025-12-30,600,10
PO0023571,2025-12-30,696,2
PO0023577,2025-12-30,756,4
PO0023579,2025-12-30,1215,27
PO0023580,2025-12-30,5280,64
PO0023582,2025-12-30,2664,35
PO0023585,2025-12-30,1662,6
PO0023591,2025-12-30,726,12
PO0023592,2025-12-30,1044,5
PO0023284,2025-12-31,801,11
PO0023401,2025-12-31,576,0
PO0023428,2025-12-31,1056,8
PO0023537,2025-12-31,48,0
PO0023547,2025-12-31,1128,4
PO0023552,2025-12-31,204,1
PO0023555,2025-12-31,315,0
PO0023558,2025-12-31,240,2
PO0023559,2025-12-31,1380,22
PO0023562,2025-12-31,384,5
PO0023564,2025-12-31,1344,4
PO0023567,2025-12-31,114,2
PO0023573,2025-12-31,1416,4
PO0023574,2025-12-31,264,4
PO0023578,2025-12-31,270,3
PO0023584,2025-12-31,4944,17
PO0023586,2025-12-31,192,6
PO0023588,2025-12-31,240,1
PO0023593,2025-12-31,624,18
PO0023595,2025-12-31,774,42
PO0023605,2025-12-31,1872,90
PO0023614,2025-12-31,1200,6
PO0023621,2025-12-31,936,44
PO0023436,2026-01-01,564,4
PO0023470,2026-01-01,480,10
PO0023500,2026-01-01,972,13
PO0023507,2026-01-01,528,3
PO0023534,2026-01-01,4848,72
PO0023538,2026-01-01,444,8
PO0023551,2026-01-01,1584,25
PO0023570,2026-01-01,1680,31
PO0023572,2026-01-01,3120,71
PO0023574,2026-01-01,264,0
PO0023576,2026-01-01,384,11
PO0023581,2026-01-01,600,6
PO0023583,2026-01-01,2280,30
PO0023589,2026-01-01,888,8
PO0023594,2026-01-01,1122,26
PO0023596,2026-01-01,672,1
PO0023599,2026-01-01,456,7
PO0023602,2026-01-01,1920,30
PO0023603,2026-01-01,402,4
PO0023606,2026-01-01,2448,44
PO0023608,2026-01-01,3164,40
PO0023611,2026-01-01,96,1
PO0023612,2026-01-01,2448,24
PO0023617,2026-01-01,4848,23
PO0023620,2026-01-01,497,3
PO0023622,2026-01-01,2316,16
PO0023623,2026-01-01,432,3
PO0023625,2026-01-01,2364,24
PO0023628,2026-01-01,384,11
PO0023630,2026-01-01,264,2
PO0023631,2026-01-01,576,9
PO0023640,2026-01-01,576,4
PO0023649,2026-01-01,1008,10
PO0023656,2026-01-01,120,0
PO0023675,2026-01-01,153,2
PO0023228,2026-01-02,144,1
PO0023287,2026-01-02,72,1
PO0023352,2026-01-02,792,3
PO0023561,2026-01-02,960,14
PO0023587,2026-01-02,456,3
PO0023603,2026-01-02,402,6
PO0023604,2026-01-02,433,5
PO0023607,2026-01-02,936,23
PO0023609,2026-01-02,1104,18
PO0023611,2026-01-02,96,2
PO0023618,2026-01-02,4620,33
PO0023619,2026-01-02,1848,32
PO0023629,2026-01-02,408,8
PO0023632,2026-01-02,1320,16
PO0023636,2026-01-02,1308,24
PO0023637,2026-01-02,708,9
PO0023639,2026-01-02,3120,31
PO0023640,2026-01-02,576,1
PO0023641,2026-01-02,396,7
PO0023643,2026-01-02,1920,23
PO0023647,2026-01-02,1056,6
PO0023648,2026-01-02,1440,75
PO0023651,2026-01-02,240,5
PO0023652,2026-01-02,360,0
PO0023654,2026-01-02,168,0
PO0023658,2026-01-02,348,2
PO0023659,2026-01-02,2352,20
PO0023660,2026-01-02,5664,88
PO0023661,2026-01-02,1955,15
PO0023663,2026-01-02,2016,8
PO0023664,2026-01-02,384,4
PO0023669,2026-01-02,1080,5
PO0023213,2026-01-03,804,29
PO0023284,2026-01-03,801,5
PO0023305,2026-01-03,336,3
PO0023436,2026-01-03,564,2
PO0023578,2026-01-03,270,4
PO0023579,2026-01-03,1215,30
PO0023604,2026-01-03,434,8
PO0023633,2026-01-03,192,5
PO0023634,2026-01-03,1512,13
PO0023635,2026-01-03,990,9
PO0023638,2026-01-03,3828,33
PO0023644,2026-01-03,390,17
PO0023645,2026-01-03,696,13
PO0023653,2026-01-03,180,1
PO0023655,2026-01-03,264,2
PO0023662,2026-01-03,1632,14
PO0023668,2026-01-03,108,2
PO0023670,2026-01-03,411,4
PO0023672,2026-01-03,888,9
PO0023673,2026-01-03,1173,12
PO0023674,2026-01-03,144,6
PO0023676,2026-01-03,468,7
PO0023275,2026-01-04,480,12
PO0023518,2026-01-04,900,13
PO0023547,2026-01-04,1128,4
PO0023562,2026-01-04,384,4
PO0023565,2026-01-04,336,3
PO0023600,2026-01-04,4788,42
PO0023635,2026-01-04,990,9
PO0023650,2026-01-04,180,3
PO0023657,2026-01-04,672,15
PO0023665,2026-01-04,2328,9
PO0023675,2026-01-04,153,1
PO0023677,2026-01-04,768,22
PO0023681,2026-01-04,912,39
PO0023683,2026-01-04,192,2
PO0023689,2026-01-04,1722,16
PO0023691,2026-01-04,1614,21
PO0023693,2026-01-04,3516,31
PO0023697,2026-01-04,696,9
PO0023701,2026-01-04,1104,12
PO0023712,2026-01-04,924,5
PO0023726,2026-01-04,480,5
PO0023466,2026-01-05,1128,20
PO0023599,2026-01-05,456,12
PO0023610,2026-01-05,372,4
PO0023615,2026-01-05,1848,10
PO0023630,2026-01-05,264,1
PO0023642,2026-01-05,2544,115
PO0023644,2026-01-05,390,27
PO0023646,2026-01-05,192,0
PO0023678,2026-01-05,336,15
PO0023680,2026-01-05,912,13
PO0023682,2026-01-05,1342,20
PO0023687,2026-01-05,1008,23
PO0023695,2026-01-05,2496,35
PO0023700,2026-01-05,72,1
PO0023703,2026-01-05,1236,15
PO0023711,2026-01-05,720,2
PO0023721,2026-01-05,504,5
PO0023722,2026-01-05,1248,12
PO0023725,2026-01-05,1812,33
PO0023729,2026-01-05,3360,10
PO0023731,2026-01-05,576,6
PO0023740,2026-01-05,1056,4
PO0023749,2026-01-05,1056,5
PO0023610,2026-01-06,372,4
PO0023652,2026-01-06,360,1
PO0023667,2026-01-06,360,3
PO0023668,2026-01-06,108,0
PO0023684,2026-01-06,1343,21
PO0023685,2026-01-06,5616,37
PO0023686,2026-01-06,96,1
PO0023688,2026-01-06,600,8
PO0023690,2026-01-06,1248,16
PO0023692,2026-01-06,410,0
PO0023694,2026-01-06,4488,50
PO0023696,2026-01-06,432,0
PO0023698,2026-01-06,3120,26
PO0023699,2026-01-06,720,3
PO0023704,2026-01-06,423,5
PO0023705,2026-01-06,1536,8
PO0023706,2026-01-06,1248,25
PO0023709,2026-01-06,408,4
PO0023714,2026-01-06,2532,31
PO0023715,2026-01-06,984,5
PO0023718,2026-01-06,180,3
PO0023727,2026-01-06,1212,11
PO0023728,2026-01-06,1560,4
PO0023732,2026-01-06,2400,13
PO0023739,2026-01-06,744,2
PO0023743,2026-01-06,3870,41
PO0023745,2026-01-06,1464,14
PO0023746,2026-01-06,828,9
PO0023747,2026-01-06,504,6
PO0023750,2026-01-06,192,0
PO0023753,2026-01-06,134,3
PO0023756,2026-01-06,1248,12
PO0023757,2026-01-06,444,1
PO0023759,2026-01-06,864,10
PO0023764,2026-01-06,432,2
PO0023767,2026-01-06,1620,28
PO0023769,2026-01-06,1170,20
PO0023791,2026-01-06,180,2
PO0023421,2026-01-07,936,12
PO0023546,2026-01-07,1248,54
PO0023590,2026-01-07,468,4
PO0023613,2026-01-07,3552,23
PO0023662,2026-01-07,1632,11
PO0023672,2026-01-07,888,5
PO0023674,2026-01-07,144,1
PO0023702,2026-01-07,170,1
PO0023707,2026-01-07,2262,9
PO0023710,2026-01-07,2328,39
PO0023713,2026-01-07,2987,41
PO0023724,2026-01-07,342,0
PO0023730,2026-01-07,1632,10
PO0023733,2026-01-07,528,5
PO0023734,2026-01-07,5040,52
PO0023737,2026-01-07,756,2
PO0023739,2026-01-07,744,4
PO0023742,2026-01-07,588,3
PO0023744,2026-01-07,1320,21
PO0023748,2026-01-07,1992,30
PO0023760,2026-01-07,240,3
PO0023768,2026-01-07,2382,14
PO0023770,2026-01-07,6720,25
PO0023772,2026-01-07,432,1
PO0023773,2026-01-07,336,2
PO0023775,2026-01-07,504,7
PO0023779,2026-01-07,2100,26
PO0023780,2026-01-07,912,30
PO0023782,2026-01-07,228,4
PO0023787,2026-01-07,336,2
PO0023565,2026-01-08,336,4
PO0023624,2026-01-08,42,0
PO0023700,2026-01-08,72,2
PO0023709,2026-01-08,408,7
PO0023735,2026-01-08,528,5
PO0023736,2026-01-08,180,4
PO0023738,2026-01-08,2622,24
PO0023740,2026-01-08,1056,13
PO0023741,2026-01-08,1356,34
PO0023751,2026-01-08,971,15
PO0023752,2026-01-08,564,4
PO0023754,2026-01-08,2976,47
PO0023755,2026-01-08,1518,23
PO0023761,2026-01-08,2400,27
PO0023763,2026-01-08,632,9
PO0023764,2026-01-08,432,4
PO0023766,2026-01-08,6912,83
PO0023771,2026-01-08,2784,22
PO0023774,2026-01-08,1428,11
PO0023776,2026-01-08,432,0
PO0023778,2026-01-08,624,5
PO0023783,2026-01-08,270,2
PO0023784,2026-01-08,384,4
PO0023785,2026-01-08,1920,27
PO0023790,2026-01-08,504,10
PO0023805,2026-01-08,960,11
PO0023560,2026-01-09,1488,15
PO0023601,2026-01-09,3054,8
PO0023666,2026-01-09,660,8
PO0023686,2026-01-09,96,1
PO0023704,2026-01-09,423,5
PO0023723,2026-01-09,2688,39
PO0023736,2026-01-09,180,3
PO0023762,2026-01-09,810,3
PO0023765,2026-01-09,5856,136
PO0023782,2026-01-09,228,1
PO0023786,2026-01-09,228,2
PO0023788,2026-01-09,384,2
PO0023794,2026-01-09,480,4
PO0023798,2026-01-09,1584,14
PO0023799,2026-01-09,5568,19
PO0023815,2026-01-09,1344,9
PO0023818,2026-01-09,1416,13
PO0023823,2026-01-09,192,1
PO0023825,2026-01-09,528,9
PO0023626,2026-01-10,384,8
PO0023671,2026-01-10,486,3
PO0023775,2026-01-10,504,10
PO0023793,2026-01-10,1056,8
PO0023795,2026-01-10,1248,3
PO0023796,2026-01-10,264,2
PO0023797,2026-01-10,672,9
PO0023803,2026-01-10,612,4
PO0023804,2026-01-10,1014,17
PO0023810,2026-01-10,4248,42
PO0023811,2026-01-10,3696,33
PO0023813,2026-01-10,6432,49
PO0023819,2026-01-10,1740,14
PO0023849,2026-01-10,288,1
PO0023356,2026-01-11,1326,12
PO0023502,2026-01-11,1656,19
PO0023624,2026-01-11,42,0
PO0023710,2026-01-11,2328,53
PO0023806,2026-01-11,342,7
PO0023807,2026-01-11,798,2
PO0023808,2026-01-11,192,1
PO0023814,2026-01-11,2172,16
PO0023816,2026-01-11,537,10
PO0023817,2026-01-11,1200,12
PO0023820,2026-01-11,420,3
PO0023821,2026-01-11,2568,10
PO0023822,2026-01-11,750,6
PO0023824,2026-01-11,1572,36
PO0023837,2026-01-11,1152,6
PO0023838,2026-01-11,744,7
PO0023843,2026-01-11,4920,67
PO0023844,2026-01-11,405,11
PO0023845,2026-01-11,48,0
PO0023869,2026-01-11,756,4
PO0023870,2026-01-11,1680,5
PO0023873,2026-01-11,720,8
PO0023881,2026-01-11,894,12
PO0023719,2026-01-12,3168,151
PO0023720,2026-01-12,2928,133
PO0023758,2026-01-12,312,4
PO0023777,2026-01-12,984,8
PO0023806,2026-01-12,342,8
PO0023827,2026-01-12,240,4
PO0023829,2026-01-12,1104,15
PO0023831,2026-01-12,1224,5
PO0023835,2026-01-12,762,5
PO0023841,2026-01-12,528,7
PO0023842,2026-01-12,336,11
PO0023844,2026-01-12,405,9
PO0023848,2026-01-12,216,4
PO0023851,2026-01-12,3420,25
PO0023853,2026-01-12,432,9
PO0023858,2026-01-12,942,5
PO0023859,2026-01-12,1152,14
PO0023861,2026-01-12,1539,41
PO0023862,2026-01-12,1488,37
PO0023865,2026-01-12,3936,172
PO0023868,2026-01-12,528,0
PO0023875,2026-01-12,48,1
PO0023878,2026-01-12,1104,13
PO0023880,2026-01-12,612,3
PO0023889,2026-01-12,1260,17
PO0023890,2026-01-12,906,4
PO0023717,2026-01-13,1428,29
PO0023826,2026-01-13,2244,48
PO0023832,2026-01-13,1728,16
PO0023834,2026-01-13,1488,6
PO0023836,2026-01-13,5280,24
PO0023839,2026-01-13,576,20
PO0023840,2026-01-13,672,17
PO0023852,2026-01-13,552,4
PO0023854,2026-01-13,912,3
PO0023855,2026-01-13,1968,94
PO0023856,2026-01-13,768,7
PO0023860,2026-01-13,1296,23
PO0023866,2026-01-13,1344,27
PO0023867,2026-01-13,1632,25
PO0023873,2026-01-13,720,5
PO0023876,2026-01-13,1630,26
PO0023883,2026-01-13,1338,18
PO0023884,2026-01-13,5748,119
PO0023885,2026-01-13,960,15
PO0023887,2026-01-13,1356,8
PO0023888,2026-01-13,960,15
PO0023895,2026-01-13,111,0
PO0023896,2026-01-13,504,4
PO0023897,2026-01-13,1074,11
PO0023899,2026-01-13,984,10
PO0023900,2026-01-13,168,4
PO0023902,2026-01-13,4560,32
PO0023909,2026-01-13,681,2
PO0023919,2026-01-13,241,1
PO0023928,2026-01-13,444,2
PO0023933,2026-01-13,336,6
PO0023945,2026-01-13,222,4
PO0023947,2026-01-13,1134,4
PO0023955,2026-01-13,1158,17
PO0023627,2026-01-14,2388,32
PO0023781,2026-01-14,2256,23
PO0023793,2026-01-14,1056,9
PO0023801,2026-01-14,648,9
PO0023802,2026-01-14,534,5
PO0023857,2026-01-14,2664,36
PO0023863,2026-01-14,6048,63
PO0023871,2026-01-14,600,11
PO0023872,2026-01-14,6192,131
PO0023877,2026-01-14,2196,36
PO0023882,2026-01-14,1098,22
PO0023891,2026-01-14,288,2
PO0023894,2026-01-14,3120,36
PO0023901,2026-01-14,798,13
PO0023908,2026-01-14,237,5
PO0023911,2026-01-14,216,2
PO0023913,2026-01-14,1296,14
PO0023914,2026-01-14,223,3
PO0023916,2026-01-14,996,3
PO0023918,2026-01-14,1092,7
PO0023920,2026-01-14,1990,20
PO0023924,2026-01-14,1152,46
PO0023926,2026-01-14,1523,20
PO0023927,2026-01-14,588,1
PO0023930,2026-01-14,187,3
PO0023934,2026-01-14,1360,34
PO0023939,2026-01-14,498,9
PO0023945,2026-01-14,222,1
PO0023949,2026-01-14,804,2
PO0023952,2026-01-14,252,0
PO0023953,2026-01-14,408,3
PO0023954,2026-01-14,4752,117
PO0023970,2026-01-14,510,0
PO0023976,2026-01-14,1122,9
PO0023984,2026-01-14,426,4
PO0023616,2026-01-15,2622,61
PO0023708,2026-01-15,660,6
PO0023789,2026-01-15,720,15
PO0023792,2026-01-15,2256,5
PO0023800,2026-01-15,1272,22
PO0023809,2026-01-15,336,3
PO0023830,2026-01-15,1596,24
PO0023833,2026-01-15,978,13
PO0023845,2026-01-15,48,0
PO0023850,2026-01-15,660,3
PO0023861,2026-01-15,1539,28
PO0023892,2026-01-15,960,7
PO0023895,2026-01-15,111,1
PO0023904,2026-01-15,3744,186
PO0023905,2026-01-15,5652,23
PO0023909,2026-01-15,681,3
PO0023912,2026-01-15,192,2
PO0023925,2026-01-15,1668,9
PO0023932,2026-01-15,936,30
PO0023936,2026-01-15,1392,22
PO0023937,2026-01-15,576,28
PO0023940,2026-01-15,756,9
PO0023942,2026-01-15,900,2
PO0023944,2026-01-15,1026,12
PO0023946,2026-01-15,1488,13
PO0023948,2026-01-15,1272,14
PO0023950,2026-01-15,5688,61
PO0023951,2026-01-15,120,1
PO0023956,2026-01-15,1644,8
PO0023958,2026-01-15,1440,15
PO0023959,2026-01-15,1806,35
PO0023961,2026-01-15,864,6
PO0023966,2026-01-15,642,5
PO0023967,2026-01-15,372,1
PO0023968,2026-01-15,1188,16
PO0023974,2026-01-15,840,6
PO0023977,2026-01-15,564,2
PO0023982,2026-01-15,828,14
PO0023983,2026-01-15,2388,32
PO0023679,2026-01-16,1344,16
PO0023800,2026-01-16,1272,21
PO0023846,2026-01-16,1920,6
PO0023875,2026-01-16,48,0
PO0023923,2026-01-16,1071,11
PO0023941,2026-01-16,528,6
PO0023943,2026-01-16,2340,25
PO0023957,2026-01-16,545,7
PO0023960,2026-01-16,1080,8
PO0023964,2026-01-16,1002,2
PO0023965,2026-01-16,2016,6
PO0023971,2026-01-16,321,8
PO0023973,2026-01-16,678,2
PO0023980,2026-01-16,156,1
PO0023981,2026-01-16,181,4
PO0023988,2026-01-16,1596,28
PO0023990,2026-01-16,744,7
PO0023991,2026-01-16,3861,44
PO0023996,2026-01-16,864,22
PO0024000,2026-01-16,237,1
PO0024003,2026-01-16,1176,11
PO0023856,2026-01-17,768,14
PO0023864,2026-01-17,1692,26
PO0023871,2026-01-17,600,13
PO0023879,2026-01-17,624,2
PO0023888,2026-01-17,960,17
PO0023903,2026-01-17,1620,16
PO0023907,2026-01-17,1344,63
PO0023969,2026-01-17,696,5
PO0023978,2026-01-17,564,13
PO0023987,2026-01-17,1728,5
PO0023993,2026-01-17,1485,27
PO0023995,2026-01-17,5172,54
PO0023997,2026-01-17,702,7
PO0023998,2026-01-17,948,3
PO0023999,2026-01-17,432,4
PO0024000,2026-01-17,237,1
PO0024001,2026-01-17,228,4
PO0024009,2026-01-17,4464,82
PO0024010,2026-01-17,462,2
PO0023781,2026-01-18,2256,32
PO0023828,2026-01-18,1680,23
PO0023929,2026-01-18,528,8
PO0023930,2026-01-18,188,4
PO0023986,2026-01-18,600,5
PO0023989,2026-01-18,852,6
PO0023992,2026-01-18,2136,12
PO0023994,2026-01-18,4050,38
PO0024003,2026-01-18,1176,13
PO0024006,2026-01-18,2388,42
PO0024007,2026-01-18,1230,13
PO0024008,2026-01-18,2928,27
PO0024012,2026-01-18,324,2
PO0024015,2026-01-18,672,10
PO0024023,2026-01-18,4296,47
PO0024028,2026-01-18,816,5
PO0024030,2026-01-18,2676,20
PO0024031,2026-01-18,948,15
PO0023716,2026-01-19,1704,12
PO0023812,2026-01-19,1296,23
PO0023886,2026-01-19,642,30
PO0023912,2026-01-19,192,1
PO0023915,2026-01-19,1860,16
PO0023922,2026-01-19,3312,18
PO0023923,2026-01-19,1071,10
PO0023931,2026-01-19,624,23
PO0023951,2026-01-19,120,0
PO0023971,2026-01-19,321,5
PO0023985,2026-01-19,288,4
PO0024017,2026-01-19,426,3
PO0024020,2026-01-19,936,19
PO0024033,2026-01-19,3360,67
PO0024034,2026-01-19,384,7
PO0024035,2026-01-19,1608,17
PO0024036,2026-01-19,3120,37
PO0024046,2026-01-19,276,0
PO0024048,2026-01-19,480,3
PO0024053,2026-01-19,4236,22
PO0024055,2026-01-19,172,3
PO0024056,2026-01-19,1359,12
PO0024058,2026-01-19,2404,25
PO0023874,2026-01-20,96,0
PO0023917,2026-01-20,1470,29
PO0023941,2026-01-20,528,1
PO0023943,2026-01-20,2340,19
PO0023988,2026-01-20,1596,34
PO0023993,2026-01-20,1485,28
PO0024002,2026-01-20,252,1
PO0024012,2026-01-20,324,5
PO0024014,2026-01-20,2784,65
PO0024018,2026-01-20,2784,28
PO0024019,2026-01-20,438,5
PO0024021,2026-01-20,1080,50
PO0024022,2026-01-20,762,4
PO0024025,2026-01-20,240,4
PO0024026,2026-01-20,3936,43
PO0024027,2026-01-20,1212,3
PO0024029,2026-01-20,438,2
PO0024032,2026-01-20,984,19
PO0024038,2026-01-20,816,16
PO0024039,2026-01-20,660,4
PO0024042,2026-01-20,1992,23
PO0024050,2026-01-20,1008,18
PO0024051,2026-01-20,240,7
PO0024052,2026-01-20,1584,12
PO0024056,2026-01-20,1359,15
PO0024065,2026-01-20,1662,33
PO0024067,2026-01-20,606,1
PO0024073,2026-01-20,642,8
PO0024078,2026-01-20,3552,57
PO0024082,2026-01-20,832,12
PO0024084,2026-01-20,661,1
PO0024085,2026-01-20,1356,10
PO0024090,2026-01-20,564,0
PO0024102,2026-01-20,720,13
PO0023874,2026-01-21,96,2
PO0023935,2026-01-21,744,14
PO0024024,2026-01-21,504,3
PO0024025,2026-01-21,240,3
PO0024037,2026-01-21,120,1
PO0024040,2026-01-21,2304,43
PO0024041,2026-01-21,672,24
PO0024045,2026-01-21,528,6
PO0024049,2026-01-21,984,10
PO0024059,2026-01-21,6864,57
PO0024062,2026-01-21,1080,9
PO0024068,2026-01-21,588,14
PO0024069,2026-01-21,4008,33
PO0024071,2026-01-21,233,2
PO0024072,2026-01-21,456,10
PO0024074,2026-01-21,252,2
PO0024075,2026-01-21,312,4
PO0024079,2026-01-21,432,1
PO0024081,2026-01-21,336,1
PO0024083,2026-01-21,897,10
PO0024086,2026-01-21,240,4
PO0024087,2026-01-21,3984,75
PO0024099,2026-01-21,1728,16
PO0024105,2026-01-21,1987,33
PO0024106,2026-01-21,790,8
PO0024108,2026-01-21,336,3
PO0024111,2026-01-21,1440,5
PO0024112,2026-01-21,1080,20
PO0024113,2026-01-21,90,0
PO0024115,2026-01-21,948,10
PO0024116,2026-01-21,516,7
PO0024119,2026-01-21,570,7
PO0024122,2026-01-21,312,3
PO0024125,2026-01-21,1008,14
PO0024150,2026-01-21,264,1
PO0023893,2026-01-22,252,6
PO0023975,2026-01-22,216,1
PO0024004,2026-01-22,1308,10
PO0024013,2026-01-22,744,11
PO0024061,2026-01-22,648,10
PO0024066,2026-01-22,1932,32
PO0024070,2026-01-22,468,11
PO0024071,2026-01-22,233,4
PO0024073,2026-01-22,642,11
PO0024076,2026-01-22,3456,24
PO0024077,2026-01-22,414,0
PO0024080,2026-01-22,420,4
PO0024091,2026-01-22,186,1
PO0024092,2026-01-22,2999,24
PO0024093,2026-01-22,1170,19
PO0024098,2026-01-22,1613,15
PO0024106,2026-01-22,791,9
PO0024107,2026-01-22,648,4
PO0024123,2026-01-22,1320,18
PO0024129,2026-01-22,864,15
PO0024133,2026-01-22,1200,19
PO0024138,2026-01-22,636,5
PO0024139,2026-01-22,3840,49
PO0024144,2026-01-22,417,2
PO0024147,2026-01-22,1560,12
PO0024149,2026-01-22,120,1
PO0024155,2026-01-22,828,8
PO0024157,2026-01-22,1152,16
PO0023847,2026-01-23,3216,30
PO0023898,2026-01-23,540,8
PO0023906,2026-01-23,2976,43
PO0023938,2026-01-23,1176,6
PO0023963,2026-01-23,192,10
PO0023979,2026-01-23,2304,22
PO0024032,2026-01-23,984,16
PO0024043,2026-01-23,1872,28
PO0024061,2026-01-23,648,10
PO0024070,2026-01-23,468,9
PO0024083,2026-01-23,897,5
PO0024088,2026-01-23,1248,62
PO0024096,2026-01-23,462,5
PO0024097,2026-01-23,986,19
PO0024100,2026-01-23,4122,34
PO0024101,2026-01-23,2304,46
PO0024103,2026-01-23,288,2
PO0024104,2026-01-23,1248,5
PO0024109,2026-01-23,1764,10
PO0024110,2026-01-23,660,6
PO0024114,2026-01-23,4176,67
PO0024117,2026-01-23,1152,25
PO0024120,2026-01-23,2586,16
PO0024127,2026-01-23,390,2
PO0024131,2026-01-23,480,6
PO0024137,2026-01-23,216,1
PO0024140,2026-01-23,1603,16
PO0024141,2026-01-23,450,4
PO0024145,2026-01-23,218,0
PO0024151,2026-01-23,3366,28
PO0024156,2026-01-23,1920,16
PO0024159,2026-01-23,4828,17
PO0024160,2026-01-23,1155,13
PO0024161,2026-01-23,1152,11
PO0024167,2026-01-23,912,22
PO0023972,2026-01-24,1032,24
PO0024018,2026-01-24,2784,31
PO0024054,2026-01-24,1236,58
PO0024072,2026-01-24,456,15
PO0024091,2026-01-24,186,1
PO0024095,2026-01-24,492,8
PO0024119,2026-01-24,570,9
PO0024128,2026-01-24,684,11
PO0024130,2026-01-24,4866,35
PO0024132,2026-01-24,702,8
PO0024134,2026-01-24,1464,10
PO0024136,2026-01-24,318,3
PO0024146,2026-01-24,96,0
PO0024148,2026-01-24,696,6
PO0024152,2026-01-24,288,4
PO0024153,2026-01-24,1296,16
PO0024162,2026-01-24,654,13
PO0024165,2026-01-24,2232,67
PO0024168,2026-01-24,2544,118
PO0024169,2026-01-24,2418,11
PO0024170,2026-01-24,3072,144
PO0024171,2026-01-24,2208,26
PO0024180,2026-01-24,696,6
PO0024181,2026-01-24,4200,62
PO0024005,2026-01-25,1026,13
PO0024037,2026-01-25,120,3
PO0024060,2026-01-25,1272,22
PO0024096,2026-01-25,462,4
PO0024113,2026-01-25,90,1
PO0024118,2026-01-25,228,1
PO0024121,2026-01-25,1392,72
PO0024144,2026-01-25,417,0
PO0024154,2026-01-25,264,3
PO0024158,2026-01-25,504,4
PO0024163,2026-01-25,912,31
PO0024164,2026-01-25,1104,26
PO0024166,2026-01-25,576,6
PO0024175,2026-01-25,144,1
PO0024185,2026-01-25,504,3
PO0024186,2026-01-25,588,4
PO0024188,2026-01-25,1392,26
PO0024191,2026-01-25,5136,39
PO0024195,2026-01-25,228,5
PO0024199,2026-01-25,876,13
PO0024231,2026-01-25,1632,9
PO0024011,2026-01-26,1680,39
PO0024063,2026-01-26,3864,90
PO0024110,2026-01-26,660,6
PO0024126,2026-01-26,3396,21
PO0024135,2026-01-26,2472,26
PO0024160,2026-01-26,1155,12
PO0024176,2026-01-26,762,12
PO0024182,2026-01-26,1704,25
PO0024187,2026-01-26,432,6
PO0024192,2026-01-26,1056,6
PO0024194,2026-01-26,1110,12
PO0024197,2026-01-26,768,4
PO0024198,2026-01-26,576,4
PO0024202,2026-01-26,2880,35
PO0024205,2026-01-26,495,5
PO0024209,2026-01-26,476,4
PO0024223,2026-01-26,1134,9
PO0024224,2026-01-26,972,14
PO0024226,2026-01-26,1392,8
PO0024227,2026-01-26,600,6
PO0024229,2026-01-26,486,8
PO0024241,2026-01-26,1944,29
PO0023898,2026-01-27,540,7
PO0023921,2026-01-27,672,16
PO0024047,2026-01-27,1104,19
PO0024063,2026-01-27,3864,70
PO0024064,2026-01-27,2832,17
PO0024089,2026-01-27,648,33
PO0024094,2026-01-27,1116,10
PO0024127,2026-01-27,390,1
PO0024128,2026-01-27,684,4
PO0024178,2026-01-27,1392,11
PO0024179,2026-01-27,240,1
PO0024190,2026-01-27,1416,11
PO0024193,2026-01-27,96,1
PO0024201,2026-01-27,324,5
PO0024203,2026-01-27,576,7
PO0024204,2026-01-27,96,1
PO0024208,2026-01-27,1170,65
PO0024211,2026-01-27,828,4
PO0024212,2026-01-27,5328,56
PO0024214,2026-01-27,672,13
PO0024215,2026-01-27,2688,66
PO0024221,2026-01-27,696,3
PO0024222,2026-01-27,3648,19
PO0024225,2026-01-27,2226,7
PO0024232,2026-01-27,1176,14
PO0024235,2026-01-27,2832,45
PO0024238,2026-01-27,3600,20
PO0024241,2026-01-27,1944,16
PO0024243,2026-01-27,2532,62
PO0024246,2026-01-27,528,10
PO0024254,2026-01-27,672,12
PO0024255,2026-01-27,912,12
PO0024257,2026-01-27,768,2
PO0024261,2026-01-27,384,5
PO0024263,2026-01-27,1315,20
PO0024264,2026-01-27,384,15
PO0024268,2026-01-27,2630,44
PO0024276,2026-01-27,576,3
PO0024016,2026-01-28,1500,8
PO0024057,2026-01-28,1344,10
PO0024132,2026-01-28,702,10
PO0024142,2026-01-28,1620,14
PO0024200,2026-01-28,828,10
PO0024207,2026-01-28,1062,17
PO0024213,2026-01-28,1896,29
PO0024216,2026-01-28,960,22
PO0024217,2026-01-28,2664,15
PO0024218,2026-01-28,960,23
PO0024220,2026-01-28,384,4
PO0024226,2026-01-28,1392,8
PO0024227,2026-01-28,600,2
PO0024228,2026-01-28,2352,41
PO0024230,2026-01-28,1776,7
PO0024233,2026-01-28,306,2
PO0024242,2026-01-28,1800,8
PO0024247,2026-01-28,1560,12
PO0024251,2026-01-28,4188,48
PO0024253,2026-01-28,864,12
PO0024256,2026-01-28,2112,32
PO0024260,2026-01-28,1680,45
PO0024266,2026-01-28,3120,12
PO0024267,2026-01-28,2508,25
PO0024273,2026-01-28,2730,12
PO0024281,2026-01-28,1680,22
PO0024282,2026-01-28,5208,59
PO0024285,2026-01-28,528,17
PO0024289,2026-01-28,240,1
PO0024291,2026-01-28,864,1
PO0024294,2026-01-28,672,4
PO0023910,2026-01-29,576,3
PO0023962,2026-01-29,378,7
PO0024143,2026-01-29,114,2
PO0024172,2026-01-29,192,1
PO0024173,2026-01-29,624,10
PO0024194,2026-01-29,1110,8
PO0024201,2026-01-29,324,6
PO0024237,2026-01-29,432,2
PO0024240,2026-01-29,1374,3
PO0024244,2026-01-29,768,10
PO0024245,2026-01-29,144,0
PO0024249,2026-01-29,612,6
PO0024259,2026-01-29,336,2
PO0024262,2026-01-29,192,3
PO0024265,2026-01-29,1608,17
PO0024272,2026-01-29,231,2
PO0024278,2026-01-29,3708,43
PO0024286,2026-01-29,4992,20
PO0024287,2026-01-29,336,4
PO0024288,2026-01-29,2484,18
PO0024290,2026-01-29,504,2
PO0024295,2026-01-29,864,8
PO0024299,2026-01-29,816,3
PO0024300,2026-01-29,1392,17
PO0024303,2026-01-29,288,5
PO0024305,2026-01-29,2040,12
PO0024307,2026-01-29,378,2
PO0024309,2026-01-29,1182,20
PO0024313,2026-01-29,156,1
PO0024318,2026-01-29,768,26
PO0024326,2026-01-29,396,2
PO0024329,2026-01-29,2652,34
PO0023910,2026-01-30,576,4
PO0024047,2026-01-30,1104,21
PO0024174,2026-01-30,351,8
PO0024177,2026-01-30,2040,27
PO0024184,2026-01-30,2196,32
PO0024205,2026-01-30,495,3
PO0024210,2026-01-30,1392,73
PO0024219,2026-01-30,4392,20
PO0024236,2026-01-30,552,7
PO0024242,2026-01-30,1800,7
PO0024258,2026-01-30,264,14
PO0024274,2026-01-30,288,2
PO0024275,2026-01-30,390,13
PO0024277,2026-01-30,1104,7
PO0024283,2026-01-30,4908,31
PO0024284,2026-01-30,576,13
PO0024292,2026-01-30,480,15
PO0024296,2026-01-30,2256,12
PO0024298,2026-01-30,678,6
PO0024306,2026-01-30,1704,26
PO0024308,2026-01-30,636,23
PO0024312,2026-01-30,624,7
PO0024315,2026-01-30,300,8
PO0024316,2026-01-30,603,7
PO0024327,2026-01-30,1548,34
PO0024328,2026-01-30,444,3
PO0024330,2026-01-30,840,3
PO0024332,2026-01-30,2718,27
PO0024044,2026-01-31,408,2
PO0024174,2026-01-31,351,4
PO0024189,2026-01-31,2880,133
PO0024239,2026-01-31,2832,29
PO0024257,2026-01-31,768,0
PO0024297,2026-01-31,360,2
PO0024304,2026-01-31,1200,19
PO0024311,2026-01-31,1584,77
PO0024317,2026-01-31,576,16
PO0024321,2026-01-31,3120,77
PO0024322,2026-01-31,4614,50
PO0024324,2026-01-31,864,31
PO0024331,2026-01-31,360,2
PO0024334,2026-01-31,1308,11
PO0024335,2026-01-31,1872,10
PO0024337,2026-01-31,648,6
PO0024361,2026-01-31,576,9
PO0024183,2026-02-01,1794,16
PO0024234,2026-02-01,648,9
PO0024280,2026-02-01,1056,25
PO0024307,2026-02-01,378,4
PO0024316,2026-02-01,604,12
PO0024320,2026-02-01,240,1
PO0024323,2026-02-01,1008,18
PO0024333,2026-02-01,864,8
PO0024336,2026-02-01,1332,26
PO0024338,2026-02-01,336,9
PO0024341,2026-02-01,588,14
PO0024346,2026-02-01,126,3
PO0024348,2026-02-01,708,5
PO0024353,2026-02-01,264,3
PO0024362,2026-02-01,624,15
PO0024365,2026-02-01,2052,34
PO0024384,2026-02-01,240,1
PO0024249,2026-02-02,612,6
PO0024271,2026-02-02,2328,13
PO0024320,2026-02-02,240,3
PO0024340,2026-02-02,432,2
PO0024343,2026-02-02,432,7
PO0024344,2026-02-02,960,19
PO0024345,2026-02-02,1680,28
PO0024346,2026-02-02,126,2
PO0024347,2026-02-02,1800,10
PO0024352,2026-02-02,492,10
PO0024354,2026-02-02,804,9
PO0024356,2026-02-02,1989,12
PO0024357,2026-02-02,78,0
PO0024367,2026-02-02,1032,7
PO0024368,2026-02-02,540,8
PO0024378,2026-02-02,1404,8
PO0024383,2026-02-02,1236,16
PO0024394,2026-02-02,264,2
PO0024399,2026-02-02,1848,25
PO0024415,2026-02-02,1500,20
PO0024418,2026-02-02,805,1
PO0024124,2026-02-03,384,6
PO0024184,2026-02-03,2196,26
PO0024252,2026-02-03,678,14
PO0024269,2026-02-03,1182,18
PO0024270,2026-02-03,1584,66
PO0024301,2026-02-03,858,10
PO0024308,2026-02-03,636,15
PO0024314,2026-02-03,264,9
PO0024324,2026-02-03,864,22
PO0024339,2026-02-03,732,2
PO0024342,2026-02-03,1644,10
PO0024350,2026-02-03,1968,19
PO0024351,2026-02-03,888,10
PO0024355,2026-02-03,858,12
PO0024358,2026-02-03,4812,21
PO0024359,2026-02-03,1632,10
PO0024360,2026-02-03,720,3
PO0024366,2026-02-03,5712,87
PO0024370,2026-02-03,732,9
PO0024373,2026-02-03,214,3
PO0024374,2026-02-03,396,4
PO0024376,2026-02-03,798,11
PO0024377,2026-02-03,456,2
PO0024380,2026-02-03,1416,11
PO0024381,2026-02-03,828,12
PO0024382,2026-02-03,249,0
PO0024385,2026-02-03,312,1
PO0024386,2026-02-03,912,5
PO0024388,2026-02-03,2640,26
PO0024390,2026-02-03,960,20
PO0024392,2026-02-03,276,1
PO0024397,2026-02-03,2160,29
PO0024400,2026-02-03,576,11
PO0024401,2026-02-03,4656,90
PO0024403,2026-02-03,1410,7
PO0024405,2026-02-03,4632,67
PO0024406,2026-02-03,1848,83
PO0024410,2026-02-03,408,1
PO0024416,2026-02-03,1200,29
PO0024420,2026-02-03,744,9
PO0024427,2026-02-03,960,8
PO0024446,2026-02-03,336,1
PO0024234,2026-02-04,648,8
PO0024248,2026-02-04,1272,16
PO0024293,2026-02-04,600,9
PO0024302,2026-02-04,1440,43
PO0024319,2026-02-04,348,7
PO0024354,2026-02-04,804,3
PO0024364,2026-02-04,468,9
PO0024369,2026-02-04,720,4
PO0024371,2026-02-04,3606,36
PO0024372,2026-02-04,672,17
PO0024379,2026-02-04,300,3
PO0024387,2026-02-04,792,10
PO0024391,2026-02-04,192,6
PO0024408,2026-02-04,1776,11
PO0024409,2026-02-04,942,3
PO0024413,2026-02-04,264,3
PO0024414,2026-02-04,762,17
PO0024419,2026-02-04,3120,43
PO0024421,2026-02-04,678,4
PO0024430,2026-02-04,2256,31
PO0024434,2026-02-04,187,4
PO0024441,2026-02-04,1308,15
PO0024457,2026-02-04,2228,27
PO0024475,2026-02-04,1392,9
PO0024196,2026-02-05,114,0
PO0024279,2026-02-05,4896,49
PO0024280,2026-02-05,1056,14
PO0024323,2026-02-05,1008,11
PO0024342,2026-02-05,1644,7
PO0024357,2026-02-05,78,0
PO0024398,2026-02-05,1296,21
PO0024407,2026-02-05,216,1
PO0024411,2026-02-05,462,1
PO0024422,2026-02-05,4944,68
PO0024423,2026-02-05,876,3
PO0024431,2026-02-05,2868,17
PO0024432,2026-02-05,456,5
PO0024433,2026-02-05,1056,13
PO0024443,2026-02-05,1332,21
PO0024444,2026-02-05,2880,128
PO0024447,2026-02-05,1512,21
PO0024449,2026-02-05,1542,13
PO0024450,2026-02-05,1152,2
PO0024453,2026-02-05,552,3
PO0024456,2026-02-05,1224,5
PO0024461,2026-02-05,672,2
PO0024464,2026-02-05,1872,32
PO0024467,2026-02-05,384,4
PO0024468,2026-02-05,3024,61
PO0024471,2026-02-05,1056,10
PO0024473,2026-02-05,1686,38
PO0024488,2026-02-05,6864,21
PO0024301,2026-02-06,858,7
PO0024339,2026-02-06,732,1
PO0024340,2026-02-06,432,1
PO0024352,2026-02-06,492,7
PO0024379,2026-02-06,300,4
PO0024380,2026-02-06,1416,7
PO0024382,2026-02-06,249,0
PO0024389,2026-02-06,564,6
PO0024406,2026-02-06,1848,83
PO0024413,2026-02-06,264,3
PO0024417,2026-02-06,3552,13
PO0024424,2026-02-06,1434,12
PO0024426,2026-02-06,3150,12
PO0024435,2026-02-06,1068,15
PO0024437,2026-02-06,1488,61
PO0024439,2026-02-06,2592,20
PO0024440,2026-02-06,1608,3
PO0024442,2026-02-06,1992,30
PO0024445,2026-02-06,588,5
PO0024448,2026-02-06,1650,7
PO0024454,2026-02-06,408,11
PO0024455,2026-02-06,5280,41
PO0024459,2026-02-06,1422,15
PO0024469,2026-02-06,558,4
PO0024474,2026-02-06,612,12
PO0024476,2026-02-06,768,4
PO0024479,2026-02-06,768,12
PO0024480,2026-02-06,3048,47
PO0024484,2026-02-06,540,4
PO0024492,2026-02-06,576,3
PO0024495,2026-02-06,1056,23
PO0024319,2026-02-07,348,3
PO0024395,2026-02-07,336,4
PO0024436,2026-02-07,1728,90
PO0024450,2026-02-07,1152,10
PO0024452,2026-02-07,532,6
PO0024458,2026-02-07,1992,13
PO0024460,2026-02-07,570,4
PO0024462,2026-02-07,1098,5
PO0024463,2026-02-07,420,1
PO0024465,2026-02-07,216,3
PO0024470,2026-02-07,384,2
PO0024472,2026-02-07,1584,11
PO0024481,2026-02-07,822,3
PO0024482,2026-02-07,4488,31
PO0024485,2026-02-07,5610,79
PO0024486,2026-02-07,288,0
PO0024487,2026-02-07,1122,14
PO0024497,2026-02-07,468,10
PO0024505,2026-02-07,1464,9
PO0024310,2026-02-08,720,3
PO0024349,2026-02-08,384,0
PO0024387,2026-02-08,792,8
PO0024402,2026-02-08,3348,27
PO0024425,2026-02-08,621,11
PO0024428,2026-02-08,298,3
PO0024451,2026-02-08,312,10
PO0024452,2026-02-08,532,2
PO0024477,2026-02-08,600,3
PO0024478,2026-02-08,1254,5
PO0024483,2026-02-08,6984,51
PO0024490,2026-02-08,588,8
PO0024491,2026-02-08,450,1
PO0024493,2026-02-08,336,4
PO0024494,2026-02-08,1620,20
PO0024498,2026-02-08,1392,26
PO0024500,2026-02-08,5130,51
PO0024504,2026-02-08,2052,22
PO0024512,2026-02-08,2076,4
PO0024516,2026-02-08,558,6
PO0024521,2026-02-08,651,2
PO0024540,2026-02-08,564,2
PO0024310,2026-02-09,720,2
PO0024325,2026-02-09,1296,26
PO0024389,2026-02-09,564,4
PO0024412,2026-02-09,492,3
PO0024506,2026-02-09,1512,13
PO0024507,2026-02-09,1680,5
PO0024510,2026-02-09,962,15
PO0024514,2026-02-09,1158,2
PO0024517,2026-02-09,480,3
PO0024523,2026-02-09,2640,10
PO0024524,2026-02-09,792,16
PO0024532,2026-02-09,738,12
PO0024537,2026-02-09,1968,38
PO0024539,2026-02-09,2784,40
PO0024544,2026-02-09,1224,4
PO0024546,2026-02-09,1404,21
PO0024547,2026-02-09,405,15
PO0024549,2026-02-09,336,2
PO0024551,2026-02-09,528,3
PO0024568,2026-02-09,1224,19
PO0024585,2026-02-09,618,13
PO0024375,2026-02-10,1728,11
PO0024438,2026-02-10,1680,27
PO0024499,2026-02-10,2496,29
PO0024501,2026-02-10,5904,100
PO0024505,2026-02-10,1464,11
PO0024508,2026-02-10,912,12
PO0024509,2026-02-10,1812,11
PO0024511,2026-02-10,1056,20
PO0024513,2026-02-10,840,5
PO0024518,2026-02-10,1428,12
PO0024519,2026-02-10,1416,18
PO0024520,2026-02-10,768,6
PO0024527,2026-02-10,2591,57
PO0024531,2026-02-10,1296,6
PO0024533,2026-02-10,2514,48
PO0024534,2026-02-10,252,2
PO0024538,2026-02-10,336,9
PO0024542,2026-02-10,2238,30
PO0024548,2026-02-10,678,10
PO0024559,2026-02-10,5232,18
PO0024563,2026-02-10,1140,21
PO0024566,2026-02-10,828,10
PO0024573,2026-02-10,2952,67
PO0024576,2026-02-10,336,0
PO0024577,2026-02-10,528,2
PO0024581,2026-02-10,192,1
PO0024584,2026-02-10,480,11
PO0024598,2026-02-10,480,3
PO0024602,2026-02-10,504,6
PO0024206,2026-02-11,852,21
PO0024396,2026-02-11,312,2
PO0024404,2026-02-11,192,2
PO0024425,2026-02-11,621,11
PO0024429,2026-02-11,864,3
PO0024489,2026-02-11,1446,14
PO0024496,2026-02-11,456,7
PO0024497,2026-02-11,468,6
PO0024517,2026-02-11,480,1
PO0024521,2026-02-11,651,8
PO0024522,2026-02-11,6396,45
PO0024526,2026-02-11,2460,48
PO0024528,2026-02-11,2454,18
PO0024530,2026-02-11,804,30
PO0024535,2026-02-11,1056,23
PO0024543,2026-02-11,300,10
PO0024545,2026-02-11,4704,50
PO0024550,2026-02-11,816,9
PO0024553,2026-02-11,276,1
PO0024555,2026-02-11,336,2
PO0024560,2026-02-11,288,7
PO0024564,2026-02-11,720,4
PO0024571,2026-02-11,240,3
PO0024572,2026-02-11,498,5
PO0024578,2026-02-11,846,10
PO0024579,2026-02-11,516,3
PO0024587,2026-02-11,606,10
PO0024588,2026-02-11,1056,24
PO0024591,2026-02-11,4512,22
PO0024600,2026-02-11,240,3
PO0024601,2026-02-11,1422,6
PO0024607,2026-02-11,3552,24
PO0024608,2026-02-11,2310,19
PO0024611,2026-02-11,384,4
PO0024612,2026-02-11,888,14
PO0024613,2026-02-11,456,2
PO0024206,2026-02-12,852,11
PO0024250,2026-02-12,1320,6
PO0024363,2026-02-12,330,4
PO0024393,2026-02-12,360,6
PO0024428,2026-02-12,299,2
PO0024489,2026-02-12,1446,24
PO0024556,2026-02-12,3144,28
PO0024558,2026-02-12,273,0
PO0024561,2026-02-12,360,4
PO0024562,2026-02-12,2430,47
PO0024565,2026-02-12,714,13
PO0024567,2026-02-12,312,3
PO0024569,2026-02-12,384,7
PO0024570,2026-02-12,2496,18
PO0024573,2026-02-12,2952,67
PO0024580,2026-02-12,1512,26
PO0024583,2026-02-12,360,4
PO0024589,2026-02-12,1380,10
PO0024595,2026-02-12,2856,9
PO0024603,2026-02-12,192,1
PO0024604,2026-02-12,864,31
PO0024614,2026-02-12,3384,15
PO0024615,2026-02-12,126,3
PO0024616,2026-02-12,144,1
PO0024618,2026-02-12,384,5
PO0024619,2026-02-12,420,1
PO0024625,2026-02-12,882,3
PO0024628,2026-02-12,1266,7
PO0024629,2026-02-12,690,7
PO0024632,2026-02-12,1194,17
PO0024633,2026-02-12,384,9
PO0024643,2026-02-12,348,1
PO0024644,2026-02-12,2016,32
PO0024645,2026-02-12,432,5
PO0024669,2026-02-12,558,5
PO0024515,2026-02-13,1896,24
PO0024547,2026-02-13,405,16
PO0024558,2026-02-13,273,1
PO0024563,2026-02-13,1140,26
PO0024590,2026-02-13,6216,65
PO0024592,2026-02-13,825,11
PO0024593,2026-02-13,873,17
PO0024594,2026-02-13,105,1
PO0024597,2026-02-13,420,8
PO0024599,2026-02-13,1008,24
PO0024605,2026-02-13,696,11
PO0024606,2026-02-13,744,6
PO0024609,2026-02-13,1992,37
PO0024610,2026-02-13,1776,6
PO0024620,2026-02-13,1464,12
PO0024621,2026-02-13,1542,17
PO0024622,2026-02-13,2436,55
PO0024623,2026-02-13,1560,9
PO0024630,2026-02-13,432,3
PO0024632,2026-02-13,1195,13
PO0024634,2026-02-13,4896,42
PO0024635,2026-02-13,279,5
PO0024640,2026-02-13,1296,11
PO0024641,2026-02-13,144,0
PO0024642,2026-02-13,150,0
PO0024646,2026-02-13,1308,13
PO0024652,2026-02-13,912,4
PO0024653,2026-02-13,810,10
PO0024656,2026-02-13,648,2
PO0024663,2026-02-13,732,2
PO0024664,2026-02-13,192,3
PO0024667,2026-02-13,288,9
PO0024670,2026-02-13,432,7
PO0024671,2026-02-13,1680,72
PO0024520,2026-02-14,768,7
PO0024530,2026-02-14,804,35
PO0024536,2026-02-14,432,1
PO0024557,2026-02-14,3984,207
PO0024587,2026-02-14,606,5
PO0024595,2026-02-14,2856,9
PO0024602,2026-02-14,504,6
PO0024624,2026-02-14,1014,14
PO0024638,2026-02-14,995,14
PO0024647,2026-02-14,1572,14
PO0024648,2026-02-14,2148,46
PO0024649,2026-02-14,4608,33
PO0024651,2026-02-14,720,8
PO0024657,2026-02-14,1056,25
PO0024661,2026-02-14,576,10
PO0024662,2026-02-14,1332,25
PO0024503,2026-02-15,1008,15
PO0024552,2026-02-15,648,27
PO0024554,2026-02-15,384,5
PO0024567,2026-02-15,312,3
PO0024583,2026-02-15,360,2
PO0024592,2026-02-15,825,25
PO0024593,2026-02-15,873,7
PO0024594,2026-02-15,105,1
PO0024617,2026-02-15,1536,21
PO0024642,2026-02-15,150,0
PO0024646,2026-02-15,1308,12
PO0024647,2026-02-15,1572,15
PO0024656,2026-02-15,648,4
PO0024658,2026-02-15,2352,33
PO0024659,2026-02-15,1710,4
PO0024665,2026-02-15,144,0
PO0024666,2026-02-15,1278,15
PO0024668,2026-02-15,372,5
PO0024672,2026-02-15,2760,33
PO0024673,2026-02-15,528,8
PO0024674,2026-02-15,1698,9
PO0024676,2026-02-15,864,4
PO0024679,2026-02-15,1992,10
PO0024680,2026-02-15,816,12
PO0024682,2026-02-15,2424,36
PO0024705,2026-02-15,312,4
PO0024502,2026-02-16,1908,21
PO0024529,2026-02-16,2352,103
PO0024556,2026-02-16,3144,34
PO0024569,2026-02-16,384,11
PO0024574,2026-02-16,1548,20
PO0024582,2026-02-16,192,2
PO0024615,2026-02-16,126,2
PO0024677,2026-02-16,1824,21
PO0024678,2026-02-16,6744,44
PO0024683,2026-02-16,384,5
PO0024685,2026-02-16,1770,44
PO0024686,2026-02-16,288,3
PO0024688,2026-02-16,547,5
PO0024690,2026-02-16,192,1
PO0024692,2026-02-16,720,4
PO0024701,2026-02-16,4368,68
PO0024704,2026-02-16,1296,17
PO0024709,2026-02-16,408,18
PO0024711,2026-02-16,1620,5
PO0024717,2026-02-16,1392,8
PO0024727,2026-02-16,540,4
PO0024729,2026-02-16,324,4
PO0024502,2026-02-17,1908,26
PO0024596,2026-02-17,2160,20
PO0024627,2026-02-17,5184,42
PO0024635,2026-02-17,279,1
PO0024637,2026-02-17,2208,12
PO0024675,2026-02-17,3096,60
PO0024681,2026-02-17,2256,51
PO0024684,2026-02-17,1392,26
PO0024687,2026-02-17,126,5
PO0024702,2026-02-17,666,10
PO0024707,2026-02-17,744,14
PO0024708,2026-02-17,384,6
PO0024712,2026-02-17,204,0
PO0024715,2026-02-17,432,3
PO0024716,2026-02-17,210,0
PO0024718,2026-02-17,7152,47
PO0024719,2026-02-17,2616,43
PO0024723,2026-02-17,5022,68
PO0024724,2026-02-17,216,4
PO0024728,2026-02-17,444,8
PO0024730,2026-02-17,1728,52
PO0024735,2026-02-17,1692,24
PO0024738,2026-02-17,534,7
PO0024761,2026-02-17,1392,6
PO0024525,2026-02-18,1098,7
PO0024655,2026-02-18,1500,25
PO0024689,2026-02-18,3438,72
PO0024693,2026-02-18,624,18
PO0024695,2026-02-18,612,6
PO0024696,2026-02-18,528,25
PO0024697,2026-02-18,576,2
PO0024699,2026-02-18,228,1
PO0024703,2026-02-18,1872,12
PO0024710,2026-02-18,3864,50
PO0024713,2026-02-18,1080,10
PO0024714,2026-02-18,216,2
PO0024717,2026-02-18,1392,9
PO0024725,2026-02-18,3192,33
PO0024731,2026-02-18,1128,9
PO0024734,2026-02-18,408,1
PO0024736,2026-02-18,192,0
PO0024737,2026-02-18,249,2
PO0024741,2026-02-18,1068,13
PO0024743,2026-02-18,384,2
PO0024744,2026-02-18,828,11
PO0024745,2026-02-18,1128,11
PO0024756,2026-02-18,708,5
PO0024757,2026-02-18,2238,33
PO0024760,2026-02-18,576,5
PO0024764,2026-02-18,552,6
PO0024765,2026-02-18,504,6
PO0024767,2026-02-18,864,16
PO0024768,2026-02-18,4164,19
PO0024771,2026-02-18,468,8
PO0024774,2026-02-18,3444,45
PO0024626,2026-02-19,612,5
PO0024631,2026-02-19,336,3
PO0024636,2026-02-19,6324,135
PO0024660,2026-02-19,80,2
PO0024683,2026-02-19,384,3
PO0024687,2026-02-19,126,2
PO0024690,2026-02-19,192,1
PO0024733,2026-02-19,1104,11
PO0024739,2026-02-19,354,3
PO0024740,2026-02-19,1422,17
PO0024742,2026-02-19,1056,29
PO0024752,2026-02-19,144,2
PO0024753,2026-02-19,780,10
PO0024755,2026-02-19,2364,38
PO0024759,2026-02-19,930,10
PO0024766,2026-02-19,1380,10
PO0024769,2026-02-19,3504,31
PO0024773,2026-02-19,468,2
PO0024776,2026-02-19,288,6
PO0024780,2026-02-19,5472,62
PO0024783,2026-02-19,636,6
PO0024784,2026-02-19,924,31
PO0024791,2026-02-19,144,1
PO0024793,2026-02-19,1272,20
PO0024796,2026-02-19,1332,3
PO0024798,2026-02-19,1860,17
PO0024525,2026-02-20,1098,19
PO0024529,2026-02-20,2352,125
PO0024681,2026-02-20,2256,41
PO0024695,2026-02-20,612,3
PO0024706,2026-02-20,576,16
PO0024724,2026-02-20,216,2
PO0024726,2026-02-20,192,3
PO0024737,2026-02-20,249,0
PO0024747,2026-02-20,1218,22
PO0024748,2026-02-20,1224,11
PO0024749,2026-02-20,3192,32
PO0024751,2026-02-20,2568,56
PO0024754,2026-02-20,1728,22
PO0024762,2026-02-20,1932,12
PO0024763,2026-02-20,408,4
PO0024775,2026-02-20,2028,46
PO0024777,2026-02-20,1152,30
PO0024778,2026-02-20,816,5
PO0024781,2026-02-20,555,3
PO0024782,2026-02-20,354,5
PO0024785,2026-02-20,192,1
PO0024788,2026-02-20,396,2
PO0024792,2026-02-20,336,4
PO0024803,2026-02-20,516,7
PO0024805,2026-02-20,1176,12
PO0024807,2026-02-20,2568,41
PO0024810,2026-02-20,8256,171
PO0024816,2026-02-20,384,4
PO0024466,2026-02-21,564,2
PO0024639,2026-02-21,1824,15
PO0024691,2026-02-21,588,10
PO0024699,2026-02-21,228,0
PO0024700,2026-02-21,1248,32
PO0024712,2026-02-21,204,3
PO0024753,2026-02-21,780,12
PO0024772,2026-02-21,3948,79
PO0024779,2026-02-21,2904,28
PO0024786,2026-02-21,3648,24
PO0024788,2026-02-21,396,8
PO0024789,2026-02-21,1242,34
PO0024790,2026-02-21,4104,48
PO0024792,2026-02-21,336,10
PO0024795,2026-02-21,4224,82
PO0024797,2026-02-21,182,3
PO0024802,2026-02-21,480,3
PO0024803,2026-02-21,516,4
PO0024808,2026-02-21,1008,28
PO0024811,2026-02-21,336,4
PO0024813,2026-02-21,828,17
PO0024817,2026-02-21,432,1
PO0024818,2026-02-21,984,9
PO0024834,2026-02-21,816,9
PO0024843,2026-02-21,372,4
PO0024541,2026-02-22,588,10
PO0024660,2026-02-22,81,1
PO0024722,2026-02-22,1056,19
PO0024732,2026-02-22,1872,26
PO0024733,2026-02-22,1104,16
PO0024748,2026-02-22,1224,16
PO0024770,2026-02-22,96,1
PO0024781,2026-02-22,555,6
PO0024784,2026-02-22,924,26
PO0024787,2026-02-22,1824,17
PO0024800,2026-02-22,192,0
PO0024809,2026-02-22,2130,50
PO0024812,2026-02-22,384,5
PO0024814,2026-02-22,864,14
PO0024815,2026-02-22,480,5
PO0024817,2026-02-22,432,3
PO0024821,2026-02-22,1739,12
PO0024829,2026-02-22,2424,34
PO0024839,2026-02-22,192,0
PO0024844,2026-02-22,234,3
PO0024865,2026-02-22,3582,36
PO0024586,2026-02-23,2064,105
PO0024720,2026-02-23,1632,25
PO0024721,2026-02-23,1752,14
PO0024740,2026-02-23,1422,23
PO0024785,2026-02-23,192,3
PO0024794,2026-02-23,756,15
PO0024823,2026-02-23,480,10
PO0024824,2026-02-23,192,4
PO0024826,2026-02-23,684,12
PO0024828,2026-02-23,2976,9
PO0024830,2026-02-23,2184,40
PO0024833,2026-02-23,408,7
PO0024835,2026-02-23,4656,36
PO0024837,2026-02-23,600,11
PO0024839,2026-02-23,192,1
PO0024852,2026-02-23,2592,122
PO0024854,2026-02-23,1008,19
PO0024858,2026-02-23,684,1
PO0024868,2026-02-23,1218,2
PO0024871,2026-02-23,360,1
PO0024876,2026-02-23,301,3
PO0024894,2026-02-23,732,2
PO0024899,2026-02-23,744,3
PO0024575,2026-02-24,1104,43
PO0024698,2026-02-24,702,0
PO0024777,2026-02-24,1152,13
PO0024794,2026-02-24,756,6
PO0024820,2026-02-24,3552,30
PO0024822,2026-02-24,192,0
PO0024825,2026-02-24,756,2
PO0024827,2026-02-24,3216,40
PO0024831,2026-02-24,4296,56
PO0024832,2026-02-24,3492,33
PO0024838,2026-02-24,2496,36
PO0024842,2026-02-24,1056,25
PO0024846,2026-02-24,1014,1
PO0024848,2026-02-24,960,9
PO0024850,2026-02-24,840,2
PO0024856,2026-02-24,462,2
PO0024857,2026-02-24,1968,36
PO0024859,2026-02-24,1600,28
PO0024860,2026-02-24,1206,18
PO0024864,2026-02-24,1797,22
PO0024867,2026-02-24,564,3
PO0024872,2026-02-24,726,6
PO0024874,2026-02-24,1536,18
PO0024875,2026-02-24,1488,14
PO0024879,2026-02-24,3816,20
PO0024882,2026-02-24,1896,17
PO0024885,2026-02-24,1440,13
PO0024886,2026-02-24,5280,41
PO0024889,2026-02-24,1212,33
PO0024900,2026-02-24,960,14
PO0024904,2026-02-24,396,2
PO0024911,2026-02-24,318,4
PO0024541,2026-02-25,588,13
PO0024746,2026-02-25,1152,7
PO0024758,2026-02-25,2856,29
PO0024799,2026-02-25,768,6
PO0024818,2026-02-25,984,4
PO0024836,2026-02-25,1476,22
PO0024847,2026-02-25,1800,21
PO0024853,2026-02-25,5472,56
PO0024855,2026-02-25,1032,10
PO0024862,2026-02-25,288,0
PO0024870,2026-02-25,120,4
PO0024873,2026-02-25,672,8
PO0024878,2026-02-25,1806,16
PO0024881,2026-02-25,242,1
PO0024883,2026-02-25,240,7
PO0024887,2026-02-25,1896,16
PO0024889,2026-02-25,1212,42
PO0024890,2026-02-25,600,12
PO0024892,2026-02-25,768,7
PO0024896,2026-02-25,576,18
PO0024897,2026-02-25,312,1
PO0024898,2026-02-25,1721,33
PO0024899,2026-02-25,744,5
PO0024901,2026-02-25,264,2
PO0024903,2026-02-25,498,3
PO0024905,2026-02-25,1188,8
PO0024907,2026-02-25,492,2
PO0024910,2026-02-25,3984,45
PO0024914,2026-02-25,1392,19
PO0024915,2026-02-25,4104,47
PO0024916,2026-02-25,1056,20
PO0024922,2026-02-25,420,4
PO0024926,2026-02-25,288,3
PO0024930,2026-02-25,204,4
PO0024932,2026-02-25,1044,6
PO0024935,2026-02-25,672,15
PO0024650,2026-02-26,2088,10
PO0024750,2026-02-26,2241,26
PO0024799,2026-02-26,768,7
PO0024801,2026-02-26,447,7
PO0024806,2026-02-26,802,16
PO0024845,2026-02-26,1158,14
PO0024848,2026-02-26,960,11
PO0024880,2026-02-26,3120,30
PO0024884,2026-02-26,648,2
PO0024888,2026-02-26,2220,11
PO0024891,2026-02-26,864,11
PO0024895,2026-02-26,3156,26
PO0024901,2026-02-26,264,2
PO0024911,2026-02-26,318,4
PO0024918,2026-02-26,576,8
PO0024921,2026-02-26,216,2
PO0024923,2026-02-26,3480,25
PO0024924,2026-02-26,1032,8
PO0024925,2026-02-26,4110,37
PO0024927,2026-02-26,1668,19
PO0024933,2026-02-26,213,8
PO0024939,2026-02-26,636,10
PO0024941,2026-02-26,750,2
PO0024946,2026-02-26,852,4
PO0024947,2026-02-26,384,6
PO0024948,2026-02-26,3686,43
PO0024951,2026-02-26,2544,21
PO0024956,2026-02-26,1872,15
PO0024959,2026-02-26,1848,20
PO0024961,2026-02-26,834,13
PO0024963,2026-02-26,552,9
PO0024968,2026-02-26,429,6
PO0024654,2026-02-27,384,11
PO0024840,2026-02-27,3024,156
PO0024902,2026-02-27,912,7
PO0024906,2026-02-27,120,2
PO0024908,2026-02-27,684,7
PO0024909,2026-02-27,432,4
PO0024917,2026-02-27,3072,133
PO0024919,2026-02-27,1584,18
PO0024920,2026-02-27,1932,17
PO0024928,2026-02-27,852,5
PO0024929,2026-02-27,1488,16
PO0024934,2026-02-27,648,12
PO0024937,2026-02-27,882,11
PO0024942,2026-02-27,768,2
PO0024945,2026-02-27,264,4
PO0024949,2026-02-27,576,10
PO0024950,2026-02-27,720,10
PO0024953,2026-02-27,1248,19
PO0024957,2026-02-27,2712,23
PO0024966,2026-02-27,456,6
PO0024970,2026-02-27,1806,12
PO0024977,2026-02-27,960,2
PO0024981,2026-02-27,948,39
PO0024985,2026-02-27,792,3
PO0024851,2026-02-28,2172,38
PO0024869,2026-02-28,720,7
PO0024882,2026-02-28,1896,24
PO0024906,2026-02-28,120,0
PO0024928,2026-02-28,852,6
PO0024936,2026-02-28,426,8
PO0024938,2026-02-28,2148,31
PO0024943,2026-02-28,2604,54
PO0024944,2026-02-28,3708,28
PO0024954,2026-02-28,4308,17
PO0024960,2026-02-28,756,5
PO0024962,2026-02-28,1164,11
PO0024964,2026-02-28,276,0
PO0024967,2026-02-28,3312,64
PO0024971,2026-02-28,1200,23
PO0024972,2026-02-28,1584,82
PO0024974,2026-02-28,420,11
PO0024978,2026-02-28,5232,61
PO0024984,2026-02-28,126,2
PO0024986,2026-02-28,372,5
PO0024987,2026-02-28,864,5
PO0024988,2026-02-28,384,4
PO0025000,2026-02-28,336,2
PO0024819,2026-03-01,816,15
PO0024912,2026-03-01,2406,11
PO0024952,2026-03-01,2466,48
PO0024965,2026-03-01,1617,4
PO0024968,2026-03-01,430,7
PO0024975,2026-03-01,1698,27
PO0024979,2026-03-01,304,3
PO0024980,2026-03-01,1764,49
PO0024982,2026-03-01,960,26
PO0024983,2026-03-01,1440,32
PO0024989,2026-03-01,1554,19
PO0024990,2026-03-01,30,0
PO0024992,2026-03-01,1092,4
PO0024994,2026-03-01,288,3
PO0024995,2026-03-01,384,3
PO0024997,2026-03-01,588,0
PO0025002,2026-03-01,1170,5
PO0025003,2026-03-01,1512,14
PO0025004,2026-03-01,1612,32
PO0025008,2026-03-01,2388,11
PO0025013,2026-03-01,528,2
PO0025024,2026-03-01,888,13
PO0024801,2026-03-02,447,5
PO0024863,2026-03-02,1692,24
PO0024869,2026-03-02,720,15
PO0024920,2026-03-02,1932,16
PO0024921,2026-03-02,216,0
PO0024933,2026-03-02,213,1
PO0024934,2026-03-02,648,11
PO0024965,2026-03-02,1617,5
PO0024974,2026-03-02,420,7
PO0024991,2026-03-02,2520,26
PO0024996,2026-03-02,1056,9
PO0024998,2026-03-02,804,18
PO0024999,2026-03-02,1944,32
PO0025005,2026-03-02,4992,11
PO0025006,2026-03-02,864,8
PO0025010,2026-03-02,294,0
PO0025012,2026-03-02,1146,3
PO0025016,2026-03-02,324,3
PO0025020,2026-03-02,312,5
PO0025022,2026-03-02,306,1
PO0025023,2026-03-02,768,6
PO0025026,2026-03-02,5016,21
PO0025027,2026-03-02,1128,8
PO0025029,2026-03-02,1086,18
PO0025030,2026-03-02,1104,38
PO0025036,2026-03-02,474,26
PO0025059,2026-03-02,336,3
PO0025073,2026-03-02,672,9
PO0024804,2026-03-03,336,1
PO0024841,2026-03-03,513,11
PO0024861,2026-03-03,360,3
PO0024866,2026-03-03,1050,49
PO0024931,2026-03-03,696,5
PO0024955,2026-03-03,2190,42
PO0024958,2026-03-03,654,9
PO0024984,2026-03-03,126,5
PO0025001,2026-03-03,1536,18
PO0025007,2026-03-03,360,11
PO0025015,2026-03-03,3504,29
PO0025021,2026-03-03,504,16
PO0025022,2026-03-03,306,0
PO0025028,2026-03-03,4560,46
PO0025031,2026-03-03,480,1
PO0025034,2026-03-03,1104,13
PO0025038,2026-03-03,336,1
PO0025040,2026-03-03,3360,53
PO0025047,2026-03-03,216,1
PO0025049,2026-03-03,678,2
PO0025057,2026-03-03,336,7
PO0025063,2026-03-03,744,6
PO0025065,2026-03-03,1944,12
PO0025067,2026-03-03,144,1
PO0025069,2026-03-03,762,13
PO0025071,2026-03-03,360,1
PO0025082,2026-03-03,768,9
PO0025095,2026-03-03,450,8
PO0024694,2026-03-04,1956,11
PO0024940,2026-03-04,2352,11
PO0024988,2026-03-04,384,3
PO0024993,2026-03-04,4680,50
PO0024994,2026-03-04,288,3
PO0025014,2026-03-04,5856,101
PO0025018,2026-03-04,972,12
PO0025043,2026-03-04,420,4
PO0025054,2026-03-04,2838,25
PO0025055,2026-03-04,570,1
PO0025062,2026-03-04,1320,16
PO0025064,2026-03-04,528,16
PO0025070,2026-03-04,705,7
PO0025072,2026-03-04,768,16
PO0025075,2026-03-04,192,3
PO0025079,2026-03-04,966,14
PO0025080,2026-03-04,1176,24
PO0025088,2026-03-04,864,10
PO0025093,2026-03-04,480,4
PO0025097,2026-03-04,2280,25
PO0025100,2026-03-04,666,8
PO0025125,2026-03-04,3504,12
PO0024849,2026-03-05,246,4
PO0024877,2026-03-05,996,15
PO0024913,2026-03-05,389,9
PO0024973,2026-03-05,336,6
PO0024990,2026-03-05,30,0
PO0025011,2026-03-05,384,19
PO0025029,2026-03-05,1086,15
PO0025035,2026-03-05,300,3
PO0025037,2026-03-05,648,2
PO0025044,2026-03-05,2352,26
PO0025045,2026-03-05,1248,31
PO0025048,2026-03-05,168,0
PO0025051,2026-03-05,564,12
PO0025052,2026-03-05,336,10
PO0025056,2026-03-05,936,8
PO0025060,2026-03-05,552,9
PO0025061,2026-03-05,336,5
PO0025068,2026-03-05,408,3
PO0025072,2026-03-05,768,7
PO0025081,2026-03-05,114,1
PO0025084,2026-03-05,1320,24
PO0025085,2026-03-05,1944,14
PO0025086,2026-03-05,240,5
PO0025087,2026-03-05,3672,43
PO0025092,2026-03-05,1026,3
PO0025094,2026-03-05,1032,9
PO0025099,2026-03-05,336,5
PO0025101,2026-03-05,1800,12
PO0025103,2026-03-05,498,7
PO0025107,2026-03-05,1392,26
PO0025108,2026-03-05,2520,6
PO0025109,2026-03-05,486,7
PO0025128,2026-03-05,217,3
PO0025151,2026-03-05,876,11
PO0025157,2026-03-05,720,12
PO0025167,2026-03-05,1488,8
PO0024893,2026-03-06,2400,24
PO0024976,2026-03-06,1248,17
PO0025019,2026-03-06,720,2
PO0025025,2026-03-06,576,8
PO0025066,2026-03-06,1380,27
PO0025071,2026-03-06,360,4
PO0025077,2026-03-06,813,15
PO0025078,2026-03-06,552,10
PO0025090,2026-03-06,816,39
PO0025104,2026-03-06,528,10
PO0025106,2026-03-06,3186,64
PO0025110,2026-03-06,486,1
PO0025112,2026-03-06,1872,7
PO0025113,2026-03-06,672,11
PO0025115,2026-03-06,3342,22
PO0025117,2026-03-06,1056,8
PO0025118,2026-03-06,1536,20
PO0025122,2026-03-06,1614,26
PO0025126,2026-03-06,1224,5
PO0025127,2026-03-06,1584,12
PO0025130,2026-03-06,5184,66
PO0025131,2026-03-06,1740,28
PO0025134,2026-03-06,1224,6
PO0025136,2026-03-06,7248,78
PO0025137,2026-03-06,777,3
PO0025142,2026-03-06,375,11
PO0025145,2026-03-06,408,0
PO0025149,2026-03-06,840,15
PO0025150,2026-03-06,1032,10
PO0025153,2026-03-06,660,28
PO0025156,2026-03-06,3631,64
PO0025159,2026-03-06,693,2
PO0024841,2026-03-07,513,7
PO0024849,2026-03-07,246,4
PO0025017,2026-03-07,1008,8
PO0025041,2026-03-07,1056,20
PO0025050,2026-03-07,414,6
PO0025058,2026-03-07,240,5
PO0025070,2026-03-07,705,3
PO0025083,2026-03-07,1032,11
PO0025105,2026-03-07,156,2
PO0025114,2026-03-07,1488,21
PO0025119,2026-03-07,780,13
PO0025126,2026-03-07,1224,5
PO0025127,2026-03-07,1584,13
PO0025129,2026-03-07,342,0
PO0025135,2026-03-07,399,3
PO0025138,2026-03-07,3102,9
PO0025139,2026-03-07,1104,13
PO0025141,2026-03-07,1260,18
PO0025143,2026-03-07,2976,40
PO0025146,2026-03-07,1722,6
PO0025148,2026-03-07,708,2
PO0025152,2026-03-07,480,7
PO0025154,2026-03-07,480,5
PO0025159,2026-03-07,693,7
PO0025162,2026-03-07,1632,8
PO0025163,2026-03-07,480,1
PO0025164,2026-03-07,240,3
PO0025165,2026-03-07,528,2
PO0025180,2026-03-07,768,5
PO0024969,2026-03-08,1536,17
PO0025011,2026-03-08,384,15
PO0025032,2026-03-08,696,5
PO0025033,2026-03-08,1440,69
PO0025042,2026-03-08,648,6
PO0025068,2026-03-08,408,2
PO0025081,2026-03-08,114,1
PO0025089,2026-03-08,4848,61
PO0025097,2026-03-08,2280,14
PO0025103,2026-03-08,498,4
PO0025124,2026-03-08,528,5
PO0025129,2026-03-08,342,2
PO0025132,2026-03-08,360,6
PO0025133,2026-03-08,1440,7
PO0025137,2026-03-08,777,9
PO0025144,2026-03-08,144,1
PO0025147,2026-03-08,5568,41
PO0025155,2026-03-08,2100,52
PO0025161,2026-03-08,690,15
PO0025166,2026-03-08,624,9
PO0025168,2026-03-08,492,9
PO0025170,2026-03-08,2706,18
PO0025185,2026-03-08,557,13
PO0025197,2026-03-08,1776,22
PO0025205,2026-03-08,2208,36
PO0025076,2026-03-09,630,6
PO0025096,2026-03-09,1824,20
PO0025121,2026-03-09,516,4
PO0025169,2026-03-09,5706,55
PO0025172,2026-03-09,780,7
PO0025174,2026-03-09,2004,18
PO0025175,2026-03-09,2868,40
PO0025178,2026-03-09,1356,10
PO0025183,2026-03-09,348,6
PO0025184,2026-03-09,1272,4
PO0025187,2026-03-09,1584,5
PO0025190,2026-03-09,624,3
PO0025191,2026-03-09,288,2
PO0025193,2026-03-09,4584,31
PO0025195,2026-03-09,3072,69
PO0025196,2026-03-09,624,3
PO0025200,2026-03-09,1512,5
PO0025201,2026-03-09,474,7
PO0025203,2026-03-09,2484,41
PO0025215,2026-03-09,1008,24
PO0025218,2026-03-09,168,4
PO0025229,2026-03-09,555,4
PO0025250,2026-03-09,2364,29
PO0025074,2026-03-10,1632,40
PO0025077,2026-03-10,813,11
PO0025105,2026-03-10,156,1
PO0025118,2026-03-10,1536,34
PO0025119,2026-03-10,780,14
PO0025131,2026-03-10,1740,24
PO0025140,2026-03-10,2688,48
PO0025171,2026-03-10,216,1
PO0025177,2026-03-10,576,4
PO0025179,2026-03-10,1212,30
PO0025181,2026-03-10,1584,65
PO0025182,2026-03-10,1680,7
PO0025189,2026-03-10,5376,60
PO0025192,2026-03-10,108,2
PO0025194,2026-03-10,960,13
PO0025195,2026-03-10,3072,58
PO0025202,2026-03-10,684,4
PO0025204,2026-03-10,492,2
PO0025208,2026-03-10,2274,12
PO0025209,2026-03-10,288,5
PO0025213,2026-03-10,2484,17
PO0025214,2026-03-10,1272,8
PO0025216,2026-03-10,1572,10
PO0025225,2026-03-10,864,11
PO0025226,2026-03-10,1565,6
PO0025227,2026-03-10,1674,40
PO0025230,2026-03-10,1056,13
PO0025236,2026-03-10,144,2
PO0025240,2026-03-10,276,5
PO0025243,2026-03-10,672,7
PO0025245,2026-03-10,330,6
PO0025248,2026-03-10,1896,29
PO0025268,2026-03-10,2712,7
PO0025102,2026-03-11,624,11
PO0025135,2026-03-11,399,0
PO0025160,2026-03-11,236,8
PO0025177,2026-03-11,576,0
PO0025192,2026-03-11,108,3
PO0025198,2026-03-11,744,15
PO0025206,2026-03-11,1728,33
PO0025207,2026-03-11,210,2
PO0025210,2026-03-11,792,11
PO0025211,2026-03-11,1608,4
PO0025212,2026-03-11,432,6
PO0025217,2026-03-11,312,4
PO0025220,2026-03-11,1416,43
PO0025221,2026-03-11,1068,10
PO0025223,2026-03-11,408,9
PO0025234,2026-03-11,2514,42
PO0025242,2026-03-11,288,6
PO0025252,2026-03-11,2868,42
PO0025256,2026-03-11,912,10
PO0025261,2026-03-11,1152,21
PO0025265,2026-03-11,1128,7
PO0025266,2026-03-11,864,9
PO0025268,2026-03-11,2712,5
PO0025271,2026-03-11,744,33
PO0025272,2026-03-11,1188,29
PO0025273,2026-03-11,396,2
PO0025279,2026-03-11,1584,34
PO0025098,2026-03-12,2640,33
PO0025158,2026-03-12,864,16
PO0025176,2026-03-12,1104,13
PO0025201,2026-03-12,474,5
PO0025222,2026-03-12,208,4
PO0025228,2026-03-12,258,4
PO0025231,2026-03-12,634,2
PO0025232,2026-03-12,528,11
PO0025233,2026-03-12,144,1
PO0025235,2026-03-12,2784,42
PO0025237,2026-03-12,570,5
PO0025241,2026-03-12,432,11
PO0025246,2026-03-12,432,2
PO0025247,2026-03-12,168,3
PO0025251,2026-03-12,528,7
PO0025255,2026-03-12,738,1
PO0025258,2026-03-12,624,13
PO0025259,2026-03-12,708,3
PO0025262,2026-03-12,829,10
PO0025263,2026-03-12,3888,183
PO0025267,2026-03-12,385,10
PO0025271,2026-03-12,744,34
PO0025274,2026-03-12,1416,17
PO0025275,2026-03-12,846,1
PO0025276,2026-03-12,2472,12
PO0025283,2026-03-12,528,3
PO0025284,2026-03-12,1104,15
PO0025285,2026-03-12,6240,78
PO0025286,2026-03-12,408,10
PO0025290,2026-03-12,522,6
PO0025291,2026-03-12,1008,7
PO0025295,2026-03-12,882,17
PO0025297,2026-03-12,510,3
PO0025298,2026-03-12,1656,38
PO0025009,2026-03-13,300,3
PO0025183,2026-03-13,348,3
PO0025199,2026-03-13,3480,12
PO0025242,2026-03-13,288,7
PO0025247,2026-03-13,168,2
PO0025249,2026-03-13,192,3
PO0025257,2026-03-13,6354,54
PO0025266,2026-03-13,864,8
PO0025269,2026-03-13,552,2
PO0025278,2026-03-13,468,6
PO0025289,2026-03-13,1656,7
PO0025290,2026-03-13,522,0
PO0025304,2026-03-13,612,3
PO0025307,2026-03-13,288,6
PO0025311,2026-03-13,1080,21
PO0025313,2026-03-13,484,0
PO0025320,2026-03-13,648,8
PO0025323,2026-03-13,144,2
PO0025326,2026-03-13,480,1
PO0025330,2026-03-13,912,13
PO0025332,2026-03-13,324,4
PO0025334,2026-03-13,492,2
PO0025336,2026-03-13,2394,26
PO0025338,2026-03-13,84,2
PO0025340,2026-03-13,2496,21
PO0025341,2026-03-13,3144,36
PO0025009,2026-03-14,300,2
PO0025046,2026-03-14,402,5
PO0025053,2026-03-14,180,5
PO0025116,2026-03-14,2928,140
PO0025120,2026-03-14,558,6
PO0025173,2026-03-14,900,14
PO0025186,2026-03-14,312,6
PO0025219,2026-03-14,144,1
PO0025243,2026-03-14,672,8
PO0025244,2026-03-14,210,1
PO0025281,2026-03-14,384,3
PO0025287,2026-03-14,336,2
PO0025288,2026-03-14,564,12
PO0025292,2026-03-14,2808,38
PO0025296,2026-03-14,303,6
PO0025299,2026-03-14,2280,46
PO0025300,2026-03-14,474,3
PO0025301,2026-03-14,576,11
PO0025302,2026-03-14,3480,18
PO0025303,2026-03-14,624,9
PO0025305,2026-03-14,2928,51
PO0025310,2026-03-14,1608,15
PO0025317,2026-03-14,1548,40
PO0025321,2026-03-14,2388,48
PO0025329,2026-03-14,294,6
PO0025332,2026-03-14,324,0
PO0025333,2026-03-14,1518,15
PO0025342,2026-03-14,1728,74
PO0025091,2026-03-15,912,3
PO0025199,2026-03-15,3480,11
PO0025217,2026-03-15,312,2
PO0025231,2026-03-15,634,6
PO0025232,2026-03-15,528,4
PO0025237,2026-03-15,570,1
PO0025258,2026-03-15,624,12
PO0025282,2026-03-15,492,29
PO0025294,2026-03-15,96,2
PO0025296,2026-03-15,303,5
PO0025314,2026-03-15,3120,44
PO0025316,2026-03-15,1698,16
PO0025318,2026-03-15,1105,10
PO0025319,2026-03-15,222,2
PO0025320,2026-03-15,648,3
PO0025324,2026-03-15,324,13
PO0025325,2026-03-15,216,2
PO0025327,2026-03-15,96,0
PO0025335,2026-03-15,768,16
PO0025337,2026-03-15,5688,106
PO0025339,2026-03-15,366,4
PO0025343,2026-03-15,1356,10
PO0025344,2026-03-15,2436,27
PO0025347,2026-03-15,1920,29
PO0025348,2026-03-15,592,5
PO0025353,2026-03-15,60,0
PO0025358,2026-03-15,312,8
PO0025359,2026-03-15,522,1
PO0025360,2026-03-15,576,8
PO0025365,2026-03-15,456,4
PO0025366,2026-03-15,252,3
PO0025377,2026-03-15,528,0
PO0025387,2026-03-15,696,4
PO0025395,2026-03-15,648,10
PO0025399,2026-03-15,534,5
PO0025111,2026-03-16,1488,6
PO0025253,2026-03-16,1008,47
PO0025293,2026-03-16,1104,27
PO0025294,2026-03-16,96,2
PO0025314,2026-03-16,3120,34
PO0025345,2026-03-16,5532,57
PO0025349,2026-03-16,222,4
PO0025352,2026-03-16,540,12
PO0025355,2026-03-16,660,0
PO0025362,2026-03-16,1392,12
PO0025363,2026-03-16,696,3
PO0025379,2026-03-16,360,7
PO0025381,2026-03-16,2394,30
PO0025383,2026-03-16,6180,141
PO0025384,2026-03-16,1344,17
PO0025385,2026-03-16,336,5
PO0025394,2026-03-16,336,2
PO0025397,2026-03-16,2112,21
PO0025426,2026-03-16,840,10
PO0025053,2026-03-17,180,3
PO0025188,2026-03-17,1710,33
PO0025224,2026-03-17,3738,34
PO0025238,2026-03-17,2226,35
PO0025239,2026-03-17,2544,30
PO0025315,2026-03-17,4656,24
PO0025318,2026-03-17,1106,14
PO0025322,2026-03-17,4848,99
PO0025323,2026-03-17,144,5
PO0025324,2026-03-17,324,5
PO0025326,2026-03-17,480,3
PO0025338,2026-03-17,84,0
PO0025350,2026-03-17,2598,13
PO0025354,2026-03-17,1668,18
PO0025356,2026-03-17,4776,47
PO0025361,2026-03-17,732,11
PO0025364,2026-03-17,240,1
PO0025366,2026-03-17,252,4
PO0025368,2026-03-17,2784,26
PO0025370,2026-03-17,3060,57
PO0025372,2026-03-17,384,1
PO0025373,2026-03-17,2976,41
PO0025376,2026-03-17,1416,23
PO0025380,2026-03-17,720,14
PO0025388,2026-03-17,540,6
PO0025389,2026-03-17,3192,53
PO0025396,2026-03-17,636,2
PO0025398,2026-03-17,984,7
PO0025401,2026-03-17,3456,74
PO0025402,2026-03-17,6564,37
PO0025408,2026-03-17,168,0
PO0025409,2026-03-17,78,0
PO0025411,2026-03-17,462,3
PO0025415,2026-03-17,1728,49
PO0025424,2026-03-17,1080,11
PO0025435,2026-03-17,1152,6
PO0025254,2026-03-18,1152,13
PO0025270,2026-03-18,540,23
PO0025277,2026-03-18,4560,50
PO0025300,2026-03-18,474,6
PO0025306,2026-03-18,840,4
PO0025331,2026-03-18,432,2
PO0025346,2026-03-18,1320,7
PO0025350,2026-03-18,2598,16
PO0025365,2026-03-18,456,4
PO0025369,2026-03-18,168,1
PO0025371,2026-03-18,336,4
PO0025374,2026-03-18,1152,8
PO0025375,2026-03-18,1572,24
PO0025382,2026-03-18,1308,29
PO0025390,2026-03-18,1764,21
PO0025391,2026-03-18,3504,24
PO0025392,2026-03-18,287,1
PO0025393,2026-03-18,876,2
PO0025403,2026-03-18,1284,23
PO0025404,2026-03-18,2328,13
PO0025406,2026-03-18,672,1
PO0025410,2026-03-18,1061,10
PO0025423,2026-03-18,1716,28
PO0025428,2026-03-18,384,11
PO0025433,2026-03-18,1464,14
PO0025439,2026-03-18,930,2
PO0025440,2026-03-18,144,2
PO0025443,2026-03-18,432,6
PO0025471,2026-03-18,2112,9
PO0025478,2026-03-18,480,3
PO0025260,2026-03-19,384,6
PO0025343,2026-03-19,1356,14
PO0025353,2026-03-19,60,0
PO0025374,2026-03-19,1152,3
PO0025412,2026-03-19,1056,14
PO0025417,2026-03-19,1242,13
PO0025418,2026-03-19,960,14
PO0025419,2026-03-19,1368,19
PO0025421,2026-03-19,1872,22
PO0025422,2026-03-19,1506,6
PO0025425,2026-03-19,534,3
PO0025427,2026-03-19,1092,16
PO0025430,2026-03-19,1242,8
PO0025444,2026-03-19,4752,67
PO0025451,2026-03-19,3696,32
PO0025452,2026-03-19,882,20
PO0025455,2026-03-19,828,5
PO0025457,2026-03-19,360,7
PO0025458,2026-03-19,4044,78
PO0025467,2026-03-19,156,0
PO0025469,2026-03-19,264,1
PO0025474,2026-03-19,318,3
PO0025478,2026-03-19,480,7
PO0025480,2026-03-19,96,0
PO0025484,2026-03-19,1212,9
PO0025497,2026-03-19,552,13
PO0025498,2026-03-19,978,11
PO0025123,2026-03-20,1512,20
PO0025254,2026-03-20,1152,15
PO0025328,2026-03-20,2352,50
PO0025378,2026-03-20,5688,32
PO0025398,2026-03-20,984,15
PO0025409,2026-03-20,78,0
PO0025411,2026-03-20,462,7
PO0025416,2026-03-20,307,6
PO0025431,2026-03-20,912,4
PO0025432,2026-03-20,1332,4
PO0025434,2026-03-20,864,16
PO0025436,2026-03-20,1032,51
PO0025437,2026-03-20,1296,27
PO0025441,2026-03-20,528,8
PO0025445,2026-03-20,468,2
PO0025446,2026-03-20,1164,14
PO0025452,2026-03-20,882,13
PO0025453,2026-03-20,288,4
PO0025454,2026-03-20,2826,32
PO0025456,2026-03-20,828,15
PO0025460,2026-03-20,756,14
PO0025461,2026-03-20,2364,48
PO0025464,2026-03-20,5424,54
PO0025466,2026-03-20,2328,23
PO0025468,2026-03-20,638,16
PO0025470,2026-03-20,4152,54
PO0025475,2026-03-20,1752,18
PO0025479,2026-03-20,1542,5
PO0025481,2026-03-20,3744,47
PO0025485,2026-03-20,2088,33
PO0025492,2026-03-20,1056,22
PO0025493,2026-03-20,384,10
PO0025494,2026-03-20,1836,12
PO0025503,2026-03-20,984,11
PO0025309,2026-03-21,3744,47
PO0025346,2026-03-21,1320,10
PO0025357,2026-03-21,2448,30
PO0025369,2026-03-21,168,2
PO0025414,2026-03-21,552,5
PO0025447,2026-03-21,192,6
PO0025448,2026-03-21,2304,22
PO0025463,2026-03-21,3000,45
PO0025465,2026-03-21,1248,9
PO0025473,2026-03-21,456,4
PO0025474,2026-03-21,318,1
PO0025476,2026-03-21,72,0
PO0025477,2026-03-21,816,33
PO0025486,2026-03-21,168,1
PO0025487,2026-03-21,1704,2
PO0025488,2026-03-21,7152,43
PO0025491,2026-03-21,936,5
PO0025500,2026-03-21,720,8
PO0025501,2026-03-21,1356,8
PO0025502,2026-03-21,858,2
PO0025351,2026-03-22,768,10
PO0025367,2026-03-22,1392,16
PO0025420,2026-03-22,3984,35
PO0025449,2026-03-22,756,34
PO0025450,2026-03-22,1344,23
PO0025490,2026-03-22,3192,29
PO0025510,2026-03-22,528,1
PO0025512,2026-03-22,336,9
PO0025516,2026-03-22,1680,2
PO0025520,2026-03-22,696,7
PO0025562,2026-03-22,396,3
PO0025280,2026-03-23,264,1
PO0025386,2026-03-23,594,9
PO0025413,2026-03-23,2232,23
PO0025429,2026-03-23,636,11
PO0025460,2026-03-23,756,16
PO0025476,2026-03-23,72,0
PO0025506,2026-03-23,1680,17
PO0025508,2026-03-23,2700,15
PO0025515,2026-03-23,600,14
PO0025518,2026-03-23,1548,18
PO0025519,2026-03-23,2748,39
PO0025521,2026-03-23,3456,171
PO0025522,2026-03-23,3168,136
PO0025528,2026-03-23,1536,8
PO0025530,2026-03-23,720,14
PO0025532,2026-03-23,1104,51
PO0025534,2026-03-23,480,10
PO0025542,2026-03-23,3360,34
PO0025546,2026-03-23,1160,4
PO0025547,2026-03-23,474,8
PO0025549,2026-03-23,714,2
PO0025551,2026-03-23,528,15
PO0025552,2026-03-23,4272,76
PO0025556,2026-03-23,2928,125
PO0025563,2026-03-23,204,3
PO0025264,2026-03-24,1248,4
PO0025407,2026-03-24,1392,23
PO0025456,2026-03-24,828,15
PO0025472,2026-03-24,3324,25
PO0025496,2026-03-24,3600,156
PO0025505,2026-03-24,1152,4
PO0025507,2026-03-24,2448,70
PO0025513,2026-03-24,2390,22
PO0025514,2026-03-24,1560,11
PO0025517,2026-03-24,3648,19
PO0025523,2026-03-24,373,2
PO0025529,2026-03-24,792,9
PO0025533,2026-03-24,1020,9
PO0025535,2026-03-24,432,6
PO0025539,2026-03-24,2232,18
PO0025540,2026-03-24,1656,24
PO0025545,2026-03-24,3120,21
PO0025550,2026-03-24,960,16
PO0025553,2026-03-24,1200,1
PO0025554,2026-03-24,4152,42
PO0025555,2026-03-24,672,14
PO0025565,2026-03-24,528,4
PO0025569,2026-03-24,2064,10
PO0025576,2026-03-24,864,9
PO0025579,2026-03-24,264,2
PO0025580,2026-03-24,408,4
PO0025583,2026-03-24,912,7
PO0025588,2026-03-24,360,1
PO0025594,2026-03-24,1518,14
PO0025595,2026-03-24,1050,4
PO0025615,2026-03-24,264,2
PO0025039,2026-03-25,756,13
PO0025308,2026-03-25,1440,16
PO0025438,2026-03-25,2256,29
PO0025486,2026-03-25,168,2
PO0025514,2026-03-25,1560,7
PO0025524,2026-03-25,336,13
PO0025537,2026-03-25,332,2
PO0025538,2026-03-25,2424,43
PO0025541,2026-03-25,480,16
PO0025548,2026-03-25,295,2
PO0025558,2026-03-25,1548,17
PO0025560,2026-03-25,1248,11
PO0025561,2026-03-25,396,1
PO0025564,2026-03-25,96,0
PO0025566,2026-03-25,978,13
PO0025568,2026-03-25,600,9
PO0025571,2026-03-25,4800,36
PO0025572,2026-03-25,1002,5
PO0025573,2026-03-25,2124,17
PO0025574,2026-03-25,72,3
PO0025575,2026-03-25,198,2
PO0025578,2026-03-25,1872,16
PO0025581,2026-03-25,576,7
PO0025582,2026-03-25,384,2
PO0025585,2026-03-25,342,5
PO0025586,2026-03-25,216,1
PO0025587,2026-03-25,720,11
PO0025600,2026-03-25,1056,8
PO0025611,2026-03-25,2484,60
PO0025621,2026-03-25,552,4
PO0025624,2026-03-25,591,2
PO0025280,2026-03-26,264,4
PO0025459,2026-03-26,2112,99
PO0025462,2026-03-26,336,5
PO0025483,2026-03-26,1266,16
PO0025499,2026-03-26,1692,20
PO0025504,2026-03-26,1632,7
PO0025509,2026-03-26,2304,44
PO0025564,2026-03-26,96,0
PO0025570,2026-03-26,1104,19
PO0025584,2026-03-26,235,3
PO0025591,2026-03-26,1152,12
PO0025592,2026-03-26,384,0
PO0025593,2026-03-26,1656,20
PO0025596,2026-03-26,336,4
PO0025598,2026-03-26,1769,18
PO0025601,2026-03-26,408,1
PO0025607,2026-03-26,498,10
PO0025608,2026-03-26,1944,26
PO0025610,2026-03-26,2232,9
PO0025614,2026-03-26,3282,28
PO0025618,2026-03-26,420,6
PO0025619,2026-03-26,864,8
PO0025623,2026-03-26,252,2
PO0025627,2026-03-26,1374,24
PO0025630,2026-03-26,4068,50
PO0025631,2026-03-26,324,5
PO0025633,2026-03-26,1392,15
PO0025636,2026-03-26,384,14
PO0025639,2026-03-26,288,8
PO0025640,2026-03-26,480,2
PO0025643,2026-03-26,792,2
PO0025645,2026-03-26,294,1
PO0025652,2026-03-26,4032,52
PO0025656,2026-03-26,924,19
PO0025400,2026-03-27,2928,18
PO0025489,2026-03-27,1152,11
PO0025515,2026-03-27,600,13
PO0025536,2026-03-27,1014,19
PO0025574,2026-03-27,72,0
PO0025585,2026-03-27,342,2
PO0025589,2026-03-27,576,13
PO0025590,2026-03-27,432,6
PO0025599,2026-03-27,5376,73
PO0025602,2026-03-27,4098,52
PO0025603,2026-03-27,1230,13
PO0025604,2026-03-27,1728,10
PO0025606,2026-03-27,288,6
PO0025608,2026-03-27,1944,20
PO0025609,2026-03-27,678,1
PO0025612,2026-03-27,720,9
PO0025616,2026-03-27,924,23
PO0025620,2026-03-27,1152,32
PO0025626,2026-03-27,375,0
PO0025628,2026-03-27,648,13
PO0025634,2026-03-27,5232,41
PO0025635,2026-03-27,1848,29
PO0025637,2026-03-27,1224,8
PO0025641,2026-03-27,240,2
PO0025644,2026-03-27,1440,19
PO0025647,2026-03-27,966,12
PO0025650,2026-03-27,3912,22
PO0025651,2026-03-27,148,2
PO0025653,2026-03-27,636,13
PO0025654,2026-03-27,1402,40
PO0025659,2026-03-27,4344,14
PO0025666,2026-03-27,672,19
PO0025668,2026-03-27,408,1
PO0025482,2026-03-28,576,6
PO0025525,2026-03-28,864,6
PO0025557,2026-03-28,1740,6
PO0025561,2026-03-28,396,7
PO0025586,2026-03-28,216,1
PO0025604,2026-03-28,1728,12
PO0025624,2026-03-28,591,5
PO0025625,2026-03-28,2454,9
PO0025629,2026-03-28,2712,16
PO0025638,2026-03-28,264,0
PO0025646,2026-03-28,1728,12
PO0025648,2026-03-28,696,17
PO0025649,2026-03-28,336,6
PO0025660,2026-03-28,696,8
PO0025661,2026-03-28,396,2
PO0025663,2026-03-28,840,9
PO0025665,2026-03-28,960,16
PO0025667,2026-03-28,576,5
PO0025677,2026-03-28,1488,26
PO0025686,2026-03-28,942,4
PO0025690,2026-03-28,864,6
PO0025495,2026-03-29,2976,136
PO0025544,2026-03-29,366,4
PO0025577,2026-03-29,2160,13
PO0025622,2026-03-29,279,6
PO0025655,2026-03-29,3840,23
PO0025657,2026-03-29,1584,41
PO0025658,2026-03-29,720,8
PO0025664,2026-03-29,2118,4
PO0025674,2026-03-29,48,0
PO0025675,2026-03-29,384,1
PO0025682,2026-03-29,1704,7
PO0025683,2026-03-29,2652,61
PO0025691,2026-03-29,396,4
PO0025312,2026-03-30,600,7
PO0025543,2026-03-30,7620,192
PO0025559,2026-03-30,457,14
PO0025597,2026-03-30,744,43
PO0025618,2026-03-30,420,7
PO0025651,2026-03-30,149,5
PO0025669,2026-03-30,528,10
PO0025671,2026-03-30,1536,37
PO0025676,2026-03-30,480,4
PO0025685,2026-03-30,480,4
PO0025688,2026-03-30,432,3
PO0025697,2026-03-30,2280,27
PO0025701,2026-03-30,864,9
PO0025702,2026-03-30,564,12
PO0025705,2026-03-30,1488,31
PO0025706,2026-03-30,1995,17
PO0025714,2026-03-30,2784,19
PO0025716,2026-03-30,5184,22
PO0025531,2026-03-31,4092,24
PO0025567,2026-03-31,1992,40
PO0025626,2026-03-31,375,3
PO0025668,2026-03-31,408,1
PO0025674,2026-03-31,48,0
PO0025678,2026-03-31,1104,15
PO0025680,2026-03-31,960,15
PO0025681,2026-03-31,384,17
PO0025684,2026-03-31,1440,7
PO0025695,2026-03-31,708,11
PO0025698,2026-03-31,180,1
PO0025708,2026-03-31,3528,27
PO0025710,2026-03-31,516,5
PO0025711,2026-03-31,5232,62
PO0025717,2026-03-31,408,2
PO0025718,2026-03-31,672,26
PO0025720,2026-03-31,180,3
PO0025722,2026-03-31,288,2
PO0025728,2026-03-31,2868,49
PO0025731,2026-03-31,3648,23
PO0025734,2026-03-31,4608,97
PO0025736,2026-03-31,312,2
PO0025739,2026-03-31,4692,42
PO0025742,2026-03-31,552,5
PO0025745,2026-03-31,1488,30
PO0025746,2026-03-31,2364,21
PO0025749,2026-03-31,174,1
PO0025751,2026-03-31,912,21
PO0025752,2026-03-31,144,0
PO0025765,2026-03-31,612,2
PO0025774,2026-03-31,768,16
PO0025777,2026-03-31,572,8
