order_id,zone_id,dc_id,order_date,promised_date
SO0000001,Z03,DC-HYD,2023-04-01,2023-04-04
SO0000002,Z05,DC-HYD,2023-04-01,2023-04-04
SO0000003,Z06,DC-HYD,2023-04-01,2023-04-04
SO0000004,Z08,DC-HYD,2023-04-01,2023-04-05
SO0000005,Z09,DC-HYD,2023-04-01,2023-04-05
SO0000006,Z14,DC-MUM,2023-04-01,2023-04-04
SO0000007,Z17,DC-MUM,2023-04-01,2023-04-04
SO0000008,Z22,DC-DEL,2023-04-01,2023-04-04
SO0000009,Z31,DC-KOL,2023-04-01,2023-04-04
SO0000010,Z34,DC-KOL,2023-04-01,2023-04-04
SO0000011,Z03,DC-HYD,2023-04-03,2023-04-06
SO0000012,Z04,DC-HYD,2023-04-03,2023-04-05
SO0000013,Z08,DC-HYD,2023-04-03,2023-04-07
SO0000014,Z10,DC-HYD,2023-04-03,2023-04-06
SO0000021,Z35,DC-HYD,2023-04-03,2023-04-06
SO0000015,Z11,DC-MUM,2023-04-03,2023-04-05
SO0000016,Z13,DC-MUM,2023-04-03,2023-04-05
SO0000019,Z26,DC-DEL,2023-04-03,2023-04-06
SO0000020,Z33,DC-KOL,2023-04-03,2023-04-06
SO0000022,Z01,DC-HYD,2023-04-04,2023-04-06
SO0000023,Z02,DC-HYD,2023-04-04,2023-04-06
SO0000024,Z04,DC-HYD,2023-04-04,2023-04-06
SO0000025,Z10,DC-HYD,2023-04-04,2023-04-07
SO0000017,Z15,DC-MUM,2023-04-03,2023-04-05
SO0000018,Z18,DC-MUM,2023-04-03,2023-04-06
SO0000026,Z14,DC-MUM,2023-04-04,2023-04-07
SO0000027,Z19,DC-MUM,2023-04-04,2023-04-06
SO0000028,Z20,DC-DEL,2023-04-04,2023-04-06
SO0000029,Z22,DC-DEL,2023-04-04,2023-04-07
SO0000031,Z30,DC-KOL,2023-04-04,2023-04-07
SO0000032,Z34,DC-KOL,2023-04-04,2023-04-07
SO0000033,Z01,DC-HYD,2023-04-05,2023-04-07
SO0000034,Z06,DC-HYD,2023-04-05,2023-04-08
SO0000035,Z09,DC-HYD,2023-04-05,2023-04-09
SO0000036,Z16,DC-MUM,2023-04-05,2023-04-07
SO0000030,Z23,DC-DEL,2023-04-04,2023-04-06
SO0000037,Z21,DC-DEL,2023-04-05,2023-04-07
SO0000043,Z29,DC-KOL,2023-04-05,2023-04-07
SO0000048,Z05,DC-HYD,2023-04-06,2023-04-09
SO0000049,Z07,DC-HYD,2023-04-06,2023-04-10
SO0000050,Z12,DC-MUM,2023-04-06,2023-04-08
SO0000051,Z13,DC-MUM,2023-04-06,2023-04-08
SO0000052,Z16,DC-MUM,2023-04-06,2023-04-08
SO0000053,Z18,DC-MUM,2023-04-06,2023-04-09
SO0000038,Z24,DC-DEL,2023-04-05,2023-04-07
SO0000039,Z25,DC-DEL,2023-04-05,2023-04-07
SO0000040,Z26,DC-DEL,2023-04-05,2023-04-08
SO0000041,Z27,DC-DEL,2023-04-05,2023-04-07
SO0000042,Z28,DC-DEL,2023-04-05,2023-04-08
SO0000044,Z31,DC-KOL,2023-04-05,2023-04-08
SO0000045,Z32,DC-KOL,2023-04-05,2023-04-07
SO0000046,Z33,DC-KOL,2023-04-05,2023-04-08
SO0000060,Z02,DC-HYD,2023-04-07,2023-04-09
SO0000061,Z07,DC-HYD,2023-04-07,2023-04-11
SO0000072,Z35,DC-HYD,2023-04-07,2023-04-10
SO0000054,Z19,DC-MUM,2023-04-06,2023-04-08
SO0000062,Z11,DC-MUM,2023-04-07,2023-04-09
SO0000063,Z12,DC-MUM,2023-04-07,2023-04-09
SO0000064,Z15,DC-MUM,2023-04-07,2023-04-09
SO0000065,Z17,DC-MUM,2023-04-07,2023-04-10
SO0000055,Z20,DC-DEL,2023-04-06,2023-04-08
SO0000056,Z27,DC-DEL,2023-04-06,2023-04-08
SO0000057,Z28,DC-DEL,2023-04-06,2023-04-09
SO0000066,Z21,DC-DEL,2023-04-07,2023-04-09
SO0000067,Z23,DC-DEL,2023-04-07,2023-04-09
SO0000068,Z24,DC-DEL,2023-04-07,2023-04-09
SO0000069,Z25,DC-DEL,2023-04-07,2023-04-09
SO0000047,Z36,DC-KOL,2023-04-05,2023-04-08
SO0000058,Z30,DC-KOL,2023-04-06,2023-04-09
SO0000059,Z36,DC-KOL,2023-04-06,2023-04-09
SO0000073,Z03,DC-HYD,2023-04-08,2023-04-11
SO0000074,Z05,DC-HYD,2023-04-08,2023-04-11
SO0000075,Z06,DC-HYD,2023-04-08,2023-04-11
SO0000076,Z08,DC-HYD,2023-04-08,2023-04-12
SO0000077,Z09,DC-HYD,2023-04-08,2023-04-12
SO0000078,Z14,DC-MUM,2023-04-08,2023-04-11
SO0000079,Z17,DC-MUM,2023-04-08,2023-04-11
SO0000080,Z22,DC-DEL,2023-04-08,2023-04-11
SO0000070,Z29,DC-KOL,2023-04-07,2023-04-09
SO0000071,Z32,DC-KOL,2023-04-07,2023-04-09
SO0000081,Z31,DC-KOL,2023-04-08,2023-04-11
SO0000083,Z03,DC-HYD,2023-04-10,2023-04-13
SO0000084,Z04,DC-HYD,2023-04-10,2023-04-12
SO0000085,Z08,DC-HYD,2023-04-10,2023-04-14
SO0000086,Z10,DC-HYD,2023-04-10,2023-04-13
SO0000093,Z35,DC-HYD,2023-04-10,2023-04-13
SO0000087,Z11,DC-MUM,2023-04-10,2023-04-12
SO0000088,Z13,DC-MUM,2023-04-10,2023-04-12
SO0000089,Z15,DC-MUM,2023-04-10,2023-04-12
SO0000090,Z18,DC-MUM,2023-04-10,2023-04-13
SO0000091,Z26,DC-DEL,2023-04-10,2023-04-13
SO0000082,Z34,DC-KOL,2023-04-08,2023-04-11
SO0000092,Z33,DC-KOL,2023-04-10,2023-04-13
SO0000094,Z01,DC-HYD,2023-04-11,2023-04-13
SO0000095,Z02,DC-HYD,2023-04-11,2023-04-13
SO0000096,Z04,DC-HYD,2023-04-11,2023-04-13
SO0000097,Z10,DC-HYD,2023-04-11,2023-04-14
SO0000098,Z14,DC-MUM,2023-04-11,2023-04-14
SO0000099,Z19,DC-MUM,2023-04-11,2023-04-13
SO0000100,Z20,DC-DEL,2023-04-11,2023-04-13
SO0000101,Z22,DC-DEL,2023-04-11,2023-04-14
SO0000103,Z30,DC-KOL,2023-04-11,2023-04-14
SO0000104,Z34,DC-KOL,2023-04-11,2023-04-14
SO0000105,Z01,DC-HYD,2023-04-12,2023-04-14
SO0000106,Z06,DC-HYD,2023-04-12,2023-04-15
SO0000107,Z09,DC-HYD,2023-04-12,2023-04-16
SO0000108,Z16,DC-MUM,2023-04-12,2023-04-14
SO0000102,Z23,DC-DEL,2023-04-11,2023-04-13
SO0000109,Z21,DC-DEL,2023-04-12,2023-04-14
SO0000110,Z24,DC-DEL,2023-04-12,2023-04-14
SO0000111,Z25,DC-DEL,2023-04-12,2023-04-14
SO0000112,Z26,DC-DEL,2023-04-12,2023-04-15
SO0000115,Z29,DC-KOL,2023-04-12,2023-04-14
SO0000120,Z05,DC-HYD,2023-04-13,2023-04-16
SO0000121,Z07,DC-HYD,2023-04-13,2023-04-17
SO0000122,Z12,DC-MUM,2023-04-13,2023-04-15
SO0000123,Z13,DC-MUM,2023-04-13,2023-04-15
SO0000124,Z16,DC-MUM,2023-04-13,2023-04-15
SO0000125,Z18,DC-MUM,2023-04-13,2023-04-16
SO0000126,Z19,DC-MUM,2023-04-13,2023-04-15
SO0000113,Z27,DC-DEL,2023-04-12,2023-04-14
SO0000114,Z28,DC-DEL,2023-04-12,2023-04-15
SO0000127,Z20,DC-DEL,2023-04-13,2023-04-15
SO0000128,Z27,DC-DEL,2023-04-13,2023-04-15
SO0000129,Z28,DC-DEL,2023-04-13,2023-04-16
SO0000116,Z31,DC-KOL,2023-04-12,2023-04-15
SO0000117,Z32,DC-KOL,2023-04-12,2023-04-14
SO0000118,Z33,DC-KOL,2023-04-12,2023-04-15
SO0000132,Z02,DC-HYD,2023-04-14,2023-04-16
SO0000133,Z07,DC-HYD,2023-04-14,2023-04-18
SO0000144,Z35,DC-HYD,2023-04-14,2023-04-17
SO0000134,Z11,DC-MUM,2023-04-14,2023-04-16
SO0000135,Z12,DC-MUM,2023-04-14,2023-04-16
SO0000136,Z15,DC-MUM,2023-04-14,2023-04-16
SO0000137,Z17,DC-MUM,2023-04-14,2023-04-17
SO0000138,Z21,DC-DEL,2023-04-14,2023-04-16
SO0000139,Z23,DC-DEL,2023-04-14,2023-04-16
SO0000140,Z24,DC-DEL,2023-04-14,2023-04-16
SO0000141,Z25,DC-DEL,2023-04-14,2023-04-16
SO0000119,Z36,DC-KOL,2023-04-12,2023-04-15
SO0000130,Z30,DC-KOL,2023-04-13,2023-04-16
SO0000131,Z36,DC-KOL,2023-04-13,2023-04-16
SO0000142,Z29,DC-KOL,2023-04-14,2023-04-16
SO0000143,Z32,DC-KOL,2023-04-14,2023-04-16
SO0000145,Z03,DC-HYD,2023-04-15,2023-04-18
SO0000146,Z05,DC-HYD,2023-04-15,2023-04-18
SO0000147,Z06,DC-HYD,2023-04-15,2023-04-18
SO0000148,Z08,DC-HYD,2023-04-15,2023-04-19
SO0000149,Z09,DC-HYD,2023-04-15,2023-04-19
SO0000150,Z14,DC-MUM,2023-04-15,2023-04-18
SO0000151,Z17,DC-MUM,2023-04-15,2023-04-18
SO0000152,Z22,DC-DEL,2023-04-15,2023-04-18
SO0000153,Z31,DC-KOL,2023-04-15,2023-04-18
SO0000154,Z34,DC-KOL,2023-04-15,2023-04-18
SO0000155,Z03,DC-HYD,2023-04-17,2023-04-20
SO0000156,Z04,DC-HYD,2023-04-17,2023-04-19
SO0000157,Z08,DC-HYD,2023-04-17,2023-04-21
SO0000158,Z10,DC-HYD,2023-04-17,2023-04-20
SO0000165,Z35,DC-HYD,2023-04-17,2023-04-20
SO0000159,Z11,DC-MUM,2023-04-17,2023-04-19
SO0000160,Z13,DC-MUM,2023-04-17,2023-04-19
SO0000161,Z15,DC-MUM,2023-04-17,2023-04-19
SO0000162,Z18,DC-MUM,2023-04-17,2023-04-20
SO0000163,Z26,DC-DEL,2023-04-17,2023-04-20
SO0000164,Z33,DC-KOL,2023-04-17,2023-04-20
SO0000166,Z01,DC-HYD,2023-04-18,2023-04-20
SO0000167,Z02,DC-HYD,2023-04-18,2023-04-20
SO0000168,Z04,DC-HYD,2023-04-18,2023-04-20
SO0000169,Z10,DC-HYD,2023-04-18,2023-04-21
SO0000170,Z14,DC-MUM,2023-04-18,2023-04-21
SO0000171,Z19,DC-MUM,2023-04-18,2023-04-20
SO0000172,Z20,DC-DEL,2023-04-18,2023-04-20
SO0000173,Z22,DC-DEL,2023-04-18,2023-04-21
SO0000174,Z23,DC-DEL,2023-04-18,2023-04-20
SO0000175,Z30,DC-KOL,2023-04-18,2023-04-21
SO0000176,Z34,DC-KOL,2023-04-18,2023-04-21
SO0000177,Z01,DC-HYD,2023-04-19,2023-04-21
SO0000178,Z06,DC-HYD,2023-04-19,2023-04-22
SO0000179,Z09,DC-HYD,2023-04-19,2023-04-23
SO0000180,Z16,DC-MUM,2023-04-19,2023-04-21
SO0000181,Z21,DC-DEL,2023-04-19,2023-04-21
SO0000182,Z24,DC-DEL,2023-04-19,2023-04-21
SO0000183,Z25,DC-DEL,2023-04-19,2023-04-21
SO0000184,Z26,DC-DEL,2023-04-19,2023-04-22
SO0000185,Z27,DC-DEL,2023-04-19,2023-04-21
SO0000187,Z29,DC-KOL,2023-04-19,2023-04-21
SO0000192,Z05,DC-HYD,2023-04-20,2023-04-23
SO0000193,Z07,DC-HYD,2023-04-20,2023-04-24
SO0000194,Z12,DC-MUM,2023-04-20,2023-04-22
SO0000195,Z13,DC-MUM,2023-04-20,2023-04-22
SO0000196,Z16,DC-MUM,2023-04-20,2023-04-22
SO0000197,Z18,DC-MUM,2023-04-20,2023-04-23
SO0000198,Z19,DC-MUM,2023-04-20,2023-04-22
SO0000186,Z28,DC-DEL,2023-04-19,2023-04-22
SO0000199,Z20,DC-DEL,2023-04-20,2023-04-22
SO0000200,Z27,DC-DEL,2023-04-20,2023-04-22
SO0000201,Z28,DC-DEL,2023-04-20,2023-04-23
SO0000188,Z31,DC-KOL,2023-04-19,2023-04-22
SO0000189,Z32,DC-KOL,2023-04-19,2023-04-21
SO0000190,Z33,DC-KOL,2023-04-19,2023-04-22
SO0000204,Z02,DC-HYD,2023-04-21,2023-04-23
SO0000205,Z07,DC-HYD,2023-04-21,2023-04-25
SO0000216,Z35,DC-HYD,2023-04-21,2023-04-24
SO0000206,Z11,DC-MUM,2023-04-21,2023-04-23
SO0000207,Z12,DC-MUM,2023-04-21,2023-04-23
SO0000210,Z21,DC-DEL,2023-04-21,2023-04-23
SO0000211,Z23,DC-DEL,2023-04-21,2023-04-23
SO0000212,Z24,DC-DEL,2023-04-21,2023-04-23
SO0000213,Z25,DC-DEL,2023-04-21,2023-04-23
SO0000191,Z36,DC-KOL,2023-04-19,2023-04-22
SO0000202,Z30,DC-KOL,2023-04-20,2023-04-23
SO0000203,Z36,DC-KOL,2023-04-20,2023-04-23
SO0000214,Z29,DC-KOL,2023-04-21,2023-04-23
SO0000217,Z03,DC-HYD,2023-04-22,2023-04-25
SO0000218,Z05,DC-HYD,2023-04-22,2023-04-25
SO0000219,Z06,DC-HYD,2023-04-22,2023-04-25
SO0000220,Z08,DC-HYD,2023-04-22,2023-04-26
SO0000221,Z09,DC-HYD,2023-04-22,2023-04-26
SO0000208,Z15,DC-MUM,2023-04-21,2023-04-23
SO0000209,Z17,DC-MUM,2023-04-21,2023-04-24
SO0000222,Z14,DC-MUM,2023-04-22,2023-04-25
SO0000223,Z17,DC-MUM,2023-04-22,2023-04-25
SO0000224,Z22,DC-DEL,2023-04-22,2023-04-25
SO0000215,Z32,DC-KOL,2023-04-21,2023-04-23
SO0000225,Z31,DC-KOL,2023-04-22,2023-04-25
SO0000226,Z34,DC-KOL,2023-04-22,2023-04-25
SO0000227,Z03,DC-HYD,2023-04-24,2023-04-27
SO0000228,Z04,DC-HYD,2023-04-24,2023-04-26
SO0000229,Z08,DC-HYD,2023-04-24,2023-04-28
SO0000230,Z10,DC-HYD,2023-04-24,2023-04-27
SO0000237,Z35,DC-HYD,2023-04-24,2023-04-27
SO0000231,Z11,DC-MUM,2023-04-24,2023-04-26
SO0000232,Z13,DC-MUM,2023-04-24,2023-04-26
SO0000233,Z15,DC-MUM,2023-04-24,2023-04-26
SO0000234,Z18,DC-MUM,2023-04-24,2023-04-27
SO0000235,Z26,DC-DEL,2023-04-24,2023-04-27
SO0000236,Z33,DC-KOL,2023-04-24,2023-04-27
SO0000238,Z01,DC-HYD,2023-04-25,2023-04-27
SO0000239,Z02,DC-HYD,2023-04-25,2023-04-27
SO0000240,Z04,DC-HYD,2023-04-25,2023-04-27
SO0000241,Z10,DC-HYD,2023-04-25,2023-04-28
SO0000242,Z14,DC-MUM,2023-04-25,2023-04-28
SO0000243,Z19,DC-MUM,2023-04-25,2023-04-27
SO0000244,Z20,DC-DEL,2023-04-25,2023-04-27
SO0000245,Z22,DC-DEL,2023-04-25,2023-04-28
SO0000247,Z30,DC-KOL,2023-04-25,2023-04-28
SO0000248,Z34,DC-KOL,2023-04-25,2023-04-28
SO0000249,Z01,DC-HYD,2023-04-26,2023-04-28
SO0000250,Z06,DC-HYD,2023-04-26,2023-04-29
SO0000251,Z09,DC-HYD,2023-04-26,2023-04-30
SO0000252,Z16,DC-MUM,2023-04-26,2023-04-28
SO0000246,Z23,DC-DEL,2023-04-25,2023-04-27
SO0000253,Z21,DC-DEL,2023-04-26,2023-04-28
SO0000254,Z24,DC-DEL,2023-04-26,2023-04-28
SO0000255,Z25,DC-DEL,2023-04-26,2023-04-28
SO0000259,Z29,DC-KOL,2023-04-26,2023-04-28
SO0000264,Z05,DC-HYD,2023-04-27,2023-04-30
SO0000265,Z07,DC-HYD,2023-04-27,2023-05-01
SO0000266,Z12,DC-MUM,2023-04-27,2023-04-29
SO0000267,Z13,DC-MUM,2023-04-27,2023-04-29
SO0000268,Z16,DC-MUM,2023-04-27,2023-04-29
SO0000269,Z18,DC-MUM,2023-04-27,2023-04-30
SO0000270,Z19,DC-MUM,2023-04-27,2023-04-29
SO0000256,Z26,DC-DEL,2023-04-26,2023-04-29
SO0000257,Z27,DC-DEL,2023-04-26,2023-04-28
SO0000258,Z28,DC-DEL,2023-04-26,2023-04-29
SO0000271,Z20,DC-DEL,2023-04-27,2023-04-29
SO0000272,Z27,DC-DEL,2023-04-27,2023-04-29
SO0000273,Z28,DC-DEL,2023-04-27,2023-04-30
SO0000260,Z31,DC-KOL,2023-04-26,2023-04-29
SO0000261,Z32,DC-KOL,2023-04-26,2023-04-28
SO0000262,Z33,DC-KOL,2023-04-26,2023-04-29
SO0000276,Z02,DC-HYD,2023-04-28,2023-04-30
SO0000277,Z07,DC-HYD,2023-04-28,2023-05-02
SO0000288,Z35,DC-HYD,2023-04-28,2023-05-01
SO0000278,Z11,DC-MUM,2023-04-28,2023-04-30
SO0000279,Z12,DC-MUM,2023-04-28,2023-04-30
SO0000280,Z15,DC-MUM,2023-04-28,2023-04-30
SO0000281,Z17,DC-MUM,2023-04-28,2023-05-01
SO0000282,Z21,DC-DEL,2023-04-28,2023-04-30
SO0000283,Z23,DC-DEL,2023-04-28,2023-04-30
SO0000284,Z24,DC-DEL,2023-04-28,2023-04-30
SO0000285,Z25,DC-DEL,2023-04-28,2023-04-30
SO0000263,Z36,DC-KOL,2023-04-26,2023-04-29
SO0000274,Z30,DC-KOL,2023-04-27,2023-04-30
SO0000275,Z36,DC-KOL,2023-04-27,2023-04-30
SO0000286,Z29,DC-KOL,2023-04-28,2023-04-30
SO0000287,Z32,DC-KOL,2023-04-28,2023-04-30
SO0000289,Z03,DC-HYD,2023-04-29,2023-05-02
SO0000290,Z05,DC-HYD,2023-04-29,2023-05-02
SO0000291,Z06,DC-HYD,2023-04-29,2023-05-02
SO0000292,Z08,DC-HYD,2023-04-29,2023-05-03
SO0000293,Z09,DC-HYD,2023-04-29,2023-05-03
SO0000294,Z14,DC-MUM,2023-04-29,2023-05-02
SO0000295,Z17,DC-MUM,2023-04-29,2023-05-02
SO0000296,Z22,DC-DEL,2023-04-29,2023-05-02
SO0000297,Z31,DC-KOL,2023-04-29,2023-05-02
SO0000298,Z34,DC-KOL,2023-04-29,2023-05-02
SO0000299,Z03,DC-HYD,2023-05-01,2023-05-04
SO0000300,Z04,DC-HYD,2023-05-01,2023-05-03
SO0000301,Z08,DC-HYD,2023-05-01,2023-05-05
SO0000302,Z10,DC-HYD,2023-05-01,2023-05-04
SO0000309,Z35,DC-HYD,2023-05-01,2023-05-04
SO0000303,Z11,DC-MUM,2023-05-01,2023-05-03
SO0000304,Z13,DC-MUM,2023-05-01,2023-05-03
SO0000305,Z15,DC-MUM,2023-05-01,2023-05-03
SO0000306,Z18,DC-MUM,2023-05-01,2023-05-04
SO0000307,Z26,DC-DEL,2023-05-01,2023-05-04
SO0000308,Z33,DC-KOL,2023-05-01,2023-05-04
SO0000310,Z01,DC-HYD,2023-05-02,2023-05-04
SO0000311,Z02,DC-HYD,2023-05-02,2023-05-04
SO0000312,Z04,DC-HYD,2023-05-02,2023-05-04
SO0000313,Z10,DC-HYD,2023-05-02,2023-05-05
SO0000314,Z14,DC-MUM,2023-05-02,2023-05-05
SO0000315,Z19,DC-MUM,2023-05-02,2023-05-04
SO0000316,Z20,DC-DEL,2023-05-02,2023-05-04
SO0000317,Z22,DC-DEL,2023-05-02,2023-05-05
SO0000319,Z30,DC-KOL,2023-05-02,2023-05-05
SO0000320,Z34,DC-KOL,2023-05-02,2023-05-05
SO0000321,Z01,DC-HYD,2023-05-03,2023-05-05
SO0000322,Z06,DC-HYD,2023-05-03,2023-05-06
SO0000323,Z09,DC-HYD,2023-05-03,2023-05-07
SO0000324,Z16,DC-MUM,2023-05-03,2023-05-05
SO0000318,Z23,DC-DEL,2023-05-02,2023-05-04
SO0000325,Z21,DC-DEL,2023-05-03,2023-05-05
SO0000326,Z24,DC-DEL,2023-05-03,2023-05-05
SO0000327,Z25,DC-DEL,2023-05-03,2023-05-05
SO0000328,Z26,DC-DEL,2023-05-03,2023-05-06
SO0000331,Z29,DC-KOL,2023-05-03,2023-05-05
SO0000336,Z05,DC-HYD,2023-05-04,2023-05-07
SO0000337,Z07,DC-HYD,2023-05-04,2023-05-08
SO0000338,Z12,DC-MUM,2023-05-04,2023-05-06
SO0000339,Z13,DC-MUM,2023-05-04,2023-05-06
SO0000340,Z16,DC-MUM,2023-05-04,2023-05-06
SO0000341,Z18,DC-MUM,2023-05-04,2023-05-07
SO0000342,Z19,DC-MUM,2023-05-04,2023-05-06
SO0000329,Z27,DC-DEL,2023-05-03,2023-05-05
SO0000330,Z28,DC-DEL,2023-05-03,2023-05-06
SO0000343,Z20,DC-DEL,2023-05-04,2023-05-06
SO0000344,Z27,DC-DEL,2023-05-04,2023-05-06
SO0000345,Z28,DC-DEL,2023-05-04,2023-05-07
SO0000332,Z31,DC-KOL,2023-05-03,2023-05-06
SO0000333,Z32,DC-KOL,2023-05-03,2023-05-05
SO0000334,Z33,DC-KOL,2023-05-03,2023-05-06
SO0000348,Z02,DC-HYD,2023-05-05,2023-05-07
SO0000349,Z07,DC-HYD,2023-05-05,2023-05-09
SO0000360,Z35,DC-HYD,2023-05-05,2023-05-08
SO0000350,Z11,DC-MUM,2023-05-05,2023-05-07
SO0000351,Z12,DC-MUM,2023-05-05,2023-05-07
SO0000352,Z15,DC-MUM,2023-05-05,2023-05-07
SO0000354,Z21,DC-DEL,2023-05-05,2023-05-07
SO0000355,Z23,DC-DEL,2023-05-05,2023-05-07
SO0000356,Z24,DC-DEL,2023-05-05,2023-05-07
SO0000357,Z25,DC-DEL,2023-05-05,2023-05-07
SO0000335,Z36,DC-KOL,2023-05-03,2023-05-06
SO0000346,Z30,DC-KOL,2023-05-04,2023-05-07
SO0000347,Z36,DC-KOL,2023-05-04,2023-05-07
SO0000358,Z29,DC-KOL,2023-05-05,2023-05-07
SO0000361,Z03,DC-HYD,2023-05-06,2023-05-09
SO0000362,Z05,DC-HYD,2023-05-06,2023-05-09
SO0000363,Z06,DC-HYD,2023-05-06,2023-05-09
SO0000364,Z08,DC-HYD,2023-05-06,2023-05-10
SO0000365,Z09,DC-HYD,2023-05-06,2023-05-10
SO0000353,Z17,DC-MUM,2023-05-05,2023-05-08
SO0000366,Z14,DC-MUM,2023-05-06,2023-05-09
SO0000367,Z17,DC-MUM,2023-05-06,2023-05-09
SO0000368,Z22,DC-DEL,2023-05-06,2023-05-09
SO0000359,Z32,DC-KOL,2023-05-05,2023-05-07
SO0000369,Z31,DC-KOL,2023-05-06,2023-05-09
SO0000370,Z34,DC-KOL,2023-05-06,2023-05-09
SO0000371,Z03,DC-HYD,2023-05-08,2023-05-11
SO0000372,Z04,DC-HYD,2023-05-08,2023-05-10
SO0000373,Z08,DC-HYD,2023-05-08,2023-05-12
SO0000374,Z10,DC-HYD,2023-05-08,2023-05-11
SO0000381,Z35,DC-HYD,2023-05-08,2023-05-11
SO0000375,Z11,DC-MUM,2023-05-08,2023-05-10
SO0000376,Z13,DC-MUM,2023-05-08,2023-05-10
SO0000377,Z15,DC-MUM,2023-05-08,2023-05-10
SO0000378,Z18,DC-MUM,2023-05-08,2023-05-11
SO0000379,Z26,DC-DEL,2023-05-08,2023-05-11
SO0000380,Z33,DC-KOL,2023-05-08,2023-05-11
SO0000382,Z01,DC-HYD,2023-05-09,2023-05-11
SO0000383,Z02,DC-HYD,2023-05-09,2023-05-11
SO0000384,Z04,DC-HYD,2023-05-09,2023-05-11
SO0000385,Z10,DC-HYD,2023-05-09,2023-05-12
SO0000386,Z14,DC-MUM,2023-05-09,2023-05-12
SO0000387,Z19,DC-MUM,2023-05-09,2023-05-11
SO0000388,Z20,DC-DEL,2023-05-09,2023-05-11
SO0000391,Z30,DC-KOL,2023-05-09,2023-05-12
SO0000392,Z34,DC-KOL,2023-05-09,2023-05-12
SO0000393,Z01,DC-HYD,2023-05-10,2023-05-12
SO0000394,Z06,DC-HYD,2023-05-10,2023-05-13
SO0000395,Z09,DC-HYD,2023-05-10,2023-05-14
SO0000396,Z16,DC-MUM,2023-05-10,2023-05-12
SO0000389,Z22,DC-DEL,2023-05-09,2023-05-12
SO0000390,Z23,DC-DEL,2023-05-09,2023-05-11
SO0000397,Z21,DC-DEL,2023-05-10,2023-05-12
SO0000398,Z24,DC-DEL,2023-05-10,2023-05-12
SO0000403,Z29,DC-KOL,2023-05-10,2023-05-12
SO0000408,Z05,DC-HYD,2023-05-11,2023-05-14
SO0000409,Z07,DC-HYD,2023-05-11,2023-05-15
SO0000410,Z12,DC-MUM,2023-05-11,2023-05-13
SO0000411,Z13,DC-MUM,2023-05-11,2023-05-13
SO0000412,Z16,DC-MUM,2023-05-11,2023-05-13
SO0000413,Z18,DC-MUM,2023-05-11,2023-05-14
SO0000414,Z19,DC-MUM,2023-05-11,2023-05-13
SO0000399,Z25,DC-DEL,2023-05-10,2023-05-12
SO0000400,Z26,DC-DEL,2023-05-10,2023-05-13
SO0000401,Z27,DC-DEL,2023-05-10,2023-05-12
SO0000402,Z28,DC-DEL,2023-05-10,2023-05-13
SO0000404,Z31,DC-KOL,2023-05-10,2023-05-13
SO0000405,Z32,DC-KOL,2023-05-10,2023-05-12
SO0000406,Z33,DC-KOL,2023-05-10,2023-05-13
SO0000420,Z02,DC-HYD,2023-05-12,2023-05-14
SO0000421,Z07,DC-HYD,2023-05-12,2023-05-16
SO0000432,Z35,DC-HYD,2023-05-12,2023-05-15
SO0000422,Z11,DC-MUM,2023-05-12,2023-05-14
SO0000423,Z12,DC-MUM,2023-05-12,2023-05-14
SO0000424,Z15,DC-MUM,2023-05-12,2023-05-14
SO0000425,Z17,DC-MUM,2023-05-12,2023-05-15
SO0000415,Z20,DC-DEL,2023-05-11,2023-05-13
SO0000416,Z27,DC-DEL,2023-05-11,2023-05-13
SO0000417,Z28,DC-DEL,2023-05-11,2023-05-14
SO0000426,Z21,DC-DEL,2023-05-12,2023-05-14
SO0000427,Z23,DC-DEL,2023-05-12,2023-05-14
SO0000428,Z24,DC-DEL,2023-05-12,2023-05-14
SO0000429,Z25,DC-DEL,2023-05-12,2023-05-14
SO0000407,Z36,DC-KOL,2023-05-10,2023-05-13
SO0000418,Z30,DC-KOL,2023-05-11,2023-05-14
SO0000419,Z36,DC-KOL,2023-05-11,2023-05-14
SO0000433,Z03,DC-HYD,2023-05-13,2023-05-16
SO0000434,Z05,DC-HYD,2023-05-13,2023-05-16
SO0000435,Z06,DC-HYD,2023-05-13,2023-05-16
SO0000436,Z08,DC-HYD,2023-05-13,2023-05-17
SO0000437,Z09,DC-HYD,2023-05-13,2023-05-17
SO0000438,Z14,DC-MUM,2023-05-13,2023-05-16
SO0000439,Z17,DC-MUM,2023-05-13,2023-05-16
SO0000440,Z22,DC-DEL,2023-05-13,2023-05-16
SO0000430,Z29,DC-KOL,2023-05-12,2023-05-14
SO0000431,Z32,DC-KOL,2023-05-12,2023-05-14
SO0000441,Z31,DC-KOL,2023-05-13,2023-05-16
SO0000442,Z34,DC-KOL,2023-05-13,2023-05-16
SO0000443,Z03,DC-HYD,2023-05-15,2023-05-18
SO0000444,Z04,DC-HYD,2023-05-15,2023-05-17
SO0000445,Z08,DC-HYD,2023-05-15,2023-05-19
SO0000446,Z10,DC-HYD,2023-05-15,2023-05-18
SO0000453,Z35,DC-HYD,2023-05-15,2023-05-18
SO0000447,Z11,DC-MUM,2023-05-15,2023-05-17
SO0000448,Z13,DC-MUM,2023-05-15,2023-05-17
SO0000449,Z15,DC-MUM,2023-05-15,2023-05-17
SO0000450,Z18,DC-MUM,2023-05-15,2023-05-18
SO0000451,Z26,DC-DEL,2023-05-15,2023-05-18
SO0000452,Z33,DC-KOL,2023-05-15,2023-05-18
SO0000454,Z01,DC-HYD,2023-05-16,2023-05-18
SO0000455,Z02,DC-HYD,2023-05-16,2023-05-18
SO0000456,Z04,DC-HYD,2023-05-16,2023-05-18
SO0000457,Z10,DC-HYD,2023-05-16,2023-05-19
SO0000458,Z14,DC-MUM,2023-05-16,2023-05-19
SO0000459,Z19,DC-MUM,2023-05-16,2023-05-18
SO0000460,Z20,DC-DEL,2023-05-16,2023-05-18
SO0000461,Z22,DC-DEL,2023-05-16,2023-05-19
SO0000463,Z30,DC-KOL,2023-05-16,2023-05-19
SO0000464,Z34,DC-KOL,2023-05-16,2023-05-19
SO0000465,Z01,DC-HYD,2023-05-17,2023-05-19
SO0000466,Z06,DC-HYD,2023-05-17,2023-05-20
SO0000467,Z09,DC-HYD,2023-05-17,2023-05-21
SO0000468,Z16,DC-MUM,2023-05-17,2023-05-19
SO0000462,Z23,DC-DEL,2023-05-16,2023-05-18
SO0000469,Z21,DC-DEL,2023-05-17,2023-05-19
SO0000470,Z24,DC-DEL,2023-05-17,2023-05-19
SO0000471,Z25,DC-DEL,2023-05-17,2023-05-19
SO0000472,Z26,DC-DEL,2023-05-17,2023-05-20
SO0000473,Z27,DC-DEL,2023-05-17,2023-05-19
SO0000475,Z29,DC-KOL,2023-05-17,2023-05-19
SO0000480,Z05,DC-HYD,2023-05-18,2023-05-21
SO0000481,Z07,DC-HYD,2023-05-18,2023-05-22
SO0000482,Z12,DC-MUM,2023-05-18,2023-05-20
SO0000483,Z13,DC-MUM,2023-05-18,2023-05-20
SO0000484,Z16,DC-MUM,2023-05-18,2023-05-20
SO0000485,Z18,DC-MUM,2023-05-18,2023-05-21
SO0000486,Z19,DC-MUM,2023-05-18,2023-05-20
SO0000474,Z28,DC-DEL,2023-05-17,2023-05-20
SO0000487,Z20,DC-DEL,2023-05-18,2023-05-20
SO0000488,Z27,DC-DEL,2023-05-18,2023-05-20
SO0000489,Z28,DC-DEL,2023-05-18,2023-05-21
SO0000476,Z31,DC-KOL,2023-05-17,2023-05-20
SO0000477,Z32,DC-KOL,2023-05-17,2023-05-19
SO0000478,Z33,DC-KOL,2023-05-17,2023-05-20
SO0000492,Z02,DC-HYD,2023-05-19,2023-05-21
SO0000493,Z07,DC-HYD,2023-05-19,2023-05-23
SO0000504,Z35,DC-HYD,2023-05-19,2023-05-22
SO0000494,Z11,DC-MUM,2023-05-19,2023-05-21
SO0000495,Z12,DC-MUM,2023-05-19,2023-05-21
SO0000496,Z15,DC-MUM,2023-05-19,2023-05-21
SO0000497,Z17,DC-MUM,2023-05-19,2023-05-22
SO0000498,Z21,DC-DEL,2023-05-19,2023-05-21
SO0000499,Z23,DC-DEL,2023-05-19,2023-05-21
SO0000500,Z24,DC-DEL,2023-05-19,2023-05-21
SO0000501,Z25,DC-DEL,2023-05-19,2023-05-21
SO0000479,Z36,DC-KOL,2023-05-17,2023-05-20
SO0000490,Z30,DC-KOL,2023-05-18,2023-05-21
SO0000491,Z36,DC-KOL,2023-05-18,2023-05-21
SO0000505,Z03,DC-HYD,2023-05-20,2023-05-23
SO0000506,Z05,DC-HYD,2023-05-20,2023-05-23
SO0000507,Z06,DC-HYD,2023-05-20,2023-05-23
SO0000508,Z08,DC-HYD,2023-05-20,2023-05-24
SO0000509,Z09,DC-HYD,2023-05-20,2023-05-24
SO0000510,Z14,DC-MUM,2023-05-20,2023-05-23
SO0000511,Z17,DC-MUM,2023-05-20,2023-05-23
SO0000512,Z22,DC-DEL,2023-05-20,2023-05-23
SO0000502,Z29,DC-KOL,2023-05-19,2023-05-21
SO0000503,Z32,DC-KOL,2023-05-19,2023-05-21
SO0000513,Z31,DC-KOL,2023-05-20,2023-05-23
SO0000515,Z03,DC-HYD,2023-05-22,2023-05-25
SO0000516,Z04,DC-HYD,2023-05-22,2023-05-24
SO0000517,Z08,DC-HYD,2023-05-22,2023-05-26
SO0000518,Z10,DC-HYD,2023-05-22,2023-05-25
SO0000525,Z35,DC-HYD,2023-05-22,2023-05-25
SO0000519,Z11,DC-MUM,2023-05-22,2023-05-24
SO0000520,Z13,DC-MUM,2023-05-22,2023-05-24
SO0000521,Z15,DC-MUM,2023-05-22,2023-05-24
SO0000522,Z18,DC-MUM,2023-05-22,2023-05-25
SO0000523,Z26,DC-DEL,2023-05-22,2023-05-25
SO0000514,Z34,DC-KOL,2023-05-20,2023-05-23
SO0000524,Z33,DC-KOL,2023-05-22,2023-05-25
SO0000526,Z01,DC-HYD,2023-05-23,2023-05-25
SO0000527,Z02,DC-HYD,2023-05-23,2023-05-25
SO0000528,Z04,DC-HYD,2023-05-23,2023-05-25
SO0000529,Z10,DC-HYD,2023-05-23,2023-05-26
SO0000530,Z14,DC-MUM,2023-05-23,2023-05-26
SO0000531,Z19,DC-MUM,2023-05-23,2023-05-25
SO0000532,Z20,DC-DEL,2023-05-23,2023-05-25
SO0000533,Z22,DC-DEL,2023-05-23,2023-05-26
SO0000534,Z23,DC-DEL,2023-05-23,2023-05-25
SO0000535,Z30,DC-KOL,2023-05-23,2023-05-26
SO0000536,Z34,DC-KOL,2023-05-23,2023-05-26
SO0000537,Z01,DC-HYD,2023-05-24,2023-05-26
SO0000538,Z06,DC-HYD,2023-05-24,2023-05-27
SO0000539,Z09,DC-HYD,2023-05-24,2023-05-28
SO0000540,Z16,DC-MUM,2023-05-24,2023-05-26
SO0000541,Z21,DC-DEL,2023-05-24,2023-05-26
SO0000542,Z24,DC-DEL,2023-05-24,2023-05-26
SO0000543,Z25,DC-DEL,2023-05-24,2023-05-26
SO0000544,Z26,DC-DEL,2023-05-24,2023-05-27
SO0000545,Z27,DC-DEL,2023-05-24,2023-05-26
SO0000547,Z29,DC-KOL,2023-05-24,2023-05-26
SO0000552,Z05,DC-HYD,2023-05-25,2023-05-28
SO0000553,Z07,DC-HYD,2023-05-25,2023-05-29
SO0000554,Z12,DC-MUM,2023-05-25,2023-05-27
SO0000555,Z13,DC-MUM,2023-05-25,2023-05-27
SO0000556,Z16,DC-MUM,2023-05-25,2023-05-27
SO0000557,Z18,DC-MUM,2023-05-25,2023-05-28
SO0000558,Z19,DC-MUM,2023-05-25,2023-05-27
SO0000546,Z28,DC-DEL,2023-05-24,2023-05-27
SO0000559,Z20,DC-DEL,2023-05-25,2023-05-27
SO0000560,Z27,DC-DEL,2023-05-25,2023-05-27
SO0000561,Z28,DC-DEL,2023-05-25,2023-05-28
SO0000548,Z31,DC-KOL,2023-05-24,2023-05-27
SO0000549,Z32,DC-KOL,2023-05-24,2023-05-26
SO0000550,Z33,DC-KOL,2023-05-24,2023-05-27
SO0000564,Z02,DC-HYD,2023-05-26,2023-05-28
SO0000565,Z07,DC-HYD,2023-05-26,2023-05-30
SO0000576,Z35,DC-HYD,2023-05-26,2023-05-29
SO0000566,Z11,DC-MUM,2023-05-26,2023-05-28
SO0000567,Z12,DC-MUM,2023-05-26,2023-05-28
SO0000568,Z15,DC-MUM,2023-05-26,2023-05-28
SO0000570,Z21,DC-DEL,2023-05-26,2023-05-28
SO0000571,Z23,DC-DEL,2023-05-26,2023-05-28
SO0000572,Z24,DC-DEL,2023-05-26,2023-05-28
SO0000573,Z25,DC-DEL,2023-05-26,2023-05-28
SO0000551,Z36,DC-KOL,2023-05-24,2023-05-27
SO0000562,Z30,DC-KOL,2023-05-25,2023-05-28
SO0000563,Z36,DC-KOL,2023-05-25,2023-05-28
SO0000574,Z29,DC-KOL,2023-05-26,2023-05-28
SO0000575,Z32,DC-KOL,2023-05-26,2023-05-28
SO0000577,Z03,DC-HYD,2023-05-27,2023-05-30
SO0000578,Z05,DC-HYD,2023-05-27,2023-05-30
SO0000579,Z06,DC-HYD,2023-05-27,2023-05-30
SO0000580,Z08,DC-HYD,2023-05-27,2023-05-31
SO0000581,Z09,DC-HYD,2023-05-27,2023-05-31
SO0000569,Z17,DC-MUM,2023-05-26,2023-05-29
SO0000582,Z14,DC-MUM,2023-05-27,2023-05-30
SO0000583,Z17,DC-MUM,2023-05-27,2023-05-30
SO0000584,Z22,DC-DEL,2023-05-27,2023-05-30
SO0000585,Z31,DC-KOL,2023-05-27,2023-05-30
SO0000586,Z34,DC-KOL,2023-05-27,2023-05-30
SO0000587,Z03,DC-HYD,2023-05-29,2023-06-01
SO0000588,Z04,DC-HYD,2023-05-29,2023-05-31
SO0000589,Z08,DC-HYD,2023-05-29,2023-06-02
SO0000590,Z10,DC-HYD,2023-05-29,2023-06-01
SO0000597,Z35,DC-HYD,2023-05-29,2023-06-01
SO0000591,Z11,DC-MUM,2023-05-29,2023-05-31
SO0000592,Z13,DC-MUM,2023-05-29,2023-05-31
SO0000593,Z15,DC-MUM,2023-05-29,2023-05-31
SO0000594,Z18,DC-MUM,2023-05-29,2023-06-01
SO0000595,Z26,DC-DEL,2023-05-29,2023-06-01
SO0000596,Z33,DC-KOL,2023-05-29,2023-06-01
SO0000598,Z01,DC-HYD,2023-05-30,2023-06-01
SO0000599,Z02,DC-HYD,2023-05-30,2023-06-01
SO0000600,Z04,DC-HYD,2023-05-30,2023-06-01
SO0000601,Z10,DC-HYD,2023-05-30,2023-06-02
SO0000602,Z14,DC-MUM,2023-05-30,2023-06-02
SO0000603,Z19,DC-MUM,2023-05-30,2023-06-01
SO0000604,Z20,DC-DEL,2023-05-30,2023-06-01
SO0000605,Z22,DC-DEL,2023-05-30,2023-06-02
SO0000607,Z30,DC-KOL,2023-05-30,2023-06-02
SO0000608,Z34,DC-KOL,2023-05-30,2023-06-02
SO0000609,Z01,DC-HYD,2023-05-31,2023-06-02
SO0000610,Z06,DC-HYD,2023-05-31,2023-06-03
SO0000611,Z09,DC-HYD,2023-05-31,2023-06-04
SO0000612,Z16,DC-MUM,2023-05-31,2023-06-02
SO0000606,Z23,DC-DEL,2023-05-30,2023-06-01
SO0000613,Z21,DC-DEL,2023-05-31,2023-06-02
SO0000614,Z24,DC-DEL,2023-05-31,2023-06-02
SO0000615,Z25,DC-DEL,2023-05-31,2023-06-02
SO0000616,Z26,DC-DEL,2023-05-31,2023-06-03
SO0000619,Z29,DC-KOL,2023-05-31,2023-06-02
SO0000624,Z05,DC-HYD,2023-06-01,2023-06-04
SO0000625,Z07,DC-HYD,2023-06-01,2023-06-05
SO0000626,Z12,DC-MUM,2023-06-01,2023-06-03
SO0000627,Z13,DC-MUM,2023-06-01,2023-06-03
SO0000628,Z16,DC-MUM,2023-06-01,2023-06-03
SO0000629,Z18,DC-MUM,2023-06-01,2023-06-04
SO0000630,Z19,DC-MUM,2023-06-01,2023-06-03
SO0000617,Z27,DC-DEL,2023-05-31,2023-06-02
SO0000618,Z28,DC-DEL,2023-05-31,2023-06-03
SO0000631,Z20,DC-DEL,2023-06-01,2023-06-03
SO0000632,Z27,DC-DEL,2023-06-01,2023-06-03
SO0000633,Z28,DC-DEL,2023-06-01,2023-06-04
SO0000620,Z31,DC-KOL,2023-05-31,2023-06-03
SO0000621,Z32,DC-KOL,2023-05-31,2023-06-02
SO0000622,Z33,DC-KOL,2023-05-31,2023-06-03
SO0000636,Z02,DC-HYD,2023-06-02,2023-06-04
SO0000637,Z07,DC-HYD,2023-06-02,2023-06-06
SO0000648,Z35,DC-HYD,2023-06-02,2023-06-05
SO0000638,Z11,DC-MUM,2023-06-02,2023-06-04
SO0000639,Z12,DC-MUM,2023-06-02,2023-06-04
SO0000640,Z15,DC-MUM,2023-06-02,2023-06-04
SO0000641,Z17,DC-MUM,2023-06-02,2023-06-05
SO0000642,Z21,DC-DEL,2023-06-02,2023-06-04
SO0000643,Z23,DC-DEL,2023-06-02,2023-06-04
SO0000644,Z24,DC-DEL,2023-06-02,2023-06-04
SO0000645,Z25,DC-DEL,2023-06-02,2023-06-04
SO0000623,Z36,DC-KOL,2023-05-31,2023-06-03
SO0000634,Z30,DC-KOL,2023-06-01,2023-06-04
SO0000635,Z36,DC-KOL,2023-06-01,2023-06-04
SO0000649,Z03,DC-HYD,2023-06-03,2023-06-06
SO0000650,Z05,DC-HYD,2023-06-03,2023-06-06
SO0000651,Z06,DC-HYD,2023-06-03,2023-06-06
SO0000652,Z08,DC-HYD,2023-06-03,2023-06-07
SO0000653,Z09,DC-HYD,2023-06-03,2023-06-07
SO0000654,Z14,DC-MUM,2023-06-03,2023-06-06
SO0000655,Z17,DC-MUM,2023-06-03,2023-06-06
SO0000656,Z22,DC-DEL,2023-06-03,2023-06-06
SO0000646,Z29,DC-KOL,2023-06-02,2023-06-04
SO0000647,Z32,DC-KOL,2023-06-02,2023-06-04
SO0000657,Z31,DC-KOL,2023-06-03,2023-06-06
SO0000659,Z03,DC-HYD,2023-06-05,2023-06-08
SO0000660,Z04,DC-HYD,2023-06-05,2023-06-07
SO0000661,Z08,DC-HYD,2023-06-05,2023-06-09
SO0000662,Z10,DC-HYD,2023-06-05,2023-06-08
SO0000669,Z35,DC-HYD,2023-06-05,2023-06-08
SO0000663,Z11,DC-MUM,2023-06-05,2023-06-07
SO0000664,Z13,DC-MUM,2023-06-05,2023-06-07
SO0000665,Z15,DC-MUM,2023-06-05,2023-06-07
SO0000666,Z18,DC-MUM,2023-06-05,2023-06-08
SO0000667,Z26,DC-DEL,2023-06-05,2023-06-08
SO0000658,Z34,DC-KOL,2023-06-03,2023-06-06
SO0000668,Z33,DC-KOL,2023-06-05,2023-06-08
SO0000670,Z01,DC-HYD,2023-06-06,2023-06-08
SO0000671,Z02,DC-HYD,2023-06-06,2023-06-08
SO0000672,Z04,DC-HYD,2023-06-06,2023-06-08
SO0000673,Z10,DC-HYD,2023-06-06,2023-06-09
SO0000674,Z14,DC-MUM,2023-06-06,2023-06-09
SO0000675,Z19,DC-MUM,2023-06-06,2023-06-08
SO0000676,Z20,DC-DEL,2023-06-06,2023-06-08
SO0000677,Z22,DC-DEL,2023-06-06,2023-06-09
SO0000679,Z30,DC-KOL,2023-06-06,2023-06-09
SO0000680,Z34,DC-KOL,2023-06-06,2023-06-09
SO0000681,Z01,DC-HYD,2023-06-07,2023-06-09
SO0000682,Z06,DC-HYD,2023-06-07,2023-06-10
SO0000683,Z09,DC-HYD,2023-06-07,2023-06-11
SO0000684,Z16,DC-MUM,2023-06-07,2023-06-09
SO0000678,Z23,DC-DEL,2023-06-06,2023-06-08
SO0000685,Z21,DC-DEL,2023-06-07,2023-06-09
SO0000686,Z24,DC-DEL,2023-06-07,2023-06-09
SO0000687,Z25,DC-DEL,2023-06-07,2023-06-09
SO0000688,Z26,DC-DEL,2023-06-07,2023-06-10
SO0000691,Z29,DC-KOL,2023-06-07,2023-06-09
SO0000696,Z05,DC-HYD,2023-06-08,2023-06-11
SO0000697,Z07,DC-HYD,2023-06-08,2023-06-12
SO0000698,Z12,DC-MUM,2023-06-08,2023-06-10
SO0000699,Z13,DC-MUM,2023-06-08,2023-06-10
SO0000700,Z16,DC-MUM,2023-06-08,2023-06-10
SO0000701,Z18,DC-MUM,2023-06-08,2023-06-11
SO0000702,Z19,DC-MUM,2023-06-08,2023-06-10
SO0000689,Z27,DC-DEL,2023-06-07,2023-06-09
SO0000690,Z28,DC-DEL,2023-06-07,2023-06-10
SO0000703,Z20,DC-DEL,2023-06-08,2023-06-10
SO0000704,Z27,DC-DEL,2023-06-08,2023-06-10
SO0000705,Z28,DC-DEL,2023-06-08,2023-06-11
SO0000692,Z31,DC-KOL,2023-06-07,2023-06-10
SO0000693,Z32,DC-KOL,2023-06-07,2023-06-09
SO0000694,Z33,DC-KOL,2023-06-07,2023-06-10
SO0000708,Z02,DC-HYD,2023-06-09,2023-06-11
SO0000709,Z07,DC-HYD,2023-06-09,2023-06-13
SO0000720,Z35,DC-HYD,2023-06-09,2023-06-12
SO0000710,Z11,DC-MUM,2023-06-09,2023-06-11
SO0000711,Z12,DC-MUM,2023-06-09,2023-06-11
SO0000712,Z15,DC-MUM,2023-06-09,2023-06-11
SO0000714,Z21,DC-DEL,2023-06-09,2023-06-11
SO0000715,Z23,DC-DEL,2023-06-09,2023-06-11
SO0000716,Z24,DC-DEL,2023-06-09,2023-06-11
SO0000717,Z25,DC-DEL,2023-06-09,2023-06-11
SO0000695,Z36,DC-KOL,2023-06-07,2023-06-10
SO0000706,Z30,DC-KOL,2023-06-08,2023-06-11
SO0000707,Z36,DC-KOL,2023-06-08,2023-06-11
SO0000718,Z29,DC-KOL,2023-06-09,2023-06-11
SO0000721,Z03,DC-HYD,2023-06-10,2023-06-13
SO0000722,Z05,DC-HYD,2023-06-10,2023-06-13
SO0000723,Z06,DC-HYD,2023-06-10,2023-06-13
SO0000724,Z08,DC-HYD,2023-06-10,2023-06-14
SO0000725,Z09,DC-HYD,2023-06-10,2023-06-14
SO0000713,Z17,DC-MUM,2023-06-09,2023-06-12
SO0000726,Z14,DC-MUM,2023-06-10,2023-06-13
SO0000727,Z17,DC-MUM,2023-06-10,2023-06-13
SO0000728,Z22,DC-DEL,2023-06-10,2023-06-13
SO0000719,Z32,DC-KOL,2023-06-09,2023-06-11
SO0000729,Z31,DC-KOL,2023-06-10,2023-06-13
SO0000730,Z34,DC-KOL,2023-06-10,2023-06-13
SO0000731,Z03,DC-HYD,2023-06-12,2023-06-15
SO0000732,Z04,DC-HYD,2023-06-12,2023-06-14
SO0000733,Z08,DC-HYD,2023-06-12,2023-06-16
SO0000734,Z10,DC-HYD,2023-06-12,2023-06-15
SO0000741,Z35,DC-HYD,2023-06-12,2023-06-15
SO0000735,Z11,DC-MUM,2023-06-12,2023-06-14
SO0000736,Z13,DC-MUM,2023-06-12,2023-06-14
SO0000737,Z15,DC-MUM,2023-06-12,2023-06-14
SO0000738,Z18,DC-MUM,2023-06-12,2023-06-15
SO0000739,Z26,DC-DEL,2023-06-12,2023-06-15
SO0000740,Z33,DC-KOL,2023-06-12,2023-06-15
SO0000742,Z01,DC-HYD,2023-06-13,2023-06-15
SO0000743,Z02,DC-HYD,2023-06-13,2023-06-15
SO0000744,Z04,DC-HYD,2023-06-13,2023-06-15
SO0000745,Z10,DC-HYD,2023-06-13,2023-06-16
SO0000746,Z14,DC-MUM,2023-06-13,2023-06-16
SO0000747,Z19,DC-MUM,2023-06-13,2023-06-15
SO0000748,Z20,DC-DEL,2023-06-13,2023-06-15
SO0000749,Z22,DC-DEL,2023-06-13,2023-06-16
SO0000751,Z30,DC-KOL,2023-06-13,2023-06-16
SO0000752,Z34,DC-KOL,2023-06-13,2023-06-16
SO0000753,Z01,DC-HYD,2023-06-14,2023-06-16
SO0000754,Z06,DC-HYD,2023-06-14,2023-06-17
SO0000755,Z09,DC-HYD,2023-06-14,2023-06-18
SO0000756,Z16,DC-MUM,2023-06-14,2023-06-16
SO0000750,Z23,DC-DEL,2023-06-13,2023-06-15
SO0000757,Z21,DC-DEL,2023-06-14,2023-06-16
SO0000758,Z24,DC-DEL,2023-06-14,2023-06-16
SO0000759,Z25,DC-DEL,2023-06-14,2023-06-16
SO0000760,Z26,DC-DEL,2023-06-14,2023-06-17
SO0000763,Z29,DC-KOL,2023-06-14,2023-06-16
SO0000768,Z05,DC-HYD,2023-06-15,2023-06-18
SO0000769,Z07,DC-HYD,2023-06-15,2023-06-19
SO0000770,Z12,DC-MUM,2023-06-15,2023-06-17
SO0000771,Z13,DC-MUM,2023-06-15,2023-06-17
SO0000772,Z16,DC-MUM,2023-06-15,2023-06-17
SO0000773,Z18,DC-MUM,2023-06-15,2023-06-18
SO0000774,Z19,DC-MUM,2023-06-15,2023-06-17
SO0000761,Z27,DC-DEL,2023-06-14,2023-06-16
SO0000762,Z28,DC-DEL,2023-06-14,2023-06-17
SO0000775,Z20,DC-DEL,2023-06-15,2023-06-17
SO0000776,Z27,DC-DEL,2023-06-15,2023-06-17
SO0000777,Z28,DC-DEL,2023-06-15,2023-06-18
SO0000764,Z31,DC-KOL,2023-06-14,2023-06-17
SO0000765,Z32,DC-KOL,2023-06-14,2023-06-16
SO0000766,Z33,DC-KOL,2023-06-14,2023-06-17
SO0000780,Z02,DC-HYD,2023-06-16,2023-06-18
SO0000781,Z07,DC-HYD,2023-06-16,2023-06-20
SO0000792,Z35,DC-HYD,2023-06-16,2023-06-19
SO0000782,Z11,DC-MUM,2023-06-16,2023-06-18
SO0000783,Z12,DC-MUM,2023-06-16,2023-06-18
SO0000784,Z15,DC-MUM,2023-06-16,2023-06-18
SO0000785,Z17,DC-MUM,2023-06-16,2023-06-19
SO0000786,Z21,DC-DEL,2023-06-16,2023-06-18
SO0000787,Z23,DC-DEL,2023-06-16,2023-06-18
SO0000788,Z24,DC-DEL,2023-06-16,2023-06-18
SO0000789,Z25,DC-DEL,2023-06-16,2023-06-18
SO0000767,Z36,DC-KOL,2023-06-14,2023-06-17
SO0000778,Z30,DC-KOL,2023-06-15,2023-06-18
SO0000779,Z36,DC-KOL,2023-06-15,2023-06-18
SO0000793,Z03,DC-HYD,2023-06-17,2023-06-20
SO0000794,Z05,DC-HYD,2023-06-17,2023-06-20
SO0000795,Z06,DC-HYD,2023-06-17,2023-06-20
SO0000796,Z08,DC-HYD,2023-06-17,2023-06-21
SO0000797,Z09,DC-HYD,2023-06-17,2023-06-21
SO0000798,Z14,DC-MUM,2023-06-17,2023-06-20
SO0000799,Z17,DC-MUM,2023-06-17,2023-06-20
SO0000800,Z22,DC-DEL,2023-06-17,2023-06-20
SO0000790,Z29,DC-KOL,2023-06-16,2023-06-18
SO0000791,Z32,DC-KOL,2023-06-16,2023-06-18
SO0000801,Z31,DC-KOL,2023-06-17,2023-06-20
SO0000803,Z03,DC-HYD,2023-06-19,2023-06-22
SO0000804,Z04,DC-HYD,2023-06-19,2023-06-21
SO0000805,Z08,DC-HYD,2023-06-19,2023-06-23
SO0000806,Z10,DC-HYD,2023-06-19,2023-06-22
SO0000813,Z35,DC-HYD,2023-06-19,2023-06-22
SO0000807,Z11,DC-MUM,2023-06-19,2023-06-21
SO0000808,Z13,DC-MUM,2023-06-19,2023-06-21
SO0000809,Z15,DC-MUM,2023-06-19,2023-06-21
SO0000810,Z18,DC-MUM,2023-06-19,2023-06-22
SO0000811,Z26,DC-DEL,2023-06-19,2023-06-22
SO0000802,Z34,DC-KOL,2023-06-17,2023-06-20
SO0000812,Z33,DC-KOL,2023-06-19,2023-06-22
SO0000814,Z01,DC-HYD,2023-06-20,2023-06-22
SO0000815,Z02,DC-HYD,2023-06-20,2023-06-22
SO0000816,Z04,DC-HYD,2023-06-20,2023-06-22
SO0000817,Z10,DC-HYD,2023-06-20,2023-06-23
SO0000818,Z14,DC-MUM,2023-06-20,2023-06-23
SO0000819,Z19,DC-MUM,2023-06-20,2023-06-22
SO0000820,Z20,DC-DEL,2023-06-20,2023-06-22
SO0000821,Z22,DC-DEL,2023-06-20,2023-06-23
SO0000823,Z30,DC-KOL,2023-06-20,2023-06-23
SO0000824,Z34,DC-KOL,2023-06-20,2023-06-23
SO0000825,Z01,DC-HYD,2023-06-21,2023-06-23
SO0000826,Z06,DC-HYD,2023-06-21,2023-06-24
SO0000827,Z09,DC-HYD,2023-06-21,2023-06-25
SO0000828,Z16,DC-MUM,2023-06-21,2023-06-23
SO0000822,Z23,DC-DEL,2023-06-20,2023-06-22
SO0000829,Z21,DC-DEL,2023-06-21,2023-06-23
SO0000830,Z24,DC-DEL,2023-06-21,2023-06-23
SO0000831,Z25,DC-DEL,2023-06-21,2023-06-23
SO0000832,Z26,DC-DEL,2023-06-21,2023-06-24
SO0000835,Z29,DC-KOL,2023-06-21,2023-06-23
SO0000840,Z05,DC-HYD,2023-06-22,2023-06-25
SO0000841,Z07,DC-HYD,2023-06-22,2023-06-26
SO0000842,Z12,DC-MUM,2023-06-22,2023-06-24
SO0000843,Z13,DC-MUM,2023-06-22,2023-06-24
SO0000844,Z16,DC-MUM,2023-06-22,2023-06-24
SO0000845,Z18,DC-MUM,2023-06-22,2023-06-25
SO0000846,Z19,DC-MUM,2023-06-22,2023-06-24
SO0000833,Z27,DC-DEL,2023-06-21,2023-06-23
SO0000834,Z28,DC-DEL,2023-06-21,2023-06-24
SO0000847,Z20,DC-DEL,2023-06-22,2023-06-24
SO0000848,Z27,DC-DEL,2023-06-22,2023-06-24
SO0000849,Z28,DC-DEL,2023-06-22,2023-06-25
SO0000836,Z31,DC-KOL,2023-06-21,2023-06-24
SO0000837,Z32,DC-KOL,2023-06-21,2023-06-23
SO0000838,Z33,DC-KOL,2023-06-21,2023-06-24
SO0000852,Z02,DC-HYD,2023-06-23,2023-06-25
SO0000853,Z07,DC-HYD,2023-06-23,2023-06-27
SO0000864,Z35,DC-HYD,2023-06-23,2023-06-26
SO0000854,Z11,DC-MUM,2023-06-23,2023-06-25
SO0000855,Z12,DC-MUM,2023-06-23,2023-06-25
SO0000856,Z15,DC-MUM,2023-06-23,2023-06-25
SO0000858,Z21,DC-DEL,2023-06-23,2023-06-25
SO0000859,Z23,DC-DEL,2023-06-23,2023-06-25
SO0000860,Z24,DC-DEL,2023-06-23,2023-06-25
SO0000861,Z25,DC-DEL,2023-06-23,2023-06-25
SO0000839,Z36,DC-KOL,2023-06-21,2023-06-24
SO0000850,Z30,DC-KOL,2023-06-22,2023-06-25
SO0000851,Z36,DC-KOL,2023-06-22,2023-06-25
SO0000862,Z29,DC-KOL,2023-06-23,2023-06-25
SO0000865,Z03,DC-HYD,2023-06-24,2023-06-27
SO0000866,Z05,DC-HYD,2023-06-24,2023-06-27
SO0000867,Z06,DC-HYD,2023-06-24,2023-06-27
SO0000868,Z08,DC-HYD,2023-06-24,2023-06-28
SO0000869,Z09,DC-HYD,2023-06-24,2023-06-28
SO0000857,Z17,DC-MUM,2023-06-23,2023-06-26
SO0000870,Z14,DC-MUM,2023-06-24,2023-06-27
SO0000871,Z17,DC-MUM,2023-06-24,2023-06-27
SO0000872,Z22,DC-DEL,2023-06-24,2023-06-27
SO0000863,Z32,DC-KOL,2023-06-23,2023-06-25
SO0000873,Z31,DC-KOL,2023-06-24,2023-06-27
SO0000874,Z34,DC-KOL,2023-06-24,2023-06-27
SO0000875,Z03,DC-HYD,2023-06-26,2023-06-29
SO0000876,Z04,DC-HYD,2023-06-26,2023-06-28
SO0000877,Z08,DC-HYD,2023-06-26,2023-06-30
SO0000878,Z10,DC-HYD,2023-06-26,2023-06-29
SO0000885,Z35,DC-HYD,2023-06-26,2023-06-29
SO0000879,Z11,DC-MUM,2023-06-26,2023-06-28
SO0000880,Z13,DC-MUM,2023-06-26,2023-06-28
SO0000881,Z15,DC-MUM,2023-06-26,2023-06-28
SO0000882,Z18,DC-MUM,2023-06-26,2023-06-29
SO0000883,Z26,DC-DEL,2023-06-26,2023-06-29
SO0000884,Z33,DC-KOL,2023-06-26,2023-06-29
SO0000886,Z01,DC-HYD,2023-06-27,2023-06-29
SO0000887,Z02,DC-HYD,2023-06-27,2023-06-29
SO0000888,Z04,DC-HYD,2023-06-27,2023-06-29
SO0000889,Z10,DC-HYD,2023-06-27,2023-06-30
SO0000890,Z14,DC-MUM,2023-06-27,2023-06-30
SO0000891,Z19,DC-MUM,2023-06-27,2023-06-29
SO0000892,Z20,DC-DEL,2023-06-27,2023-06-29
SO0000893,Z22,DC-DEL,2023-06-27,2023-06-30
SO0000895,Z30,DC-KOL,2023-06-27,2023-06-30
SO0000896,Z34,DC-KOL,2023-06-27,2023-06-30
SO0000897,Z01,DC-HYD,2023-06-28,2023-06-30
SO0000898,Z06,DC-HYD,2023-06-28,2023-07-01
SO0000899,Z09,DC-HYD,2023-06-28,2023-07-02
SO0000900,Z16,DC-MUM,2023-06-28,2023-06-30
SO0000894,Z23,DC-DEL,2023-06-27,2023-06-29
SO0000901,Z21,DC-DEL,2023-06-28,2023-06-30
SO0000902,Z24,DC-DEL,2023-06-28,2023-06-30
SO0000903,Z25,DC-DEL,2023-06-28,2023-06-30
SO0000904,Z26,DC-DEL,2023-06-28,2023-07-01
SO0000907,Z29,DC-KOL,2023-06-28,2023-06-30
SO0000912,Z05,DC-HYD,2023-06-29,2023-07-02
SO0000913,Z07,DC-HYD,2023-06-29,2023-07-03
SO0000914,Z12,DC-MUM,2023-06-29,2023-07-01
SO0000915,Z13,DC-MUM,2023-06-29,2023-07-01
SO0000916,Z16,DC-MUM,2023-06-29,2023-07-01
SO0000917,Z18,DC-MUM,2023-06-29,2023-07-02
SO0000918,Z19,DC-MUM,2023-06-29,2023-07-01
SO0000905,Z27,DC-DEL,2023-06-28,2023-06-30
SO0000906,Z28,DC-DEL,2023-06-28,2023-07-01
SO0000919,Z20,DC-DEL,2023-06-29,2023-07-01
SO0000920,Z27,DC-DEL,2023-06-29,2023-07-01
SO0000921,Z28,DC-DEL,2023-06-29,2023-07-02
SO0000908,Z31,DC-KOL,2023-06-28,2023-07-01
SO0000909,Z32,DC-KOL,2023-06-28,2023-06-30
SO0000910,Z33,DC-KOL,2023-06-28,2023-07-01
SO0000924,Z02,DC-HYD,2023-06-30,2023-07-02
SO0000925,Z07,DC-HYD,2023-06-30,2023-07-04
SO0000936,Z35,DC-HYD,2023-06-30,2023-07-03
SO0000926,Z11,DC-MUM,2023-06-30,2023-07-02
SO0000927,Z12,DC-MUM,2023-06-30,2023-07-02
SO0000928,Z15,DC-MUM,2023-06-30,2023-07-02
SO0000929,Z17,DC-MUM,2023-06-30,2023-07-03
SO0000930,Z21,DC-DEL,2023-06-30,2023-07-02
SO0000931,Z23,DC-DEL,2023-06-30,2023-07-02
SO0000932,Z24,DC-DEL,2023-06-30,2023-07-02
SO0000933,Z25,DC-DEL,2023-06-30,2023-07-02
SO0000911,Z36,DC-KOL,2023-06-28,2023-07-01
SO0000922,Z30,DC-KOL,2023-06-29,2023-07-02
SO0000923,Z36,DC-KOL,2023-06-29,2023-07-02
SO0000937,Z03,DC-HYD,2023-07-01,2023-07-04
SO0000938,Z05,DC-HYD,2023-07-01,2023-07-04
SO0000939,Z06,DC-HYD,2023-07-01,2023-07-04
SO0000940,Z08,DC-HYD,2023-07-01,2023-07-05
SO0000941,Z09,DC-HYD,2023-07-01,2023-07-05
SO0000942,Z14,DC-MUM,2023-07-01,2023-07-04
SO0000943,Z17,DC-MUM,2023-07-01,2023-07-04
SO0000944,Z22,DC-DEL,2023-07-01,2023-07-04
SO0000934,Z29,DC-KOL,2023-06-30,2023-07-02
SO0000935,Z32,DC-KOL,2023-06-30,2023-07-02
SO0000945,Z31,DC-KOL,2023-07-01,2023-07-04
SO0000946,Z34,DC-KOL,2023-07-01,2023-07-04
SO0000947,Z03,DC-HYD,2023-07-03,2023-07-06
SO0000948,Z04,DC-HYD,2023-07-03,2023-07-05
SO0000949,Z08,DC-HYD,2023-07-03,2023-07-07
SO0000950,Z10,DC-HYD,2023-07-03,2023-07-06
SO0000957,Z35,DC-HYD,2023-07-03,2023-07-06
SO0000951,Z11,DC-MUM,2023-07-03,2023-07-05
SO0000952,Z13,DC-MUM,2023-07-03,2023-07-05
SO0000953,Z15,DC-MUM,2023-07-03,2023-07-05
SO0000954,Z18,DC-MUM,2023-07-03,2023-07-06
SO0000955,Z26,DC-DEL,2023-07-03,2023-07-06
SO0000956,Z33,DC-KOL,2023-07-03,2023-07-06
SO0000958,Z01,DC-HYD,2023-07-04,2023-07-06
SO0000959,Z02,DC-HYD,2023-07-04,2023-07-06
SO0000960,Z04,DC-HYD,2023-07-04,2023-07-06
SO0000961,Z10,DC-HYD,2023-07-04,2023-07-07
SO0000962,Z14,DC-MUM,2023-07-04,2023-07-07
SO0000963,Z19,DC-MUM,2023-07-04,2023-07-06
SO0000964,Z20,DC-DEL,2023-07-04,2023-07-06
SO0000965,Z22,DC-DEL,2023-07-04,2023-07-07
SO0000966,Z23,DC-DEL,2023-07-04,2023-07-06
SO0000967,Z30,DC-KOL,2023-07-04,2023-07-07
SO0000968,Z34,DC-KOL,2023-07-04,2023-07-07
SO0000969,Z01,DC-HYD,2023-07-05,2023-07-07
SO0000970,Z06,DC-HYD,2023-07-05,2023-07-08
SO0000971,Z09,DC-HYD,2023-07-05,2023-07-09
SO0000972,Z16,DC-MUM,2023-07-05,2023-07-07
SO0000973,Z21,DC-DEL,2023-07-05,2023-07-07
SO0000974,Z24,DC-DEL,2023-07-05,2023-07-07
SO0000975,Z25,DC-DEL,2023-07-05,2023-07-07
SO0000976,Z26,DC-DEL,2023-07-05,2023-07-08
SO0000977,Z27,DC-DEL,2023-07-05,2023-07-07
SO0000979,Z29,DC-KOL,2023-07-05,2023-07-07
SO0000984,Z05,DC-HYD,2023-07-06,2023-07-09
SO0000985,Z07,DC-HYD,2023-07-06,2023-07-10
SO0000986,Z12,DC-MUM,2023-07-06,2023-07-08
SO0000987,Z13,DC-MUM,2023-07-06,2023-07-08
SO0000988,Z16,DC-MUM,2023-07-06,2023-07-08
SO0000989,Z18,DC-MUM,2023-07-06,2023-07-09
SO0000990,Z19,DC-MUM,2023-07-06,2023-07-08
SO0000978,Z28,DC-DEL,2023-07-05,2023-07-08
SO0000991,Z20,DC-DEL,2023-07-06,2023-07-08
SO0000992,Z27,DC-DEL,2023-07-06,2023-07-08
SO0000993,Z28,DC-DEL,2023-07-06,2023-07-09
SO0000980,Z31,DC-KOL,2023-07-05,2023-07-08
SO0000981,Z32,DC-KOL,2023-07-05,2023-07-07
SO0000982,Z33,DC-KOL,2023-07-05,2023-07-08
SO0000983,Z36,DC-KOL,2023-07-05,2023-07-08
SO0000996,Z02,DC-HYD,2023-07-07,2023-07-09
SO0000997,Z07,DC-HYD,2023-07-07,2023-07-11
SO0001008,Z35,DC-HYD,2023-07-07,2023-07-10
SO0000998,Z11,DC-MUM,2023-07-07,2023-07-09
SO0000999,Z12,DC-MUM,2023-07-07,2023-07-09
SO0001000,Z15,DC-MUM,2023-07-07,2023-07-09
SO0001002,Z21,DC-DEL,2023-07-07,2023-07-09
SO0001003,Z23,DC-DEL,2023-07-07,2023-07-09
SO0001004,Z24,DC-DEL,2023-07-07,2023-07-09
SO0001005,Z25,DC-DEL,2023-07-07,2023-07-09
SO0000994,Z30,DC-KOL,2023-07-06,2023-07-09
SO0000995,Z36,DC-KOL,2023-07-06,2023-07-09
SO0001006,Z29,DC-KOL,2023-07-07,2023-07-09
SO0001007,Z32,DC-KOL,2023-07-07,2023-07-09
SO0001009,Z03,DC-HYD,2023-07-08,2023-07-11
SO0001010,Z05,DC-HYD,2023-07-08,2023-07-11
SO0001011,Z06,DC-HYD,2023-07-08,2023-07-11
SO0001012,Z08,DC-HYD,2023-07-08,2023-07-12
SO0001013,Z09,DC-HYD,2023-07-08,2023-07-12
SO0001001,Z17,DC-MUM,2023-07-07,2023-07-10
SO0001014,Z14,DC-MUM,2023-07-08,2023-07-11
SO0001015,Z17,DC-MUM,2023-07-08,2023-07-11
SO0001016,Z22,DC-DEL,2023-07-08,2023-07-11
SO0001017,Z31,DC-KOL,2023-07-08,2023-07-11
SO0001018,Z34,DC-KOL,2023-07-08,2023-07-11
SO0001019,Z03,DC-HYD,2023-07-10,2023-07-13
SO0001020,Z04,DC-HYD,2023-07-10,2023-07-12
SO0001021,Z08,DC-HYD,2023-07-10,2023-07-14
SO0001022,Z10,DC-HYD,2023-07-10,2023-07-13
SO0001029,Z35,DC-HYD,2023-07-10,2023-07-13
SO0001023,Z11,DC-MUM,2023-07-10,2023-07-12
SO0001024,Z13,DC-MUM,2023-07-10,2023-07-12
SO0001025,Z15,DC-MUM,2023-07-10,2023-07-12
SO0001026,Z18,DC-MUM,2023-07-10,2023-07-13
SO0001027,Z26,DC-DEL,2023-07-10,2023-07-13
SO0001028,Z33,DC-KOL,2023-07-10,2023-07-13
SO0001030,Z01,DC-HYD,2023-07-11,2023-07-13
SO0001031,Z02,DC-HYD,2023-07-11,2023-07-13
SO0001032,Z04,DC-HYD,2023-07-11,2023-07-13
SO0001033,Z10,DC-HYD,2023-07-11,2023-07-14
SO0001034,Z14,DC-MUM,2023-07-11,2023-07-14
SO0001035,Z19,DC-MUM,2023-07-11,2023-07-13
SO0001036,Z20,DC-DEL,2023-07-11,2023-07-13
SO0001037,Z22,DC-DEL,2023-07-11,2023-07-14
SO0001039,Z30,DC-KOL,2023-07-11,2023-07-14
SO0001040,Z34,DC-KOL,2023-07-11,2023-07-14
SO0001041,Z01,DC-HYD,2023-07-12,2023-07-14
SO0001042,Z06,DC-HYD,2023-07-12,2023-07-15
SO0001043,Z09,DC-HYD,2023-07-12,2023-07-16
SO0001044,Z16,DC-MUM,2023-07-12,2023-07-14
SO0001038,Z23,DC-DEL,2023-07-11,2023-07-13
SO0001045,Z21,DC-DEL,2023-07-12,2023-07-14
SO0001046,Z24,DC-DEL,2023-07-12,2023-07-14
SO0001047,Z25,DC-DEL,2023-07-12,2023-07-14
SO0001048,Z26,DC-DEL,2023-07-12,2023-07-15
SO0001049,Z27,DC-DEL,2023-07-12,2023-07-14
SO0001051,Z29,DC-KOL,2023-07-12,2023-07-14
SO0001056,Z05,DC-HYD,2023-07-13,2023-07-16
SO0001057,Z07,DC-HYD,2023-07-13,2023-07-17
SO0001058,Z12,DC-MUM,2023-07-13,2023-07-15
SO0001059,Z13,DC-MUM,2023-07-13,2023-07-15
SO0001060,Z16,DC-MUM,2023-07-13,2023-07-15
SO0001061,Z18,DC-MUM,2023-07-13,2023-07-16
SO0001062,Z19,DC-MUM,2023-07-13,2023-07-15
SO0001050,Z28,DC-DEL,2023-07-12,2023-07-15
SO0001063,Z20,DC-DEL,2023-07-13,2023-07-15
SO0001064,Z27,DC-DEL,2023-07-13,2023-07-15
SO0001065,Z28,DC-DEL,2023-07-13,2023-07-16
SO0001052,Z31,DC-KOL,2023-07-12,2023-07-15
SO0001053,Z32,DC-KOL,2023-07-12,2023-07-14
SO0001054,Z33,DC-KOL,2023-07-12,2023-07-15
SO0001068,Z02,DC-HYD,2023-07-14,2023-07-16
SO0001069,Z07,DC-HYD,2023-07-14,2023-07-18
SO0001080,Z35,DC-HYD,2023-07-14,2023-07-17
SO0001070,Z11,DC-MUM,2023-07-14,2023-07-16
SO0001071,Z12,DC-MUM,2023-07-14,2023-07-16
SO0001072,Z15,DC-MUM,2023-07-14,2023-07-16
SO0001073,Z17,DC-MUM,2023-07-14,2023-07-17
SO0001074,Z21,DC-DEL,2023-07-14,2023-07-16
SO0001075,Z23,DC-DEL,2023-07-14,2023-07-16
SO0001076,Z24,DC-DEL,2023-07-14,2023-07-16
SO0001077,Z25,DC-DEL,2023-07-14,2023-07-16
SO0001055,Z36,DC-KOL,2023-07-12,2023-07-15
SO0001066,Z30,DC-KOL,2023-07-13,2023-07-16
SO0001067,Z36,DC-KOL,2023-07-13,2023-07-16
SO0001078,Z29,DC-KOL,2023-07-14,2023-07-16
SO0001081,Z03,DC-HYD,2023-07-15,2023-07-18
SO0001082,Z05,DC-HYD,2023-07-15,2023-07-18
SO0001083,Z06,DC-HYD,2023-07-15,2023-07-18
SO0001084,Z08,DC-HYD,2023-07-15,2023-07-19
SO0001085,Z09,DC-HYD,2023-07-15,2023-07-19
SO0001086,Z14,DC-MUM,2023-07-15,2023-07-18
SO0001087,Z17,DC-MUM,2023-07-15,2023-07-18
SO0001088,Z22,DC-DEL,2023-07-15,2023-07-18
SO0001079,Z32,DC-KOL,2023-07-14,2023-07-16
SO0001089,Z31,DC-KOL,2023-07-15,2023-07-18
SO0001090,Z34,DC-KOL,2023-07-15,2023-07-18
SO0001091,Z03,DC-HYD,2023-07-17,2023-07-20
SO0001092,Z04,DC-HYD,2023-07-17,2023-07-19
SO0001093,Z08,DC-HYD,2023-07-17,2023-07-21
SO0001094,Z10,DC-HYD,2023-07-17,2023-07-20
SO0001101,Z35,DC-HYD,2023-07-17,2023-07-20
SO0001095,Z11,DC-MUM,2023-07-17,2023-07-19
SO0001096,Z13,DC-MUM,2023-07-17,2023-07-19
SO0001097,Z15,DC-MUM,2023-07-17,2023-07-19
SO0001098,Z18,DC-MUM,2023-07-17,2023-07-20
SO0001099,Z26,DC-DEL,2023-07-17,2023-07-20
SO0001100,Z33,DC-KOL,2023-07-17,2023-07-20
SO0001102,Z01,DC-HYD,2023-07-18,2023-07-20
SO0001103,Z02,DC-HYD,2023-07-18,2023-07-20
SO0001104,Z04,DC-HYD,2023-07-18,2023-07-20
SO0001105,Z10,DC-HYD,2023-07-18,2023-07-21
SO0001106,Z14,DC-MUM,2023-07-18,2023-07-21
SO0001107,Z19,DC-MUM,2023-07-18,2023-07-20
SO0001108,Z20,DC-DEL,2023-07-18,2023-07-20
SO0001109,Z22,DC-DEL,2023-07-18,2023-07-21
SO0001110,Z23,DC-DEL,2023-07-18,2023-07-20
SO0001111,Z30,DC-KOL,2023-07-18,2023-07-21
SO0001112,Z34,DC-KOL,2023-07-18,2023-07-21
SO0001113,Z01,DC-HYD,2023-07-19,2023-07-21
SO0001114,Z06,DC-HYD,2023-07-19,2023-07-22
SO0001115,Z09,DC-HYD,2023-07-19,2023-07-23
SO0001116,Z16,DC-MUM,2023-07-19,2023-07-21
SO0001117,Z21,DC-DEL,2023-07-19,2023-07-21
SO0001118,Z24,DC-DEL,2023-07-19,2023-07-21
SO0001119,Z25,DC-DEL,2023-07-19,2023-07-21
SO0001120,Z26,DC-DEL,2023-07-19,2023-07-22
SO0001121,Z27,DC-DEL,2023-07-19,2023-07-21
SO0001123,Z29,DC-KOL,2023-07-19,2023-07-21
SO0001128,Z05,DC-HYD,2023-07-20,2023-07-23
SO0001129,Z07,DC-HYD,2023-07-20,2023-07-24
SO0001130,Z12,DC-MUM,2023-07-20,2023-07-22
SO0001131,Z13,DC-MUM,2023-07-20,2023-07-22
SO0001132,Z16,DC-MUM,2023-07-20,2023-07-22
SO0001133,Z18,DC-MUM,2023-07-20,2023-07-23
SO0001134,Z19,DC-MUM,2023-07-20,2023-07-22
SO0001122,Z28,DC-DEL,2023-07-19,2023-07-22
SO0001135,Z20,DC-DEL,2023-07-20,2023-07-22
SO0001136,Z27,DC-DEL,2023-07-20,2023-07-22
SO0001137,Z28,DC-DEL,2023-07-20,2023-07-23
SO0001124,Z31,DC-KOL,2023-07-19,2023-07-22
SO0001125,Z32,DC-KOL,2023-07-19,2023-07-21
SO0001126,Z33,DC-KOL,2023-07-19,2023-07-22
SO0001127,Z36,DC-KOL,2023-07-19,2023-07-22
SO0001140,Z02,DC-HYD,2023-07-21,2023-07-23
SO0001141,Z07,DC-HYD,2023-07-21,2023-07-25
SO0001152,Z35,DC-HYD,2023-07-21,2023-07-24
SO0001142,Z11,DC-MUM,2023-07-21,2023-07-23
SO0001143,Z12,DC-MUM,2023-07-21,2023-07-23
SO0001144,Z15,DC-MUM,2023-07-21,2023-07-23
SO0001145,Z17,DC-MUM,2023-07-21,2023-07-24
SO0001146,Z21,DC-DEL,2023-07-21,2023-07-23
SO0001147,Z23,DC-DEL,2023-07-21,2023-07-23
SO0001148,Z24,DC-DEL,2023-07-21,2023-07-23
SO0001149,Z25,DC-DEL,2023-07-21,2023-07-23
SO0001138,Z30,DC-KOL,2023-07-20,2023-07-23
SO0001139,Z36,DC-KOL,2023-07-20,2023-07-23
SO0001150,Z29,DC-KOL,2023-07-21,2023-07-23
SO0001151,Z32,DC-KOL,2023-07-21,2023-07-23
SO0001153,Z03,DC-HYD,2023-07-22,2023-07-25
SO0001154,Z05,DC-HYD,2023-07-22,2023-07-25
SO0001155,Z06,DC-HYD,2023-07-22,2023-07-25
SO0001156,Z08,DC-HYD,2023-07-22,2023-07-26
SO0001157,Z09,DC-HYD,2023-07-22,2023-07-26
SO0001158,Z14,DC-MUM,2023-07-22,2023-07-25
SO0001159,Z17,DC-MUM,2023-07-22,2023-07-25
SO0001160,Z22,DC-DEL,2023-07-22,2023-07-25
SO0001161,Z31,DC-KOL,2023-07-22,2023-07-25
SO0001162,Z34,DC-KOL,2023-07-22,2023-07-25
SO0001163,Z03,DC-HYD,2023-07-24,2023-07-27
SO0001164,Z04,DC-HYD,2023-07-24,2023-07-26
SO0001165,Z08,DC-HYD,2023-07-24,2023-07-28
SO0001166,Z10,DC-HYD,2023-07-24,2023-07-27
SO0001173,Z35,DC-HYD,2023-07-24,2023-07-27
SO0001167,Z11,DC-MUM,2023-07-24,2023-07-26
SO0001168,Z13,DC-MUM,2023-07-24,2023-07-26
SO0001169,Z15,DC-MUM,2023-07-24,2023-07-26
SO0001170,Z18,DC-MUM,2023-07-24,2023-07-27
SO0001171,Z26,DC-DEL,2023-07-24,2023-07-27
SO0001172,Z33,DC-KOL,2023-07-24,2023-07-27
SO0001174,Z01,DC-HYD,2023-07-25,2023-07-27
SO0001175,Z02,DC-HYD,2023-07-25,2023-07-27
SO0001176,Z04,DC-HYD,2023-07-25,2023-07-27
SO0001177,Z10,DC-HYD,2023-07-25,2023-07-28
SO0001178,Z14,DC-MUM,2023-07-25,2023-07-28
SO0001179,Z19,DC-MUM,2023-07-25,2023-07-27
SO0001180,Z20,DC-DEL,2023-07-25,2023-07-27
SO0001181,Z22,DC-DEL,2023-07-25,2023-07-28
SO0001183,Z30,DC-KOL,2023-07-25,2023-07-28
SO0001184,Z34,DC-KOL,2023-07-25,2023-07-28
SO0001185,Z01,DC-HYD,2023-07-26,2023-07-28
SO0001186,Z06,DC-HYD,2023-07-26,2023-07-29
SO0001187,Z09,DC-HYD,2023-07-26,2023-07-30
SO0001188,Z16,DC-MUM,2023-07-26,2023-07-28
SO0001182,Z23,DC-DEL,2023-07-25,2023-07-27
SO0001189,Z21,DC-DEL,2023-07-26,2023-07-28
SO0001190,Z24,DC-DEL,2023-07-26,2023-07-28
SO0001191,Z25,DC-DEL,2023-07-26,2023-07-28
SO0001192,Z26,DC-DEL,2023-07-26,2023-07-29
SO0001193,Z27,DC-DEL,2023-07-26,2023-07-28
SO0001195,Z29,DC-KOL,2023-07-26,2023-07-28
SO0001200,Z05,DC-HYD,2023-07-27,2023-07-30
SO0001201,Z07,DC-HYD,2023-07-27,2023-07-31
SO0001202,Z12,DC-MUM,2023-07-27,2023-07-29
SO0001203,Z13,DC-MUM,2023-07-27,2023-07-29
SO0001204,Z16,DC-MUM,2023-07-27,2023-07-29
SO0001205,Z18,DC-MUM,2023-07-27,2023-07-30
SO0001206,Z19,DC-MUM,2023-07-27,2023-07-29
SO0001194,Z28,DC-DEL,2023-07-26,2023-07-29
SO0001207,Z20,DC-DEL,2023-07-27,2023-07-29
SO0001208,Z27,DC-DEL,2023-07-27,2023-07-29
SO0001209,Z28,DC-DEL,2023-07-27,2023-07-30
SO0001196,Z31,DC-KOL,2023-07-26,2023-07-29
SO0001197,Z32,DC-KOL,2023-07-26,2023-07-28
SO0001198,Z33,DC-KOL,2023-07-26,2023-07-29
SO0001212,Z02,DC-HYD,2023-07-28,2023-07-30
SO0001213,Z07,DC-HYD,2023-07-28,2023-08-01
SO0001224,Z35,DC-HYD,2023-07-28,2023-07-31
SO0001214,Z11,DC-MUM,2023-07-28,2023-07-30
SO0001215,Z12,DC-MUM,2023-07-28,2023-07-30
SO0001216,Z15,DC-MUM,2023-07-28,2023-07-30
SO0001217,Z17,DC-MUM,2023-07-28,2023-07-31
SO0001218,Z21,DC-DEL,2023-07-28,2023-07-30
SO0001219,Z23,DC-DEL,2023-07-28,2023-07-30
SO0001220,Z24,DC-DEL,2023-07-28,2023-07-30
SO0001221,Z25,DC-DEL,2023-07-28,2023-07-30
SO0001199,Z36,DC-KOL,2023-07-26,2023-07-29
SO0001210,Z30,DC-KOL,2023-07-27,2023-07-30
SO0001211,Z36,DC-KOL,2023-07-27,2023-07-30
SO0001222,Z29,DC-KOL,2023-07-28,2023-07-30
SO0001225,Z03,DC-HYD,2023-07-29,2023-08-01
SO0001226,Z05,DC-HYD,2023-07-29,2023-08-01
SO0001227,Z06,DC-HYD,2023-07-29,2023-08-01
SO0001228,Z08,DC-HYD,2023-07-29,2023-08-02
SO0001229,Z09,DC-HYD,2023-07-29,2023-08-02
SO0001230,Z14,DC-MUM,2023-07-29,2023-08-01
SO0001231,Z17,DC-MUM,2023-07-29,2023-08-01
SO0001232,Z22,DC-DEL,2023-07-29,2023-08-01
SO0001223,Z32,DC-KOL,2023-07-28,2023-07-30
SO0001233,Z31,DC-KOL,2023-07-29,2023-08-01
SO0001234,Z34,DC-KOL,2023-07-29,2023-08-01
SO0001235,Z03,DC-HYD,2023-07-31,2023-08-03
SO0001236,Z04,DC-HYD,2023-07-31,2023-08-02
SO0001237,Z08,DC-HYD,2023-07-31,2023-08-04
SO0001238,Z10,DC-HYD,2023-07-31,2023-08-03
SO0001245,Z35,DC-HYD,2023-07-31,2023-08-03
SO0001239,Z11,DC-MUM,2023-07-31,2023-08-02
SO0001240,Z13,DC-MUM,2023-07-31,2023-08-02
SO0001241,Z15,DC-MUM,2023-07-31,2023-08-02
SO0001242,Z18,DC-MUM,2023-07-31,2023-08-03
SO0001243,Z26,DC-DEL,2023-07-31,2023-08-03
SO0001244,Z33,DC-KOL,2023-07-31,2023-08-03
SO0001246,Z01,DC-HYD,2023-08-01,2023-08-03
SO0001247,Z02,DC-HYD,2023-08-01,2023-08-03
SO0001248,Z04,DC-HYD,2023-08-01,2023-08-03
SO0001249,Z10,DC-HYD,2023-08-01,2023-08-04
SO0001250,Z14,DC-MUM,2023-08-01,2023-08-04
SO0001251,Z19,DC-MUM,2023-08-01,2023-08-03
SO0001252,Z20,DC-DEL,2023-08-01,2023-08-03
SO0001253,Z22,DC-DEL,2023-08-01,2023-08-04
SO0001254,Z23,DC-DEL,2023-08-01,2023-08-03
SO0001255,Z30,DC-KOL,2023-08-01,2023-08-04
SO0001256,Z34,DC-KOL,2023-08-01,2023-08-04
SO0001257,Z01,DC-HYD,2023-08-02,2023-08-04
SO0001258,Z06,DC-HYD,2023-08-02,2023-08-05
SO0001259,Z09,DC-HYD,2023-08-02,2023-08-06
SO0001260,Z16,DC-MUM,2023-08-02,2023-08-04
SO0001261,Z21,DC-DEL,2023-08-02,2023-08-04
SO0001262,Z24,DC-DEL,2023-08-02,2023-08-04
SO0001263,Z25,DC-DEL,2023-08-02,2023-08-04
SO0001264,Z26,DC-DEL,2023-08-02,2023-08-05
SO0001265,Z27,DC-DEL,2023-08-02,2023-08-04
SO0001267,Z29,DC-KOL,2023-08-02,2023-08-04
SO0001272,Z05,DC-HYD,2023-08-03,2023-08-06
SO0001273,Z07,DC-HYD,2023-08-03,2023-08-07
SO0001274,Z12,DC-MUM,2023-08-03,2023-08-05
SO0001275,Z13,DC-MUM,2023-08-03,2023-08-05
SO0001276,Z16,DC-MUM,2023-08-03,2023-08-05
SO0001277,Z18,DC-MUM,2023-08-03,2023-08-06
SO0001278,Z19,DC-MUM,2023-08-03,2023-08-05
SO0001266,Z28,DC-DEL,2023-08-02,2023-08-05
SO0001279,Z20,DC-DEL,2023-08-03,2023-08-05
SO0001280,Z27,DC-DEL,2023-08-03,2023-08-05
SO0001281,Z28,DC-DEL,2023-08-03,2023-08-06
SO0001268,Z31,DC-KOL,2023-08-02,2023-08-05
SO0001269,Z32,DC-KOL,2023-08-02,2023-08-04
SO0001270,Z33,DC-KOL,2023-08-02,2023-08-05
SO0001284,Z02,DC-HYD,2023-08-04,2023-08-06
SO0001285,Z07,DC-HYD,2023-08-04,2023-08-08
SO0001296,Z35,DC-HYD,2023-08-04,2023-08-07
SO0001286,Z11,DC-MUM,2023-08-04,2023-08-06
SO0001287,Z12,DC-MUM,2023-08-04,2023-08-06
SO0001288,Z15,DC-MUM,2023-08-04,2023-08-06
SO0001289,Z17,DC-MUM,2023-08-04,2023-08-07
SO0001290,Z21,DC-DEL,2023-08-04,2023-08-06
SO0001291,Z23,DC-DEL,2023-08-04,2023-08-06
SO0001292,Z24,DC-DEL,2023-08-04,2023-08-06
SO0001293,Z25,DC-DEL,2023-08-04,2023-08-06
SO0001271,Z36,DC-KOL,2023-08-02,2023-08-05
SO0001282,Z30,DC-KOL,2023-08-03,2023-08-06
SO0001283,Z36,DC-KOL,2023-08-03,2023-08-06
SO0001294,Z29,DC-KOL,2023-08-04,2023-08-06
SO0001297,Z03,DC-HYD,2023-08-05,2023-08-08
SO0001298,Z05,DC-HYD,2023-08-05,2023-08-08
SO0001299,Z06,DC-HYD,2023-08-05,2023-08-08
SO0001300,Z08,DC-HYD,2023-08-05,2023-08-09
SO0001301,Z09,DC-HYD,2023-08-05,2023-08-09
SO0001302,Z14,DC-MUM,2023-08-05,2023-08-08
SO0001303,Z17,DC-MUM,2023-08-05,2023-08-08
SO0001304,Z22,DC-DEL,2023-08-05,2023-08-08
SO0001295,Z32,DC-KOL,2023-08-04,2023-08-06
SO0001305,Z31,DC-KOL,2023-08-05,2023-08-08
SO0001306,Z34,DC-KOL,2023-08-05,2023-08-08
SO0001307,Z03,DC-HYD,2023-08-07,2023-08-10
SO0001308,Z04,DC-HYD,2023-08-07,2023-08-09
SO0001309,Z08,DC-HYD,2023-08-07,2023-08-11
SO0001310,Z10,DC-HYD,2023-08-07,2023-08-10
SO0001317,Z35,DC-HYD,2023-08-07,2023-08-10
SO0001311,Z11,DC-MUM,2023-08-07,2023-08-09
SO0001312,Z13,DC-MUM,2023-08-07,2023-08-09
SO0001313,Z15,DC-MUM,2023-08-07,2023-08-09
SO0001314,Z18,DC-MUM,2023-08-07,2023-08-10
SO0001315,Z26,DC-DEL,2023-08-07,2023-08-10
SO0001316,Z33,DC-KOL,2023-08-07,2023-08-10
SO0001318,Z01,DC-HYD,2023-08-08,2023-08-10
SO0001319,Z02,DC-HYD,2023-08-08,2023-08-10
SO0001320,Z04,DC-HYD,2023-08-08,2023-08-10
SO0001321,Z10,DC-HYD,2023-08-08,2023-08-11
SO0001322,Z14,DC-MUM,2023-08-08,2023-08-11
SO0001323,Z19,DC-MUM,2023-08-08,2023-08-10
SO0001324,Z20,DC-DEL,2023-08-08,2023-08-10
SO0001325,Z22,DC-DEL,2023-08-08,2023-08-11
SO0001326,Z23,DC-DEL,2023-08-08,2023-08-10
SO0001327,Z30,DC-KOL,2023-08-08,2023-08-11
SO0001328,Z34,DC-KOL,2023-08-08,2023-08-11
SO0001329,Z01,DC-HYD,2023-08-09,2023-08-11
SO0001330,Z06,DC-HYD,2023-08-09,2023-08-12
SO0001331,Z09,DC-HYD,2023-08-09,2023-08-13
SO0001332,Z16,DC-MUM,2023-08-09,2023-08-11
SO0001333,Z21,DC-DEL,2023-08-09,2023-08-11
SO0001334,Z24,DC-DEL,2023-08-09,2023-08-11
SO0001335,Z25,DC-DEL,2023-08-09,2023-08-11
SO0001336,Z26,DC-DEL,2023-08-09,2023-08-12
SO0001337,Z27,DC-DEL,2023-08-09,2023-08-11
SO0001339,Z29,DC-KOL,2023-08-09,2023-08-11
SO0001344,Z05,DC-HYD,2023-08-10,2023-08-13
SO0001345,Z07,DC-HYD,2023-08-10,2023-08-14
SO0001346,Z12,DC-MUM,2023-08-10,2023-08-12
SO0001347,Z13,DC-MUM,2023-08-10,2023-08-12
SO0001348,Z16,DC-MUM,2023-08-10,2023-08-12
SO0001349,Z18,DC-MUM,2023-08-10,2023-08-13
SO0001350,Z19,DC-MUM,2023-08-10,2023-08-12
SO0001338,Z28,DC-DEL,2023-08-09,2023-08-12
SO0001351,Z20,DC-DEL,2023-08-10,2023-08-12
SO0001352,Z27,DC-DEL,2023-08-10,2023-08-12
SO0001353,Z28,DC-DEL,2023-08-10,2023-08-13
SO0001340,Z31,DC-KOL,2023-08-09,2023-08-12
SO0001341,Z32,DC-KOL,2023-08-09,2023-08-11
SO0001342,Z33,DC-KOL,2023-08-09,2023-08-12
SO0001356,Z02,DC-HYD,2023-08-11,2023-08-13
SO0001357,Z07,DC-HYD,2023-08-11,2023-08-15
SO0001368,Z35,DC-HYD,2023-08-11,2023-08-14
SO0001358,Z11,DC-MUM,2023-08-11,2023-08-13
SO0001359,Z12,DC-MUM,2023-08-11,2023-08-13
SO0001360,Z15,DC-MUM,2023-08-11,2023-08-13
SO0001361,Z17,DC-MUM,2023-08-11,2023-08-14
SO0001362,Z21,DC-DEL,2023-08-11,2023-08-13
SO0001363,Z23,DC-DEL,2023-08-11,2023-08-13
SO0001364,Z24,DC-DEL,2023-08-11,2023-08-13
SO0001365,Z25,DC-DEL,2023-08-11,2023-08-13
SO0001343,Z36,DC-KOL,2023-08-09,2023-08-12
SO0001354,Z30,DC-KOL,2023-08-10,2023-08-13
SO0001355,Z36,DC-KOL,2023-08-10,2023-08-13
SO0001366,Z29,DC-KOL,2023-08-11,2023-08-13
SO0001369,Z03,DC-HYD,2023-08-12,2023-08-15
SO0001370,Z05,DC-HYD,2023-08-12,2023-08-15
SO0001371,Z06,DC-HYD,2023-08-12,2023-08-15
SO0001372,Z08,DC-HYD,2023-08-12,2023-08-16
SO0001373,Z09,DC-HYD,2023-08-12,2023-08-16
SO0001374,Z14,DC-MUM,2023-08-12,2023-08-15
SO0001375,Z17,DC-MUM,2023-08-12,2023-08-15
SO0001376,Z22,DC-DEL,2023-08-12,2023-08-15
SO0001367,Z32,DC-KOL,2023-08-11,2023-08-13
SO0001377,Z31,DC-KOL,2023-08-12,2023-08-15
SO0001378,Z34,DC-KOL,2023-08-12,2023-08-15
SO0001379,Z03,DC-HYD,2023-08-14,2023-08-17
SO0001380,Z04,DC-HYD,2023-08-14,2023-08-16
SO0001381,Z08,DC-HYD,2023-08-14,2023-08-18
SO0001382,Z10,DC-HYD,2023-08-14,2023-08-17
SO0001389,Z35,DC-HYD,2023-08-14,2023-08-17
SO0001383,Z11,DC-MUM,2023-08-14,2023-08-16
SO0001384,Z13,DC-MUM,2023-08-14,2023-08-16
SO0001385,Z15,DC-MUM,2023-08-14,2023-08-16
SO0001386,Z18,DC-MUM,2023-08-14,2023-08-17
SO0001387,Z26,DC-DEL,2023-08-14,2023-08-17
SO0001388,Z33,DC-KOL,2023-08-14,2023-08-17
SO0001390,Z01,DC-HYD,2023-08-15,2023-08-17
SO0001391,Z02,DC-HYD,2023-08-15,2023-08-17
SO0001392,Z04,DC-HYD,2023-08-15,2023-08-17
SO0001393,Z10,DC-HYD,2023-08-15,2023-08-18
SO0001394,Z14,DC-MUM,2023-08-15,2023-08-18
SO0001395,Z19,DC-MUM,2023-08-15,2023-08-17
SO0001396,Z20,DC-DEL,2023-08-15,2023-08-17
SO0001397,Z22,DC-DEL,2023-08-15,2023-08-18
SO0001399,Z30,DC-KOL,2023-08-15,2023-08-18
SO0001400,Z34,DC-KOL,2023-08-15,2023-08-18
SO0001401,Z01,DC-HYD,2023-08-16,2023-08-18
SO0001402,Z06,DC-HYD,2023-08-16,2023-08-19
SO0001403,Z09,DC-HYD,2023-08-16,2023-08-20
SO0001404,Z16,DC-MUM,2023-08-16,2023-08-18
SO0001398,Z23,DC-DEL,2023-08-15,2023-08-17
SO0001405,Z21,DC-DEL,2023-08-16,2023-08-18
SO0001406,Z24,DC-DEL,2023-08-16,2023-08-18
SO0001407,Z25,DC-DEL,2023-08-16,2023-08-18
SO0001408,Z26,DC-DEL,2023-08-16,2023-08-19
SO0001409,Z27,DC-DEL,2023-08-16,2023-08-18
SO0001411,Z29,DC-KOL,2023-08-16,2023-08-18
SO0001416,Z05,DC-HYD,2023-08-17,2023-08-20
SO0001417,Z07,DC-HYD,2023-08-17,2023-08-21
SO0001418,Z12,DC-MUM,2023-08-17,2023-08-19
SO0001419,Z13,DC-MUM,2023-08-17,2023-08-19
SO0001420,Z16,DC-MUM,2023-08-17,2023-08-19
SO0001421,Z18,DC-MUM,2023-08-17,2023-08-20
SO0001422,Z19,DC-MUM,2023-08-17,2023-08-19
SO0001410,Z28,DC-DEL,2023-08-16,2023-08-19
SO0001423,Z20,DC-DEL,2023-08-17,2023-08-19
SO0001424,Z27,DC-DEL,2023-08-17,2023-08-19
SO0001425,Z28,DC-DEL,2023-08-17,2023-08-20
SO0001412,Z31,DC-KOL,2023-08-16,2023-08-19
SO0001413,Z32,DC-KOL,2023-08-16,2023-08-18
SO0001414,Z33,DC-KOL,2023-08-16,2023-08-19
SO0001428,Z02,DC-HYD,2023-08-18,2023-08-20
SO0001429,Z07,DC-HYD,2023-08-18,2023-08-22
SO0001440,Z35,DC-HYD,2023-08-18,2023-08-21
SO0001430,Z11,DC-MUM,2023-08-18,2023-08-20
SO0001431,Z12,DC-MUM,2023-08-18,2023-08-20
SO0001432,Z15,DC-MUM,2023-08-18,2023-08-20
SO0001433,Z17,DC-MUM,2023-08-18,2023-08-21
SO0001434,Z21,DC-DEL,2023-08-18,2023-08-20
SO0001435,Z23,DC-DEL,2023-08-18,2023-08-20
SO0001436,Z24,DC-DEL,2023-08-18,2023-08-20
SO0001437,Z25,DC-DEL,2023-08-18,2023-08-20
SO0001415,Z36,DC-KOL,2023-08-16,2023-08-19
SO0001426,Z30,DC-KOL,2023-08-17,2023-08-20
SO0001427,Z36,DC-KOL,2023-08-17,2023-08-20
SO0001438,Z29,DC-KOL,2023-08-18,2023-08-20
SO0001439,Z32,DC-KOL,2023-08-18,2023-08-20
SO0001441,Z03,DC-HYD,2023-08-19,2023-08-22
SO0001442,Z05,DC-HYD,2023-08-19,2023-08-22
SO0001443,Z06,DC-HYD,2023-08-19,2023-08-22
SO0001444,Z08,DC-HYD,2023-08-19,2023-08-23
SO0001445,Z09,DC-HYD,2023-08-19,2023-08-23
SO0001446,Z14,DC-MUM,2023-08-19,2023-08-22
SO0001447,Z17,DC-MUM,2023-08-19,2023-08-22
SO0001448,Z22,DC-DEL,2023-08-19,2023-08-22
SO0001449,Z31,DC-KOL,2023-08-19,2023-08-22
SO0001450,Z34,DC-KOL,2023-08-19,2023-08-22
SO0001451,Z03,DC-HYD,2023-08-21,2023-08-24
SO0001452,Z04,DC-HYD,2023-08-21,2023-08-23
SO0001453,Z08,DC-HYD,2023-08-21,2023-08-25
SO0001454,Z10,DC-HYD,2023-08-21,2023-08-24
SO0001461,Z35,DC-HYD,2023-08-21,2023-08-24
SO0001455,Z11,DC-MUM,2023-08-21,2023-08-23
SO0001456,Z13,DC-MUM,2023-08-21,2023-08-23
SO0001457,Z15,DC-MUM,2023-08-21,2023-08-23
SO0001458,Z18,DC-MUM,2023-08-21,2023-08-24
SO0001459,Z26,DC-DEL,2023-08-21,2023-08-24
SO0001460,Z33,DC-KOL,2023-08-21,2023-08-24
SO0001462,Z01,DC-HYD,2023-08-22,2023-08-24
SO0001463,Z02,DC-HYD,2023-08-22,2023-08-24
SO0001464,Z04,DC-HYD,2023-08-22,2023-08-24
SO0001465,Z10,DC-HYD,2023-08-22,2023-08-25
SO0001466,Z14,DC-MUM,2023-08-22,2023-08-25
SO0001467,Z19,DC-MUM,2023-08-22,2023-08-24
SO0001468,Z20,DC-DEL,2023-08-22,2023-08-24
SO0001469,Z22,DC-DEL,2023-08-22,2023-08-25
SO0001470,Z23,DC-DEL,2023-08-22,2023-08-24
SO0001471,Z30,DC-KOL,2023-08-22,2023-08-25
SO0001472,Z34,DC-KOL,2023-08-22,2023-08-25
SO0001473,Z01,DC-HYD,2023-08-23,2023-08-25
SO0001474,Z06,DC-HYD,2023-08-23,2023-08-26
SO0001475,Z09,DC-HYD,2023-08-23,2023-08-27
SO0001476,Z16,DC-MUM,2023-08-23,2023-08-25
SO0001477,Z21,DC-DEL,2023-08-23,2023-08-25
SO0001478,Z24,DC-DEL,2023-08-23,2023-08-25
SO0001479,Z25,DC-DEL,2023-08-23,2023-08-25
SO0001480,Z26,DC-DEL,2023-08-23,2023-08-26
SO0001481,Z27,DC-DEL,2023-08-23,2023-08-25
SO0001483,Z29,DC-KOL,2023-08-23,2023-08-25
SO0001488,Z05,DC-HYD,2023-08-24,2023-08-27
SO0001489,Z07,DC-HYD,2023-08-24,2023-08-28
SO0001490,Z12,DC-MUM,2023-08-24,2023-08-26
SO0001491,Z13,DC-MUM,2023-08-24,2023-08-26
SO0001492,Z16,DC-MUM,2023-08-24,2023-08-26
SO0001493,Z18,DC-MUM,2023-08-24,2023-08-27
SO0001494,Z19,DC-MUM,2023-08-24,2023-08-26
SO0001482,Z28,DC-DEL,2023-08-23,2023-08-26
SO0001495,Z20,DC-DEL,2023-08-24,2023-08-26
SO0001496,Z27,DC-DEL,2023-08-24,2023-08-26
SO0001497,Z28,DC-DEL,2023-08-24,2023-08-27
SO0001484,Z31,DC-KOL,2023-08-23,2023-08-26
SO0001485,Z32,DC-KOL,2023-08-23,2023-08-25
SO0001486,Z33,DC-KOL,2023-08-23,2023-08-26
SO0001500,Z02,DC-HYD,2023-08-25,2023-08-27
SO0001501,Z07,DC-HYD,2023-08-25,2023-08-29
SO0001512,Z35,DC-HYD,2023-08-25,2023-08-28
SO0001502,Z11,DC-MUM,2023-08-25,2023-08-27
SO0001503,Z12,DC-MUM,2023-08-25,2023-08-27
SO0001504,Z15,DC-MUM,2023-08-25,2023-08-27
SO0001506,Z21,DC-DEL,2023-08-25,2023-08-27
SO0001507,Z23,DC-DEL,2023-08-25,2023-08-27
SO0001508,Z24,DC-DEL,2023-08-25,2023-08-27
SO0001509,Z25,DC-DEL,2023-08-25,2023-08-27
SO0001487,Z36,DC-KOL,2023-08-23,2023-08-26
SO0001498,Z30,DC-KOL,2023-08-24,2023-08-27
SO0001499,Z36,DC-KOL,2023-08-24,2023-08-27
SO0001510,Z29,DC-KOL,2023-08-25,2023-08-27
SO0001511,Z32,DC-KOL,2023-08-25,2023-08-27
SO0001513,Z03,DC-HYD,2023-08-26,2023-08-29
SO0001514,Z05,DC-HYD,2023-08-26,2023-08-29
SO0001515,Z06,DC-HYD,2023-08-26,2023-08-29
SO0001516,Z08,DC-HYD,2023-08-26,2023-08-30
SO0001517,Z09,DC-HYD,2023-08-26,2023-08-30
SO0001505,Z17,DC-MUM,2023-08-25,2023-08-28
SO0001518,Z14,DC-MUM,2023-08-26,2023-08-29
SO0001519,Z17,DC-MUM,2023-08-26,2023-08-29
SO0001520,Z22,DC-DEL,2023-08-26,2023-08-29
SO0001521,Z31,DC-KOL,2023-08-26,2023-08-29
SO0001522,Z34,DC-KOL,2023-08-26,2023-08-29
SO0001523,Z03,DC-HYD,2023-08-28,2023-08-31
SO0001524,Z04,DC-HYD,2023-08-28,2023-08-30
SO0001525,Z08,DC-HYD,2023-08-28,2023-09-01
SO0001526,Z10,DC-HYD,2023-08-28,2023-08-31
SO0001533,Z35,DC-HYD,2023-08-28,2023-08-31
SO0001527,Z11,DC-MUM,2023-08-28,2023-08-30
SO0001528,Z13,DC-MUM,2023-08-28,2023-08-30
SO0001529,Z15,DC-MUM,2023-08-28,2023-08-30
SO0001530,Z18,DC-MUM,2023-08-28,2023-08-31
SO0001531,Z26,DC-DEL,2023-08-28,2023-08-31
SO0001532,Z33,DC-KOL,2023-08-28,2023-08-31
SO0001534,Z01,DC-HYD,2023-08-29,2023-08-31
SO0001535,Z02,DC-HYD,2023-08-29,2023-08-31
SO0001536,Z04,DC-HYD,2023-08-29,2023-08-31
SO0001537,Z10,DC-HYD,2023-08-29,2023-09-01
SO0001538,Z14,DC-MUM,2023-08-29,2023-09-01
SO0001539,Z19,DC-MUM,2023-08-29,2023-08-31
SO0001540,Z20,DC-DEL,2023-08-29,2023-08-31
SO0001541,Z22,DC-DEL,2023-08-29,2023-09-01
SO0001542,Z23,DC-DEL,2023-08-29,2023-08-31
SO0001543,Z30,DC-KOL,2023-08-29,2023-09-01
SO0001544,Z34,DC-KOL,2023-08-29,2023-09-01
SO0001545,Z01,DC-HYD,2023-08-30,2023-09-01
SO0001546,Z06,DC-HYD,2023-08-30,2023-09-02
SO0001547,Z09,DC-HYD,2023-08-30,2023-09-03
SO0001548,Z16,DC-MUM,2023-08-30,2023-09-01
SO0001549,Z21,DC-DEL,2023-08-30,2023-09-01
SO0001550,Z24,DC-DEL,2023-08-30,2023-09-01
SO0001551,Z25,DC-DEL,2023-08-30,2023-09-01
SO0001552,Z26,DC-DEL,2023-08-30,2023-09-02
SO0001553,Z27,DC-DEL,2023-08-30,2023-09-01
SO0001554,Z28,DC-DEL,2023-08-30,2023-09-02
SO0001555,Z29,DC-KOL,2023-08-30,2023-09-01
SO0001560,Z05,DC-HYD,2023-08-31,2023-09-03
SO0001561,Z07,DC-HYD,2023-08-31,2023-09-04
SO0001562,Z12,DC-MUM,2023-08-31,2023-09-02
SO0001563,Z13,DC-MUM,2023-08-31,2023-09-02
SO0001564,Z16,DC-MUM,2023-08-31,2023-09-02
SO0001565,Z18,DC-MUM,2023-08-31,2023-09-03
SO0001566,Z19,DC-MUM,2023-08-31,2023-09-02
SO0001567,Z20,DC-DEL,2023-08-31,2023-09-02
SO0001568,Z27,DC-DEL,2023-08-31,2023-09-02
SO0001569,Z28,DC-DEL,2023-08-31,2023-09-03
SO0001556,Z31,DC-KOL,2023-08-30,2023-09-02
SO0001557,Z32,DC-KOL,2023-08-30,2023-09-01
SO0001558,Z33,DC-KOL,2023-08-30,2023-09-02
SO0001572,Z02,DC-HYD,2023-09-01,2023-09-03
SO0001573,Z07,DC-HYD,2023-09-01,2023-09-05
SO0001584,Z35,DC-HYD,2023-09-01,2023-09-04
SO0001574,Z11,DC-MUM,2023-09-01,2023-09-03
SO0001575,Z12,DC-MUM,2023-09-01,2023-09-03
SO0001576,Z15,DC-MUM,2023-09-01,2023-09-03
SO0001577,Z17,DC-MUM,2023-09-01,2023-09-04
SO0001578,Z21,DC-DEL,2023-09-01,2023-09-03
SO0001579,Z23,DC-DEL,2023-09-01,2023-09-03
SO0001580,Z24,DC-DEL,2023-09-01,2023-09-03
SO0001581,Z25,DC-DEL,2023-09-01,2023-09-03
SO0001559,Z36,DC-KOL,2023-08-30,2023-09-02
SO0001570,Z30,DC-KOL,2023-08-31,2023-09-03
SO0001571,Z36,DC-KOL,2023-08-31,2023-09-03
SO0001582,Z29,DC-KOL,2023-09-01,2023-09-03
SO0001585,Z03,DC-HYD,2023-09-02,2023-09-05
SO0001586,Z05,DC-HYD,2023-09-02,2023-09-05
SO0001587,Z06,DC-HYD,2023-09-02,2023-09-05
SO0001588,Z08,DC-HYD,2023-09-02,2023-09-06
SO0001589,Z09,DC-HYD,2023-09-02,2023-09-06
SO0001590,Z14,DC-MUM,2023-09-02,2023-09-05
SO0001591,Z17,DC-MUM,2023-09-02,2023-09-05
SO0001592,Z22,DC-DEL,2023-09-02,2023-09-05
SO0001583,Z32,DC-KOL,2023-09-01,2023-09-03
SO0001593,Z31,DC-KOL,2023-09-02,2023-09-05
SO0001594,Z34,DC-KOL,2023-09-02,2023-09-05
SO0001595,Z03,DC-HYD,2023-09-04,2023-09-07
SO0001596,Z04,DC-HYD,2023-09-04,2023-09-06
SO0001597,Z08,DC-HYD,2023-09-04,2023-09-08
SO0001598,Z10,DC-HYD,2023-09-04,2023-09-07
SO0001605,Z35,DC-HYD,2023-09-04,2023-09-07
SO0001599,Z11,DC-MUM,2023-09-04,2023-09-06
SO0001600,Z13,DC-MUM,2023-09-04,2023-09-06
SO0001601,Z15,DC-MUM,2023-09-04,2023-09-06
SO0001602,Z18,DC-MUM,2023-09-04,2023-09-07
SO0001603,Z26,DC-DEL,2023-09-04,2023-09-07
SO0001604,Z33,DC-KOL,2023-09-04,2023-09-07
SO0001606,Z01,DC-HYD,2023-09-05,2023-09-07
SO0001607,Z02,DC-HYD,2023-09-05,2023-09-07
SO0001608,Z04,DC-HYD,2023-09-05,2023-09-07
SO0001609,Z10,DC-HYD,2023-09-05,2023-09-08
SO0001610,Z14,DC-MUM,2023-09-05,2023-09-08
SO0001611,Z19,DC-MUM,2023-09-05,2023-09-07
SO0001612,Z20,DC-DEL,2023-09-05,2023-09-07
SO0001613,Z22,DC-DEL,2023-09-05,2023-09-08
SO0001614,Z23,DC-DEL,2023-09-05,2023-09-07
SO0001615,Z30,DC-KOL,2023-09-05,2023-09-08
SO0001616,Z34,DC-KOL,2023-09-05,2023-09-08
SO0001617,Z01,DC-HYD,2023-09-06,2023-09-08
SO0001618,Z06,DC-HYD,2023-09-06,2023-09-09
SO0001619,Z09,DC-HYD,2023-09-06,2023-09-10
SO0001620,Z16,DC-MUM,2023-09-06,2023-09-08
SO0001621,Z21,DC-DEL,2023-09-06,2023-09-08
SO0001622,Z24,DC-DEL,2023-09-06,2023-09-08
SO0001623,Z25,DC-DEL,2023-09-06,2023-09-08
SO0001624,Z26,DC-DEL,2023-09-06,2023-09-09
SO0001625,Z27,DC-DEL,2023-09-06,2023-09-08
SO0001627,Z29,DC-KOL,2023-09-06,2023-09-08
SO0001632,Z05,DC-HYD,2023-09-07,2023-09-10
SO0001633,Z07,DC-HYD,2023-09-07,2023-09-11
SO0001634,Z12,DC-MUM,2023-09-07,2023-09-09
SO0001635,Z13,DC-MUM,2023-09-07,2023-09-09
SO0001636,Z16,DC-MUM,2023-09-07,2023-09-09
SO0001637,Z18,DC-MUM,2023-09-07,2023-09-10
SO0001638,Z19,DC-MUM,2023-09-07,2023-09-09
SO0001626,Z28,DC-DEL,2023-09-06,2023-09-09
SO0001639,Z20,DC-DEL,2023-09-07,2023-09-09
SO0001640,Z27,DC-DEL,2023-09-07,2023-09-09
SO0001641,Z28,DC-DEL,2023-09-07,2023-09-10
SO0001628,Z31,DC-KOL,2023-09-06,2023-09-09
SO0001629,Z32,DC-KOL,2023-09-06,2023-09-08
SO0001630,Z33,DC-KOL,2023-09-06,2023-09-09
SO0001631,Z36,DC-KOL,2023-09-06,2023-09-09
SO0001644,Z02,DC-HYD,2023-09-08,2023-09-10
SO0001645,Z07,DC-HYD,2023-09-08,2023-09-12
SO0001656,Z35,DC-HYD,2023-09-08,2023-09-11
SO0001646,Z11,DC-MUM,2023-09-08,2023-09-10
SO0001647,Z12,DC-MUM,2023-09-08,2023-09-10
SO0001648,Z15,DC-MUM,2023-09-08,2023-09-10
SO0001649,Z17,DC-MUM,2023-09-08,2023-09-11
SO0001650,Z21,DC-DEL,2023-09-08,2023-09-10
SO0001651,Z23,DC-DEL,2023-09-08,2023-09-10
SO0001652,Z24,DC-DEL,2023-09-08,2023-09-10
SO0001653,Z25,DC-DEL,2023-09-08,2023-09-10
SO0001642,Z30,DC-KOL,2023-09-07,2023-09-10
SO0001643,Z36,DC-KOL,2023-09-07,2023-09-10
SO0001654,Z29,DC-KOL,2023-09-08,2023-09-10
SO0001655,Z32,DC-KOL,2023-09-08,2023-09-10
SO0001657,Z03,DC-HYD,2023-09-09,2023-09-12
SO0001658,Z05,DC-HYD,2023-09-09,2023-09-12
SO0001659,Z06,DC-HYD,2023-09-09,2023-09-12
SO0001660,Z08,DC-HYD,2023-09-09,2023-09-13
SO0001661,Z09,DC-HYD,2023-09-09,2023-09-13
SO0001662,Z14,DC-MUM,2023-09-09,2023-09-12
SO0001663,Z17,DC-MUM,2023-09-09,2023-09-12
SO0001664,Z22,DC-DEL,2023-09-09,2023-09-12
SO0001665,Z31,DC-KOL,2023-09-09,2023-09-12
SO0001666,Z34,DC-KOL,2023-09-09,2023-09-12
SO0001667,Z03,DC-HYD,2023-09-11,2023-09-14
SO0001668,Z04,DC-HYD,2023-09-11,2023-09-13
SO0001669,Z08,DC-HYD,2023-09-11,2023-09-15
SO0001670,Z10,DC-HYD,2023-09-11,2023-09-14
SO0001677,Z35,DC-HYD,2023-09-11,2023-09-14
SO0001671,Z11,DC-MUM,2023-09-11,2023-09-13
SO0001672,Z13,DC-MUM,2023-09-11,2023-09-13
SO0001673,Z15,DC-MUM,2023-09-11,2023-09-13
SO0001674,Z18,DC-MUM,2023-09-11,2023-09-14
SO0001675,Z26,DC-DEL,2023-09-11,2023-09-14
SO0001676,Z33,DC-KOL,2023-09-11,2023-09-14
SO0001678,Z01,DC-HYD,2023-09-12,2023-09-14
SO0001679,Z02,DC-HYD,2023-09-12,2023-09-14
SO0001680,Z04,DC-HYD,2023-09-12,2023-09-14
SO0001681,Z10,DC-HYD,2023-09-12,2023-09-15
SO0001682,Z14,DC-MUM,2023-09-12,2023-09-15
SO0001683,Z19,DC-MUM,2023-09-12,2023-09-14
SO0001684,Z20,DC-DEL,2023-09-12,2023-09-14
SO0001685,Z22,DC-DEL,2023-09-12,2023-09-15
SO0001687,Z30,DC-KOL,2023-09-12,2023-09-15
SO0001688,Z34,DC-KOL,2023-09-12,2023-09-15
SO0001689,Z01,DC-HYD,2023-09-13,2023-09-15
SO0001690,Z06,DC-HYD,2023-09-13,2023-09-16
SO0001691,Z09,DC-HYD,2023-09-13,2023-09-17
SO0001692,Z16,DC-MUM,2023-09-13,2023-09-15
SO0001686,Z23,DC-DEL,2023-09-12,2023-09-14
SO0001693,Z21,DC-DEL,2023-09-13,2023-09-15
SO0001694,Z24,DC-DEL,2023-09-13,2023-09-15
SO0001695,Z25,DC-DEL,2023-09-13,2023-09-15
SO0001696,Z26,DC-DEL,2023-09-13,2023-09-16
SO0001697,Z27,DC-DEL,2023-09-13,2023-09-15
SO0001699,Z29,DC-KOL,2023-09-13,2023-09-15
SO0001704,Z05,DC-HYD,2023-09-14,2023-09-17
SO0001705,Z07,DC-HYD,2023-09-14,2023-09-18
SO0001706,Z12,DC-MUM,2023-09-14,2023-09-16
SO0001707,Z13,DC-MUM,2023-09-14,2023-09-16
SO0001708,Z16,DC-MUM,2023-09-14,2023-09-16
SO0001709,Z18,DC-MUM,2023-09-14,2023-09-17
SO0001710,Z19,DC-MUM,2023-09-14,2023-09-16
SO0001698,Z28,DC-DEL,2023-09-13,2023-09-16
SO0001711,Z20,DC-DEL,2023-09-14,2023-09-16
SO0001712,Z27,DC-DEL,2023-09-14,2023-09-16
SO0001713,Z28,DC-DEL,2023-09-14,2023-09-17
SO0001700,Z31,DC-KOL,2023-09-13,2023-09-16
SO0001701,Z32,DC-KOL,2023-09-13,2023-09-15
SO0001702,Z33,DC-KOL,2023-09-13,2023-09-16
SO0001716,Z02,DC-HYD,2023-09-15,2023-09-17
SO0001717,Z07,DC-HYD,2023-09-15,2023-09-19
SO0001728,Z35,DC-HYD,2023-09-15,2023-09-18
SO0001718,Z11,DC-MUM,2023-09-15,2023-09-17
SO0001719,Z12,DC-MUM,2023-09-15,2023-09-17
SO0001720,Z15,DC-MUM,2023-09-15,2023-09-17
SO0001721,Z17,DC-MUM,2023-09-15,2023-09-18
SO0001722,Z21,DC-DEL,2023-09-15,2023-09-17
SO0001723,Z23,DC-DEL,2023-09-15,2023-09-17
SO0001724,Z24,DC-DEL,2023-09-15,2023-09-17
SO0001725,Z25,DC-DEL,2023-09-15,2023-09-17
SO0001703,Z36,DC-KOL,2023-09-13,2023-09-16
SO0001714,Z30,DC-KOL,2023-09-14,2023-09-17
SO0001715,Z36,DC-KOL,2023-09-14,2023-09-17
SO0001726,Z29,DC-KOL,2023-09-15,2023-09-17
SO0001727,Z32,DC-KOL,2023-09-15,2023-09-17
SO0001729,Z03,DC-HYD,2023-09-16,2023-09-19
SO0001730,Z05,DC-HYD,2023-09-16,2023-09-19
SO0001731,Z06,DC-HYD,2023-09-16,2023-09-19
SO0001732,Z08,DC-HYD,2023-09-16,2023-09-20
SO0001733,Z09,DC-HYD,2023-09-16,2023-09-20
SO0001734,Z14,DC-MUM,2023-09-16,2023-09-19
SO0001735,Z17,DC-MUM,2023-09-16,2023-09-19
SO0001736,Z22,DC-DEL,2023-09-16,2023-09-19
SO0001737,Z31,DC-KOL,2023-09-16,2023-09-19
SO0001738,Z34,DC-KOL,2023-09-16,2023-09-19
SO0001739,Z03,DC-HYD,2023-09-18,2023-09-21
SO0001740,Z04,DC-HYD,2023-09-18,2023-09-20
SO0001741,Z08,DC-HYD,2023-09-18,2023-09-22
SO0001742,Z10,DC-HYD,2023-09-18,2023-09-21
SO0001749,Z35,DC-HYD,2023-09-18,2023-09-21
SO0001743,Z11,DC-MUM,2023-09-18,2023-09-20
SO0001744,Z13,DC-MUM,2023-09-18,2023-09-20
SO0001745,Z15,DC-MUM,2023-09-18,2023-09-20
SO0001746,Z18,DC-MUM,2023-09-18,2023-09-21
SO0001747,Z26,DC-DEL,2023-09-18,2023-09-21
SO0001748,Z33,DC-KOL,2023-09-18,2023-09-21
SO0001750,Z01,DC-HYD,2023-09-19,2023-09-21
SO0001751,Z02,DC-HYD,2023-09-19,2023-09-21
SO0001752,Z04,DC-HYD,2023-09-19,2023-09-21
SO0001753,Z10,DC-HYD,2023-09-19,2023-09-22
SO0001754,Z14,DC-MUM,2023-09-19,2023-09-22
SO0001755,Z19,DC-MUM,2023-09-19,2023-09-21
SO0001756,Z20,DC-DEL,2023-09-19,2023-09-21
SO0001757,Z22,DC-DEL,2023-09-19,2023-09-22
SO0001758,Z23,DC-DEL,2023-09-19,2023-09-21
SO0001759,Z30,DC-KOL,2023-09-19,2023-09-22
SO0001760,Z34,DC-KOL,2023-09-19,2023-09-22
SO0001761,Z01,DC-HYD,2023-09-20,2023-09-22
SO0001762,Z06,DC-HYD,2023-09-20,2023-09-23
SO0001763,Z09,DC-HYD,2023-09-20,2023-09-24
SO0001764,Z16,DC-MUM,2023-09-20,2023-09-22
SO0001765,Z21,DC-DEL,2023-09-20,2023-09-22
SO0001766,Z24,DC-DEL,2023-09-20,2023-09-22
SO0001767,Z25,DC-DEL,2023-09-20,2023-09-22
SO0001768,Z26,DC-DEL,2023-09-20,2023-09-23
SO0001769,Z27,DC-DEL,2023-09-20,2023-09-22
SO0001771,Z29,DC-KOL,2023-09-20,2023-09-22
SO0001776,Z05,DC-HYD,2023-09-21,2023-09-24
SO0001777,Z07,DC-HYD,2023-09-21,2023-09-25
SO0001778,Z12,DC-MUM,2023-09-21,2023-09-23
SO0001779,Z13,DC-MUM,2023-09-21,2023-09-23
SO0001780,Z16,DC-MUM,2023-09-21,2023-09-23
SO0001781,Z18,DC-MUM,2023-09-21,2023-09-24
SO0001782,Z19,DC-MUM,2023-09-21,2023-09-23
SO0001770,Z28,DC-DEL,2023-09-20,2023-09-23
SO0001783,Z20,DC-DEL,2023-09-21,2023-09-23
SO0001784,Z27,DC-DEL,2023-09-21,2023-09-23
SO0001785,Z28,DC-DEL,2023-09-21,2023-09-24
SO0001772,Z31,DC-KOL,2023-09-20,2023-09-23
SO0001773,Z32,DC-KOL,2023-09-20,2023-09-22
SO0001774,Z33,DC-KOL,2023-09-20,2023-09-23
SO0001788,Z02,DC-HYD,2023-09-22,2023-09-24
SO0001789,Z07,DC-HYD,2023-09-22,2023-09-26
SO0001800,Z35,DC-HYD,2023-09-22,2023-09-25
SO0001790,Z11,DC-MUM,2023-09-22,2023-09-24
SO0001791,Z12,DC-MUM,2023-09-22,2023-09-24
SO0001792,Z15,DC-MUM,2023-09-22,2023-09-24
SO0001793,Z17,DC-MUM,2023-09-22,2023-09-25
SO0001794,Z21,DC-DEL,2023-09-22,2023-09-24
SO0001795,Z23,DC-DEL,2023-09-22,2023-09-24
SO0001796,Z24,DC-DEL,2023-09-22,2023-09-24
SO0001797,Z25,DC-DEL,2023-09-22,2023-09-24
SO0001775,Z36,DC-KOL,2023-09-20,2023-09-23
SO0001786,Z30,DC-KOL,2023-09-21,2023-09-24
SO0001787,Z36,DC-KOL,2023-09-21,2023-09-24
SO0001798,Z29,DC-KOL,2023-09-22,2023-09-24
SO0001801,Z03,DC-HYD,2023-09-23,2023-09-26
SO0001802,Z05,DC-HYD,2023-09-23,2023-09-26
SO0001803,Z06,DC-HYD,2023-09-23,2023-09-26
SO0001804,Z08,DC-HYD,2023-09-23,2023-09-27
SO0001805,Z09,DC-HYD,2023-09-23,2023-09-27
SO0001806,Z14,DC-MUM,2023-09-23,2023-09-26
SO0001807,Z17,DC-MUM,2023-09-23,2023-09-26
SO0001808,Z22,DC-DEL,2023-09-23,2023-09-26
SO0001799,Z32,DC-KOL,2023-09-22,2023-09-24
SO0001809,Z31,DC-KOL,2023-09-23,2023-09-26
SO0001810,Z34,DC-KOL,2023-09-23,2023-09-26
SO0001811,Z03,DC-HYD,2023-09-25,2023-09-28
SO0001812,Z04,DC-HYD,2023-09-25,2023-09-27
SO0001813,Z08,DC-HYD,2023-09-25,2023-09-29
SO0001814,Z10,DC-HYD,2023-09-25,2023-09-28
SO0001821,Z35,DC-HYD,2023-09-25,2023-09-28
SO0001815,Z11,DC-MUM,2023-09-25,2023-09-27
SO0001816,Z13,DC-MUM,2023-09-25,2023-09-27
SO0001817,Z15,DC-MUM,2023-09-25,2023-09-27
SO0001818,Z18,DC-MUM,2023-09-25,2023-09-28
SO0001819,Z26,DC-DEL,2023-09-25,2023-09-28
SO0001820,Z33,DC-KOL,2023-09-25,2023-09-28
SO0001822,Z01,DC-HYD,2023-09-26,2023-09-28
SO0001823,Z02,DC-HYD,2023-09-26,2023-09-28
SO0001824,Z04,DC-HYD,2023-09-26,2023-09-28
SO0001825,Z10,DC-HYD,2023-09-26,2023-09-29
SO0001826,Z14,DC-MUM,2023-09-26,2023-09-29
SO0001827,Z19,DC-MUM,2023-09-26,2023-09-28
SO0001828,Z20,DC-DEL,2023-09-26,2023-09-28
SO0001829,Z22,DC-DEL,2023-09-26,2023-09-29
SO0001830,Z23,DC-DEL,2023-09-26,2023-09-28
SO0001831,Z30,DC-KOL,2023-09-26,2023-09-29
SO0001832,Z34,DC-KOL,2023-09-26,2023-09-29
SO0001833,Z01,DC-HYD,2023-09-27,2023-09-29
SO0001834,Z06,DC-HYD,2023-09-27,2023-09-30
SO0001835,Z09,DC-HYD,2023-09-27,2023-10-01
SO0001836,Z16,DC-MUM,2023-09-27,2023-09-29
SO0001837,Z21,DC-DEL,2023-09-27,2023-09-29
SO0001838,Z24,DC-DEL,2023-09-27,2023-09-29
SO0001839,Z25,DC-DEL,2023-09-27,2023-09-29
SO0001840,Z26,DC-DEL,2023-09-27,2023-09-30
SO0001841,Z27,DC-DEL,2023-09-27,2023-09-29
SO0001843,Z29,DC-KOL,2023-09-27,2023-09-29
SO0001848,Z05,DC-HYD,2023-09-28,2023-10-01
SO0001849,Z07,DC-HYD,2023-09-28,2023-10-02
SO0001850,Z12,DC-MUM,2023-09-28,2023-09-30
SO0001851,Z13,DC-MUM,2023-09-28,2023-09-30
SO0001852,Z16,DC-MUM,2023-09-28,2023-09-30
SO0001853,Z18,DC-MUM,2023-09-28,2023-10-01
SO0001854,Z19,DC-MUM,2023-09-28,2023-09-30
SO0001842,Z28,DC-DEL,2023-09-27,2023-09-30
SO0001855,Z20,DC-DEL,2023-09-28,2023-09-30
SO0001856,Z27,DC-DEL,2023-09-28,2023-09-30
SO0001857,Z28,DC-DEL,2023-09-28,2023-10-01
SO0001844,Z31,DC-KOL,2023-09-27,2023-09-30
SO0001845,Z32,DC-KOL,2023-09-27,2023-09-29
SO0001846,Z33,DC-KOL,2023-09-27,2023-09-30
SO0001860,Z02,DC-HYD,2023-09-29,2023-10-01
SO0001861,Z07,DC-HYD,2023-09-29,2023-10-03
SO0001872,Z35,DC-HYD,2023-09-29,2023-10-02
SO0001862,Z11,DC-MUM,2023-09-29,2023-10-01
SO0001863,Z12,DC-MUM,2023-09-29,2023-10-01
SO0001864,Z15,DC-MUM,2023-09-29,2023-10-01
SO0001866,Z21,DC-DEL,2023-09-29,2023-10-01
SO0001867,Z23,DC-DEL,2023-09-29,2023-10-01
SO0001868,Z24,DC-DEL,2023-09-29,2023-10-01
SO0001869,Z25,DC-DEL,2023-09-29,2023-10-01
SO0001847,Z36,DC-KOL,2023-09-27,2023-09-30
SO0001858,Z30,DC-KOL,2023-09-28,2023-10-01
SO0001859,Z36,DC-KOL,2023-09-28,2023-10-01
SO0001870,Z29,DC-KOL,2023-09-29,2023-10-01
SO0001871,Z32,DC-KOL,2023-09-29,2023-10-01
SO0001873,Z03,DC-HYD,2023-09-30,2023-10-03
SO0001874,Z05,DC-HYD,2023-09-30,2023-10-03
SO0001875,Z06,DC-HYD,2023-09-30,2023-10-03
SO0001876,Z08,DC-HYD,2023-09-30,2023-10-04
SO0001877,Z09,DC-HYD,2023-09-30,2023-10-04
SO0001865,Z17,DC-MUM,2023-09-29,2023-10-02
SO0001878,Z14,DC-MUM,2023-09-30,2023-10-03
SO0001879,Z17,DC-MUM,2023-09-30,2023-10-03
SO0001880,Z22,DC-DEL,2023-09-30,2023-10-03
SO0001881,Z31,DC-KOL,2023-09-30,2023-10-03
SO0001882,Z34,DC-KOL,2023-09-30,2023-10-03
SO0001883,Z03,DC-HYD,2023-10-02,2023-10-05
SO0001884,Z04,DC-HYD,2023-10-02,2023-10-04
SO0001885,Z08,DC-HYD,2023-10-02,2023-10-06
SO0001886,Z10,DC-HYD,2023-10-02,2023-10-05
SO0001893,Z35,DC-HYD,2023-10-02,2023-10-05
SO0001887,Z11,DC-MUM,2023-10-02,2023-10-04
SO0001888,Z13,DC-MUM,2023-10-02,2023-10-04
SO0001889,Z15,DC-MUM,2023-10-02,2023-10-04
SO0001890,Z18,DC-MUM,2023-10-02,2023-10-05
SO0001891,Z26,DC-DEL,2023-10-02,2023-10-05
SO0001892,Z33,DC-KOL,2023-10-02,2023-10-05
SO0001894,Z01,DC-HYD,2023-10-03,2023-10-05
SO0001895,Z02,DC-HYD,2023-10-03,2023-10-05
SO0001896,Z04,DC-HYD,2023-10-03,2023-10-05
SO0001897,Z10,DC-HYD,2023-10-03,2023-10-06
SO0001898,Z14,DC-MUM,2023-10-03,2023-10-06
SO0001899,Z19,DC-MUM,2023-10-03,2023-10-05
SO0001900,Z20,DC-DEL,2023-10-03,2023-10-05
SO0001901,Z22,DC-DEL,2023-10-03,2023-10-06
SO0001903,Z30,DC-KOL,2023-10-03,2023-10-06
SO0001904,Z34,DC-KOL,2023-10-03,2023-10-06
SO0001905,Z01,DC-HYD,2023-10-04,2023-10-06
SO0001906,Z06,DC-HYD,2023-10-04,2023-10-07
SO0001907,Z09,DC-HYD,2023-10-04,2023-10-08
SO0001908,Z16,DC-MUM,2023-10-04,2023-10-06
SO0001902,Z23,DC-DEL,2023-10-03,2023-10-05
SO0001909,Z21,DC-DEL,2023-10-04,2023-10-06
SO0001910,Z24,DC-DEL,2023-10-04,2023-10-06
SO0001911,Z25,DC-DEL,2023-10-04,2023-10-06
SO0001912,Z26,DC-DEL,2023-10-04,2023-10-07
SO0001913,Z27,DC-DEL,2023-10-04,2023-10-06
SO0001915,Z29,DC-KOL,2023-10-04,2023-10-06
SO0001920,Z05,DC-HYD,2023-10-05,2023-10-08
SO0001921,Z07,DC-HYD,2023-10-05,2023-10-09
SO0001922,Z12,DC-MUM,2023-10-05,2023-10-07
SO0001923,Z13,DC-MUM,2023-10-05,2023-10-07
SO0001924,Z16,DC-MUM,2023-10-05,2023-10-07
SO0001925,Z18,DC-MUM,2023-10-05,2023-10-08
SO0001926,Z19,DC-MUM,2023-10-05,2023-10-07
SO0001914,Z28,DC-DEL,2023-10-04,2023-10-07
SO0001927,Z20,DC-DEL,2023-10-05,2023-10-07
SO0001928,Z27,DC-DEL,2023-10-05,2023-10-07
SO0001929,Z28,DC-DEL,2023-10-05,2023-10-08
SO0001916,Z31,DC-KOL,2023-10-04,2023-10-07
SO0001917,Z32,DC-KOL,2023-10-04,2023-10-06
SO0001918,Z33,DC-KOL,2023-10-04,2023-10-07
SO0001919,Z36,DC-KOL,2023-10-04,2023-10-07
SO0001932,Z02,DC-HYD,2023-10-06,2023-10-08
SO0001933,Z07,DC-HYD,2023-10-06,2023-10-10
SO0001944,Z35,DC-HYD,2023-10-06,2023-10-09
SO0001934,Z11,DC-MUM,2023-10-06,2023-10-08
SO0001935,Z12,DC-MUM,2023-10-06,2023-10-08
SO0001936,Z15,DC-MUM,2023-10-06,2023-10-08
SO0001937,Z17,DC-MUM,2023-10-06,2023-10-09
SO0001938,Z21,DC-DEL,2023-10-06,2023-10-08
SO0001939,Z23,DC-DEL,2023-10-06,2023-10-08
SO0001940,Z24,DC-DEL,2023-10-06,2023-10-08
SO0001941,Z25,DC-DEL,2023-10-06,2023-10-08
SO0001930,Z30,DC-KOL,2023-10-05,2023-10-08
SO0001931,Z36,DC-KOL,2023-10-05,2023-10-08
SO0001942,Z29,DC-KOL,2023-10-06,2023-10-08
SO0001943,Z32,DC-KOL,2023-10-06,2023-10-08
SO0001945,Z03,DC-HYD,2023-10-07,2023-10-10
SO0001946,Z05,DC-HYD,2023-10-07,2023-10-10
SO0001947,Z06,DC-HYD,2023-10-07,2023-10-10
SO0001948,Z08,DC-HYD,2023-10-07,2023-10-11
SO0001949,Z09,DC-HYD,2023-10-07,2023-10-11
SO0001950,Z14,DC-MUM,2023-10-07,2023-10-10
SO0001951,Z17,DC-MUM,2023-10-07,2023-10-10
SO0001952,Z22,DC-DEL,2023-10-07,2023-10-10
SO0001953,Z31,DC-KOL,2023-10-07,2023-10-10
SO0001954,Z34,DC-KOL,2023-10-07,2023-10-10
SO0001955,Z03,DC-HYD,2023-10-09,2023-10-12
SO0001956,Z04,DC-HYD,2023-10-09,2023-10-11
SO0001957,Z08,DC-HYD,2023-10-09,2023-10-13
SO0001958,Z10,DC-HYD,2023-10-09,2023-10-12
SO0001965,Z35,DC-HYD,2023-10-09,2023-10-12
SO0001959,Z11,DC-MUM,2023-10-09,2023-10-11
SO0001960,Z13,DC-MUM,2023-10-09,2023-10-11
SO0001961,Z15,DC-MUM,2023-10-09,2023-10-11
SO0001962,Z18,DC-MUM,2023-10-09,2023-10-12
SO0001963,Z26,DC-DEL,2023-10-09,2023-10-12
SO0001964,Z33,DC-KOL,2023-10-09,2023-10-12
SO0001966,Z01,DC-HYD,2023-10-10,2023-10-12
SO0001967,Z02,DC-HYD,2023-10-10,2023-10-12
SO0001968,Z04,DC-HYD,2023-10-10,2023-10-12
SO0001969,Z10,DC-HYD,2023-10-10,2023-10-13
SO0001970,Z14,DC-MUM,2023-10-10,2023-10-13
SO0001971,Z19,DC-MUM,2023-10-10,2023-10-12
SO0001972,Z20,DC-DEL,2023-10-10,2023-10-12
SO0001973,Z22,DC-DEL,2023-10-10,2023-10-13
SO0001974,Z23,DC-DEL,2023-10-10,2023-10-12
SO0001975,Z30,DC-KOL,2023-10-10,2023-10-13
SO0001976,Z34,DC-KOL,2023-10-10,2023-10-13
SO0001977,Z01,DC-HYD,2023-10-11,2023-10-13
SO0001978,Z06,DC-HYD,2023-10-11,2023-10-14
SO0001979,Z09,DC-HYD,2023-10-11,2023-10-15
SO0001980,Z16,DC-MUM,2023-10-11,2023-10-13
SO0001981,Z21,DC-DEL,2023-10-11,2023-10-13
SO0001982,Z24,DC-DEL,2023-10-11,2023-10-13
SO0001983,Z25,DC-DEL,2023-10-11,2023-10-13
SO0001984,Z26,DC-DEL,2023-10-11,2023-10-14
SO0001985,Z27,DC-DEL,2023-10-11,2023-10-13
SO0001986,Z28,DC-DEL,2023-10-11,2023-10-14
SO0001987,Z29,DC-KOL,2023-10-11,2023-10-13
SO0001992,Z05,DC-HYD,2023-10-12,2023-10-15
SO0001993,Z07,DC-HYD,2023-10-12,2023-10-16
SO0001994,Z12,DC-MUM,2023-10-12,2023-10-14
SO0001995,Z13,DC-MUM,2023-10-12,2023-10-14
SO0001996,Z16,DC-MUM,2023-10-12,2023-10-14
SO0001997,Z18,DC-MUM,2023-10-12,2023-10-15
SO0001998,Z19,DC-MUM,2023-10-12,2023-10-14
SO0001999,Z20,DC-DEL,2023-10-12,2023-10-14
SO0002000,Z27,DC-DEL,2023-10-12,2023-10-14
SO0002001,Z28,DC-DEL,2023-10-12,2023-10-15
SO0001988,Z31,DC-KOL,2023-10-11,2023-10-14
SO0001989,Z32,DC-KOL,2023-10-11,2023-10-13
SO0001990,Z33,DC-KOL,2023-10-11,2023-10-14
SO0002004,Z02,DC-HYD,2023-10-13,2023-10-15
SO0002005,Z07,DC-HYD,2023-10-13,2023-10-17
SO0002016,Z35,DC-HYD,2023-10-13,2023-10-16
SO0002006,Z11,DC-MUM,2023-10-13,2023-10-15
SO0002007,Z12,DC-MUM,2023-10-13,2023-10-15
SO0002008,Z15,DC-MUM,2023-10-13,2023-10-15
SO0002010,Z21,DC-DEL,2023-10-13,2023-10-15
SO0002011,Z23,DC-DEL,2023-10-13,2023-10-15
SO0002012,Z24,DC-DEL,2023-10-13,2023-10-15
SO0002013,Z25,DC-DEL,2023-10-13,2023-10-15
SO0001991,Z36,DC-KOL,2023-10-11,2023-10-14
SO0002002,Z30,DC-KOL,2023-10-12,2023-10-15
SO0002003,Z36,DC-KOL,2023-10-12,2023-10-15
SO0002014,Z29,DC-KOL,2023-10-13,2023-10-15
SO0002015,Z32,DC-KOL,2023-10-13,2023-10-15
SO0002017,Z03,DC-HYD,2023-10-14,2023-10-17
SO0002018,Z05,DC-HYD,2023-10-14,2023-10-17
SO0002019,Z06,DC-HYD,2023-10-14,2023-10-17
SO0002020,Z08,DC-HYD,2023-10-14,2023-10-18
SO0002021,Z09,DC-HYD,2023-10-14,2023-10-18
SO0002009,Z17,DC-MUM,2023-10-13,2023-10-16
SO0002022,Z14,DC-MUM,2023-10-14,2023-10-17
SO0002023,Z17,DC-MUM,2023-10-14,2023-10-17
SO0002024,Z22,DC-DEL,2023-10-14,2023-10-17
SO0002025,Z31,DC-KOL,2023-10-14,2023-10-17
SO0002026,Z34,DC-KOL,2023-10-14,2023-10-17
SO0002027,Z03,DC-HYD,2023-10-16,2023-10-19
SO0002028,Z04,DC-HYD,2023-10-16,2023-10-18
SO0002029,Z08,DC-HYD,2023-10-16,2023-10-20
SO0002030,Z10,DC-HYD,2023-10-16,2023-10-19
SO0002037,Z35,DC-HYD,2023-10-16,2023-10-19
SO0002031,Z11,DC-MUM,2023-10-16,2023-10-18
SO0002032,Z13,DC-MUM,2023-10-16,2023-10-18
SO0002033,Z15,DC-MUM,2023-10-16,2023-10-18
SO0002034,Z18,DC-MUM,2023-10-16,2023-10-19
SO0002035,Z26,DC-DEL,2023-10-16,2023-10-19
SO0002036,Z33,DC-KOL,2023-10-16,2023-10-19
SO0002038,Z01,DC-HYD,2023-10-17,2023-10-19
SO0002039,Z02,DC-HYD,2023-10-17,2023-10-19
SO0002040,Z04,DC-HYD,2023-10-17,2023-10-19
SO0002041,Z10,DC-HYD,2023-10-17,2023-10-20
SO0002042,Z14,DC-MUM,2023-10-17,2023-10-20
SO0002043,Z19,DC-MUM,2023-10-17,2023-10-19
SO0002044,Z20,DC-DEL,2023-10-17,2023-10-19
SO0002045,Z22,DC-DEL,2023-10-17,2023-10-20
SO0002047,Z30,DC-KOL,2023-10-17,2023-10-20
SO0002048,Z34,DC-KOL,2023-10-17,2023-10-20
SO0002049,Z01,DC-HYD,2023-10-18,2023-10-20
SO0002050,Z06,DC-HYD,2023-10-18,2023-10-21
SO0002051,Z09,DC-HYD,2023-10-18,2023-10-22
SO0002052,Z16,DC-MUM,2023-10-18,2023-10-20
SO0002046,Z23,DC-DEL,2023-10-17,2023-10-19
SO0002053,Z21,DC-DEL,2023-10-18,2023-10-20
SO0002054,Z24,DC-DEL,2023-10-18,2023-10-20
SO0002055,Z25,DC-DEL,2023-10-18,2023-10-20
SO0002056,Z26,DC-DEL,2023-10-18,2023-10-21
SO0002059,Z29,DC-KOL,2023-10-18,2023-10-20
SO0002064,Z05,DC-HYD,2023-10-19,2023-10-22
SO0002065,Z07,DC-HYD,2023-10-19,2023-10-23
SO0002066,Z12,DC-MUM,2023-10-19,2023-10-21
SO0002067,Z13,DC-MUM,2023-10-19,2023-10-21
SO0002068,Z16,DC-MUM,2023-10-19,2023-10-21
SO0002069,Z18,DC-MUM,2023-10-19,2023-10-22
SO0002070,Z19,DC-MUM,2023-10-19,2023-10-21
SO0002057,Z27,DC-DEL,2023-10-18,2023-10-20
SO0002058,Z28,DC-DEL,2023-10-18,2023-10-21
SO0002071,Z20,DC-DEL,2023-10-19,2023-10-21
SO0002072,Z27,DC-DEL,2023-10-19,2023-10-21
SO0002073,Z28,DC-DEL,2023-10-19,2023-10-22
SO0002060,Z31,DC-KOL,2023-10-18,2023-10-21
SO0002061,Z32,DC-KOL,2023-10-18,2023-10-20
SO0002062,Z33,DC-KOL,2023-10-18,2023-10-21
SO0002076,Z02,DC-HYD,2023-10-20,2023-10-22
SO0002077,Z07,DC-HYD,2023-10-20,2023-10-24
SO0002088,Z35,DC-HYD,2023-10-20,2023-10-23
SO0002078,Z11,DC-MUM,2023-10-20,2023-10-22
SO0002079,Z12,DC-MUM,2023-10-20,2023-10-22
SO0002080,Z15,DC-MUM,2023-10-20,2023-10-22
SO0002082,Z21,DC-DEL,2023-10-20,2023-10-22
SO0002083,Z23,DC-DEL,2023-10-20,2023-10-22
SO0002084,Z24,DC-DEL,2023-10-20,2023-10-22
SO0002085,Z25,DC-DEL,2023-10-20,2023-10-22
SO0002063,Z36,DC-KOL,2023-10-18,2023-10-21
SO0002074,Z30,DC-KOL,2023-10-19,2023-10-22
SO0002075,Z36,DC-KOL,2023-10-19,2023-10-22
SO0002086,Z29,DC-KOL,2023-10-20,2023-10-22
SO0002089,Z03,DC-HYD,2023-10-21,2023-10-24
SO0002090,Z05,DC-HYD,2023-10-21,2023-10-24
SO0002091,Z06,DC-HYD,2023-10-21,2023-10-24
SO0002092,Z08,DC-HYD,2023-10-21,2023-10-25
SO0002093,Z09,DC-HYD,2023-10-21,2023-10-25
SO0002081,Z17,DC-MUM,2023-10-20,2023-10-23
SO0002094,Z14,DC-MUM,2023-10-21,2023-10-24
SO0002095,Z17,DC-MUM,2023-10-21,2023-10-24
SO0002096,Z22,DC-DEL,2023-10-21,2023-10-24
SO0002087,Z32,DC-KOL,2023-10-20,2023-10-22
SO0002097,Z31,DC-KOL,2023-10-21,2023-10-24
SO0002098,Z34,DC-KOL,2023-10-21,2023-10-24
SO0002099,Z03,DC-HYD,2023-10-23,2023-10-26
SO0002100,Z04,DC-HYD,2023-10-23,2023-10-25
SO0002101,Z08,DC-HYD,2023-10-23,2023-10-27
SO0002102,Z10,DC-HYD,2023-10-23,2023-10-26
SO0002109,Z35,DC-HYD,2023-10-23,2023-10-26
SO0002103,Z11,DC-MUM,2023-10-23,2023-10-25
SO0002104,Z13,DC-MUM,2023-10-23,2023-10-25
SO0002105,Z15,DC-MUM,2023-10-23,2023-10-25
SO0002106,Z18,DC-MUM,2023-10-23,2023-10-26
SO0002107,Z26,DC-DEL,2023-10-23,2023-10-26
SO0002108,Z33,DC-KOL,2023-10-23,2023-10-26
SO0002110,Z01,DC-HYD,2023-10-24,2023-10-26
SO0002111,Z02,DC-HYD,2023-10-24,2023-10-26
SO0002112,Z04,DC-HYD,2023-10-24,2023-10-26
SO0002113,Z10,DC-HYD,2023-10-24,2023-10-27
SO0002114,Z14,DC-MUM,2023-10-24,2023-10-27
SO0002115,Z19,DC-MUM,2023-10-24,2023-10-26
SO0002116,Z20,DC-DEL,2023-10-24,2023-10-26
SO0002119,Z30,DC-KOL,2023-10-24,2023-10-27
SO0002120,Z34,DC-KOL,2023-10-24,2023-10-27
SO0002121,Z01,DC-HYD,2023-10-25,2023-10-27
SO0002122,Z06,DC-HYD,2023-10-25,2023-10-28
SO0002123,Z09,DC-HYD,2023-10-25,2023-10-29
SO0002124,Z16,DC-MUM,2023-10-25,2023-10-27
SO0002117,Z22,DC-DEL,2023-10-24,2023-10-27
SO0002118,Z23,DC-DEL,2023-10-24,2023-10-26
SO0002125,Z21,DC-DEL,2023-10-25,2023-10-27
SO0002126,Z24,DC-DEL,2023-10-25,2023-10-27
SO0002131,Z29,DC-KOL,2023-10-25,2023-10-27
SO0002136,Z05,DC-HYD,2023-10-26,2023-10-29
SO0002137,Z07,DC-HYD,2023-10-26,2023-10-30
SO0002138,Z12,DC-MUM,2023-10-26,2023-10-28
SO0002139,Z13,DC-MUM,2023-10-26,2023-10-28
SO0002140,Z16,DC-MUM,2023-10-26,2023-10-28
SO0002141,Z18,DC-MUM,2023-10-26,2023-10-29
SO0002142,Z19,DC-MUM,2023-10-26,2023-10-28
SO0002127,Z25,DC-DEL,2023-10-25,2023-10-27
SO0002128,Z26,DC-DEL,2023-10-25,2023-10-28
SO0002129,Z27,DC-DEL,2023-10-25,2023-10-27
SO0002130,Z28,DC-DEL,2023-10-25,2023-10-28
SO0002143,Z20,DC-DEL,2023-10-26,2023-10-28
SO0002132,Z31,DC-KOL,2023-10-25,2023-10-28
SO0002133,Z32,DC-KOL,2023-10-25,2023-10-27
SO0002134,Z33,DC-KOL,2023-10-25,2023-10-28
SO0002148,Z02,DC-HYD,2023-10-27,2023-10-29
SO0002149,Z07,DC-HYD,2023-10-27,2023-10-31
SO0002160,Z35,DC-HYD,2023-10-27,2023-10-30
SO0002150,Z11,DC-MUM,2023-10-27,2023-10-29
SO0002151,Z12,DC-MUM,2023-10-27,2023-10-29
SO0002152,Z15,DC-MUM,2023-10-27,2023-10-29
SO0002144,Z27,DC-DEL,2023-10-26,2023-10-28
SO0002145,Z28,DC-DEL,2023-10-26,2023-10-29
SO0002154,Z21,DC-DEL,2023-10-27,2023-10-29
SO0002155,Z23,DC-DEL,2023-10-27,2023-10-29
SO0002156,Z24,DC-DEL,2023-10-27,2023-10-29
SO0002157,Z25,DC-DEL,2023-10-27,2023-10-29
SO0002135,Z36,DC-KOL,2023-10-25,2023-10-28
SO0002146,Z30,DC-KOL,2023-10-26,2023-10-29
SO0002147,Z36,DC-KOL,2023-10-26,2023-10-29
SO0002161,Z03,DC-HYD,2023-10-28,2023-10-31
SO0002162,Z05,DC-HYD,2023-10-28,2023-10-31
SO0002163,Z06,DC-HYD,2023-10-28,2023-10-31
SO0002164,Z08,DC-HYD,2023-10-28,2023-11-01
SO0002165,Z09,DC-HYD,2023-10-28,2023-11-01
SO0002153,Z17,DC-MUM,2023-10-27,2023-10-30
SO0002166,Z14,DC-MUM,2023-10-28,2023-10-31
SO0002167,Z17,DC-MUM,2023-10-28,2023-10-31
SO0002168,Z22,DC-DEL,2023-10-28,2023-10-31
SO0002158,Z29,DC-KOL,2023-10-27,2023-10-29
SO0002159,Z32,DC-KOL,2023-10-27,2023-10-29
SO0002169,Z31,DC-KOL,2023-10-28,2023-10-31
SO0002171,Z03,DC-HYD,2023-10-30,2023-11-02
SO0002172,Z04,DC-HYD,2023-10-30,2023-11-01
SO0002173,Z08,DC-HYD,2023-10-30,2023-11-03
SO0002174,Z10,DC-HYD,2023-10-30,2023-11-02
SO0002181,Z35,DC-HYD,2023-10-30,2023-11-02
SO0002175,Z11,DC-MUM,2023-10-30,2023-11-01
SO0002176,Z13,DC-MUM,2023-10-30,2023-11-01
SO0002177,Z15,DC-MUM,2023-10-30,2023-11-01
SO0002178,Z18,DC-MUM,2023-10-30,2023-11-02
SO0002179,Z26,DC-DEL,2023-10-30,2023-11-02
SO0002170,Z34,DC-KOL,2023-10-28,2023-10-31
SO0002180,Z33,DC-KOL,2023-10-30,2023-11-02
SO0002182,Z01,DC-HYD,2023-10-31,2023-11-02
SO0002183,Z02,DC-HYD,2023-10-31,2023-11-02
SO0002184,Z04,DC-HYD,2023-10-31,2023-11-02
SO0002185,Z10,DC-HYD,2023-10-31,2023-11-03
SO0002186,Z14,DC-MUM,2023-10-31,2023-11-03
SO0002187,Z19,DC-MUM,2023-10-31,2023-11-02
SO0002188,Z20,DC-DEL,2023-10-31,2023-11-02
SO0002189,Z22,DC-DEL,2023-10-31,2023-11-03
SO0002191,Z30,DC-KOL,2023-10-31,2023-11-03
SO0002192,Z34,DC-KOL,2023-10-31,2023-11-03
SO0002193,Z01,DC-HYD,2023-11-01,2023-11-03
SO0002194,Z06,DC-HYD,2023-11-01,2023-11-04
SO0002195,Z09,DC-HYD,2023-11-01,2023-11-05
SO0002196,Z16,DC-MUM,2023-11-01,2023-11-03
SO0002190,Z23,DC-DEL,2023-10-31,2023-11-02
SO0002197,Z21,DC-DEL,2023-11-01,2023-11-03
SO0002198,Z24,DC-DEL,2023-11-01,2023-11-03
SO0002199,Z25,DC-DEL,2023-11-01,2023-11-03
SO0002200,Z26,DC-DEL,2023-11-01,2023-11-04
SO0002203,Z29,DC-KOL,2023-11-01,2023-11-03
SO0002208,Z05,DC-HYD,2023-11-02,2023-11-05
SO0002209,Z07,DC-HYD,2023-11-02,2023-11-06
SO0002210,Z12,DC-MUM,2023-11-02,2023-11-04
SO0002211,Z13,DC-MUM,2023-11-02,2023-11-04
SO0002212,Z16,DC-MUM,2023-11-02,2023-11-04
SO0002213,Z18,DC-MUM,2023-11-02,2023-11-05
SO0002214,Z19,DC-MUM,2023-11-02,2023-11-04
SO0002201,Z27,DC-DEL,2023-11-01,2023-11-03
SO0002202,Z28,DC-DEL,2023-11-01,2023-11-04
SO0002215,Z20,DC-DEL,2023-11-02,2023-11-04
SO0002216,Z27,DC-DEL,2023-11-02,2023-11-04
SO0002217,Z28,DC-DEL,2023-11-02,2023-11-05
SO0002204,Z31,DC-KOL,2023-11-01,2023-11-04
SO0002205,Z32,DC-KOL,2023-11-01,2023-11-03
SO0002206,Z33,DC-KOL,2023-11-01,2023-11-04
SO0002220,Z02,DC-HYD,2023-11-03,2023-11-05
SO0002221,Z07,DC-HYD,2023-11-03,2023-11-07
SO0002232,Z35,DC-HYD,2023-11-03,2023-11-06
SO0002222,Z11,DC-MUM,2023-11-03,2023-11-05
SO0002223,Z12,DC-MUM,2023-11-03,2023-11-05
SO0002226,Z21,DC-DEL,2023-11-03,2023-11-05
SO0002227,Z23,DC-DEL,2023-11-03,2023-11-05
SO0002228,Z24,DC-DEL,2023-11-03,2023-11-05
SO0002229,Z25,DC-DEL,2023-11-03,2023-11-05
SO0002207,Z36,DC-KOL,2023-11-01,2023-11-04
SO0002218,Z30,DC-KOL,2023-11-02,2023-11-05
SO0002219,Z36,DC-KOL,2023-11-02,2023-11-05
SO0002233,Z03,DC-HYD,2023-11-04,2023-11-07
SO0002234,Z05,DC-HYD,2023-11-04,2023-11-07
SO0002235,Z06,DC-HYD,2023-11-04,2023-11-07
SO0002236,Z08,DC-HYD,2023-11-04,2023-11-08
SO0002237,Z09,DC-HYD,2023-11-04,2023-11-08
SO0002224,Z15,DC-MUM,2023-11-03,2023-11-05
SO0002225,Z17,DC-MUM,2023-11-03,2023-11-06
SO0002238,Z14,DC-MUM,2023-11-04,2023-11-07
SO0002239,Z17,DC-MUM,2023-11-04,2023-11-07
SO0002240,Z22,DC-DEL,2023-11-04,2023-11-07
SO0002230,Z29,DC-KOL,2023-11-03,2023-11-05
SO0002231,Z32,DC-KOL,2023-11-03,2023-11-05
SO0002243,Z03,DC-HYD,2023-11-06,2023-11-09
SO0002244,Z04,DC-HYD,2023-11-06,2023-11-08
SO0002245,Z08,DC-HYD,2023-11-06,2023-11-10
SO0002246,Z10,DC-HYD,2023-11-06,2023-11-09
SO0002253,Z35,DC-HYD,2023-11-06,2023-11-09
SO0002247,Z11,DC-MUM,2023-11-06,2023-11-08
SO0002248,Z13,DC-MUM,2023-11-06,2023-11-08
SO0002249,Z15,DC-MUM,2023-11-06,2023-11-08
SO0002250,Z18,DC-MUM,2023-11-06,2023-11-09
SO0002251,Z26,DC-DEL,2023-11-06,2023-11-09
SO0002241,Z31,DC-KOL,2023-11-04,2023-11-07
SO0002242,Z34,DC-KOL,2023-11-04,2023-11-07
SO0002254,Z01,DC-HYD,2023-11-07,2023-11-09
SO0002255,Z02,DC-HYD,2023-11-07,2023-11-09
SO0002256,Z04,DC-HYD,2023-11-07,2023-11-09
SO0002257,Z10,DC-HYD,2023-11-07,2023-11-10
SO0002258,Z14,DC-MUM,2023-11-07,2023-11-10
SO0002259,Z19,DC-MUM,2023-11-07,2023-11-09
SO0002260,Z20,DC-DEL,2023-11-07,2023-11-09
SO0002261,Z22,DC-DEL,2023-11-07,2023-11-10
SO0002252,Z33,DC-KOL,2023-11-06,2023-11-09
SO0002263,Z30,DC-KOL,2023-11-07,2023-11-10
SO0002265,Z01,DC-HYD,2023-11-08,2023-11-10
SO0002266,Z06,DC-HYD,2023-11-08,2023-11-11
SO0002267,Z09,DC-HYD,2023-11-08,2023-11-12
SO0002268,Z16,DC-MUM,2023-11-08,2023-11-10
SO0002262,Z23,DC-DEL,2023-11-07,2023-11-09
SO0002269,Z21,DC-DEL,2023-11-08,2023-11-10
SO0002270,Z24,DC-DEL,2023-11-08,2023-11-10
SO0002271,Z25,DC-DEL,2023-11-08,2023-11-10
SO0002264,Z34,DC-KOL,2023-11-07,2023-11-10
SO0002280,Z05,DC-HYD,2023-11-09,2023-11-12
SO0002281,Z07,DC-HYD,2023-11-09,2023-11-13
SO0002282,Z12,DC-MUM,2023-11-09,2023-11-11
SO0002283,Z13,DC-MUM,2023-11-09,2023-11-11
SO0002284,Z16,DC-MUM,2023-11-09,2023-11-11
SO0002272,Z26,DC-DEL,2023-11-08,2023-11-11
SO0002273,Z27,DC-DEL,2023-11-08,2023-11-10
SO0002274,Z28,DC-DEL,2023-11-08,2023-11-11
SO0002287,Z20,DC-DEL,2023-11-09,2023-11-11
SO0002288,Z27,DC-DEL,2023-11-09,2023-11-11
SO0002275,Z29,DC-KOL,2023-11-08,2023-11-10
SO0002292,Z02,DC-HYD,2023-11-10,2023-11-12
SO0002293,Z07,DC-HYD,2023-11-10,2023-11-14
SO0002304,Z35,DC-HYD,2023-11-10,2023-11-13
SO0002285,Z18,DC-MUM,2023-11-09,2023-11-12
SO0002286,Z19,DC-MUM,2023-11-09,2023-11-11
SO0002294,Z11,DC-MUM,2023-11-10,2023-11-12
SO0002289,Z28,DC-DEL,2023-11-09,2023-11-12
SO0002298,Z21,DC-DEL,2023-11-10,2023-11-12
SO0002299,Z23,DC-DEL,2023-11-10,2023-11-12
SO0002300,Z24,DC-DEL,2023-11-10,2023-11-12
SO0002301,Z25,DC-DEL,2023-11-10,2023-11-12
SO0002276,Z31,DC-KOL,2023-11-08,2023-11-11
SO0002277,Z32,DC-KOL,2023-11-08,2023-11-10
SO0002305,Z03,DC-HYD,2023-11-11,2023-11-14
SO0002306,Z05,DC-HYD,2023-11-11,2023-11-14
SO0002307,Z06,DC-HYD,2023-11-11,2023-11-14
SO0002295,Z12,DC-MUM,2023-11-10,2023-11-12
SO0002296,Z15,DC-MUM,2023-11-10,2023-11-12
SO0002297,Z17,DC-MUM,2023-11-10,2023-11-13
SO0002312,Z22,DC-DEL,2023-11-11,2023-11-14
SO0002278,Z33,DC-KOL,2023-11-08,2023-11-11
SO0002279,Z36,DC-KOL,2023-11-08,2023-11-11
SO0002290,Z30,DC-KOL,2023-11-09,2023-11-12
SO0002291,Z36,DC-KOL,2023-11-09,2023-11-12
SO0002308,Z08,DC-HYD,2023-11-11,2023-11-15
SO0002309,Z09,DC-HYD,2023-11-11,2023-11-15
SO0002315,Z03,DC-HYD,2023-11-13,2023-11-16
SO0002316,Z04,DC-HYD,2023-11-13,2023-11-15
SO0002317,Z08,DC-HYD,2023-11-13,2023-11-17
SO0002318,Z10,DC-HYD,2023-11-13,2023-11-16
SO0002325,Z35,DC-HYD,2023-11-13,2023-11-16
SO0002310,Z14,DC-MUM,2023-11-11,2023-11-14
SO0002311,Z17,DC-MUM,2023-11-11,2023-11-14
SO0002323,Z26,DC-DEL,2023-11-13,2023-11-16
SO0002302,Z29,DC-KOL,2023-11-10,2023-11-12
SO0002303,Z32,DC-KOL,2023-11-10,2023-11-12
SO0002326,Z01,DC-HYD,2023-11-14,2023-11-16
SO0002327,Z02,DC-HYD,2023-11-14,2023-11-16
SO0002328,Z04,DC-HYD,2023-11-14,2023-11-16
SO0002329,Z10,DC-HYD,2023-11-14,2023-11-17
SO0002319,Z11,DC-MUM,2023-11-13,2023-11-15
SO0002320,Z13,DC-MUM,2023-11-13,2023-11-15
SO0002321,Z15,DC-MUM,2023-11-13,2023-11-15
SO0002322,Z18,DC-MUM,2023-11-13,2023-11-16
SO0002332,Z20,DC-DEL,2023-11-14,2023-11-16
SO0002333,Z22,DC-DEL,2023-11-14,2023-11-17
SO0002313,Z31,DC-KOL,2023-11-11,2023-11-14
SO0002314,Z34,DC-KOL,2023-11-11,2023-11-14
SO0002337,Z01,DC-HYD,2023-11-15,2023-11-17
SO0002338,Z06,DC-HYD,2023-11-15,2023-11-18
SO0002339,Z09,DC-HYD,2023-11-15,2023-11-19
SO0002330,Z14,DC-MUM,2023-11-14,2023-11-17
SO0002331,Z19,DC-MUM,2023-11-14,2023-11-16
SO0002340,Z16,DC-MUM,2023-11-15,2023-11-17
SO0002334,Z23,DC-DEL,2023-11-14,2023-11-16
SO0002341,Z21,DC-DEL,2023-11-15,2023-11-17
SO0002342,Z24,DC-DEL,2023-11-15,2023-11-17
SO0002343,Z25,DC-DEL,2023-11-15,2023-11-17
SO0002344,Z26,DC-DEL,2023-11-15,2023-11-18
SO0002324,Z33,DC-KOL,2023-11-13,2023-11-16
SO0002335,Z30,DC-KOL,2023-11-14,2023-11-17
SO0002352,Z05,DC-HYD,2023-11-16,2023-11-19
SO0002353,Z07,DC-HYD,2023-11-16,2023-11-20
SO0002354,Z12,DC-MUM,2023-11-16,2023-11-18
SO0002355,Z13,DC-MUM,2023-11-16,2023-11-18
SO0002356,Z16,DC-MUM,2023-11-16,2023-11-18
SO0002357,Z18,DC-MUM,2023-11-16,2023-11-19
SO0002358,Z19,DC-MUM,2023-11-16,2023-11-18
SO0002345,Z27,DC-DEL,2023-11-15,2023-11-17
SO0002346,Z28,DC-DEL,2023-11-15,2023-11-18
SO0002359,Z20,DC-DEL,2023-11-16,2023-11-18
SO0002360,Z27,DC-DEL,2023-11-16,2023-11-18
SO0002361,Z28,DC-DEL,2023-11-16,2023-11-19
SO0002336,Z34,DC-KOL,2023-11-14,2023-11-17
SO0002364,Z02,DC-HYD,2023-11-17,2023-11-19
SO0002365,Z07,DC-HYD,2023-11-17,2023-11-21
SO0002376,Z35,DC-HYD,2023-11-17,2023-11-20
SO0002366,Z11,DC-MUM,2023-11-17,2023-11-19
SO0002367,Z12,DC-MUM,2023-11-17,2023-11-19
SO0002368,Z15,DC-MUM,2023-11-17,2023-11-19
SO0002369,Z17,DC-MUM,2023-11-17,2023-11-20
SO0002370,Z21,DC-DEL,2023-11-17,2023-11-19
SO0002371,Z23,DC-DEL,2023-11-17,2023-11-19
SO0002372,Z24,DC-DEL,2023-11-17,2023-11-19
SO0002373,Z25,DC-DEL,2023-11-17,2023-11-19
SO0002347,Z29,DC-KOL,2023-11-15,2023-11-17
SO0002377,Z03,DC-HYD,2023-11-18,2023-11-21
SO0002378,Z05,DC-HYD,2023-11-18,2023-11-21
SO0002379,Z06,DC-HYD,2023-11-18,2023-11-21
SO0002380,Z08,DC-HYD,2023-11-18,2023-11-22
SO0002381,Z09,DC-HYD,2023-11-18,2023-11-22
SO0002382,Z14,DC-MUM,2023-11-18,2023-11-21
SO0002383,Z17,DC-MUM,2023-11-18,2023-11-21
SO0002384,Z22,DC-DEL,2023-11-18,2023-11-21
SO0002348,Z31,DC-KOL,2023-11-15,2023-11-18
SO0002349,Z32,DC-KOL,2023-11-15,2023-11-17
SO0002350,Z33,DC-KOL,2023-11-15,2023-11-18
SO0002351,Z36,DC-KOL,2023-11-15,2023-11-18
SO0002387,Z03,DC-HYD,2023-11-20,2023-11-23
SO0002388,Z04,DC-HYD,2023-11-20,2023-11-22
SO0002389,Z08,DC-HYD,2023-11-20,2023-11-24
SO0002390,Z10,DC-HYD,2023-11-20,2023-11-23
SO0002397,Z35,DC-HYD,2023-11-20,2023-11-23
SO0002391,Z11,DC-MUM,2023-11-20,2023-11-22
SO0002392,Z13,DC-MUM,2023-11-20,2023-11-22
SO0002393,Z15,DC-MUM,2023-11-20,2023-11-22
SO0002394,Z18,DC-MUM,2023-11-20,2023-11-23
SO0002395,Z26,DC-DEL,2023-11-20,2023-11-23
SO0002362,Z30,DC-KOL,2023-11-16,2023-11-19
SO0002363,Z36,DC-KOL,2023-11-16,2023-11-19
SO0002374,Z29,DC-KOL,2023-11-17,2023-11-19
SO0002375,Z32,DC-KOL,2023-11-17,2023-11-19
SO0002398,Z01,DC-HYD,2023-11-21,2023-11-23
SO0002399,Z02,DC-HYD,2023-11-21,2023-11-23
SO0002400,Z04,DC-HYD,2023-11-21,2023-11-23
SO0002401,Z10,DC-HYD,2023-11-21,2023-11-24
SO0002402,Z14,DC-MUM,2023-11-21,2023-11-24
SO0002403,Z19,DC-MUM,2023-11-21,2023-11-23
SO0002404,Z20,DC-DEL,2023-11-21,2023-11-23
SO0002405,Z22,DC-DEL,2023-11-21,2023-11-24
SO0002406,Z23,DC-DEL,2023-11-21,2023-11-23
SO0002385,Z31,DC-KOL,2023-11-18,2023-11-21
SO0002386,Z34,DC-KOL,2023-11-18,2023-11-21
SO0002396,Z33,DC-KOL,2023-11-20,2023-11-23
SO0002409,Z01,DC-HYD,2023-11-22,2023-11-24
SO0002410,Z06,DC-HYD,2023-11-22,2023-11-25
SO0002411,Z09,DC-HYD,2023-11-22,2023-11-26
SO0002412,Z16,DC-MUM,2023-11-22,2023-11-24
SO0002413,Z21,DC-DEL,2023-11-22,2023-11-24
SO0002414,Z24,DC-DEL,2023-11-22,2023-11-24
SO0002415,Z25,DC-DEL,2023-11-22,2023-11-24
SO0002416,Z26,DC-DEL,2023-11-22,2023-11-25
SO0002417,Z27,DC-DEL,2023-11-22,2023-11-24
SO0002407,Z30,DC-KOL,2023-11-21,2023-11-24
SO0002408,Z34,DC-KOL,2023-11-21,2023-11-24
SO0002424,Z05,DC-HYD,2023-11-23,2023-11-26
SO0002425,Z07,DC-HYD,2023-11-23,2023-11-27
SO0002426,Z12,DC-MUM,2023-11-23,2023-11-25
SO0002427,Z13,DC-MUM,2023-11-23,2023-11-25
SO0002428,Z16,DC-MUM,2023-11-23,2023-11-25
SO0002429,Z18,DC-MUM,2023-11-23,2023-11-26
SO0002430,Z19,DC-MUM,2023-11-23,2023-11-25
SO0002418,Z28,DC-DEL,2023-11-22,2023-11-25
SO0002431,Z20,DC-DEL,2023-11-23,2023-11-25
SO0002432,Z27,DC-DEL,2023-11-23,2023-11-25
SO0002433,Z28,DC-DEL,2023-11-23,2023-11-26
SO0002419,Z29,DC-KOL,2023-11-22,2023-11-24
SO0002436,Z02,DC-HYD,2023-11-24,2023-11-26
SO0002437,Z07,DC-HYD,2023-11-24,2023-11-28
SO0002448,Z35,DC-HYD,2023-11-24,2023-11-27
SO0002438,Z11,DC-MUM,2023-11-24,2023-11-26
SO0002439,Z12,DC-MUM,2023-11-24,2023-11-26
SO0002440,Z15,DC-MUM,2023-11-24,2023-11-26
SO0002442,Z21,DC-DEL,2023-11-24,2023-11-26
SO0002443,Z23,DC-DEL,2023-11-24,2023-11-26
SO0002444,Z24,DC-DEL,2023-11-24,2023-11-26
SO0002445,Z25,DC-DEL,2023-11-24,2023-11-26
SO0002420,Z31,DC-KOL,2023-11-22,2023-11-25
SO0002421,Z32,DC-KOL,2023-11-22,2023-11-24
SO0002422,Z33,DC-KOL,2023-11-22,2023-11-25
SO0002449,Z03,DC-HYD,2023-11-25,2023-11-28
SO0002450,Z05,DC-HYD,2023-11-25,2023-11-28
SO0002451,Z06,DC-HYD,2023-11-25,2023-11-28
SO0002452,Z08,DC-HYD,2023-11-25,2023-11-29
SO0002453,Z09,DC-HYD,2023-11-25,2023-11-29
SO0002441,Z17,DC-MUM,2023-11-24,2023-11-27
SO0002454,Z14,DC-MUM,2023-11-25,2023-11-28
SO0002455,Z17,DC-MUM,2023-11-25,2023-11-28
SO0002456,Z22,DC-DEL,2023-11-25,2023-11-28
SO0002423,Z36,DC-KOL,2023-11-22,2023-11-25
SO0002434,Z30,DC-KOL,2023-11-23,2023-11-26
SO0002435,Z36,DC-KOL,2023-11-23,2023-11-26
SO0002459,Z03,DC-HYD,2023-11-27,2023-11-30
SO0002460,Z04,DC-HYD,2023-11-27,2023-11-29
SO0002461,Z08,DC-HYD,2023-11-27,2023-12-01
SO0002462,Z10,DC-HYD,2023-11-27,2023-11-30
SO0002469,Z35,DC-HYD,2023-11-27,2023-11-30
SO0002463,Z11,DC-MUM,2023-11-27,2023-11-29
SO0002464,Z13,DC-MUM,2023-11-27,2023-11-29
SO0002465,Z15,DC-MUM,2023-11-27,2023-11-29
SO0002466,Z18,DC-MUM,2023-11-27,2023-11-30
SO0002467,Z26,DC-DEL,2023-11-27,2023-11-30
SO0002446,Z29,DC-KOL,2023-11-24,2023-11-26
SO0002447,Z32,DC-KOL,2023-11-24,2023-11-26
SO0002457,Z31,DC-KOL,2023-11-25,2023-11-28
SO0002458,Z34,DC-KOL,2023-11-25,2023-11-28
SO0002470,Z01,DC-HYD,2023-11-28,2023-11-30
SO0002471,Z02,DC-HYD,2023-11-28,2023-11-30
SO0002472,Z04,DC-HYD,2023-11-28,2023-11-30
SO0002473,Z10,DC-HYD,2023-11-28,2023-12-01
SO0002474,Z14,DC-MUM,2023-11-28,2023-12-01
SO0002475,Z19,DC-MUM,2023-11-28,2023-11-30
SO0002476,Z20,DC-DEL,2023-11-28,2023-11-30
SO0002477,Z22,DC-DEL,2023-11-28,2023-12-01
SO0002468,Z33,DC-KOL,2023-11-27,2023-11-30
SO0002479,Z30,DC-KOL,2023-11-28,2023-12-01
SO0002480,Z34,DC-KOL,2023-11-28,2023-12-01
SO0002481,Z01,DC-HYD,2023-11-29,2023-12-01
SO0002482,Z06,DC-HYD,2023-11-29,2023-12-02
SO0002483,Z09,DC-HYD,2023-11-29,2023-12-03
SO0002484,Z16,DC-MUM,2023-11-29,2023-12-01
SO0002478,Z23,DC-DEL,2023-11-28,2023-11-30
SO0002485,Z21,DC-DEL,2023-11-29,2023-12-01
SO0002486,Z24,DC-DEL,2023-11-29,2023-12-01
SO0002487,Z25,DC-DEL,2023-11-29,2023-12-01
SO0002488,Z26,DC-DEL,2023-11-29,2023-12-02
SO0002489,Z27,DC-DEL,2023-11-29,2023-12-01
SO0002491,Z29,DC-KOL,2023-11-29,2023-12-01
SO0002496,Z05,DC-HYD,2023-11-30,2023-12-03
SO0002497,Z07,DC-HYD,2023-11-30,2023-12-04
SO0002498,Z12,DC-MUM,2023-11-30,2023-12-02
SO0002499,Z13,DC-MUM,2023-11-30,2023-12-02
SO0002500,Z16,DC-MUM,2023-11-30,2023-12-02
SO0002501,Z18,DC-MUM,2023-11-30,2023-12-03
SO0002502,Z19,DC-MUM,2023-11-30,2023-12-02
SO0002490,Z28,DC-DEL,2023-11-29,2023-12-02
SO0002503,Z20,DC-DEL,2023-11-30,2023-12-02
SO0002504,Z27,DC-DEL,2023-11-30,2023-12-02
SO0002505,Z28,DC-DEL,2023-11-30,2023-12-03
SO0002492,Z31,DC-KOL,2023-11-29,2023-12-02
SO0002493,Z32,DC-KOL,2023-11-29,2023-12-01
SO0002494,Z33,DC-KOL,2023-11-29,2023-12-02
SO0002508,Z02,DC-HYD,2023-12-01,2023-12-03
SO0002509,Z07,DC-HYD,2023-12-01,2023-12-05
SO0002520,Z35,DC-HYD,2023-12-01,2023-12-04
SO0002510,Z11,DC-MUM,2023-12-01,2023-12-03
SO0002511,Z12,DC-MUM,2023-12-01,2023-12-03
SO0002512,Z15,DC-MUM,2023-12-01,2023-12-03
SO0002513,Z17,DC-MUM,2023-12-01,2023-12-04
SO0002514,Z21,DC-DEL,2023-12-01,2023-12-03
SO0002515,Z23,DC-DEL,2023-12-01,2023-12-03
SO0002516,Z24,DC-DEL,2023-12-01,2023-12-03
SO0002517,Z25,DC-DEL,2023-12-01,2023-12-03
SO0002495,Z36,DC-KOL,2023-11-29,2023-12-02
SO0002506,Z30,DC-KOL,2023-11-30,2023-12-03
SO0002507,Z36,DC-KOL,2023-11-30,2023-12-03
SO0002518,Z29,DC-KOL,2023-12-01,2023-12-03
SO0002519,Z32,DC-KOL,2023-12-01,2023-12-03
SO0002521,Z03,DC-HYD,2023-12-02,2023-12-05
SO0002522,Z05,DC-HYD,2023-12-02,2023-12-05
SO0002523,Z06,DC-HYD,2023-12-02,2023-12-05
SO0002524,Z08,DC-HYD,2023-12-02,2023-12-06
SO0002525,Z09,DC-HYD,2023-12-02,2023-12-06
SO0002526,Z14,DC-MUM,2023-12-02,2023-12-05
SO0002527,Z17,DC-MUM,2023-12-02,2023-12-05
SO0002528,Z22,DC-DEL,2023-12-02,2023-12-05
SO0002529,Z31,DC-KOL,2023-12-02,2023-12-05
SO0002530,Z34,DC-KOL,2023-12-02,2023-12-05
SO0002531,Z03,DC-HYD,2023-12-04,2023-12-07
SO0002532,Z04,DC-HYD,2023-12-04,2023-12-06
SO0002533,Z08,DC-HYD,2023-12-04,2023-12-08
SO0002534,Z10,DC-HYD,2023-12-04,2023-12-07
SO0002541,Z35,DC-HYD,2023-12-04,2023-12-07
SO0002535,Z11,DC-MUM,2023-12-04,2023-12-06
SO0002536,Z13,DC-MUM,2023-12-04,2023-12-06
SO0002537,Z15,DC-MUM,2023-12-04,2023-12-06
SO0002538,Z18,DC-MUM,2023-12-04,2023-12-07
SO0002539,Z26,DC-DEL,2023-12-04,2023-12-07
SO0002540,Z33,DC-KOL,2023-12-04,2023-12-07
SO0002542,Z01,DC-HYD,2023-12-05,2023-12-07
SO0002543,Z02,DC-HYD,2023-12-05,2023-12-07
SO0002544,Z04,DC-HYD,2023-12-05,2023-12-07
SO0002545,Z10,DC-HYD,2023-12-05,2023-12-08
SO0002546,Z14,DC-MUM,2023-12-05,2023-12-08
SO0002547,Z19,DC-MUM,2023-12-05,2023-12-07
SO0002548,Z20,DC-DEL,2023-12-05,2023-12-07
SO0002549,Z22,DC-DEL,2023-12-05,2023-12-08
SO0002550,Z23,DC-DEL,2023-12-05,2023-12-07
SO0002551,Z30,DC-KOL,2023-12-05,2023-12-08
SO0002552,Z34,DC-KOL,2023-12-05,2023-12-08
SO0002553,Z01,DC-HYD,2023-12-06,2023-12-08
SO0002554,Z06,DC-HYD,2023-12-06,2023-12-09
SO0002555,Z09,DC-HYD,2023-12-06,2023-12-10
SO0002556,Z16,DC-MUM,2023-12-06,2023-12-08
SO0002557,Z21,DC-DEL,2023-12-06,2023-12-08
SO0002558,Z24,DC-DEL,2023-12-06,2023-12-08
SO0002559,Z25,DC-DEL,2023-12-06,2023-12-08
SO0002560,Z26,DC-DEL,2023-12-06,2023-12-09
SO0002561,Z27,DC-DEL,2023-12-06,2023-12-08
SO0002562,Z28,DC-DEL,2023-12-06,2023-12-09
SO0002563,Z29,DC-KOL,2023-12-06,2023-12-08
SO0002568,Z05,DC-HYD,2023-12-07,2023-12-10
SO0002569,Z07,DC-HYD,2023-12-07,2023-12-11
SO0002570,Z12,DC-MUM,2023-12-07,2023-12-09
SO0002571,Z13,DC-MUM,2023-12-07,2023-12-09
SO0002572,Z16,DC-MUM,2023-12-07,2023-12-09
SO0002573,Z18,DC-MUM,2023-12-07,2023-12-10
SO0002574,Z19,DC-MUM,2023-12-07,2023-12-09
SO0002575,Z20,DC-DEL,2023-12-07,2023-12-09
SO0002576,Z27,DC-DEL,2023-12-07,2023-12-09
SO0002577,Z28,DC-DEL,2023-12-07,2023-12-10
SO0002564,Z31,DC-KOL,2023-12-06,2023-12-09
SO0002565,Z32,DC-KOL,2023-12-06,2023-12-08
SO0002566,Z33,DC-KOL,2023-12-06,2023-12-09
SO0002580,Z02,DC-HYD,2023-12-08,2023-12-10
SO0002581,Z07,DC-HYD,2023-12-08,2023-12-12
SO0002592,Z35,DC-HYD,2023-12-08,2023-12-11
SO0002582,Z11,DC-MUM,2023-12-08,2023-12-10
SO0002583,Z12,DC-MUM,2023-12-08,2023-12-10
SO0002584,Z15,DC-MUM,2023-12-08,2023-12-10
SO0002585,Z17,DC-MUM,2023-12-08,2023-12-11
SO0002586,Z21,DC-DEL,2023-12-08,2023-12-10
SO0002587,Z23,DC-DEL,2023-12-08,2023-12-10
SO0002588,Z24,DC-DEL,2023-12-08,2023-12-10
SO0002589,Z25,DC-DEL,2023-12-08,2023-12-10
SO0002567,Z36,DC-KOL,2023-12-06,2023-12-09
SO0002578,Z30,DC-KOL,2023-12-07,2023-12-10
SO0002579,Z36,DC-KOL,2023-12-07,2023-12-10
SO0002590,Z29,DC-KOL,2023-12-08,2023-12-10
SO0002591,Z32,DC-KOL,2023-12-08,2023-12-10
SO0002593,Z03,DC-HYD,2023-12-09,2023-12-12
SO0002594,Z05,DC-HYD,2023-12-09,2023-12-12
SO0002595,Z06,DC-HYD,2023-12-09,2023-12-12
SO0002596,Z08,DC-HYD,2023-12-09,2023-12-13
SO0002597,Z09,DC-HYD,2023-12-09,2023-12-13
SO0002598,Z14,DC-MUM,2023-12-09,2023-12-12
SO0002599,Z17,DC-MUM,2023-12-09,2023-12-12
SO0002600,Z22,DC-DEL,2023-12-09,2023-12-12
SO0002601,Z31,DC-KOL,2023-12-09,2023-12-12
SO0002602,Z34,DC-KOL,2023-12-09,2023-12-12
SO0002603,Z03,DC-HYD,2023-12-11,2023-12-14
SO0002604,Z04,DC-HYD,2023-12-11,2023-12-13
SO0002605,Z08,DC-HYD,2023-12-11,2023-12-15
SO0002606,Z10,DC-HYD,2023-12-11,2023-12-14
SO0002613,Z35,DC-HYD,2023-12-11,2023-12-14
SO0002607,Z11,DC-MUM,2023-12-11,2023-12-13
SO0002608,Z13,DC-MUM,2023-12-11,2023-12-13
SO0002609,Z15,DC-MUM,2023-12-11,2023-12-13
SO0002610,Z18,DC-MUM,2023-12-11,2023-12-14
SO0002611,Z26,DC-DEL,2023-12-11,2023-12-14
SO0002612,Z33,DC-KOL,2023-12-11,2023-12-14
SO0002614,Z01,DC-HYD,2023-12-12,2023-12-14
SO0002615,Z02,DC-HYD,2023-12-12,2023-12-14
SO0002616,Z04,DC-HYD,2023-12-12,2023-12-14
SO0002617,Z10,DC-HYD,2023-12-12,2023-12-15
SO0002618,Z14,DC-MUM,2023-12-12,2023-12-15
SO0002619,Z19,DC-MUM,2023-12-12,2023-12-14
SO0002620,Z20,DC-DEL,2023-12-12,2023-12-14
SO0002621,Z22,DC-DEL,2023-12-12,2023-12-15
SO0002623,Z30,DC-KOL,2023-12-12,2023-12-15
SO0002624,Z34,DC-KOL,2023-12-12,2023-12-15
SO0002625,Z01,DC-HYD,2023-12-13,2023-12-15
SO0002626,Z06,DC-HYD,2023-12-13,2023-12-16
SO0002627,Z09,DC-HYD,2023-12-13,2023-12-17
SO0002628,Z16,DC-MUM,2023-12-13,2023-12-15
SO0002622,Z23,DC-DEL,2023-12-12,2023-12-14
SO0002629,Z21,DC-DEL,2023-12-13,2023-12-15
SO0002630,Z24,DC-DEL,2023-12-13,2023-12-15
SO0002631,Z25,DC-DEL,2023-12-13,2023-12-15
SO0002632,Z26,DC-DEL,2023-12-13,2023-12-16
SO0002633,Z27,DC-DEL,2023-12-13,2023-12-15
SO0002635,Z29,DC-KOL,2023-12-13,2023-12-15
SO0002640,Z05,DC-HYD,2023-12-14,2023-12-17
SO0002641,Z07,DC-HYD,2023-12-14,2023-12-18
SO0002642,Z12,DC-MUM,2023-12-14,2023-12-16
SO0002643,Z13,DC-MUM,2023-12-14,2023-12-16
SO0002644,Z16,DC-MUM,2023-12-14,2023-12-16
SO0002645,Z18,DC-MUM,2023-12-14,2023-12-17
SO0002646,Z19,DC-MUM,2023-12-14,2023-12-16
SO0002634,Z28,DC-DEL,2023-12-13,2023-12-16
SO0002647,Z20,DC-DEL,2023-12-14,2023-12-16
SO0002648,Z27,DC-DEL,2023-12-14,2023-12-16
SO0002649,Z28,DC-DEL,2023-12-14,2023-12-17
SO0002636,Z31,DC-KOL,2023-12-13,2023-12-16
SO0002637,Z32,DC-KOL,2023-12-13,2023-12-15
SO0002638,Z33,DC-KOL,2023-12-13,2023-12-16
SO0002652,Z02,DC-HYD,2023-12-15,2023-12-17
SO0002653,Z07,DC-HYD,2023-12-15,2023-12-19
SO0002664,Z35,DC-HYD,2023-12-15,2023-12-18
SO0002654,Z11,DC-MUM,2023-12-15,2023-12-17
SO0002655,Z12,DC-MUM,2023-12-15,2023-12-17
SO0002656,Z15,DC-MUM,2023-12-15,2023-12-17
SO0002657,Z17,DC-MUM,2023-12-15,2023-12-18
SO0002658,Z21,DC-DEL,2023-12-15,2023-12-17
SO0002659,Z23,DC-DEL,2023-12-15,2023-12-17
SO0002660,Z24,DC-DEL,2023-12-15,2023-12-17
SO0002661,Z25,DC-DEL,2023-12-15,2023-12-17
SO0002639,Z36,DC-KOL,2023-12-13,2023-12-16
SO0002650,Z30,DC-KOL,2023-12-14,2023-12-17
SO0002651,Z36,DC-KOL,2023-12-14,2023-12-17
SO0002662,Z29,DC-KOL,2023-12-15,2023-12-17
SO0002663,Z32,DC-KOL,2023-12-15,2023-12-17
SO0002665,Z03,DC-HYD,2023-12-16,2023-12-19
SO0002666,Z05,DC-HYD,2023-12-16,2023-12-19
SO0002667,Z06,DC-HYD,2023-12-16,2023-12-19
SO0002668,Z08,DC-HYD,2023-12-16,2023-12-20
SO0002669,Z09,DC-HYD,2023-12-16,2023-12-20
SO0002670,Z14,DC-MUM,2023-12-16,2023-12-19
SO0002671,Z17,DC-MUM,2023-12-16,2023-12-19
SO0002672,Z22,DC-DEL,2023-12-16,2023-12-19
SO0002673,Z31,DC-KOL,2023-12-16,2023-12-19
SO0002674,Z34,DC-KOL,2023-12-16,2023-12-19
SO0002675,Z03,DC-HYD,2023-12-18,2023-12-21
SO0002676,Z04,DC-HYD,2023-12-18,2023-12-20
SO0002677,Z08,DC-HYD,2023-12-18,2023-12-22
SO0002678,Z10,DC-HYD,2023-12-18,2023-12-21
SO0002685,Z35,DC-HYD,2023-12-18,2023-12-21
SO0002679,Z11,DC-MUM,2023-12-18,2023-12-20
SO0002680,Z13,DC-MUM,2023-12-18,2023-12-20
SO0002681,Z15,DC-MUM,2023-12-18,2023-12-20
SO0002682,Z18,DC-MUM,2023-12-18,2023-12-21
SO0002683,Z26,DC-DEL,2023-12-18,2023-12-21
SO0002684,Z33,DC-KOL,2023-12-18,2023-12-21
SO0002686,Z01,DC-HYD,2023-12-19,2023-12-21
SO0002687,Z02,DC-HYD,2023-12-19,2023-12-21
SO0002688,Z04,DC-HYD,2023-12-19,2023-12-21
SO0002689,Z10,DC-HYD,2023-12-19,2023-12-22
SO0002690,Z14,DC-MUM,2023-12-19,2023-12-22
SO0002691,Z19,DC-MUM,2023-12-19,2023-12-21
SO0002692,Z20,DC-DEL,2023-12-19,2023-12-21
SO0002693,Z22,DC-DEL,2023-12-19,2023-12-22
SO0002695,Z30,DC-KOL,2023-12-19,2023-12-22
SO0002696,Z34,DC-KOL,2023-12-19,2023-12-22
SO0002697,Z01,DC-HYD,2023-12-20,2023-12-22
SO0002698,Z06,DC-HYD,2023-12-20,2023-12-23
SO0002699,Z09,DC-HYD,2023-12-20,2023-12-24
SO0002700,Z16,DC-MUM,2023-12-20,2023-12-22
SO0002694,Z23,DC-DEL,2023-12-19,2023-12-21
SO0002701,Z21,DC-DEL,2023-12-20,2023-12-22
SO0002702,Z24,DC-DEL,2023-12-20,2023-12-22
SO0002703,Z25,DC-DEL,2023-12-20,2023-12-22
SO0002704,Z26,DC-DEL,2023-12-20,2023-12-23
SO0002707,Z29,DC-KOL,2023-12-20,2023-12-22
SO0002712,Z05,DC-HYD,2023-12-21,2023-12-24
SO0002713,Z07,DC-HYD,2023-12-21,2023-12-25
SO0002714,Z12,DC-MUM,2023-12-21,2023-12-23
SO0002715,Z13,DC-MUM,2023-12-21,2023-12-23
SO0002716,Z16,DC-MUM,2023-12-21,2023-12-23
SO0002717,Z18,DC-MUM,2023-12-21,2023-12-24
SO0002718,Z19,DC-MUM,2023-12-21,2023-12-23
SO0002705,Z27,DC-DEL,2023-12-20,2023-12-22
SO0002706,Z28,DC-DEL,2023-12-20,2023-12-23
SO0002719,Z20,DC-DEL,2023-12-21,2023-12-23
SO0002720,Z27,DC-DEL,2023-12-21,2023-12-23
SO0002721,Z28,DC-DEL,2023-12-21,2023-12-24
SO0002708,Z31,DC-KOL,2023-12-20,2023-12-23
SO0002709,Z32,DC-KOL,2023-12-20,2023-12-22
SO0002710,Z33,DC-KOL,2023-12-20,2023-12-23
SO0002724,Z02,DC-HYD,2023-12-22,2023-12-24
SO0002725,Z07,DC-HYD,2023-12-22,2023-12-26
SO0002736,Z35,DC-HYD,2023-12-22,2023-12-25
SO0002726,Z11,DC-MUM,2023-12-22,2023-12-24
SO0002727,Z12,DC-MUM,2023-12-22,2023-12-24
SO0002728,Z15,DC-MUM,2023-12-22,2023-12-24
SO0002729,Z17,DC-MUM,2023-12-22,2023-12-25
SO0002730,Z21,DC-DEL,2023-12-22,2023-12-24
SO0002731,Z23,DC-DEL,2023-12-22,2023-12-24
SO0002732,Z24,DC-DEL,2023-12-22,2023-12-24
SO0002733,Z25,DC-DEL,2023-12-22,2023-12-24
SO0002711,Z36,DC-KOL,2023-12-20,2023-12-23
SO0002722,Z30,DC-KOL,2023-12-21,2023-12-24
SO0002723,Z36,DC-KOL,2023-12-21,2023-12-24
SO0002734,Z29,DC-KOL,2023-12-22,2023-12-24
SO0002735,Z32,DC-KOL,2023-12-22,2023-12-24
SO0002737,Z03,DC-HYD,2023-12-23,2023-12-26
SO0002738,Z05,DC-HYD,2023-12-23,2023-12-26
SO0002739,Z06,DC-HYD,2023-12-23,2023-12-26
SO0002740,Z08,DC-HYD,2023-12-23,2023-12-27
SO0002741,Z09,DC-HYD,2023-12-23,2023-12-27
SO0002742,Z14,DC-MUM,2023-12-23,2023-12-26
SO0002743,Z17,DC-MUM,2023-12-23,2023-12-26
SO0002744,Z22,DC-DEL,2023-12-23,2023-12-26
SO0002745,Z31,DC-KOL,2023-12-23,2023-12-26
SO0002746,Z34,DC-KOL,2023-12-23,2023-12-26
SO0002747,Z03,DC-HYD,2023-12-25,2023-12-28
SO0002748,Z04,DC-HYD,2023-12-25,2023-12-27
SO0002749,Z08,DC-HYD,2023-12-25,2023-12-29
SO0002750,Z10,DC-HYD,2023-12-25,2023-12-28
SO0002757,Z35,DC-HYD,2023-12-25,2023-12-28
SO0002751,Z11,DC-MUM,2023-12-25,2023-12-27
SO0002752,Z13,DC-MUM,2023-12-25,2023-12-27
SO0002753,Z15,DC-MUM,2023-12-25,2023-12-27
SO0002754,Z18,DC-MUM,2023-12-25,2023-12-28
SO0002755,Z26,DC-DEL,2023-12-25,2023-12-28
SO0002756,Z33,DC-KOL,2023-12-25,2023-12-28
SO0002758,Z01,DC-HYD,2023-12-26,2023-12-28
SO0002759,Z02,DC-HYD,2023-12-26,2023-12-28
SO0002760,Z04,DC-HYD,2023-12-26,2023-12-28
SO0002761,Z10,DC-HYD,2023-12-26,2023-12-29
SO0002762,Z14,DC-MUM,2023-12-26,2023-12-29
SO0002763,Z19,DC-MUM,2023-12-26,2023-12-28
SO0002764,Z20,DC-DEL,2023-12-26,2023-12-28
SO0002765,Z22,DC-DEL,2023-12-26,2023-12-29
SO0002767,Z30,DC-KOL,2023-12-26,2023-12-29
SO0002768,Z34,DC-KOL,2023-12-26,2023-12-29
SO0002769,Z01,DC-HYD,2023-12-27,2023-12-29
SO0002770,Z06,DC-HYD,2023-12-27,2023-12-30
SO0002771,Z09,DC-HYD,2023-12-27,2023-12-31
SO0002772,Z16,DC-MUM,2023-12-27,2023-12-29
SO0002766,Z23,DC-DEL,2023-12-26,2023-12-28
SO0002773,Z21,DC-DEL,2023-12-27,2023-12-29
SO0002774,Z24,DC-DEL,2023-12-27,2023-12-29
SO0002775,Z25,DC-DEL,2023-12-27,2023-12-29
SO0002776,Z26,DC-DEL,2023-12-27,2023-12-30
SO0002777,Z27,DC-DEL,2023-12-27,2023-12-29
SO0002779,Z29,DC-KOL,2023-12-27,2023-12-29
SO0002784,Z05,DC-HYD,2023-12-28,2023-12-31
SO0002785,Z07,DC-HYD,2023-12-28,2024-01-01
SO0002786,Z12,DC-MUM,2023-12-28,2023-12-30
SO0002787,Z13,DC-MUM,2023-12-28,2023-12-30
SO0002788,Z16,DC-MUM,2023-12-28,2023-12-30
SO0002789,Z18,DC-MUM,2023-12-28,2023-12-31
SO0002790,Z19,DC-MUM,2023-12-28,2023-12-30
SO0002778,Z28,DC-DEL,2023-12-27,2023-12-30
SO0002791,Z20,DC-DEL,2023-12-28,2023-12-30
SO0002792,Z27,DC-DEL,2023-12-28,2023-12-30
SO0002793,Z28,DC-DEL,2023-12-28,2023-12-31
SO0002780,Z31,DC-KOL,2023-12-27,2023-12-30
SO0002781,Z32,DC-KOL,2023-12-27,2023-12-29
SO0002782,Z33,DC-KOL,2023-12-27,2023-12-30
SO0002796,Z02,DC-HYD,2023-12-29,2023-12-31
SO0002797,Z07,DC-HYD,2023-12-29,2024-01-02
SO0002808,Z35,DC-HYD,2023-12-29,2024-01-01
SO0002798,Z11,DC-MUM,2023-12-29,2023-12-31
SO0002799,Z12,DC-MUM,2023-12-29,2023-12-31
SO0002800,Z15,DC-MUM,2023-12-29,2023-12-31
SO0002801,Z17,DC-MUM,2023-12-29,2024-01-01
SO0002802,Z21,DC-DEL,2023-12-29,2023-12-31
SO0002803,Z23,DC-DEL,2023-12-29,2023-12-31
SO0002804,Z24,DC-DEL,2023-12-29,2023-12-31
SO0002805,Z25,DC-DEL,2023-12-29,2023-12-31
SO0002783,Z36,DC-KOL,2023-12-27,2023-12-30
SO0002794,Z30,DC-KOL,2023-12-28,2023-12-31
SO0002795,Z36,DC-KOL,2023-12-28,2023-12-31
SO0002806,Z29,DC-KOL,2023-12-29,2023-12-31
SO0002809,Z03,DC-HYD,2023-12-30,2024-01-02
SO0002810,Z05,DC-HYD,2023-12-30,2024-01-02
SO0002811,Z06,DC-HYD,2023-12-30,2024-01-02
SO0002812,Z08,DC-HYD,2023-12-30,2024-01-03
SO0002813,Z09,DC-HYD,2023-12-30,2024-01-03
SO0002814,Z14,DC-MUM,2023-12-30,2024-01-02
SO0002815,Z17,DC-MUM,2023-12-30,2024-01-02
SO0002816,Z22,DC-DEL,2023-12-30,2024-01-02
SO0002807,Z32,DC-KOL,2023-12-29,2023-12-31
SO0002817,Z31,DC-KOL,2023-12-30,2024-01-02
SO0002818,Z34,DC-KOL,2023-12-30,2024-01-02
SO0002819,Z03,DC-HYD,2024-01-01,2024-01-04
SO0002820,Z04,DC-HYD,2024-01-01,2024-01-03
SO0002821,Z08,DC-HYD,2024-01-01,2024-01-05
SO0002822,Z10,DC-HYD,2024-01-01,2024-01-04
SO0002829,Z35,DC-HYD,2024-01-01,2024-01-04
SO0002823,Z11,DC-MUM,2024-01-01,2024-01-03
SO0002824,Z13,DC-MUM,2024-01-01,2024-01-03
SO0002825,Z15,DC-MUM,2024-01-01,2024-01-03
SO0002826,Z18,DC-MUM,2024-01-01,2024-01-04
SO0002827,Z26,DC-DEL,2024-01-01,2024-01-04
SO0002828,Z33,DC-KOL,2024-01-01,2024-01-04
SO0002830,Z01,DC-HYD,2024-01-02,2024-01-04
SO0002831,Z02,DC-HYD,2024-01-02,2024-01-04
SO0002832,Z04,DC-HYD,2024-01-02,2024-01-04
SO0002833,Z10,DC-HYD,2024-01-02,2024-01-05
SO0002834,Z14,DC-MUM,2024-01-02,2024-01-05
SO0002835,Z19,DC-MUM,2024-01-02,2024-01-04
SO0002836,Z20,DC-DEL,2024-01-02,2024-01-04
SO0002837,Z22,DC-DEL,2024-01-02,2024-01-05
SO0002838,Z23,DC-DEL,2024-01-02,2024-01-04
SO0002839,Z30,DC-KOL,2024-01-02,2024-01-05
SO0002840,Z34,DC-KOL,2024-01-02,2024-01-05
SO0002841,Z01,DC-HYD,2024-01-03,2024-01-05
SO0002842,Z06,DC-HYD,2024-01-03,2024-01-06
SO0002843,Z09,DC-HYD,2024-01-03,2024-01-07
SO0002844,Z16,DC-MUM,2024-01-03,2024-01-05
SO0002845,Z21,DC-DEL,2024-01-03,2024-01-05
SO0002846,Z24,DC-DEL,2024-01-03,2024-01-05
SO0002847,Z25,DC-DEL,2024-01-03,2024-01-05
SO0002848,Z26,DC-DEL,2024-01-03,2024-01-06
SO0002849,Z27,DC-DEL,2024-01-03,2024-01-05
SO0002850,Z28,DC-DEL,2024-01-03,2024-01-06
SO0002851,Z29,DC-KOL,2024-01-03,2024-01-05
SO0002856,Z05,DC-HYD,2024-01-04,2024-01-07
SO0002857,Z07,DC-HYD,2024-01-04,2024-01-08
SO0002858,Z12,DC-MUM,2024-01-04,2024-01-06
SO0002859,Z13,DC-MUM,2024-01-04,2024-01-06
SO0002860,Z16,DC-MUM,2024-01-04,2024-01-06
SO0002861,Z18,DC-MUM,2024-01-04,2024-01-07
SO0002862,Z19,DC-MUM,2024-01-04,2024-01-06
SO0002863,Z20,DC-DEL,2024-01-04,2024-01-06
SO0002864,Z27,DC-DEL,2024-01-04,2024-01-06
SO0002865,Z28,DC-DEL,2024-01-04,2024-01-07
SO0002852,Z31,DC-KOL,2024-01-03,2024-01-06
SO0002853,Z32,DC-KOL,2024-01-03,2024-01-05
SO0002854,Z33,DC-KOL,2024-01-03,2024-01-06
SO0002868,Z02,DC-HYD,2024-01-05,2024-01-07
SO0002869,Z07,DC-HYD,2024-01-05,2024-01-09
SO0002880,Z35,DC-HYD,2024-01-05,2024-01-08
SO0002870,Z11,DC-MUM,2024-01-05,2024-01-07
SO0002871,Z12,DC-MUM,2024-01-05,2024-01-07
SO0002872,Z15,DC-MUM,2024-01-05,2024-01-07
SO0002873,Z17,DC-MUM,2024-01-05,2024-01-08
SO0002874,Z21,DC-DEL,2024-01-05,2024-01-07
SO0002875,Z23,DC-DEL,2024-01-05,2024-01-07
SO0002876,Z24,DC-DEL,2024-01-05,2024-01-07
SO0002877,Z25,DC-DEL,2024-01-05,2024-01-07
SO0002855,Z36,DC-KOL,2024-01-03,2024-01-06
SO0002866,Z30,DC-KOL,2024-01-04,2024-01-07
SO0002867,Z36,DC-KOL,2024-01-04,2024-01-07
SO0002878,Z29,DC-KOL,2024-01-05,2024-01-07
SO0002881,Z03,DC-HYD,2024-01-06,2024-01-09
SO0002882,Z05,DC-HYD,2024-01-06,2024-01-09
SO0002883,Z06,DC-HYD,2024-01-06,2024-01-09
SO0002884,Z08,DC-HYD,2024-01-06,2024-01-10
SO0002885,Z09,DC-HYD,2024-01-06,2024-01-10
SO0002886,Z14,DC-MUM,2024-01-06,2024-01-09
SO0002887,Z17,DC-MUM,2024-01-06,2024-01-09
SO0002888,Z22,DC-DEL,2024-01-06,2024-01-09
SO0002879,Z32,DC-KOL,2024-01-05,2024-01-07
SO0002889,Z31,DC-KOL,2024-01-06,2024-01-09
SO0002890,Z34,DC-KOL,2024-01-06,2024-01-09
SO0002891,Z03,DC-HYD,2024-01-08,2024-01-11
SO0002892,Z04,DC-HYD,2024-01-08,2024-01-10
SO0002893,Z08,DC-HYD,2024-01-08,2024-01-12
SO0002894,Z10,DC-HYD,2024-01-08,2024-01-11
SO0002901,Z35,DC-HYD,2024-01-08,2024-01-11
SO0002895,Z11,DC-MUM,2024-01-08,2024-01-10
SO0002896,Z13,DC-MUM,2024-01-08,2024-01-10
SO0002897,Z15,DC-MUM,2024-01-08,2024-01-10
SO0002898,Z18,DC-MUM,2024-01-08,2024-01-11
SO0002899,Z26,DC-DEL,2024-01-08,2024-01-11
SO0002900,Z33,DC-KOL,2024-01-08,2024-01-11
SO0002902,Z01,DC-HYD,2024-01-09,2024-01-11
SO0002903,Z02,DC-HYD,2024-01-09,2024-01-11
SO0002904,Z04,DC-HYD,2024-01-09,2024-01-11
SO0002905,Z10,DC-HYD,2024-01-09,2024-01-12
SO0002906,Z14,DC-MUM,2024-01-09,2024-01-12
SO0002907,Z19,DC-MUM,2024-01-09,2024-01-11
SO0002908,Z20,DC-DEL,2024-01-09,2024-01-11
SO0002909,Z22,DC-DEL,2024-01-09,2024-01-12
SO0002911,Z30,DC-KOL,2024-01-09,2024-01-12
SO0002912,Z34,DC-KOL,2024-01-09,2024-01-12
SO0002913,Z01,DC-HYD,2024-01-10,2024-01-12
SO0002914,Z06,DC-HYD,2024-01-10,2024-01-13
SO0002915,Z09,DC-HYD,2024-01-10,2024-01-14
SO0002916,Z16,DC-MUM,2024-01-10,2024-01-12
SO0002910,Z23,DC-DEL,2024-01-09,2024-01-11
SO0002917,Z21,DC-DEL,2024-01-10,2024-01-12
SO0002918,Z24,DC-DEL,2024-01-10,2024-01-12
SO0002919,Z25,DC-DEL,2024-01-10,2024-01-12
SO0002920,Z26,DC-DEL,2024-01-10,2024-01-13
SO0002923,Z29,DC-KOL,2024-01-10,2024-01-12
SO0002928,Z05,DC-HYD,2024-01-11,2024-01-14
SO0002929,Z07,DC-HYD,2024-01-11,2024-01-15
SO0002930,Z12,DC-MUM,2024-01-11,2024-01-13
SO0002931,Z13,DC-MUM,2024-01-11,2024-01-13
SO0002932,Z16,DC-MUM,2024-01-11,2024-01-13
SO0002933,Z18,DC-MUM,2024-01-11,2024-01-14
SO0002934,Z19,DC-MUM,2024-01-11,2024-01-13
SO0002921,Z27,DC-DEL,2024-01-10,2024-01-12
SO0002922,Z28,DC-DEL,2024-01-10,2024-01-13
SO0002935,Z20,DC-DEL,2024-01-11,2024-01-13
SO0002936,Z27,DC-DEL,2024-01-11,2024-01-13
SO0002937,Z28,DC-DEL,2024-01-11,2024-01-14
SO0002924,Z31,DC-KOL,2024-01-10,2024-01-13
SO0002925,Z32,DC-KOL,2024-01-10,2024-01-12
SO0002926,Z33,DC-KOL,2024-01-10,2024-01-13
SO0002940,Z02,DC-HYD,2024-01-12,2024-01-14
SO0002941,Z07,DC-HYD,2024-01-12,2024-01-16
SO0002952,Z35,DC-HYD,2024-01-12,2024-01-15
SO0002942,Z11,DC-MUM,2024-01-12,2024-01-14
SO0002943,Z12,DC-MUM,2024-01-12,2024-01-14
SO0002944,Z15,DC-MUM,2024-01-12,2024-01-14
SO0002945,Z17,DC-MUM,2024-01-12,2024-01-15
SO0002946,Z21,DC-DEL,2024-01-12,2024-01-14
SO0002947,Z23,DC-DEL,2024-01-12,2024-01-14
SO0002948,Z24,DC-DEL,2024-01-12,2024-01-14
SO0002949,Z25,DC-DEL,2024-01-12,2024-01-14
SO0002927,Z36,DC-KOL,2024-01-10,2024-01-13
SO0002938,Z30,DC-KOL,2024-01-11,2024-01-14
SO0002939,Z36,DC-KOL,2024-01-11,2024-01-14
SO0002950,Z29,DC-KOL,2024-01-12,2024-01-14
SO0002953,Z03,DC-HYD,2024-01-13,2024-01-16
SO0002954,Z05,DC-HYD,2024-01-13,2024-01-16
SO0002955,Z06,DC-HYD,2024-01-13,2024-01-16
SO0002956,Z08,DC-HYD,2024-01-13,2024-01-17
SO0002957,Z09,DC-HYD,2024-01-13,2024-01-17
SO0002958,Z14,DC-MUM,2024-01-13,2024-01-16
SO0002959,Z17,DC-MUM,2024-01-13,2024-01-16
SO0002960,Z22,DC-DEL,2024-01-13,2024-01-16
SO0002951,Z32,DC-KOL,2024-01-12,2024-01-14
SO0002961,Z31,DC-KOL,2024-01-13,2024-01-16
SO0002962,Z34,DC-KOL,2024-01-13,2024-01-16
SO0002963,Z03,DC-HYD,2024-01-15,2024-01-18
SO0002964,Z04,DC-HYD,2024-01-15,2024-01-17
SO0002965,Z08,DC-HYD,2024-01-15,2024-01-19
SO0002966,Z10,DC-HYD,2024-01-15,2024-01-18
SO0002973,Z35,DC-HYD,2024-01-15,2024-01-18
SO0002967,Z11,DC-MUM,2024-01-15,2024-01-17
SO0002968,Z13,DC-MUM,2024-01-15,2024-01-17
SO0002969,Z15,DC-MUM,2024-01-15,2024-01-17
SO0002970,Z18,DC-MUM,2024-01-15,2024-01-18
SO0002971,Z26,DC-DEL,2024-01-15,2024-01-18
SO0002972,Z33,DC-KOL,2024-01-15,2024-01-18
SO0002974,Z01,DC-HYD,2024-01-16,2024-01-18
SO0002975,Z02,DC-HYD,2024-01-16,2024-01-18
SO0002976,Z04,DC-HYD,2024-01-16,2024-01-18
SO0002977,Z10,DC-HYD,2024-01-16,2024-01-19
SO0002978,Z14,DC-MUM,2024-01-16,2024-01-19
SO0002979,Z19,DC-MUM,2024-01-16,2024-01-18
SO0002980,Z20,DC-DEL,2024-01-16,2024-01-18
SO0002981,Z22,DC-DEL,2024-01-16,2024-01-19
SO0002983,Z30,DC-KOL,2024-01-16,2024-01-19
SO0002984,Z34,DC-KOL,2024-01-16,2024-01-19
SO0002985,Z01,DC-HYD,2024-01-17,2024-01-19
SO0002986,Z06,DC-HYD,2024-01-17,2024-01-20
SO0002987,Z09,DC-HYD,2024-01-17,2024-01-21
SO0002988,Z16,DC-MUM,2024-01-17,2024-01-19
SO0002982,Z23,DC-DEL,2024-01-16,2024-01-18
SO0002989,Z21,DC-DEL,2024-01-17,2024-01-19
SO0002990,Z24,DC-DEL,2024-01-17,2024-01-19
SO0002991,Z25,DC-DEL,2024-01-17,2024-01-19
SO0002992,Z26,DC-DEL,2024-01-17,2024-01-20
SO0002995,Z29,DC-KOL,2024-01-17,2024-01-19
SO0003000,Z05,DC-HYD,2024-01-18,2024-01-21
SO0003001,Z07,DC-HYD,2024-01-18,2024-01-22
SO0003002,Z12,DC-MUM,2024-01-18,2024-01-20
SO0003003,Z13,DC-MUM,2024-01-18,2024-01-20
SO0003004,Z16,DC-MUM,2024-01-18,2024-01-20
SO0003005,Z18,DC-MUM,2024-01-18,2024-01-21
SO0003006,Z19,DC-MUM,2024-01-18,2024-01-20
SO0002993,Z27,DC-DEL,2024-01-17,2024-01-19
SO0002994,Z28,DC-DEL,2024-01-17,2024-01-20
SO0003007,Z20,DC-DEL,2024-01-18,2024-01-20
SO0003008,Z27,DC-DEL,2024-01-18,2024-01-20
SO0003009,Z28,DC-DEL,2024-01-18,2024-01-21
SO0002996,Z31,DC-KOL,2024-01-17,2024-01-20
SO0002997,Z32,DC-KOL,2024-01-17,2024-01-19
SO0002998,Z33,DC-KOL,2024-01-17,2024-01-20
SO0003012,Z02,DC-HYD,2024-01-19,2024-01-21
SO0003013,Z07,DC-HYD,2024-01-19,2024-01-23
SO0003024,Z35,DC-HYD,2024-01-19,2024-01-22
SO0003014,Z11,DC-MUM,2024-01-19,2024-01-21
SO0003015,Z12,DC-MUM,2024-01-19,2024-01-21
SO0003016,Z15,DC-MUM,2024-01-19,2024-01-21
SO0003017,Z17,DC-MUM,2024-01-19,2024-01-22
SO0003018,Z21,DC-DEL,2024-01-19,2024-01-21
SO0003019,Z23,DC-DEL,2024-01-19,2024-01-21
SO0003020,Z24,DC-DEL,2024-01-19,2024-01-21
SO0003021,Z25,DC-DEL,2024-01-19,2024-01-21
SO0002999,Z36,DC-KOL,2024-01-17,2024-01-20
SO0003010,Z30,DC-KOL,2024-01-18,2024-01-21
SO0003011,Z36,DC-KOL,2024-01-18,2024-01-21
SO0003022,Z29,DC-KOL,2024-01-19,2024-01-21
SO0003025,Z03,DC-HYD,2024-01-20,2024-01-23
SO0003026,Z05,DC-HYD,2024-01-20,2024-01-23
SO0003027,Z06,DC-HYD,2024-01-20,2024-01-23
SO0003028,Z08,DC-HYD,2024-01-20,2024-01-24
SO0003029,Z09,DC-HYD,2024-01-20,2024-01-24
SO0003030,Z14,DC-MUM,2024-01-20,2024-01-23
SO0003031,Z17,DC-MUM,2024-01-20,2024-01-23
SO0003032,Z22,DC-DEL,2024-01-20,2024-01-23
SO0003023,Z32,DC-KOL,2024-01-19,2024-01-21
SO0003033,Z31,DC-KOL,2024-01-20,2024-01-23
SO0003034,Z34,DC-KOL,2024-01-20,2024-01-23
SO0003035,Z03,DC-HYD,2024-01-22,2024-01-25
SO0003036,Z04,DC-HYD,2024-01-22,2024-01-24
SO0003037,Z08,DC-HYD,2024-01-22,2024-01-26
SO0003038,Z10,DC-HYD,2024-01-22,2024-01-25
SO0003045,Z35,DC-HYD,2024-01-22,2024-01-25
SO0003039,Z11,DC-MUM,2024-01-22,2024-01-24
SO0003040,Z13,DC-MUM,2024-01-22,2024-01-24
SO0003041,Z15,DC-MUM,2024-01-22,2024-01-24
SO0003042,Z18,DC-MUM,2024-01-22,2024-01-25
SO0003043,Z26,DC-DEL,2024-01-22,2024-01-25
SO0003044,Z33,DC-KOL,2024-01-22,2024-01-25
SO0003046,Z01,DC-HYD,2024-01-23,2024-01-25
SO0003047,Z02,DC-HYD,2024-01-23,2024-01-25
SO0003048,Z04,DC-HYD,2024-01-23,2024-01-25
SO0003049,Z10,DC-HYD,2024-01-23,2024-01-26
SO0003050,Z14,DC-MUM,2024-01-23,2024-01-26
SO0003051,Z19,DC-MUM,2024-01-23,2024-01-25
SO0003052,Z20,DC-DEL,2024-01-23,2024-01-25
SO0003053,Z22,DC-DEL,2024-01-23,2024-01-26
SO0003055,Z30,DC-KOL,2024-01-23,2024-01-26
SO0003056,Z34,DC-KOL,2024-01-23,2024-01-26
SO0003057,Z01,DC-HYD,2024-01-24,2024-01-26
SO0003058,Z06,DC-HYD,2024-01-24,2024-01-27
SO0003059,Z09,DC-HYD,2024-01-24,2024-01-28
SO0003060,Z16,DC-MUM,2024-01-24,2024-01-26
SO0003054,Z23,DC-DEL,2024-01-23,2024-01-25
SO0003061,Z21,DC-DEL,2024-01-24,2024-01-26
SO0003062,Z24,DC-DEL,2024-01-24,2024-01-26
SO0003063,Z25,DC-DEL,2024-01-24,2024-01-26
SO0003064,Z26,DC-DEL,2024-01-24,2024-01-27
SO0003065,Z27,DC-DEL,2024-01-24,2024-01-26
SO0003067,Z29,DC-KOL,2024-01-24,2024-01-26
SO0003072,Z05,DC-HYD,2024-01-25,2024-01-28
SO0003073,Z07,DC-HYD,2024-01-25,2024-01-29
SO0003074,Z12,DC-MUM,2024-01-25,2024-01-27
SO0003075,Z13,DC-MUM,2024-01-25,2024-01-27
SO0003076,Z16,DC-MUM,2024-01-25,2024-01-27
SO0003077,Z18,DC-MUM,2024-01-25,2024-01-28
SO0003078,Z19,DC-MUM,2024-01-25,2024-01-27
SO0003066,Z28,DC-DEL,2024-01-24,2024-01-27
SO0003079,Z20,DC-DEL,2024-01-25,2024-01-27
SO0003080,Z27,DC-DEL,2024-01-25,2024-01-27
SO0003081,Z28,DC-DEL,2024-01-25,2024-01-28
SO0003068,Z31,DC-KOL,2024-01-24,2024-01-27
SO0003069,Z32,DC-KOL,2024-01-24,2024-01-26
SO0003070,Z33,DC-KOL,2024-01-24,2024-01-27
SO0003084,Z02,DC-HYD,2024-01-26,2024-01-28
SO0003085,Z07,DC-HYD,2024-01-26,2024-01-30
SO0003096,Z35,DC-HYD,2024-01-26,2024-01-29
SO0003086,Z11,DC-MUM,2024-01-26,2024-01-28
SO0003087,Z12,DC-MUM,2024-01-26,2024-01-28
SO0003088,Z15,DC-MUM,2024-01-26,2024-01-28
SO0003089,Z17,DC-MUM,2024-01-26,2024-01-29
SO0003090,Z21,DC-DEL,2024-01-26,2024-01-28
SO0003091,Z23,DC-DEL,2024-01-26,2024-01-28
SO0003092,Z24,DC-DEL,2024-01-26,2024-01-28
SO0003093,Z25,DC-DEL,2024-01-26,2024-01-28
SO0003071,Z36,DC-KOL,2024-01-24,2024-01-27
SO0003082,Z30,DC-KOL,2024-01-25,2024-01-28
SO0003083,Z36,DC-KOL,2024-01-25,2024-01-28
SO0003094,Z29,DC-KOL,2024-01-26,2024-01-28
SO0003095,Z32,DC-KOL,2024-01-26,2024-01-28
SO0003097,Z03,DC-HYD,2024-01-27,2024-01-30
SO0003098,Z05,DC-HYD,2024-01-27,2024-01-30
SO0003099,Z06,DC-HYD,2024-01-27,2024-01-30
SO0003100,Z08,DC-HYD,2024-01-27,2024-01-31
SO0003101,Z09,DC-HYD,2024-01-27,2024-01-31
SO0003102,Z14,DC-MUM,2024-01-27,2024-01-30
SO0003103,Z17,DC-MUM,2024-01-27,2024-01-30
SO0003104,Z22,DC-DEL,2024-01-27,2024-01-30
SO0003105,Z31,DC-KOL,2024-01-27,2024-01-30
SO0003106,Z34,DC-KOL,2024-01-27,2024-01-30
SO0003107,Z03,DC-HYD,2024-01-29,2024-02-01
SO0003108,Z04,DC-HYD,2024-01-29,2024-01-31
SO0003109,Z08,DC-HYD,2024-01-29,2024-02-02
SO0003110,Z10,DC-HYD,2024-01-29,2024-02-01
SO0003117,Z35,DC-HYD,2024-01-29,2024-02-01
SO0003111,Z11,DC-MUM,2024-01-29,2024-01-31
SO0003112,Z13,DC-MUM,2024-01-29,2024-01-31
SO0003113,Z15,DC-MUM,2024-01-29,2024-01-31
SO0003114,Z18,DC-MUM,2024-01-29,2024-02-01
SO0003115,Z26,DC-DEL,2024-01-29,2024-02-01
SO0003116,Z33,DC-KOL,2024-01-29,2024-02-01
SO0003118,Z01,DC-HYD,2024-01-30,2024-02-01
SO0003119,Z02,DC-HYD,2024-01-30,2024-02-01
SO0003120,Z04,DC-HYD,2024-01-30,2024-02-01
SO0003121,Z10,DC-HYD,2024-01-30,2024-02-02
SO0003122,Z14,DC-MUM,2024-01-30,2024-02-02
SO0003123,Z19,DC-MUM,2024-01-30,2024-02-01
SO0003124,Z20,DC-DEL,2024-01-30,2024-02-01
SO0003125,Z22,DC-DEL,2024-01-30,2024-02-02
SO0003126,Z23,DC-DEL,2024-01-30,2024-02-01
SO0003127,Z30,DC-KOL,2024-01-30,2024-02-02
SO0003128,Z34,DC-KOL,2024-01-30,2024-02-02
SO0003129,Z01,DC-HYD,2024-01-31,2024-02-02
SO0003130,Z06,DC-HYD,2024-01-31,2024-02-03
SO0003131,Z09,DC-HYD,2024-01-31,2024-02-04
SO0003132,Z16,DC-MUM,2024-01-31,2024-02-02
SO0003133,Z21,DC-DEL,2024-01-31,2024-02-02
SO0003134,Z24,DC-DEL,2024-01-31,2024-02-02
SO0003135,Z25,DC-DEL,2024-01-31,2024-02-02
SO0003136,Z26,DC-DEL,2024-01-31,2024-02-03
SO0003137,Z27,DC-DEL,2024-01-31,2024-02-02
SO0003139,Z29,DC-KOL,2024-01-31,2024-02-02
SO0003144,Z05,DC-HYD,2024-02-01,2024-02-04
SO0003145,Z07,DC-HYD,2024-02-01,2024-02-05
SO0003146,Z12,DC-MUM,2024-02-01,2024-02-03
SO0003147,Z13,DC-MUM,2024-02-01,2024-02-03
SO0003148,Z16,DC-MUM,2024-02-01,2024-02-03
SO0003149,Z18,DC-MUM,2024-02-01,2024-02-04
SO0003150,Z19,DC-MUM,2024-02-01,2024-02-03
SO0003138,Z28,DC-DEL,2024-01-31,2024-02-03
SO0003151,Z20,DC-DEL,2024-02-01,2024-02-03
SO0003152,Z27,DC-DEL,2024-02-01,2024-02-03
SO0003153,Z28,DC-DEL,2024-02-01,2024-02-04
SO0003140,Z31,DC-KOL,2024-01-31,2024-02-03
SO0003141,Z32,DC-KOL,2024-01-31,2024-02-02
SO0003142,Z33,DC-KOL,2024-01-31,2024-02-03
SO0003156,Z02,DC-HYD,2024-02-02,2024-02-04
SO0003157,Z07,DC-HYD,2024-02-02,2024-02-06
SO0003168,Z35,DC-HYD,2024-02-02,2024-02-05
SO0003158,Z11,DC-MUM,2024-02-02,2024-02-04
SO0003159,Z12,DC-MUM,2024-02-02,2024-02-04
SO0003160,Z15,DC-MUM,2024-02-02,2024-02-04
SO0003161,Z17,DC-MUM,2024-02-02,2024-02-05
SO0003162,Z21,DC-DEL,2024-02-02,2024-02-04
SO0003163,Z23,DC-DEL,2024-02-02,2024-02-04
SO0003164,Z24,DC-DEL,2024-02-02,2024-02-04
SO0003165,Z25,DC-DEL,2024-02-02,2024-02-04
SO0003143,Z36,DC-KOL,2024-01-31,2024-02-03
SO0003154,Z30,DC-KOL,2024-02-01,2024-02-04
SO0003155,Z36,DC-KOL,2024-02-01,2024-02-04
SO0003166,Z29,DC-KOL,2024-02-02,2024-02-04
SO0003169,Z03,DC-HYD,2024-02-03,2024-02-06
SO0003170,Z05,DC-HYD,2024-02-03,2024-02-06
SO0003171,Z06,DC-HYD,2024-02-03,2024-02-06
SO0003172,Z08,DC-HYD,2024-02-03,2024-02-07
SO0003173,Z09,DC-HYD,2024-02-03,2024-02-07
SO0003174,Z14,DC-MUM,2024-02-03,2024-02-06
SO0003175,Z17,DC-MUM,2024-02-03,2024-02-06
SO0003176,Z22,DC-DEL,2024-02-03,2024-02-06
SO0003167,Z32,DC-KOL,2024-02-02,2024-02-04
SO0003177,Z31,DC-KOL,2024-02-03,2024-02-06
SO0003178,Z34,DC-KOL,2024-02-03,2024-02-06
SO0003179,Z03,DC-HYD,2024-02-05,2024-02-08
SO0003180,Z04,DC-HYD,2024-02-05,2024-02-07
SO0003181,Z08,DC-HYD,2024-02-05,2024-02-09
SO0003182,Z10,DC-HYD,2024-02-05,2024-02-08
SO0003189,Z35,DC-HYD,2024-02-05,2024-02-08
SO0003183,Z11,DC-MUM,2024-02-05,2024-02-07
SO0003184,Z13,DC-MUM,2024-02-05,2024-02-07
SO0003185,Z15,DC-MUM,2024-02-05,2024-02-07
SO0003186,Z18,DC-MUM,2024-02-05,2024-02-08
SO0003187,Z26,DC-DEL,2024-02-05,2024-02-08
SO0003188,Z33,DC-KOL,2024-02-05,2024-02-08
SO0003190,Z01,DC-HYD,2024-02-06,2024-02-08
SO0003191,Z02,DC-HYD,2024-02-06,2024-02-08
SO0003192,Z04,DC-HYD,2024-02-06,2024-02-08
SO0003193,Z10,DC-HYD,2024-02-06,2024-02-09
SO0003194,Z14,DC-MUM,2024-02-06,2024-02-09
SO0003195,Z19,DC-MUM,2024-02-06,2024-02-08
SO0003196,Z20,DC-DEL,2024-02-06,2024-02-08
SO0003197,Z22,DC-DEL,2024-02-06,2024-02-09
SO0003199,Z30,DC-KOL,2024-02-06,2024-02-09
SO0003200,Z34,DC-KOL,2024-02-06,2024-02-09
SO0003201,Z01,DC-HYD,2024-02-07,2024-02-09
SO0003202,Z06,DC-HYD,2024-02-07,2024-02-10
SO0003203,Z09,DC-HYD,2024-02-07,2024-02-11
SO0003204,Z16,DC-MUM,2024-02-07,2024-02-09
SO0003198,Z23,DC-DEL,2024-02-06,2024-02-08
SO0003205,Z21,DC-DEL,2024-02-07,2024-02-09
SO0003206,Z24,DC-DEL,2024-02-07,2024-02-09
SO0003207,Z25,DC-DEL,2024-02-07,2024-02-09
SO0003208,Z26,DC-DEL,2024-02-07,2024-02-10
SO0003209,Z27,DC-DEL,2024-02-07,2024-02-09
SO0003211,Z29,DC-KOL,2024-02-07,2024-02-09
SO0003216,Z05,DC-HYD,2024-02-08,2024-02-11
SO0003217,Z07,DC-HYD,2024-02-08,2024-02-12
SO0003218,Z12,DC-MUM,2024-02-08,2024-02-10
SO0003219,Z13,DC-MUM,2024-02-08,2024-02-10
SO0003220,Z16,DC-MUM,2024-02-08,2024-02-10
SO0003221,Z18,DC-MUM,2024-02-08,2024-02-11
SO0003222,Z19,DC-MUM,2024-02-08,2024-02-10
SO0003210,Z28,DC-DEL,2024-02-07,2024-02-10
SO0003223,Z20,DC-DEL,2024-02-08,2024-02-10
SO0003224,Z27,DC-DEL,2024-02-08,2024-02-10
SO0003225,Z28,DC-DEL,2024-02-08,2024-02-11
SO0003212,Z31,DC-KOL,2024-02-07,2024-02-10
SO0003213,Z32,DC-KOL,2024-02-07,2024-02-09
SO0003214,Z33,DC-KOL,2024-02-07,2024-02-10
SO0003228,Z02,DC-HYD,2024-02-09,2024-02-11
SO0003229,Z07,DC-HYD,2024-02-09,2024-02-13
SO0003240,Z35,DC-HYD,2024-02-09,2024-02-12
SO0003230,Z11,DC-MUM,2024-02-09,2024-02-11
SO0003231,Z12,DC-MUM,2024-02-09,2024-02-11
SO0003232,Z15,DC-MUM,2024-02-09,2024-02-11
SO0003233,Z17,DC-MUM,2024-02-09,2024-02-12
SO0003234,Z21,DC-DEL,2024-02-09,2024-02-11
SO0003235,Z23,DC-DEL,2024-02-09,2024-02-11
SO0003236,Z24,DC-DEL,2024-02-09,2024-02-11
SO0003237,Z25,DC-DEL,2024-02-09,2024-02-11
SO0003215,Z36,DC-KOL,2024-02-07,2024-02-10
SO0003226,Z30,DC-KOL,2024-02-08,2024-02-11
SO0003227,Z36,DC-KOL,2024-02-08,2024-02-11
SO0003238,Z29,DC-KOL,2024-02-09,2024-02-11
SO0003239,Z32,DC-KOL,2024-02-09,2024-02-11
SO0003241,Z03,DC-HYD,2024-02-10,2024-02-13
SO0003242,Z05,DC-HYD,2024-02-10,2024-02-13
SO0003243,Z06,DC-HYD,2024-02-10,2024-02-13
SO0003244,Z08,DC-HYD,2024-02-10,2024-02-14
SO0003245,Z09,DC-HYD,2024-02-10,2024-02-14
SO0003246,Z14,DC-MUM,2024-02-10,2024-02-13
SO0003247,Z17,DC-MUM,2024-02-10,2024-02-13
SO0003248,Z22,DC-DEL,2024-02-10,2024-02-13
SO0003249,Z31,DC-KOL,2024-02-10,2024-02-13
SO0003250,Z34,DC-KOL,2024-02-10,2024-02-13
SO0003251,Z03,DC-HYD,2024-02-12,2024-02-15
SO0003252,Z04,DC-HYD,2024-02-12,2024-02-14
SO0003253,Z08,DC-HYD,2024-02-12,2024-02-16
SO0003254,Z10,DC-HYD,2024-02-12,2024-02-15
SO0003261,Z35,DC-HYD,2024-02-12,2024-02-15
SO0003255,Z11,DC-MUM,2024-02-12,2024-02-14
SO0003256,Z13,DC-MUM,2024-02-12,2024-02-14
SO0003257,Z15,DC-MUM,2024-02-12,2024-02-14
SO0003258,Z18,DC-MUM,2024-02-12,2024-02-15
SO0003259,Z26,DC-DEL,2024-02-12,2024-02-15
SO0003260,Z33,DC-KOL,2024-02-12,2024-02-15
SO0003262,Z01,DC-HYD,2024-02-13,2024-02-15
SO0003263,Z02,DC-HYD,2024-02-13,2024-02-15
SO0003264,Z04,DC-HYD,2024-02-13,2024-02-15
SO0003265,Z10,DC-HYD,2024-02-13,2024-02-16
SO0003266,Z14,DC-MUM,2024-02-13,2024-02-16
SO0003267,Z19,DC-MUM,2024-02-13,2024-02-15
SO0003268,Z20,DC-DEL,2024-02-13,2024-02-15
SO0003269,Z22,DC-DEL,2024-02-13,2024-02-16
SO0003270,Z23,DC-DEL,2024-02-13,2024-02-15
SO0003271,Z30,DC-KOL,2024-02-13,2024-02-16
SO0003272,Z34,DC-KOL,2024-02-13,2024-02-16
SO0003273,Z01,DC-HYD,2024-02-14,2024-02-16
SO0003274,Z06,DC-HYD,2024-02-14,2024-02-17
SO0003275,Z09,DC-HYD,2024-02-14,2024-02-18
SO0003276,Z16,DC-MUM,2024-02-14,2024-02-16
SO0003277,Z21,DC-DEL,2024-02-14,2024-02-16
SO0003278,Z24,DC-DEL,2024-02-14,2024-02-16
SO0003279,Z25,DC-DEL,2024-02-14,2024-02-16
SO0003280,Z26,DC-DEL,2024-02-14,2024-02-17
SO0003281,Z27,DC-DEL,2024-02-14,2024-02-16
SO0003283,Z29,DC-KOL,2024-02-14,2024-02-16
SO0003288,Z05,DC-HYD,2024-02-15,2024-02-18
SO0003289,Z07,DC-HYD,2024-02-15,2024-02-19
SO0003290,Z12,DC-MUM,2024-02-15,2024-02-17
SO0003291,Z13,DC-MUM,2024-02-15,2024-02-17
SO0003292,Z16,DC-MUM,2024-02-15,2024-02-17
SO0003293,Z18,DC-MUM,2024-02-15,2024-02-18
SO0003294,Z19,DC-MUM,2024-02-15,2024-02-17
SO0003282,Z28,DC-DEL,2024-02-14,2024-02-17
SO0003295,Z20,DC-DEL,2024-02-15,2024-02-17
SO0003296,Z27,DC-DEL,2024-02-15,2024-02-17
SO0003297,Z28,DC-DEL,2024-02-15,2024-02-18
SO0003284,Z31,DC-KOL,2024-02-14,2024-02-17
SO0003285,Z32,DC-KOL,2024-02-14,2024-02-16
SO0003286,Z33,DC-KOL,2024-02-14,2024-02-17
SO0003287,Z36,DC-KOL,2024-02-14,2024-02-17
SO0003300,Z02,DC-HYD,2024-02-16,2024-02-18
SO0003301,Z07,DC-HYD,2024-02-16,2024-02-20
SO0003312,Z35,DC-HYD,2024-02-16,2024-02-19
SO0003302,Z11,DC-MUM,2024-02-16,2024-02-18
SO0003303,Z12,DC-MUM,2024-02-16,2024-02-18
SO0003304,Z15,DC-MUM,2024-02-16,2024-02-18
SO0003305,Z17,DC-MUM,2024-02-16,2024-02-19
SO0003306,Z21,DC-DEL,2024-02-16,2024-02-18
SO0003307,Z23,DC-DEL,2024-02-16,2024-02-18
SO0003308,Z24,DC-DEL,2024-02-16,2024-02-18
SO0003309,Z25,DC-DEL,2024-02-16,2024-02-18
SO0003298,Z30,DC-KOL,2024-02-15,2024-02-18
SO0003299,Z36,DC-KOL,2024-02-15,2024-02-18
SO0003310,Z29,DC-KOL,2024-02-16,2024-02-18
SO0003311,Z32,DC-KOL,2024-02-16,2024-02-18
SO0003313,Z03,DC-HYD,2024-02-17,2024-02-20
SO0003314,Z05,DC-HYD,2024-02-17,2024-02-20
SO0003315,Z06,DC-HYD,2024-02-17,2024-02-20
SO0003316,Z08,DC-HYD,2024-02-17,2024-02-21
SO0003317,Z09,DC-HYD,2024-02-17,2024-02-21
SO0003318,Z14,DC-MUM,2024-02-17,2024-02-20
SO0003319,Z17,DC-MUM,2024-02-17,2024-02-20
SO0003320,Z22,DC-DEL,2024-02-17,2024-02-20
SO0003321,Z31,DC-KOL,2024-02-17,2024-02-20
SO0003322,Z34,DC-KOL,2024-02-17,2024-02-20
SO0003323,Z03,DC-HYD,2024-02-19,2024-02-22
SO0003324,Z04,DC-HYD,2024-02-19,2024-02-21
SO0003325,Z08,DC-HYD,2024-02-19,2024-02-23
SO0003326,Z10,DC-HYD,2024-02-19,2024-02-22
SO0003333,Z35,DC-HYD,2024-02-19,2024-02-22
SO0003327,Z11,DC-MUM,2024-02-19,2024-02-21
SO0003328,Z13,DC-MUM,2024-02-19,2024-02-21
SO0003329,Z15,DC-MUM,2024-02-19,2024-02-21
SO0003330,Z18,DC-MUM,2024-02-19,2024-02-22
SO0003331,Z26,DC-DEL,2024-02-19,2024-02-22
SO0003332,Z33,DC-KOL,2024-02-19,2024-02-22
SO0003334,Z01,DC-HYD,2024-02-20,2024-02-22
SO0003335,Z02,DC-HYD,2024-02-20,2024-02-22
SO0003336,Z04,DC-HYD,2024-02-20,2024-02-22
SO0003337,Z10,DC-HYD,2024-02-20,2024-02-23
SO0003338,Z14,DC-MUM,2024-02-20,2024-02-23
SO0003339,Z19,DC-MUM,2024-02-20,2024-02-22
SO0003340,Z20,DC-DEL,2024-02-20,2024-02-22
SO0003341,Z22,DC-DEL,2024-02-20,2024-02-23
SO0003342,Z23,DC-DEL,2024-02-20,2024-02-22
SO0003343,Z30,DC-KOL,2024-02-20,2024-02-23
SO0003344,Z34,DC-KOL,2024-02-20,2024-02-23
SO0003345,Z01,DC-HYD,2024-02-21,2024-02-23
SO0003346,Z06,DC-HYD,2024-02-21,2024-02-24
SO0003347,Z09,DC-HYD,2024-02-21,2024-02-25
SO0003348,Z16,DC-MUM,2024-02-21,2024-02-23
SO0003349,Z21,DC-DEL,2024-02-21,2024-02-23
SO0003350,Z24,DC-DEL,2024-02-21,2024-02-23
SO0003351,Z25,DC-DEL,2024-02-21,2024-02-23
SO0003352,Z26,DC-DEL,2024-02-21,2024-02-24
SO0003353,Z27,DC-DEL,2024-02-21,2024-02-23
SO0003355,Z29,DC-KOL,2024-02-21,2024-02-23
SO0003360,Z05,DC-HYD,2024-02-22,2024-02-25
SO0003361,Z07,DC-HYD,2024-02-22,2024-02-26
SO0003362,Z12,DC-MUM,2024-02-22,2024-02-24
SO0003363,Z13,DC-MUM,2024-02-22,2024-02-24
SO0003364,Z16,DC-MUM,2024-02-22,2024-02-24
SO0003365,Z18,DC-MUM,2024-02-22,2024-02-25
SO0003366,Z19,DC-MUM,2024-02-22,2024-02-24
SO0003354,Z28,DC-DEL,2024-02-21,2024-02-24
SO0003367,Z20,DC-DEL,2024-02-22,2024-02-24
SO0003368,Z27,DC-DEL,2024-02-22,2024-02-24
SO0003369,Z28,DC-DEL,2024-02-22,2024-02-25
SO0003356,Z31,DC-KOL,2024-02-21,2024-02-24
SO0003357,Z32,DC-KOL,2024-02-21,2024-02-23
SO0003358,Z33,DC-KOL,2024-02-21,2024-02-24
SO0003372,Z02,DC-HYD,2024-02-23,2024-02-25
SO0003373,Z07,DC-HYD,2024-02-23,2024-02-27
SO0003384,Z35,DC-HYD,2024-02-23,2024-02-26
SO0003374,Z11,DC-MUM,2024-02-23,2024-02-25
SO0003375,Z12,DC-MUM,2024-02-23,2024-02-25
SO0003376,Z15,DC-MUM,2024-02-23,2024-02-25
SO0003377,Z17,DC-MUM,2024-02-23,2024-02-26
SO0003378,Z21,DC-DEL,2024-02-23,2024-02-25
SO0003379,Z23,DC-DEL,2024-02-23,2024-02-25
SO0003380,Z24,DC-DEL,2024-02-23,2024-02-25
SO0003381,Z25,DC-DEL,2024-02-23,2024-02-25
SO0003359,Z36,DC-KOL,2024-02-21,2024-02-24
SO0003370,Z30,DC-KOL,2024-02-22,2024-02-25
SO0003371,Z36,DC-KOL,2024-02-22,2024-02-25
SO0003382,Z29,DC-KOL,2024-02-23,2024-02-25
SO0003383,Z32,DC-KOL,2024-02-23,2024-02-25
SO0003385,Z03,DC-HYD,2024-02-24,2024-02-27
SO0003386,Z05,DC-HYD,2024-02-24,2024-02-27
SO0003387,Z06,DC-HYD,2024-02-24,2024-02-27
SO0003388,Z08,DC-HYD,2024-02-24,2024-02-28
SO0003389,Z09,DC-HYD,2024-02-24,2024-02-28
SO0003390,Z14,DC-MUM,2024-02-24,2024-02-27
SO0003391,Z17,DC-MUM,2024-02-24,2024-02-27
SO0003392,Z22,DC-DEL,2024-02-24,2024-02-27
SO0003393,Z31,DC-KOL,2024-02-24,2024-02-27
SO0003394,Z34,DC-KOL,2024-02-24,2024-02-27
SO0003395,Z03,DC-HYD,2024-02-26,2024-02-29
SO0003396,Z04,DC-HYD,2024-02-26,2024-02-28
SO0003397,Z08,DC-HYD,2024-02-26,2024-03-01
SO0003398,Z10,DC-HYD,2024-02-26,2024-02-29
SO0003405,Z35,DC-HYD,2024-02-26,2024-02-29
SO0003399,Z11,DC-MUM,2024-02-26,2024-02-28
SO0003400,Z13,DC-MUM,2024-02-26,2024-02-28
SO0003401,Z15,DC-MUM,2024-02-26,2024-02-28
SO0003402,Z18,DC-MUM,2024-02-26,2024-02-29
SO0003403,Z26,DC-DEL,2024-02-26,2024-02-29
SO0003404,Z33,DC-KOL,2024-02-26,2024-02-29
SO0003406,Z01,DC-HYD,2024-02-27,2024-02-29
SO0003407,Z02,DC-HYD,2024-02-27,2024-02-29
SO0003408,Z04,DC-HYD,2024-02-27,2024-02-29
SO0003409,Z10,DC-HYD,2024-02-27,2024-03-01
SO0003410,Z14,DC-MUM,2024-02-27,2024-03-01
SO0003411,Z19,DC-MUM,2024-02-27,2024-02-29
SO0003412,Z20,DC-DEL,2024-02-27,2024-02-29
SO0003413,Z22,DC-DEL,2024-02-27,2024-03-01
SO0003414,Z23,DC-DEL,2024-02-27,2024-02-29
SO0003415,Z30,DC-KOL,2024-02-27,2024-03-01
SO0003416,Z34,DC-KOL,2024-02-27,2024-03-01
SO0003417,Z01,DC-HYD,2024-02-28,2024-03-01
SO0003418,Z06,DC-HYD,2024-02-28,2024-03-02
SO0003419,Z09,DC-HYD,2024-02-28,2024-03-03
SO0003420,Z16,DC-MUM,2024-02-28,2024-03-01
SO0003421,Z21,DC-DEL,2024-02-28,2024-03-01
SO0003422,Z24,DC-DEL,2024-02-28,2024-03-01
SO0003423,Z25,DC-DEL,2024-02-28,2024-03-01
SO0003424,Z26,DC-DEL,2024-02-28,2024-03-02
SO0003425,Z27,DC-DEL,2024-02-28,2024-03-01
SO0003427,Z29,DC-KOL,2024-02-28,2024-03-01
SO0003432,Z05,DC-HYD,2024-02-29,2024-03-03
SO0003433,Z07,DC-HYD,2024-02-29,2024-03-04
SO0003434,Z12,DC-MUM,2024-02-29,2024-03-02
SO0003435,Z13,DC-MUM,2024-02-29,2024-03-02
SO0003436,Z16,DC-MUM,2024-02-29,2024-03-02
SO0003437,Z18,DC-MUM,2024-02-29,2024-03-03
SO0003438,Z19,DC-MUM,2024-02-29,2024-03-02
SO0003426,Z28,DC-DEL,2024-02-28,2024-03-02
SO0003439,Z20,DC-DEL,2024-02-29,2024-03-02
SO0003440,Z27,DC-DEL,2024-02-29,2024-03-02
SO0003441,Z28,DC-DEL,2024-02-29,2024-03-03
SO0003428,Z31,DC-KOL,2024-02-28,2024-03-02
SO0003429,Z32,DC-KOL,2024-02-28,2024-03-01
SO0003430,Z33,DC-KOL,2024-02-28,2024-03-02
SO0003444,Z02,DC-HYD,2024-03-01,2024-03-03
SO0003445,Z07,DC-HYD,2024-03-01,2024-03-05
SO0003456,Z35,DC-HYD,2024-03-01,2024-03-04
SO0003446,Z11,DC-MUM,2024-03-01,2024-03-03
SO0003447,Z12,DC-MUM,2024-03-01,2024-03-03
SO0003448,Z15,DC-MUM,2024-03-01,2024-03-03
SO0003449,Z17,DC-MUM,2024-03-01,2024-03-04
SO0003450,Z21,DC-DEL,2024-03-01,2024-03-03
SO0003451,Z23,DC-DEL,2024-03-01,2024-03-03
SO0003452,Z24,DC-DEL,2024-03-01,2024-03-03
SO0003453,Z25,DC-DEL,2024-03-01,2024-03-03
SO0003431,Z36,DC-KOL,2024-02-28,2024-03-02
SO0003442,Z30,DC-KOL,2024-02-29,2024-03-03
SO0003443,Z36,DC-KOL,2024-02-29,2024-03-03
SO0003454,Z29,DC-KOL,2024-03-01,2024-03-03
SO0003457,Z03,DC-HYD,2024-03-02,2024-03-05
SO0003458,Z05,DC-HYD,2024-03-02,2024-03-05
SO0003459,Z06,DC-HYD,2024-03-02,2024-03-05
SO0003460,Z08,DC-HYD,2024-03-02,2024-03-06
SO0003461,Z09,DC-HYD,2024-03-02,2024-03-06
SO0003462,Z14,DC-MUM,2024-03-02,2024-03-05
SO0003463,Z17,DC-MUM,2024-03-02,2024-03-05
SO0003464,Z22,DC-DEL,2024-03-02,2024-03-05
SO0003455,Z32,DC-KOL,2024-03-01,2024-03-03
SO0003465,Z31,DC-KOL,2024-03-02,2024-03-05
SO0003466,Z34,DC-KOL,2024-03-02,2024-03-05
SO0003467,Z03,DC-HYD,2024-03-04,2024-03-07
SO0003468,Z04,DC-HYD,2024-03-04,2024-03-06
SO0003469,Z08,DC-HYD,2024-03-04,2024-03-08
SO0003470,Z10,DC-HYD,2024-03-04,2024-03-07
SO0003477,Z35,DC-HYD,2024-03-04,2024-03-07
SO0003471,Z11,DC-MUM,2024-03-04,2024-03-06
SO0003472,Z13,DC-MUM,2024-03-04,2024-03-06
SO0003473,Z15,DC-MUM,2024-03-04,2024-03-06
SO0003474,Z18,DC-MUM,2024-03-04,2024-03-07
SO0003475,Z26,DC-DEL,2024-03-04,2024-03-07
SO0003476,Z33,DC-KOL,2024-03-04,2024-03-07
SO0003478,Z01,DC-HYD,2024-03-05,2024-03-07
SO0003479,Z02,DC-HYD,2024-03-05,2024-03-07
SO0003480,Z04,DC-HYD,2024-03-05,2024-03-07
SO0003481,Z10,DC-HYD,2024-03-05,2024-03-08
SO0003482,Z14,DC-MUM,2024-03-05,2024-03-08
SO0003483,Z19,DC-MUM,2024-03-05,2024-03-07
SO0003484,Z20,DC-DEL,2024-03-05,2024-03-07
SO0003485,Z22,DC-DEL,2024-03-05,2024-03-08
SO0003486,Z23,DC-DEL,2024-03-05,2024-03-07
SO0003487,Z30,DC-KOL,2024-03-05,2024-03-08
SO0003488,Z34,DC-KOL,2024-03-05,2024-03-08
SO0003489,Z01,DC-HYD,2024-03-06,2024-03-08
SO0003490,Z06,DC-HYD,2024-03-06,2024-03-09
SO0003491,Z09,DC-HYD,2024-03-06,2024-03-10
SO0003492,Z16,DC-MUM,2024-03-06,2024-03-08
SO0003493,Z21,DC-DEL,2024-03-06,2024-03-08
SO0003494,Z24,DC-DEL,2024-03-06,2024-03-08
SO0003495,Z25,DC-DEL,2024-03-06,2024-03-08
SO0003496,Z26,DC-DEL,2024-03-06,2024-03-09
SO0003497,Z27,DC-DEL,2024-03-06,2024-03-08
SO0003498,Z28,DC-DEL,2024-03-06,2024-03-09
SO0003499,Z29,DC-KOL,2024-03-06,2024-03-08
SO0003504,Z05,DC-HYD,2024-03-07,2024-03-10
SO0003505,Z07,DC-HYD,2024-03-07,2024-03-11
SO0003506,Z12,DC-MUM,2024-03-07,2024-03-09
SO0003507,Z13,DC-MUM,2024-03-07,2024-03-09
SO0003508,Z16,DC-MUM,2024-03-07,2024-03-09
SO0003509,Z18,DC-MUM,2024-03-07,2024-03-10
SO0003510,Z19,DC-MUM,2024-03-07,2024-03-09
SO0003511,Z20,DC-DEL,2024-03-07,2024-03-09
SO0003512,Z27,DC-DEL,2024-03-07,2024-03-09
SO0003513,Z28,DC-DEL,2024-03-07,2024-03-10
SO0003500,Z31,DC-KOL,2024-03-06,2024-03-09
SO0003501,Z32,DC-KOL,2024-03-06,2024-03-08
SO0003502,Z33,DC-KOL,2024-03-06,2024-03-09
SO0003516,Z02,DC-HYD,2024-03-08,2024-03-10
SO0003517,Z07,DC-HYD,2024-03-08,2024-03-12
SO0003528,Z35,DC-HYD,2024-03-08,2024-03-11
SO0003518,Z11,DC-MUM,2024-03-08,2024-03-10
SO0003519,Z12,DC-MUM,2024-03-08,2024-03-10
SO0003520,Z15,DC-MUM,2024-03-08,2024-03-10
SO0003521,Z17,DC-MUM,2024-03-08,2024-03-11
SO0003522,Z21,DC-DEL,2024-03-08,2024-03-10
SO0003523,Z23,DC-DEL,2024-03-08,2024-03-10
SO0003524,Z24,DC-DEL,2024-03-08,2024-03-10
SO0003525,Z25,DC-DEL,2024-03-08,2024-03-10
SO0003503,Z36,DC-KOL,2024-03-06,2024-03-09
SO0003514,Z30,DC-KOL,2024-03-07,2024-03-10
SO0003515,Z36,DC-KOL,2024-03-07,2024-03-10
SO0003526,Z29,DC-KOL,2024-03-08,2024-03-10
SO0003527,Z32,DC-KOL,2024-03-08,2024-03-10
SO0003529,Z03,DC-HYD,2024-03-09,2024-03-12
SO0003530,Z05,DC-HYD,2024-03-09,2024-03-12
SO0003531,Z06,DC-HYD,2024-03-09,2024-03-12
SO0003532,Z08,DC-HYD,2024-03-09,2024-03-13
SO0003533,Z09,DC-HYD,2024-03-09,2024-03-13
SO0003534,Z14,DC-MUM,2024-03-09,2024-03-12
SO0003535,Z17,DC-MUM,2024-03-09,2024-03-12
SO0003536,Z22,DC-DEL,2024-03-09,2024-03-12
SO0003537,Z31,DC-KOL,2024-03-09,2024-03-12
SO0003538,Z34,DC-KOL,2024-03-09,2024-03-12
SO0003539,Z03,DC-HYD,2024-03-11,2024-03-14
SO0003540,Z04,DC-HYD,2024-03-11,2024-03-13
SO0003541,Z08,DC-HYD,2024-03-11,2024-03-15
SO0003542,Z10,DC-HYD,2024-03-11,2024-03-14
SO0003549,Z35,DC-HYD,2024-03-11,2024-03-14
SO0003543,Z11,DC-MUM,2024-03-11,2024-03-13
SO0003544,Z13,DC-MUM,2024-03-11,2024-03-13
SO0003545,Z15,DC-MUM,2024-03-11,2024-03-13
SO0003546,Z18,DC-MUM,2024-03-11,2024-03-14
SO0003547,Z26,DC-DEL,2024-03-11,2024-03-14
SO0003548,Z33,DC-KOL,2024-03-11,2024-03-14
SO0003550,Z01,DC-HYD,2024-03-12,2024-03-14
SO0003551,Z02,DC-HYD,2024-03-12,2024-03-14
SO0003552,Z04,DC-HYD,2024-03-12,2024-03-14
SO0003553,Z10,DC-HYD,2024-03-12,2024-03-15
SO0003554,Z14,DC-MUM,2024-03-12,2024-03-15
SO0003555,Z19,DC-MUM,2024-03-12,2024-03-14
SO0003556,Z20,DC-DEL,2024-03-12,2024-03-14
SO0003557,Z22,DC-DEL,2024-03-12,2024-03-15
SO0003559,Z30,DC-KOL,2024-03-12,2024-03-15
SO0003560,Z34,DC-KOL,2024-03-12,2024-03-15
SO0003561,Z01,DC-HYD,2024-03-13,2024-03-15
SO0003562,Z06,DC-HYD,2024-03-13,2024-03-16
SO0003563,Z09,DC-HYD,2024-03-13,2024-03-17
SO0003564,Z16,DC-MUM,2024-03-13,2024-03-15
SO0003558,Z23,DC-DEL,2024-03-12,2024-03-14
SO0003565,Z21,DC-DEL,2024-03-13,2024-03-15
SO0003566,Z24,DC-DEL,2024-03-13,2024-03-15
SO0003567,Z25,DC-DEL,2024-03-13,2024-03-15
SO0003568,Z26,DC-DEL,2024-03-13,2024-03-16
SO0003569,Z27,DC-DEL,2024-03-13,2024-03-15
SO0003571,Z29,DC-KOL,2024-03-13,2024-03-15
SO0003576,Z05,DC-HYD,2024-03-14,2024-03-17
SO0003577,Z07,DC-HYD,2024-03-14,2024-03-18
SO0003578,Z12,DC-MUM,2024-03-14,2024-03-16
SO0003579,Z13,DC-MUM,2024-03-14,2024-03-16
SO0003580,Z16,DC-MUM,2024-03-14,2024-03-16
SO0003581,Z18,DC-MUM,2024-03-14,2024-03-17
SO0003582,Z19,DC-MUM,2024-03-14,2024-03-16
SO0003570,Z28,DC-DEL,2024-03-13,2024-03-16
SO0003583,Z20,DC-DEL,2024-03-14,2024-03-16
SO0003584,Z27,DC-DEL,2024-03-14,2024-03-16
SO0003585,Z28,DC-DEL,2024-03-14,2024-03-17
SO0003572,Z31,DC-KOL,2024-03-13,2024-03-16
SO0003573,Z32,DC-KOL,2024-03-13,2024-03-15
SO0003574,Z33,DC-KOL,2024-03-13,2024-03-16
SO0003575,Z36,DC-KOL,2024-03-13,2024-03-16
SO0003588,Z02,DC-HYD,2024-03-15,2024-03-17
SO0003589,Z07,DC-HYD,2024-03-15,2024-03-19
SO0003600,Z35,DC-HYD,2024-03-15,2024-03-18
SO0003590,Z11,DC-MUM,2024-03-15,2024-03-17
SO0003591,Z12,DC-MUM,2024-03-15,2024-03-17
SO0003592,Z15,DC-MUM,2024-03-15,2024-03-17
SO0003593,Z17,DC-MUM,2024-03-15,2024-03-18
SO0003594,Z21,DC-DEL,2024-03-15,2024-03-17
SO0003595,Z23,DC-DEL,2024-03-15,2024-03-17
SO0003596,Z24,DC-DEL,2024-03-15,2024-03-17
SO0003597,Z25,DC-DEL,2024-03-15,2024-03-17
SO0003586,Z30,DC-KOL,2024-03-14,2024-03-17
SO0003587,Z36,DC-KOL,2024-03-14,2024-03-17
SO0003598,Z29,DC-KOL,2024-03-15,2024-03-17
SO0003599,Z32,DC-KOL,2024-03-15,2024-03-17
SO0003601,Z03,DC-HYD,2024-03-16,2024-03-19
SO0003602,Z05,DC-HYD,2024-03-16,2024-03-19
SO0003603,Z06,DC-HYD,2024-03-16,2024-03-19
SO0003604,Z08,DC-HYD,2024-03-16,2024-03-20
SO0003605,Z09,DC-HYD,2024-03-16,2024-03-20
SO0003606,Z14,DC-MUM,2024-03-16,2024-03-19
SO0003607,Z17,DC-MUM,2024-03-16,2024-03-19
SO0003608,Z22,DC-DEL,2024-03-16,2024-03-19
SO0003609,Z31,DC-KOL,2024-03-16,2024-03-19
SO0003610,Z34,DC-KOL,2024-03-16,2024-03-19
SO0003611,Z03,DC-HYD,2024-03-18,2024-03-21
SO0003612,Z04,DC-HYD,2024-03-18,2024-03-20
SO0003613,Z08,DC-HYD,2024-03-18,2024-03-22
SO0003614,Z10,DC-HYD,2024-03-18,2024-03-21
SO0003621,Z35,DC-HYD,2024-03-18,2024-03-21
SO0003615,Z11,DC-MUM,2024-03-18,2024-03-20
SO0003616,Z13,DC-MUM,2024-03-18,2024-03-20
SO0003617,Z15,DC-MUM,2024-03-18,2024-03-20
SO0003618,Z18,DC-MUM,2024-03-18,2024-03-21
SO0003619,Z26,DC-DEL,2024-03-18,2024-03-21
SO0003620,Z33,DC-KOL,2024-03-18,2024-03-21
SO0003622,Z01,DC-HYD,2024-03-19,2024-03-21
SO0003623,Z02,DC-HYD,2024-03-19,2024-03-21
SO0003624,Z04,DC-HYD,2024-03-19,2024-03-21
SO0003625,Z10,DC-HYD,2024-03-19,2024-03-22
SO0003626,Z14,DC-MUM,2024-03-19,2024-03-22
SO0003627,Z19,DC-MUM,2024-03-19,2024-03-21
SO0003628,Z20,DC-DEL,2024-03-19,2024-03-21
SO0003629,Z22,DC-DEL,2024-03-19,2024-03-22
SO0003631,Z30,DC-KOL,2024-03-19,2024-03-22
SO0003632,Z34,DC-KOL,2024-03-19,2024-03-22
SO0003633,Z01,DC-HYD,2024-03-20,2024-03-22
SO0003634,Z06,DC-HYD,2024-03-20,2024-03-23
SO0003635,Z09,DC-HYD,2024-03-20,2024-03-24
SO0003636,Z16,DC-MUM,2024-03-20,2024-03-22
SO0003630,Z23,DC-DEL,2024-03-19,2024-03-21
SO0003637,Z21,DC-DEL,2024-03-20,2024-03-22
SO0003638,Z24,DC-DEL,2024-03-20,2024-03-22
SO0003639,Z25,DC-DEL,2024-03-20,2024-03-22
SO0003640,Z26,DC-DEL,2024-03-20,2024-03-23
SO0003643,Z29,DC-KOL,2024-03-20,2024-03-22
SO0003648,Z05,DC-HYD,2024-03-21,2024-03-24
SO0003649,Z07,DC-HYD,2024-03-21,2024-03-25
SO0003650,Z12,DC-MUM,2024-03-21,2024-03-23
SO0003651,Z13,DC-MUM,2024-03-21,2024-03-23
SO0003652,Z16,DC-MUM,2024-03-21,2024-03-23
SO0003653,Z18,DC-MUM,2024-03-21,2024-03-24
SO0003654,Z19,DC-MUM,2024-03-21,2024-03-23
SO0003641,Z27,DC-DEL,2024-03-20,2024-03-22
SO0003642,Z28,DC-DEL,2024-03-20,2024-03-23
SO0003655,Z20,DC-DEL,2024-03-21,2024-03-23
SO0003656,Z27,DC-DEL,2024-03-21,2024-03-23
SO0003657,Z28,DC-DEL,2024-03-21,2024-03-24
SO0003644,Z31,DC-KOL,2024-03-20,2024-03-23
SO0003645,Z32,DC-KOL,2024-03-20,2024-03-22
SO0003646,Z33,DC-KOL,2024-03-20,2024-03-23
SO0003660,Z02,DC-HYD,2024-03-22,2024-03-24
SO0003661,Z07,DC-HYD,2024-03-22,2024-03-26
SO0003672,Z35,DC-HYD,2024-03-22,2024-03-25
SO0003662,Z11,DC-MUM,2024-03-22,2024-03-24
SO0003663,Z12,DC-MUM,2024-03-22,2024-03-24
SO0003664,Z15,DC-MUM,2024-03-22,2024-03-24
SO0003665,Z17,DC-MUM,2024-03-22,2024-03-25
SO0003666,Z21,DC-DEL,2024-03-22,2024-03-24
SO0003667,Z23,DC-DEL,2024-03-22,2024-03-24
SO0003668,Z24,DC-DEL,2024-03-22,2024-03-24
SO0003669,Z25,DC-DEL,2024-03-22,2024-03-24
SO0003647,Z36,DC-KOL,2024-03-20,2024-03-23
SO0003658,Z30,DC-KOL,2024-03-21,2024-03-24
SO0003659,Z36,DC-KOL,2024-03-21,2024-03-24
SO0003670,Z29,DC-KOL,2024-03-22,2024-03-24
SO0003673,Z03,DC-HYD,2024-03-23,2024-03-26
SO0003674,Z05,DC-HYD,2024-03-23,2024-03-26
SO0003675,Z06,DC-HYD,2024-03-23,2024-03-26
SO0003676,Z08,DC-HYD,2024-03-23,2024-03-27
SO0003677,Z09,DC-HYD,2024-03-23,2024-03-27
SO0003678,Z14,DC-MUM,2024-03-23,2024-03-26
SO0003679,Z17,DC-MUM,2024-03-23,2024-03-26
SO0003680,Z22,DC-DEL,2024-03-23,2024-03-26
SO0003671,Z32,DC-KOL,2024-03-22,2024-03-24
SO0003681,Z31,DC-KOL,2024-03-23,2024-03-26
SO0003682,Z34,DC-KOL,2024-03-23,2024-03-26
SO0003683,Z03,DC-HYD,2024-03-25,2024-03-28
SO0003684,Z04,DC-HYD,2024-03-25,2024-03-27
SO0003685,Z08,DC-HYD,2024-03-25,2024-03-29
SO0003686,Z10,DC-HYD,2024-03-25,2024-03-28
SO0003693,Z35,DC-HYD,2024-03-25,2024-03-28
SO0003687,Z11,DC-MUM,2024-03-25,2024-03-27
SO0003688,Z13,DC-MUM,2024-03-25,2024-03-27
SO0003689,Z15,DC-MUM,2024-03-25,2024-03-27
SO0003690,Z18,DC-MUM,2024-03-25,2024-03-28
SO0003691,Z26,DC-DEL,2024-03-25,2024-03-28
SO0003692,Z33,DC-KOL,2024-03-25,2024-03-28
SO0003694,Z01,DC-HYD,2024-03-26,2024-03-28
SO0003695,Z02,DC-HYD,2024-03-26,2024-03-28
SO0003696,Z04,DC-HYD,2024-03-26,2024-03-28
SO0003697,Z10,DC-HYD,2024-03-26,2024-03-29
SO0003698,Z14,DC-MUM,2024-03-26,2024-03-29
SO0003699,Z19,DC-MUM,2024-03-26,2024-03-28
SO0003700,Z20,DC-DEL,2024-03-26,2024-03-28
SO0003701,Z22,DC-DEL,2024-03-26,2024-03-29
SO0003702,Z23,DC-DEL,2024-03-26,2024-03-28
SO0003703,Z30,DC-KOL,2024-03-26,2024-03-29
SO0003704,Z34,DC-KOL,2024-03-26,2024-03-29
SO0003705,Z01,DC-HYD,2024-03-27,2024-03-29
SO0003706,Z06,DC-HYD,2024-03-27,2024-03-30
SO0003707,Z09,DC-HYD,2024-03-27,2024-03-31
SO0003708,Z16,DC-MUM,2024-03-27,2024-03-29
SO0003709,Z21,DC-DEL,2024-03-27,2024-03-29
SO0003710,Z24,DC-DEL,2024-03-27,2024-03-29
SO0003711,Z25,DC-DEL,2024-03-27,2024-03-29
SO0003712,Z26,DC-DEL,2024-03-27,2024-03-30
SO0003713,Z27,DC-DEL,2024-03-27,2024-03-29
SO0003715,Z29,DC-KOL,2024-03-27,2024-03-29
SO0003720,Z05,DC-HYD,2024-03-28,2024-03-31
SO0003721,Z07,DC-HYD,2024-03-28,2024-04-01
SO0003722,Z12,DC-MUM,2024-03-28,2024-03-30
SO0003723,Z13,DC-MUM,2024-03-28,2024-03-30
SO0003724,Z16,DC-MUM,2024-03-28,2024-03-30
SO0003725,Z18,DC-MUM,2024-03-28,2024-03-31
SO0003726,Z19,DC-MUM,2024-03-28,2024-03-30
SO0003714,Z28,DC-DEL,2024-03-27,2024-03-30
SO0003727,Z20,DC-DEL,2024-03-28,2024-03-30
SO0003728,Z27,DC-DEL,2024-03-28,2024-03-30
SO0003729,Z28,DC-DEL,2024-03-28,2024-03-31
SO0003716,Z31,DC-KOL,2024-03-27,2024-03-30
SO0003717,Z32,DC-KOL,2024-03-27,2024-03-29
SO0003718,Z33,DC-KOL,2024-03-27,2024-03-30
SO0003732,Z02,DC-HYD,2024-03-29,2024-03-31
SO0003733,Z07,DC-HYD,2024-03-29,2024-04-02
SO0003744,Z35,DC-HYD,2024-03-29,2024-04-01
SO0003734,Z11,DC-MUM,2024-03-29,2024-03-31
SO0003735,Z12,DC-MUM,2024-03-29,2024-03-31
SO0003736,Z15,DC-MUM,2024-03-29,2024-03-31
SO0003737,Z17,DC-MUM,2024-03-29,2024-04-01
SO0003738,Z21,DC-DEL,2024-03-29,2024-03-31
SO0003739,Z23,DC-DEL,2024-03-29,2024-03-31
SO0003740,Z24,DC-DEL,2024-03-29,2024-03-31
SO0003741,Z25,DC-DEL,2024-03-29,2024-03-31
SO0003719,Z36,DC-KOL,2024-03-27,2024-03-30
SO0003730,Z30,DC-KOL,2024-03-28,2024-03-31
SO0003731,Z36,DC-KOL,2024-03-28,2024-03-31
SO0003742,Z29,DC-KOL,2024-03-29,2024-03-31
SO0003743,Z32,DC-KOL,2024-03-29,2024-03-31
SO0003745,Z03,DC-HYD,2024-03-30,2024-04-02
SO0003746,Z05,DC-HYD,2024-03-30,2024-04-02
SO0003747,Z06,DC-HYD,2024-03-30,2024-04-02
SO0003748,Z08,DC-HYD,2024-03-30,2024-04-03
SO0003749,Z09,DC-HYD,2024-03-30,2024-04-03
SO0003750,Z14,DC-MUM,2024-03-30,2024-04-02
SO0003751,Z17,DC-MUM,2024-03-30,2024-04-02
SO0003752,Z22,DC-DEL,2024-03-30,2024-04-02
SO0003753,Z31,DC-KOL,2024-03-30,2024-04-02
SO0003754,Z34,DC-KOL,2024-03-30,2024-04-02
SO0003755,Z03,DC-HYD,2024-04-01,2024-04-04
SO0003756,Z04,DC-HYD,2024-04-01,2024-04-03
SO0003757,Z08,DC-HYD,2024-04-01,2024-04-05
SO0003758,Z10,DC-HYD,2024-04-01,2024-04-04
SO0003765,Z35,DC-HYD,2024-04-01,2024-04-04
SO0003759,Z11,DC-MUM,2024-04-01,2024-04-03
SO0003760,Z13,DC-MUM,2024-04-01,2024-04-03
SO0003761,Z15,DC-MUM,2024-04-01,2024-04-03
SO0003762,Z18,DC-MUM,2024-04-01,2024-04-04
SO0003763,Z26,DC-DEL,2024-04-01,2024-04-04
SO0003764,Z33,DC-KOL,2024-04-01,2024-04-04
SO0003766,Z01,DC-HYD,2024-04-02,2024-04-04
SO0003767,Z02,DC-HYD,2024-04-02,2024-04-04
SO0003768,Z04,DC-HYD,2024-04-02,2024-04-04
SO0003769,Z10,DC-HYD,2024-04-02,2024-04-05
SO0003770,Z14,DC-MUM,2024-04-02,2024-04-05
SO0003771,Z19,DC-MUM,2024-04-02,2024-04-04
SO0003772,Z20,DC-DEL,2024-04-02,2024-04-04
SO0003773,Z22,DC-DEL,2024-04-02,2024-04-05
SO0003775,Z30,DC-KOL,2024-04-02,2024-04-05
SO0003776,Z34,DC-KOL,2024-04-02,2024-04-05
SO0003777,Z01,DC-HYD,2024-04-03,2024-04-05
SO0003778,Z06,DC-HYD,2024-04-03,2024-04-06
SO0003779,Z09,DC-HYD,2024-04-03,2024-04-07
SO0003780,Z16,DC-MUM,2024-04-03,2024-04-05
SO0003774,Z23,DC-DEL,2024-04-02,2024-04-04
SO0003781,Z21,DC-DEL,2024-04-03,2024-04-05
SO0003782,Z24,DC-DEL,2024-04-03,2024-04-05
SO0003783,Z25,DC-DEL,2024-04-03,2024-04-05
SO0003784,Z26,DC-DEL,2024-04-03,2024-04-06
SO0003787,Z29,DC-KOL,2024-04-03,2024-04-05
SO0003792,Z05,DC-HYD,2024-04-04,2024-04-07
SO0003793,Z07,DC-HYD,2024-04-04,2024-04-08
SO0003794,Z12,DC-MUM,2024-04-04,2024-04-06
SO0003795,Z13,DC-MUM,2024-04-04,2024-04-06
SO0003796,Z16,DC-MUM,2024-04-04,2024-04-06
SO0003797,Z18,DC-MUM,2024-04-04,2024-04-07
SO0003798,Z19,DC-MUM,2024-04-04,2024-04-06
SO0003785,Z27,DC-DEL,2024-04-03,2024-04-05
SO0003786,Z28,DC-DEL,2024-04-03,2024-04-06
SO0003799,Z20,DC-DEL,2024-04-04,2024-04-06
SO0003800,Z27,DC-DEL,2024-04-04,2024-04-06
SO0003801,Z28,DC-DEL,2024-04-04,2024-04-07
SO0003788,Z31,DC-KOL,2024-04-03,2024-04-06
SO0003789,Z32,DC-KOL,2024-04-03,2024-04-05
SO0003790,Z33,DC-KOL,2024-04-03,2024-04-06
SO0003804,Z02,DC-HYD,2024-04-05,2024-04-07
SO0003805,Z07,DC-HYD,2024-04-05,2024-04-09
SO0003816,Z35,DC-HYD,2024-04-05,2024-04-08
SO0003806,Z11,DC-MUM,2024-04-05,2024-04-07
SO0003807,Z12,DC-MUM,2024-04-05,2024-04-07
SO0003808,Z15,DC-MUM,2024-04-05,2024-04-07
SO0003809,Z17,DC-MUM,2024-04-05,2024-04-08
SO0003810,Z21,DC-DEL,2024-04-05,2024-04-07
SO0003811,Z23,DC-DEL,2024-04-05,2024-04-07
SO0003812,Z24,DC-DEL,2024-04-05,2024-04-07
SO0003813,Z25,DC-DEL,2024-04-05,2024-04-07
SO0003791,Z36,DC-KOL,2024-04-03,2024-04-06
SO0003802,Z30,DC-KOL,2024-04-04,2024-04-07
SO0003803,Z36,DC-KOL,2024-04-04,2024-04-07
SO0003817,Z03,DC-HYD,2024-04-06,2024-04-09
SO0003818,Z05,DC-HYD,2024-04-06,2024-04-09
SO0003819,Z06,DC-HYD,2024-04-06,2024-04-09
SO0003820,Z08,DC-HYD,2024-04-06,2024-04-10
SO0003821,Z09,DC-HYD,2024-04-06,2024-04-10
SO0003822,Z14,DC-MUM,2024-04-06,2024-04-09
SO0003823,Z17,DC-MUM,2024-04-06,2024-04-09
SO0003824,Z22,DC-DEL,2024-04-06,2024-04-09
SO0003814,Z29,DC-KOL,2024-04-05,2024-04-07
SO0003815,Z32,DC-KOL,2024-04-05,2024-04-07
SO0003825,Z31,DC-KOL,2024-04-06,2024-04-09
SO0003826,Z34,DC-KOL,2024-04-06,2024-04-09
SO0003827,Z03,DC-HYD,2024-04-08,2024-04-11
SO0003828,Z04,DC-HYD,2024-04-08,2024-04-10
SO0003829,Z08,DC-HYD,2024-04-08,2024-04-12
SO0003830,Z10,DC-HYD,2024-04-08,2024-04-11
SO0003837,Z35,DC-HYD,2024-04-08,2024-04-11
SO0003831,Z11,DC-MUM,2024-04-08,2024-04-10
SO0003832,Z13,DC-MUM,2024-04-08,2024-04-10
SO0003833,Z15,DC-MUM,2024-04-08,2024-04-10
SO0003834,Z18,DC-MUM,2024-04-08,2024-04-11
SO0003835,Z26,DC-DEL,2024-04-08,2024-04-11
SO0003836,Z33,DC-KOL,2024-04-08,2024-04-11
SO0003838,Z01,DC-HYD,2024-04-09,2024-04-11
SO0003839,Z02,DC-HYD,2024-04-09,2024-04-11
SO0003840,Z04,DC-HYD,2024-04-09,2024-04-11
SO0003841,Z10,DC-HYD,2024-04-09,2024-04-12
SO0003842,Z14,DC-MUM,2024-04-09,2024-04-12
SO0003843,Z19,DC-MUM,2024-04-09,2024-04-11
SO0003844,Z20,DC-DEL,2024-04-09,2024-04-11
SO0003845,Z22,DC-DEL,2024-04-09,2024-04-12
SO0003847,Z30,DC-KOL,2024-04-09,2024-04-12
SO0003848,Z34,DC-KOL,2024-04-09,2024-04-12
SO0003849,Z01,DC-HYD,2024-04-10,2024-04-12
SO0003850,Z06,DC-HYD,2024-04-10,2024-04-13
SO0003851,Z09,DC-HYD,2024-04-10,2024-04-14
SO0003852,Z16,DC-MUM,2024-04-10,2024-04-12
SO0003846,Z23,DC-DEL,2024-04-09,2024-04-11
SO0003853,Z21,DC-DEL,2024-04-10,2024-04-12
SO0003854,Z24,DC-DEL,2024-04-10,2024-04-12
SO0003855,Z25,DC-DEL,2024-04-10,2024-04-12
SO0003856,Z26,DC-DEL,2024-04-10,2024-04-13
SO0003857,Z27,DC-DEL,2024-04-10,2024-04-12
SO0003859,Z29,DC-KOL,2024-04-10,2024-04-12
SO0003864,Z05,DC-HYD,2024-04-11,2024-04-14
SO0003865,Z07,DC-HYD,2024-04-11,2024-04-15
SO0003866,Z12,DC-MUM,2024-04-11,2024-04-13
SO0003867,Z13,DC-MUM,2024-04-11,2024-04-13
SO0003868,Z16,DC-MUM,2024-04-11,2024-04-13
SO0003869,Z18,DC-MUM,2024-04-11,2024-04-14
SO0003870,Z19,DC-MUM,2024-04-11,2024-04-13
SO0003858,Z28,DC-DEL,2024-04-10,2024-04-13
SO0003871,Z20,DC-DEL,2024-04-11,2024-04-13
SO0003872,Z27,DC-DEL,2024-04-11,2024-04-13
SO0003873,Z28,DC-DEL,2024-04-11,2024-04-14
SO0003860,Z31,DC-KOL,2024-04-10,2024-04-13
SO0003861,Z32,DC-KOL,2024-04-10,2024-04-12
SO0003862,Z33,DC-KOL,2024-04-10,2024-04-13
SO0003876,Z02,DC-HYD,2024-04-12,2024-04-14
SO0003877,Z07,DC-HYD,2024-04-12,2024-04-16
SO0003888,Z35,DC-HYD,2024-04-12,2024-04-15
SO0003878,Z11,DC-MUM,2024-04-12,2024-04-14
SO0003879,Z12,DC-MUM,2024-04-12,2024-04-14
SO0003880,Z15,DC-MUM,2024-04-12,2024-04-14
SO0003882,Z21,DC-DEL,2024-04-12,2024-04-14
SO0003883,Z23,DC-DEL,2024-04-12,2024-04-14
SO0003884,Z24,DC-DEL,2024-04-12,2024-04-14
SO0003885,Z25,DC-DEL,2024-04-12,2024-04-14
SO0003863,Z36,DC-KOL,2024-04-10,2024-04-13
SO0003874,Z30,DC-KOL,2024-04-11,2024-04-14
SO0003875,Z36,DC-KOL,2024-04-11,2024-04-14
SO0003886,Z29,DC-KOL,2024-04-12,2024-04-14
SO0003889,Z03,DC-HYD,2024-04-13,2024-04-16
SO0003890,Z05,DC-HYD,2024-04-13,2024-04-16
SO0003891,Z06,DC-HYD,2024-04-13,2024-04-16
SO0003892,Z08,DC-HYD,2024-04-13,2024-04-17
SO0003893,Z09,DC-HYD,2024-04-13,2024-04-17
SO0003881,Z17,DC-MUM,2024-04-12,2024-04-15
SO0003894,Z14,DC-MUM,2024-04-13,2024-04-16
SO0003895,Z17,DC-MUM,2024-04-13,2024-04-16
SO0003896,Z22,DC-DEL,2024-04-13,2024-04-16
SO0003887,Z32,DC-KOL,2024-04-12,2024-04-14
SO0003897,Z31,DC-KOL,2024-04-13,2024-04-16
SO0003898,Z34,DC-KOL,2024-04-13,2024-04-16
SO0003899,Z03,DC-HYD,2024-04-15,2024-04-18
SO0003900,Z04,DC-HYD,2024-04-15,2024-04-17
SO0003901,Z08,DC-HYD,2024-04-15,2024-04-19
SO0003902,Z10,DC-HYD,2024-04-15,2024-04-18
SO0003909,Z35,DC-HYD,2024-04-15,2024-04-18
SO0003903,Z11,DC-MUM,2024-04-15,2024-04-17
SO0003904,Z13,DC-MUM,2024-04-15,2024-04-17
SO0003905,Z15,DC-MUM,2024-04-15,2024-04-17
SO0003906,Z18,DC-MUM,2024-04-15,2024-04-18
SO0003907,Z26,DC-DEL,2024-04-15,2024-04-18
SO0003908,Z33,DC-KOL,2024-04-15,2024-04-18
SO0003910,Z01,DC-HYD,2024-04-16,2024-04-18
SO0003911,Z02,DC-HYD,2024-04-16,2024-04-18
SO0003912,Z04,DC-HYD,2024-04-16,2024-04-18
SO0003913,Z10,DC-HYD,2024-04-16,2024-04-19
SO0003914,Z14,DC-MUM,2024-04-16,2024-04-19
SO0003915,Z19,DC-MUM,2024-04-16,2024-04-18
SO0003916,Z20,DC-DEL,2024-04-16,2024-04-18
SO0003917,Z22,DC-DEL,2024-04-16,2024-04-19
SO0003919,Z30,DC-KOL,2024-04-16,2024-04-19
SO0003920,Z34,DC-KOL,2024-04-16,2024-04-19
SO0003921,Z01,DC-HYD,2024-04-17,2024-04-19
SO0003922,Z06,DC-HYD,2024-04-17,2024-04-20
SO0003923,Z09,DC-HYD,2024-04-17,2024-04-21
SO0003924,Z16,DC-MUM,2024-04-17,2024-04-19
SO0003918,Z23,DC-DEL,2024-04-16,2024-04-18
SO0003925,Z21,DC-DEL,2024-04-17,2024-04-19
SO0003926,Z24,DC-DEL,2024-04-17,2024-04-19
SO0003927,Z25,DC-DEL,2024-04-17,2024-04-19
SO0003928,Z26,DC-DEL,2024-04-17,2024-04-20
SO0003931,Z29,DC-KOL,2024-04-17,2024-04-19
SO0003936,Z05,DC-HYD,2024-04-18,2024-04-21
SO0003937,Z07,DC-HYD,2024-04-18,2024-04-22
SO0003938,Z12,DC-MUM,2024-04-18,2024-04-20
SO0003939,Z13,DC-MUM,2024-04-18,2024-04-20
SO0003940,Z16,DC-MUM,2024-04-18,2024-04-20
SO0003941,Z18,DC-MUM,2024-04-18,2024-04-21
SO0003942,Z19,DC-MUM,2024-04-18,2024-04-20
SO0003929,Z27,DC-DEL,2024-04-17,2024-04-19
SO0003930,Z28,DC-DEL,2024-04-17,2024-04-20
SO0003943,Z20,DC-DEL,2024-04-18,2024-04-20
SO0003944,Z27,DC-DEL,2024-04-18,2024-04-20
SO0003945,Z28,DC-DEL,2024-04-18,2024-04-21
SO0003932,Z31,DC-KOL,2024-04-17,2024-04-20
SO0003933,Z32,DC-KOL,2024-04-17,2024-04-19
SO0003934,Z33,DC-KOL,2024-04-17,2024-04-20
SO0003948,Z02,DC-HYD,2024-04-19,2024-04-21
SO0003949,Z07,DC-HYD,2024-04-19,2024-04-23
SO0003960,Z35,DC-HYD,2024-04-19,2024-04-22
SO0003950,Z11,DC-MUM,2024-04-19,2024-04-21
SO0003951,Z12,DC-MUM,2024-04-19,2024-04-21
SO0003952,Z15,DC-MUM,2024-04-19,2024-04-21
SO0003953,Z17,DC-MUM,2024-04-19,2024-04-22
SO0003954,Z21,DC-DEL,2024-04-19,2024-04-21
SO0003955,Z23,DC-DEL,2024-04-19,2024-04-21
SO0003956,Z24,DC-DEL,2024-04-19,2024-04-21
SO0003957,Z25,DC-DEL,2024-04-19,2024-04-21
SO0003935,Z36,DC-KOL,2024-04-17,2024-04-20
SO0003946,Z30,DC-KOL,2024-04-18,2024-04-21
SO0003947,Z36,DC-KOL,2024-04-18,2024-04-21
SO0003958,Z29,DC-KOL,2024-04-19,2024-04-21
SO0003961,Z03,DC-HYD,2024-04-20,2024-04-23
SO0003962,Z05,DC-HYD,2024-04-20,2024-04-23
SO0003963,Z06,DC-HYD,2024-04-20,2024-04-23
SO0003964,Z08,DC-HYD,2024-04-20,2024-04-24
SO0003965,Z09,DC-HYD,2024-04-20,2024-04-24
SO0003966,Z14,DC-MUM,2024-04-20,2024-04-23
SO0003967,Z17,DC-MUM,2024-04-20,2024-04-23
SO0003968,Z22,DC-DEL,2024-04-20,2024-04-23
SO0003959,Z32,DC-KOL,2024-04-19,2024-04-21
SO0003969,Z31,DC-KOL,2024-04-20,2024-04-23
SO0003970,Z34,DC-KOL,2024-04-20,2024-04-23
SO0003971,Z03,DC-HYD,2024-04-22,2024-04-25
SO0003972,Z04,DC-HYD,2024-04-22,2024-04-24
SO0003973,Z08,DC-HYD,2024-04-22,2024-04-26
SO0003974,Z10,DC-HYD,2024-04-22,2024-04-25
SO0003981,Z35,DC-HYD,2024-04-22,2024-04-25
SO0003975,Z11,DC-MUM,2024-04-22,2024-04-24
SO0003976,Z13,DC-MUM,2024-04-22,2024-04-24
SO0003977,Z15,DC-MUM,2024-04-22,2024-04-24
SO0003978,Z18,DC-MUM,2024-04-22,2024-04-25
SO0003979,Z26,DC-DEL,2024-04-22,2024-04-25
SO0003980,Z33,DC-KOL,2024-04-22,2024-04-25
SO0003982,Z01,DC-HYD,2024-04-23,2024-04-25
SO0003983,Z02,DC-HYD,2024-04-23,2024-04-25
SO0003984,Z04,DC-HYD,2024-04-23,2024-04-25
SO0003985,Z10,DC-HYD,2024-04-23,2024-04-26
SO0003986,Z14,DC-MUM,2024-04-23,2024-04-26
SO0003987,Z19,DC-MUM,2024-04-23,2024-04-25
SO0003988,Z20,DC-DEL,2024-04-23,2024-04-25
SO0003989,Z22,DC-DEL,2024-04-23,2024-04-26
SO0003990,Z23,DC-DEL,2024-04-23,2024-04-25
SO0003991,Z30,DC-KOL,2024-04-23,2024-04-26
SO0003992,Z34,DC-KOL,2024-04-23,2024-04-26
SO0003993,Z01,DC-HYD,2024-04-24,2024-04-26
SO0003994,Z06,DC-HYD,2024-04-24,2024-04-27
SO0003995,Z09,DC-HYD,2024-04-24,2024-04-28
SO0003996,Z16,DC-MUM,2024-04-24,2024-04-26
SO0003997,Z21,DC-DEL,2024-04-24,2024-04-26
SO0003998,Z24,DC-DEL,2024-04-24,2024-04-26
SO0003999,Z25,DC-DEL,2024-04-24,2024-04-26
SO0004000,Z26,DC-DEL,2024-04-24,2024-04-27
SO0004001,Z27,DC-DEL,2024-04-24,2024-04-26
SO0004003,Z29,DC-KOL,2024-04-24,2024-04-26
SO0004008,Z05,DC-HYD,2024-04-25,2024-04-28
SO0004009,Z07,DC-HYD,2024-04-25,2024-04-29
SO0004010,Z12,DC-MUM,2024-04-25,2024-04-27
SO0004011,Z13,DC-MUM,2024-04-25,2024-04-27
SO0004012,Z16,DC-MUM,2024-04-25,2024-04-27
SO0004013,Z18,DC-MUM,2024-04-25,2024-04-28
SO0004014,Z19,DC-MUM,2024-04-25,2024-04-27
SO0004002,Z28,DC-DEL,2024-04-24,2024-04-27
SO0004015,Z20,DC-DEL,2024-04-25,2024-04-27
SO0004016,Z27,DC-DEL,2024-04-25,2024-04-27
SO0004017,Z28,DC-DEL,2024-04-25,2024-04-28
SO0004004,Z31,DC-KOL,2024-04-24,2024-04-27
SO0004005,Z32,DC-KOL,2024-04-24,2024-04-26
SO0004006,Z33,DC-KOL,2024-04-24,2024-04-27
SO0004020,Z02,DC-HYD,2024-04-26,2024-04-28
SO0004021,Z07,DC-HYD,2024-04-26,2024-04-30
SO0004032,Z35,DC-HYD,2024-04-26,2024-04-29
SO0004022,Z11,DC-MUM,2024-04-26,2024-04-28
SO0004023,Z12,DC-MUM,2024-04-26,2024-04-28
SO0004024,Z15,DC-MUM,2024-04-26,2024-04-28
SO0004025,Z17,DC-MUM,2024-04-26,2024-04-29
SO0004026,Z21,DC-DEL,2024-04-26,2024-04-28
SO0004027,Z23,DC-DEL,2024-04-26,2024-04-28
SO0004028,Z24,DC-DEL,2024-04-26,2024-04-28
SO0004029,Z25,DC-DEL,2024-04-26,2024-04-28
SO0004007,Z36,DC-KOL,2024-04-24,2024-04-27
SO0004018,Z30,DC-KOL,2024-04-25,2024-04-28
SO0004019,Z36,DC-KOL,2024-04-25,2024-04-28
SO0004033,Z03,DC-HYD,2024-04-27,2024-04-30
SO0004034,Z05,DC-HYD,2024-04-27,2024-04-30
SO0004035,Z06,DC-HYD,2024-04-27,2024-04-30
SO0004036,Z08,DC-HYD,2024-04-27,2024-05-01
SO0004037,Z09,DC-HYD,2024-04-27,2024-05-01
SO0004038,Z14,DC-MUM,2024-04-27,2024-04-30
SO0004039,Z17,DC-MUM,2024-04-27,2024-04-30
SO0004040,Z22,DC-DEL,2024-04-27,2024-04-30
SO0004030,Z29,DC-KOL,2024-04-26,2024-04-28
SO0004031,Z32,DC-KOL,2024-04-26,2024-04-28
SO0004041,Z31,DC-KOL,2024-04-27,2024-04-30
SO0004043,Z03,DC-HYD,2024-04-29,2024-05-02
SO0004044,Z04,DC-HYD,2024-04-29,2024-05-01
SO0004045,Z08,DC-HYD,2024-04-29,2024-05-03
SO0004046,Z10,DC-HYD,2024-04-29,2024-05-02
SO0004053,Z35,DC-HYD,2024-04-29,2024-05-02
SO0004047,Z11,DC-MUM,2024-04-29,2024-05-01
SO0004048,Z13,DC-MUM,2024-04-29,2024-05-01
SO0004049,Z15,DC-MUM,2024-04-29,2024-05-01
SO0004050,Z18,DC-MUM,2024-04-29,2024-05-02
SO0004051,Z26,DC-DEL,2024-04-29,2024-05-02
SO0004042,Z34,DC-KOL,2024-04-27,2024-04-30
SO0004052,Z33,DC-KOL,2024-04-29,2024-05-02
SO0004054,Z01,DC-HYD,2024-04-30,2024-05-02
SO0004055,Z02,DC-HYD,2024-04-30,2024-05-02
SO0004056,Z04,DC-HYD,2024-04-30,2024-05-02
SO0004057,Z10,DC-HYD,2024-04-30,2024-05-03
SO0004058,Z14,DC-MUM,2024-04-30,2024-05-03
SO0004059,Z19,DC-MUM,2024-04-30,2024-05-02
SO0004060,Z20,DC-DEL,2024-04-30,2024-05-02
SO0004063,Z30,DC-KOL,2024-04-30,2024-05-03
SO0004064,Z34,DC-KOL,2024-04-30,2024-05-03
SO0004065,Z01,DC-HYD,2024-05-01,2024-05-03
SO0004066,Z06,DC-HYD,2024-05-01,2024-05-04
SO0004067,Z09,DC-HYD,2024-05-01,2024-05-05
SO0004068,Z16,DC-MUM,2024-05-01,2024-05-03
SO0004061,Z22,DC-DEL,2024-04-30,2024-05-03
SO0004062,Z23,DC-DEL,2024-04-30,2024-05-02
SO0004069,Z21,DC-DEL,2024-05-01,2024-05-03
SO0004070,Z24,DC-DEL,2024-05-01,2024-05-03
SO0004071,Z25,DC-DEL,2024-05-01,2024-05-03
SO0004075,Z29,DC-KOL,2024-05-01,2024-05-03
SO0004080,Z05,DC-HYD,2024-05-02,2024-05-05
SO0004081,Z07,DC-HYD,2024-05-02,2024-05-06
SO0004082,Z12,DC-MUM,2024-05-02,2024-05-04
SO0004083,Z13,DC-MUM,2024-05-02,2024-05-04
SO0004084,Z16,DC-MUM,2024-05-02,2024-05-04
SO0004085,Z18,DC-MUM,2024-05-02,2024-05-05
SO0004086,Z19,DC-MUM,2024-05-02,2024-05-04
SO0004072,Z26,DC-DEL,2024-05-01,2024-05-04
SO0004073,Z27,DC-DEL,2024-05-01,2024-05-03
SO0004074,Z28,DC-DEL,2024-05-01,2024-05-04
SO0004087,Z20,DC-DEL,2024-05-02,2024-05-04
SO0004088,Z27,DC-DEL,2024-05-02,2024-05-04
SO0004089,Z28,DC-DEL,2024-05-02,2024-05-05
SO0004076,Z31,DC-KOL,2024-05-01,2024-05-04
SO0004077,Z32,DC-KOL,2024-05-01,2024-05-03
SO0004078,Z33,DC-KOL,2024-05-01,2024-05-04
SO0004092,Z02,DC-HYD,2024-05-03,2024-05-05
SO0004093,Z07,DC-HYD,2024-05-03,2024-05-07
SO0004104,Z35,DC-HYD,2024-05-03,2024-05-06
SO0004094,Z11,DC-MUM,2024-05-03,2024-05-05
SO0004095,Z12,DC-MUM,2024-05-03,2024-05-05
SO0004096,Z15,DC-MUM,2024-05-03,2024-05-05
SO0004097,Z17,DC-MUM,2024-05-03,2024-05-06
SO0004098,Z21,DC-DEL,2024-05-03,2024-05-05
SO0004099,Z23,DC-DEL,2024-05-03,2024-05-05
SO0004100,Z24,DC-DEL,2024-05-03,2024-05-05
SO0004101,Z25,DC-DEL,2024-05-03,2024-05-05
SO0004079,Z36,DC-KOL,2024-05-01,2024-05-04
SO0004090,Z30,DC-KOL,2024-05-02,2024-05-05
SO0004091,Z36,DC-KOL,2024-05-02,2024-05-05
SO0004102,Z29,DC-KOL,2024-05-03,2024-05-05
SO0004103,Z32,DC-KOL,2024-05-03,2024-05-05
SO0004105,Z03,DC-HYD,2024-05-04,2024-05-07
SO0004106,Z05,DC-HYD,2024-05-04,2024-05-07
SO0004107,Z06,DC-HYD,2024-05-04,2024-05-07
SO0004108,Z08,DC-HYD,2024-05-04,2024-05-08
SO0004109,Z09,DC-HYD,2024-05-04,2024-05-08
SO0004110,Z14,DC-MUM,2024-05-04,2024-05-07
SO0004111,Z17,DC-MUM,2024-05-04,2024-05-07
SO0004112,Z22,DC-DEL,2024-05-04,2024-05-07
SO0004113,Z31,DC-KOL,2024-05-04,2024-05-07
SO0004114,Z34,DC-KOL,2024-05-04,2024-05-07
SO0004115,Z03,DC-HYD,2024-05-06,2024-05-09
SO0004116,Z04,DC-HYD,2024-05-06,2024-05-08
SO0004117,Z08,DC-HYD,2024-05-06,2024-05-10
SO0004118,Z10,DC-HYD,2024-05-06,2024-05-09
SO0004125,Z35,DC-HYD,2024-05-06,2024-05-09
SO0004119,Z11,DC-MUM,2024-05-06,2024-05-08
SO0004120,Z13,DC-MUM,2024-05-06,2024-05-08
SO0004121,Z15,DC-MUM,2024-05-06,2024-05-08
SO0004122,Z18,DC-MUM,2024-05-06,2024-05-09
SO0004123,Z26,DC-DEL,2024-05-06,2024-05-09
SO0004124,Z33,DC-KOL,2024-05-06,2024-05-09
SO0004126,Z01,DC-HYD,2024-05-07,2024-05-09
SO0004127,Z02,DC-HYD,2024-05-07,2024-05-09
SO0004128,Z04,DC-HYD,2024-05-07,2024-05-09
SO0004129,Z10,DC-HYD,2024-05-07,2024-05-10
SO0004130,Z14,DC-MUM,2024-05-07,2024-05-10
SO0004131,Z19,DC-MUM,2024-05-07,2024-05-09
SO0004132,Z20,DC-DEL,2024-05-07,2024-05-09
SO0004133,Z22,DC-DEL,2024-05-07,2024-05-10
SO0004134,Z23,DC-DEL,2024-05-07,2024-05-09
SO0004135,Z30,DC-KOL,2024-05-07,2024-05-10
SO0004136,Z34,DC-KOL,2024-05-07,2024-05-10
SO0004137,Z01,DC-HYD,2024-05-08,2024-05-10
SO0004138,Z06,DC-HYD,2024-05-08,2024-05-11
SO0004139,Z09,DC-HYD,2024-05-08,2024-05-12
SO0004140,Z16,DC-MUM,2024-05-08,2024-05-10
SO0004141,Z21,DC-DEL,2024-05-08,2024-05-10
SO0004142,Z24,DC-DEL,2024-05-08,2024-05-10
SO0004143,Z25,DC-DEL,2024-05-08,2024-05-10
SO0004144,Z26,DC-DEL,2024-05-08,2024-05-11
SO0004145,Z27,DC-DEL,2024-05-08,2024-05-10
SO0004147,Z29,DC-KOL,2024-05-08,2024-05-10
SO0004152,Z05,DC-HYD,2024-05-09,2024-05-12
SO0004153,Z07,DC-HYD,2024-05-09,2024-05-13
SO0004154,Z12,DC-MUM,2024-05-09,2024-05-11
SO0004155,Z13,DC-MUM,2024-05-09,2024-05-11
SO0004156,Z16,DC-MUM,2024-05-09,2024-05-11
SO0004157,Z18,DC-MUM,2024-05-09,2024-05-12
SO0004158,Z19,DC-MUM,2024-05-09,2024-05-11
SO0004146,Z28,DC-DEL,2024-05-08,2024-05-11
SO0004159,Z20,DC-DEL,2024-05-09,2024-05-11
SO0004160,Z27,DC-DEL,2024-05-09,2024-05-11
SO0004161,Z28,DC-DEL,2024-05-09,2024-05-12
SO0004148,Z31,DC-KOL,2024-05-08,2024-05-11
SO0004149,Z32,DC-KOL,2024-05-08,2024-05-10
SO0004164,Z02,DC-HYD,2024-05-10,2024-05-12
SO0004165,Z07,DC-HYD,2024-05-10,2024-05-14
SO0004176,Z35,DC-HYD,2024-05-10,2024-05-13
SO0004166,Z11,DC-MUM,2024-05-10,2024-05-12
SO0004167,Z12,DC-MUM,2024-05-10,2024-05-12
SO0004168,Z15,DC-MUM,2024-05-10,2024-05-12
SO0004170,Z21,DC-DEL,2024-05-10,2024-05-12
SO0004171,Z23,DC-DEL,2024-05-10,2024-05-12
SO0004172,Z24,DC-DEL,2024-05-10,2024-05-12
SO0004173,Z25,DC-DEL,2024-05-10,2024-05-12
SO0004150,Z33,DC-KOL,2024-05-08,2024-05-11
SO0004151,Z36,DC-KOL,2024-05-08,2024-05-11
SO0004162,Z30,DC-KOL,2024-05-09,2024-05-12
SO0004163,Z36,DC-KOL,2024-05-09,2024-05-12
SO0004177,Z03,DC-HYD,2024-05-11,2024-05-14
SO0004178,Z05,DC-HYD,2024-05-11,2024-05-14
SO0004179,Z06,DC-HYD,2024-05-11,2024-05-14
SO0004180,Z08,DC-HYD,2024-05-11,2024-05-15
SO0004181,Z09,DC-HYD,2024-05-11,2024-05-15
SO0004169,Z17,DC-MUM,2024-05-10,2024-05-13
SO0004182,Z14,DC-MUM,2024-05-11,2024-05-14
SO0004183,Z17,DC-MUM,2024-05-11,2024-05-14
SO0004184,Z22,DC-DEL,2024-05-11,2024-05-14
SO0004174,Z29,DC-KOL,2024-05-10,2024-05-12
SO0004175,Z32,DC-KOL,2024-05-10,2024-05-12
SO0004185,Z31,DC-KOL,2024-05-11,2024-05-14
SO0004187,Z03,DC-HYD,2024-05-13,2024-05-16
SO0004188,Z04,DC-HYD,2024-05-13,2024-05-15
SO0004189,Z08,DC-HYD,2024-05-13,2024-05-17
SO0004190,Z10,DC-HYD,2024-05-13,2024-05-16
SO0004197,Z35,DC-HYD,2024-05-13,2024-05-16
SO0004191,Z11,DC-MUM,2024-05-13,2024-05-15
SO0004192,Z13,DC-MUM,2024-05-13,2024-05-15
SO0004193,Z15,DC-MUM,2024-05-13,2024-05-15
SO0004194,Z18,DC-MUM,2024-05-13,2024-05-16
SO0004195,Z26,DC-DEL,2024-05-13,2024-05-16
SO0004186,Z34,DC-KOL,2024-05-11,2024-05-14
SO0004196,Z33,DC-KOL,2024-05-13,2024-05-16
SO0004198,Z01,DC-HYD,2024-05-14,2024-05-16
SO0004199,Z02,DC-HYD,2024-05-14,2024-05-16
SO0004200,Z04,DC-HYD,2024-05-14,2024-05-16
SO0004201,Z10,DC-HYD,2024-05-14,2024-05-17
SO0004202,Z14,DC-MUM,2024-05-14,2024-05-17
SO0004203,Z19,DC-MUM,2024-05-14,2024-05-16
SO0004204,Z20,DC-DEL,2024-05-14,2024-05-16
SO0004205,Z22,DC-DEL,2024-05-14,2024-05-17
SO0004207,Z30,DC-KOL,2024-05-14,2024-05-17
SO0004208,Z34,DC-KOL,2024-05-14,2024-05-17
SO0004209,Z01,DC-HYD,2024-05-15,2024-05-17
SO0004210,Z06,DC-HYD,2024-05-15,2024-05-18
SO0004211,Z09,DC-HYD,2024-05-15,2024-05-19
SO0004212,Z16,DC-MUM,2024-05-15,2024-05-17
SO0004206,Z23,DC-DEL,2024-05-14,2024-05-16
SO0004213,Z21,DC-DEL,2024-05-15,2024-05-17
SO0004214,Z24,DC-DEL,2024-05-15,2024-05-17
SO0004215,Z25,DC-DEL,2024-05-15,2024-05-17
SO0004216,Z26,DC-DEL,2024-05-15,2024-05-18
SO0004217,Z27,DC-DEL,2024-05-15,2024-05-17
SO0004219,Z29,DC-KOL,2024-05-15,2024-05-17
SO0004224,Z05,DC-HYD,2024-05-16,2024-05-19
SO0004225,Z07,DC-HYD,2024-05-16,2024-05-20
SO0004226,Z12,DC-MUM,2024-05-16,2024-05-18
SO0004227,Z13,DC-MUM,2024-05-16,2024-05-18
SO0004228,Z16,DC-MUM,2024-05-16,2024-05-18
SO0004229,Z18,DC-MUM,2024-05-16,2024-05-19
SO0004230,Z19,DC-MUM,2024-05-16,2024-05-18
SO0004218,Z28,DC-DEL,2024-05-15,2024-05-18
SO0004231,Z20,DC-DEL,2024-05-16,2024-05-18
SO0004232,Z27,DC-DEL,2024-05-16,2024-05-18
SO0004233,Z28,DC-DEL,2024-05-16,2024-05-19
SO0004220,Z31,DC-KOL,2024-05-15,2024-05-18
SO0004221,Z32,DC-KOL,2024-05-15,2024-05-17
SO0004222,Z33,DC-KOL,2024-05-15,2024-05-18
SO0004236,Z02,DC-HYD,2024-05-17,2024-05-19
SO0004237,Z07,DC-HYD,2024-05-17,2024-05-21
SO0004248,Z35,DC-HYD,2024-05-17,2024-05-20
SO0004238,Z11,DC-MUM,2024-05-17,2024-05-19
SO0004239,Z12,DC-MUM,2024-05-17,2024-05-19
SO0004240,Z15,DC-MUM,2024-05-17,2024-05-19
SO0004242,Z21,DC-DEL,2024-05-17,2024-05-19
SO0004243,Z23,DC-DEL,2024-05-17,2024-05-19
SO0004244,Z24,DC-DEL,2024-05-17,2024-05-19
SO0004245,Z25,DC-DEL,2024-05-17,2024-05-19
SO0004223,Z36,DC-KOL,2024-05-15,2024-05-18
SO0004234,Z30,DC-KOL,2024-05-16,2024-05-19
SO0004235,Z36,DC-KOL,2024-05-16,2024-05-19
SO0004249,Z03,DC-HYD,2024-05-18,2024-05-21
SO0004250,Z05,DC-HYD,2024-05-18,2024-05-21
SO0004251,Z06,DC-HYD,2024-05-18,2024-05-21
SO0004252,Z08,DC-HYD,2024-05-18,2024-05-22
SO0004253,Z09,DC-HYD,2024-05-18,2024-05-22
SO0004241,Z17,DC-MUM,2024-05-17,2024-05-20
SO0004254,Z14,DC-MUM,2024-05-18,2024-05-21
SO0004255,Z17,DC-MUM,2024-05-18,2024-05-21
SO0004256,Z22,DC-DEL,2024-05-18,2024-05-21
SO0004246,Z29,DC-KOL,2024-05-17,2024-05-19
SO0004247,Z32,DC-KOL,2024-05-17,2024-05-19
SO0004257,Z31,DC-KOL,2024-05-18,2024-05-21
SO0004259,Z03,DC-HYD,2024-05-20,2024-05-23
SO0004260,Z04,DC-HYD,2024-05-20,2024-05-22
SO0004261,Z08,DC-HYD,2024-05-20,2024-05-24
SO0004262,Z10,DC-HYD,2024-05-20,2024-05-23
SO0004269,Z35,DC-HYD,2024-05-20,2024-05-23
SO0004263,Z11,DC-MUM,2024-05-20,2024-05-22
SO0004264,Z13,DC-MUM,2024-05-20,2024-05-22
SO0004265,Z15,DC-MUM,2024-05-20,2024-05-22
SO0004266,Z18,DC-MUM,2024-05-20,2024-05-23
SO0004267,Z26,DC-DEL,2024-05-20,2024-05-23
SO0004258,Z34,DC-KOL,2024-05-18,2024-05-21
SO0004268,Z33,DC-KOL,2024-05-20,2024-05-23
SO0004270,Z01,DC-HYD,2024-05-21,2024-05-23
SO0004271,Z02,DC-HYD,2024-05-21,2024-05-23
SO0004272,Z04,DC-HYD,2024-05-21,2024-05-23
SO0004273,Z10,DC-HYD,2024-05-21,2024-05-24
SO0004274,Z14,DC-MUM,2024-05-21,2024-05-24
SO0004275,Z19,DC-MUM,2024-05-21,2024-05-23
SO0004276,Z20,DC-DEL,2024-05-21,2024-05-23
SO0004277,Z22,DC-DEL,2024-05-21,2024-05-24
SO0004278,Z23,DC-DEL,2024-05-21,2024-05-23
SO0004279,Z30,DC-KOL,2024-05-21,2024-05-24
SO0004280,Z34,DC-KOL,2024-05-21,2024-05-24
SO0004281,Z01,DC-HYD,2024-05-22,2024-05-24
SO0004282,Z06,DC-HYD,2024-05-22,2024-05-25
SO0004283,Z09,DC-HYD,2024-05-22,2024-05-26
SO0004284,Z16,DC-MUM,2024-05-22,2024-05-24
SO0004285,Z21,DC-DEL,2024-05-22,2024-05-24
SO0004286,Z24,DC-DEL,2024-05-22,2024-05-24
SO0004287,Z25,DC-DEL,2024-05-22,2024-05-24
SO0004288,Z26,DC-DEL,2024-05-22,2024-05-25
SO0004289,Z27,DC-DEL,2024-05-22,2024-05-24
SO0004291,Z29,DC-KOL,2024-05-22,2024-05-24
SO0004296,Z05,DC-HYD,2024-05-23,2024-05-26
SO0004297,Z07,DC-HYD,2024-05-23,2024-05-27
SO0004298,Z12,DC-MUM,2024-05-23,2024-05-25
SO0004299,Z13,DC-MUM,2024-05-23,2024-05-25
SO0004300,Z16,DC-MUM,2024-05-23,2024-05-25
SO0004301,Z18,DC-MUM,2024-05-23,2024-05-26
SO0004302,Z19,DC-MUM,2024-05-23,2024-05-25
SO0004290,Z28,DC-DEL,2024-05-22,2024-05-25
SO0004303,Z20,DC-DEL,2024-05-23,2024-05-25
SO0004304,Z27,DC-DEL,2024-05-23,2024-05-25
SO0004305,Z28,DC-DEL,2024-05-23,2024-05-26
SO0004292,Z31,DC-KOL,2024-05-22,2024-05-25
SO0004293,Z32,DC-KOL,2024-05-22,2024-05-24
SO0004294,Z33,DC-KOL,2024-05-22,2024-05-25
SO0004308,Z02,DC-HYD,2024-05-24,2024-05-26
SO0004309,Z07,DC-HYD,2024-05-24,2024-05-28
SO0004320,Z35,DC-HYD,2024-05-24,2024-05-27
SO0004310,Z11,DC-MUM,2024-05-24,2024-05-26
SO0004311,Z12,DC-MUM,2024-05-24,2024-05-26
SO0004312,Z15,DC-MUM,2024-05-24,2024-05-26
SO0004314,Z21,DC-DEL,2024-05-24,2024-05-26
SO0004315,Z23,DC-DEL,2024-05-24,2024-05-26
SO0004316,Z24,DC-DEL,2024-05-24,2024-05-26
SO0004317,Z25,DC-DEL,2024-05-24,2024-05-26
SO0004295,Z36,DC-KOL,2024-05-22,2024-05-25
SO0004306,Z30,DC-KOL,2024-05-23,2024-05-26
SO0004307,Z36,DC-KOL,2024-05-23,2024-05-26
SO0004318,Z29,DC-KOL,2024-05-24,2024-05-26
SO0004321,Z03,DC-HYD,2024-05-25,2024-05-28
SO0004322,Z05,DC-HYD,2024-05-25,2024-05-28
SO0004323,Z06,DC-HYD,2024-05-25,2024-05-28
SO0004324,Z08,DC-HYD,2024-05-25,2024-05-29
SO0004325,Z09,DC-HYD,2024-05-25,2024-05-29
SO0004313,Z17,DC-MUM,2024-05-24,2024-05-27
SO0004326,Z14,DC-MUM,2024-05-25,2024-05-28
SO0004327,Z17,DC-MUM,2024-05-25,2024-05-28
SO0004328,Z22,DC-DEL,2024-05-25,2024-05-28
SO0004319,Z32,DC-KOL,2024-05-24,2024-05-26
SO0004329,Z31,DC-KOL,2024-05-25,2024-05-28
SO0004330,Z34,DC-KOL,2024-05-25,2024-05-28
SO0004331,Z03,DC-HYD,2024-05-27,2024-05-30
SO0004332,Z04,DC-HYD,2024-05-27,2024-05-29
SO0004333,Z08,DC-HYD,2024-05-27,2024-05-31
SO0004334,Z10,DC-HYD,2024-05-27,2024-05-30
SO0004341,Z35,DC-HYD,2024-05-27,2024-05-30
SO0004335,Z11,DC-MUM,2024-05-27,2024-05-29
SO0004336,Z13,DC-MUM,2024-05-27,2024-05-29
SO0004337,Z15,DC-MUM,2024-05-27,2024-05-29
SO0004338,Z18,DC-MUM,2024-05-27,2024-05-30
SO0004339,Z26,DC-DEL,2024-05-27,2024-05-30
SO0004340,Z33,DC-KOL,2024-05-27,2024-05-30
SO0004342,Z01,DC-HYD,2024-05-28,2024-05-30
SO0004343,Z02,DC-HYD,2024-05-28,2024-05-30
SO0004344,Z04,DC-HYD,2024-05-28,2024-05-30
SO0004345,Z10,DC-HYD,2024-05-28,2024-05-31
SO0004346,Z14,DC-MUM,2024-05-28,2024-05-31
SO0004347,Z19,DC-MUM,2024-05-28,2024-05-30
SO0004348,Z20,DC-DEL,2024-05-28,2024-05-30
SO0004351,Z30,DC-KOL,2024-05-28,2024-05-31
SO0004352,Z34,DC-KOL,2024-05-28,2024-05-31
SO0004353,Z01,DC-HYD,2024-05-29,2024-05-31
SO0004354,Z06,DC-HYD,2024-05-29,2024-06-01
SO0004355,Z09,DC-HYD,2024-05-29,2024-06-02
SO0004356,Z16,DC-MUM,2024-05-29,2024-05-31
SO0004349,Z22,DC-DEL,2024-05-28,2024-05-31
SO0004350,Z23,DC-DEL,2024-05-28,2024-05-30
SO0004357,Z21,DC-DEL,2024-05-29,2024-05-31
SO0004358,Z24,DC-DEL,2024-05-29,2024-05-31
SO0004363,Z29,DC-KOL,2024-05-29,2024-05-31
SO0004368,Z05,DC-HYD,2024-05-30,2024-06-02
SO0004369,Z07,DC-HYD,2024-05-30,2024-06-03
SO0004370,Z12,DC-MUM,2024-05-30,2024-06-01
SO0004371,Z13,DC-MUM,2024-05-30,2024-06-01
SO0004372,Z16,DC-MUM,2024-05-30,2024-06-01
SO0004373,Z18,DC-MUM,2024-05-30,2024-06-02
SO0004374,Z19,DC-MUM,2024-05-30,2024-06-01
SO0004359,Z25,DC-DEL,2024-05-29,2024-05-31
SO0004360,Z26,DC-DEL,2024-05-29,2024-06-01
SO0004361,Z27,DC-DEL,2024-05-29,2024-05-31
SO0004362,Z28,DC-DEL,2024-05-29,2024-06-01
SO0004364,Z31,DC-KOL,2024-05-29,2024-06-01
SO0004365,Z32,DC-KOL,2024-05-29,2024-05-31
SO0004366,Z33,DC-KOL,2024-05-29,2024-06-01
SO0004380,Z02,DC-HYD,2024-05-31,2024-06-02
SO0004381,Z07,DC-HYD,2024-05-31,2024-06-04
SO0004392,Z35,DC-HYD,2024-05-31,2024-06-03
SO0004382,Z11,DC-MUM,2024-05-31,2024-06-02
SO0004383,Z12,DC-MUM,2024-05-31,2024-06-02
SO0004384,Z15,DC-MUM,2024-05-31,2024-06-02
SO0004385,Z17,DC-MUM,2024-05-31,2024-06-03
SO0004375,Z20,DC-DEL,2024-05-30,2024-06-01
SO0004376,Z27,DC-DEL,2024-05-30,2024-06-01
SO0004377,Z28,DC-DEL,2024-05-30,2024-06-02
SO0004386,Z21,DC-DEL,2024-05-31,2024-06-02
SO0004387,Z23,DC-DEL,2024-05-31,2024-06-02
SO0004388,Z24,DC-DEL,2024-05-31,2024-06-02
SO0004389,Z25,DC-DEL,2024-05-31,2024-06-02
SO0004367,Z36,DC-KOL,2024-05-29,2024-06-01
SO0004378,Z30,DC-KOL,2024-05-30,2024-06-02
SO0004379,Z36,DC-KOL,2024-05-30,2024-06-02
SO0004390,Z29,DC-KOL,2024-05-31,2024-06-02
SO0004391,Z32,DC-KOL,2024-05-31,2024-06-02
SO0004393,Z03,DC-HYD,2024-06-01,2024-06-04
SO0004394,Z05,DC-HYD,2024-06-01,2024-06-04
SO0004395,Z06,DC-HYD,2024-06-01,2024-06-04
SO0004396,Z08,DC-HYD,2024-06-01,2024-06-05
SO0004397,Z09,DC-HYD,2024-06-01,2024-06-05
SO0004398,Z14,DC-MUM,2024-06-01,2024-06-04
SO0004399,Z17,DC-MUM,2024-06-01,2024-06-04
SO0004400,Z22,DC-DEL,2024-06-01,2024-06-04
SO0004401,Z31,DC-KOL,2024-06-01,2024-06-04
SO0004402,Z34,DC-KOL,2024-06-01,2024-06-04
SO0004403,Z03,DC-HYD,2024-06-03,2024-06-06
SO0004404,Z04,DC-HYD,2024-06-03,2024-06-05
SO0004405,Z08,DC-HYD,2024-06-03,2024-06-07
SO0004406,Z10,DC-HYD,2024-06-03,2024-06-06
SO0004413,Z35,DC-HYD,2024-06-03,2024-06-06
SO0004407,Z11,DC-MUM,2024-06-03,2024-06-05
SO0004408,Z13,DC-MUM,2024-06-03,2024-06-05
SO0004409,Z15,DC-MUM,2024-06-03,2024-06-05
SO0004410,Z18,DC-MUM,2024-06-03,2024-06-06
SO0004411,Z26,DC-DEL,2024-06-03,2024-06-06
SO0004412,Z33,DC-KOL,2024-06-03,2024-06-06
SO0004414,Z01,DC-HYD,2024-06-04,2024-06-06
SO0004415,Z02,DC-HYD,2024-06-04,2024-06-06
SO0004416,Z04,DC-HYD,2024-06-04,2024-06-06
SO0004417,Z10,DC-HYD,2024-06-04,2024-06-07
SO0004418,Z14,DC-MUM,2024-06-04,2024-06-07
SO0004419,Z19,DC-MUM,2024-06-04,2024-06-06
SO0004420,Z20,DC-DEL,2024-06-04,2024-06-06
SO0004421,Z22,DC-DEL,2024-06-04,2024-06-07
SO0004423,Z30,DC-KOL,2024-06-04,2024-06-07
SO0004424,Z34,DC-KOL,2024-06-04,2024-06-07
SO0004425,Z01,DC-HYD,2024-06-05,2024-06-07
SO0004426,Z06,DC-HYD,2024-06-05,2024-06-08
SO0004427,Z09,DC-HYD,2024-06-05,2024-06-09
SO0004428,Z16,DC-MUM,2024-06-05,2024-06-07
SO0004422,Z23,DC-DEL,2024-06-04,2024-06-06
SO0004429,Z21,DC-DEL,2024-06-05,2024-06-07
SO0004430,Z24,DC-DEL,2024-06-05,2024-06-07
SO0004431,Z25,DC-DEL,2024-06-05,2024-06-07
SO0004432,Z26,DC-DEL,2024-06-05,2024-06-08
SO0004435,Z29,DC-KOL,2024-06-05,2024-06-07
SO0004440,Z05,DC-HYD,2024-06-06,2024-06-09
SO0004441,Z07,DC-HYD,2024-06-06,2024-06-10
SO0004442,Z12,DC-MUM,2024-06-06,2024-06-08
SO0004443,Z13,DC-MUM,2024-06-06,2024-06-08
SO0004444,Z16,DC-MUM,2024-06-06,2024-06-08
SO0004445,Z18,DC-MUM,2024-06-06,2024-06-09
SO0004446,Z19,DC-MUM,2024-06-06,2024-06-08
SO0004433,Z27,DC-DEL,2024-06-05,2024-06-07
SO0004434,Z28,DC-DEL,2024-06-05,2024-06-08
SO0004447,Z20,DC-DEL,2024-06-06,2024-06-08
SO0004448,Z27,DC-DEL,2024-06-06,2024-06-08
SO0004449,Z28,DC-DEL,2024-06-06,2024-06-09
SO0004436,Z31,DC-KOL,2024-06-05,2024-06-08
SO0004437,Z32,DC-KOL,2024-06-05,2024-06-07
SO0004438,Z33,DC-KOL,2024-06-05,2024-06-08
SO0004452,Z02,DC-HYD,2024-06-07,2024-06-09
SO0004453,Z07,DC-HYD,2024-06-07,2024-06-11
SO0004464,Z35,DC-HYD,2024-06-07,2024-06-10
SO0004454,Z11,DC-MUM,2024-06-07,2024-06-09
SO0004455,Z12,DC-MUM,2024-06-07,2024-06-09
SO0004456,Z15,DC-MUM,2024-06-07,2024-06-09
SO0004457,Z17,DC-MUM,2024-06-07,2024-06-10
SO0004458,Z21,DC-DEL,2024-06-07,2024-06-09
SO0004459,Z23,DC-DEL,2024-06-07,2024-06-09
SO0004460,Z24,DC-DEL,2024-06-07,2024-06-09
SO0004461,Z25,DC-DEL,2024-06-07,2024-06-09
SO0004439,Z36,DC-KOL,2024-06-05,2024-06-08
SO0004450,Z30,DC-KOL,2024-06-06,2024-06-09
SO0004451,Z36,DC-KOL,2024-06-06,2024-06-09
SO0004462,Z29,DC-KOL,2024-06-07,2024-06-09
SO0004465,Z03,DC-HYD,2024-06-08,2024-06-11
SO0004466,Z05,DC-HYD,2024-06-08,2024-06-11
SO0004467,Z06,DC-HYD,2024-06-08,2024-06-11
SO0004468,Z08,DC-HYD,2024-06-08,2024-06-12
SO0004469,Z09,DC-HYD,2024-06-08,2024-06-12
SO0004470,Z14,DC-MUM,2024-06-08,2024-06-11
SO0004471,Z17,DC-MUM,2024-06-08,2024-06-11
SO0004472,Z22,DC-DEL,2024-06-08,2024-06-11
SO0004463,Z32,DC-KOL,2024-06-07,2024-06-09
SO0004473,Z31,DC-KOL,2024-06-08,2024-06-11
SO0004474,Z34,DC-KOL,2024-06-08,2024-06-11
SO0004475,Z03,DC-HYD,2024-06-10,2024-06-13
SO0004476,Z04,DC-HYD,2024-06-10,2024-06-12
SO0004477,Z08,DC-HYD,2024-06-10,2024-06-14
SO0004478,Z10,DC-HYD,2024-06-10,2024-06-13
SO0004485,Z35,DC-HYD,2024-06-10,2024-06-13
SO0004479,Z11,DC-MUM,2024-06-10,2024-06-12
SO0004480,Z13,DC-MUM,2024-06-10,2024-06-12
SO0004481,Z15,DC-MUM,2024-06-10,2024-06-12
SO0004482,Z18,DC-MUM,2024-06-10,2024-06-13
SO0004483,Z26,DC-DEL,2024-06-10,2024-06-13
SO0004484,Z33,DC-KOL,2024-06-10,2024-06-13
SO0004486,Z01,DC-HYD,2024-06-11,2024-06-13
SO0004487,Z02,DC-HYD,2024-06-11,2024-06-13
SO0004488,Z04,DC-HYD,2024-06-11,2024-06-13
SO0004489,Z10,DC-HYD,2024-06-11,2024-06-14
SO0004490,Z14,DC-MUM,2024-06-11,2024-06-14
SO0004491,Z19,DC-MUM,2024-06-11,2024-06-13
SO0004492,Z20,DC-DEL,2024-06-11,2024-06-13
SO0004493,Z22,DC-DEL,2024-06-11,2024-06-14
SO0004494,Z23,DC-DEL,2024-06-11,2024-06-13
SO0004495,Z30,DC-KOL,2024-06-11,2024-06-14
SO0004496,Z34,DC-KOL,2024-06-11,2024-06-14
SO0004497,Z01,DC-HYD,2024-06-12,2024-06-14
SO0004498,Z06,DC-HYD,2024-06-12,2024-06-15
SO0004499,Z09,DC-HYD,2024-06-12,2024-06-16
SO0004500,Z16,DC-MUM,2024-06-12,2024-06-14
SO0004501,Z21,DC-DEL,2024-06-12,2024-06-14
SO0004502,Z24,DC-DEL,2024-06-12,2024-06-14
SO0004503,Z25,DC-DEL,2024-06-12,2024-06-14
SO0004504,Z26,DC-DEL,2024-06-12,2024-06-15
SO0004505,Z27,DC-DEL,2024-06-12,2024-06-14
SO0004507,Z29,DC-KOL,2024-06-12,2024-06-14
SO0004512,Z05,DC-HYD,2024-06-13,2024-06-16
SO0004513,Z07,DC-HYD,2024-06-13,2024-06-17
SO0004514,Z12,DC-MUM,2024-06-13,2024-06-15
SO0004515,Z13,DC-MUM,2024-06-13,2024-06-15
SO0004516,Z16,DC-MUM,2024-06-13,2024-06-15
SO0004517,Z18,DC-MUM,2024-06-13,2024-06-16
SO0004518,Z19,DC-MUM,2024-06-13,2024-06-15
SO0004506,Z28,DC-DEL,2024-06-12,2024-06-15
SO0004519,Z20,DC-DEL,2024-06-13,2024-06-15
SO0004520,Z27,DC-DEL,2024-06-13,2024-06-15
SO0004521,Z28,DC-DEL,2024-06-13,2024-06-16
SO0004508,Z31,DC-KOL,2024-06-12,2024-06-15
SO0004509,Z32,DC-KOL,2024-06-12,2024-06-14
SO0004524,Z02,DC-HYD,2024-06-14,2024-06-16
SO0004525,Z07,DC-HYD,2024-06-14,2024-06-18
SO0004536,Z35,DC-HYD,2024-06-14,2024-06-17
SO0004526,Z11,DC-MUM,2024-06-14,2024-06-16
SO0004527,Z12,DC-MUM,2024-06-14,2024-06-16
SO0004528,Z15,DC-MUM,2024-06-14,2024-06-16
SO0004529,Z17,DC-MUM,2024-06-14,2024-06-17
SO0004530,Z21,DC-DEL,2024-06-14,2024-06-16
SO0004531,Z23,DC-DEL,2024-06-14,2024-06-16
SO0004532,Z24,DC-DEL,2024-06-14,2024-06-16
SO0004533,Z25,DC-DEL,2024-06-14,2024-06-16
SO0004510,Z33,DC-KOL,2024-06-12,2024-06-15
SO0004511,Z36,DC-KOL,2024-06-12,2024-06-15
SO0004522,Z30,DC-KOL,2024-06-13,2024-06-16
SO0004523,Z36,DC-KOL,2024-06-13,2024-06-16
SO0004537,Z03,DC-HYD,2024-06-15,2024-06-18
SO0004538,Z05,DC-HYD,2024-06-15,2024-06-18
SO0004539,Z06,DC-HYD,2024-06-15,2024-06-18
SO0004540,Z08,DC-HYD,2024-06-15,2024-06-19
SO0004541,Z09,DC-HYD,2024-06-15,2024-06-19
SO0004542,Z14,DC-MUM,2024-06-15,2024-06-18
SO0004543,Z17,DC-MUM,2024-06-15,2024-06-18
SO0004544,Z22,DC-DEL,2024-06-15,2024-06-18
SO0004534,Z29,DC-KOL,2024-06-14,2024-06-16
SO0004535,Z32,DC-KOL,2024-06-14,2024-06-16
SO0004545,Z31,DC-KOL,2024-06-15,2024-06-18
SO0004546,Z34,DC-KOL,2024-06-15,2024-06-18
SO0004547,Z03,DC-HYD,2024-06-17,2024-06-20
SO0004548,Z04,DC-HYD,2024-06-17,2024-06-19
SO0004549,Z08,DC-HYD,2024-06-17,2024-06-21
SO0004550,Z10,DC-HYD,2024-06-17,2024-06-20
SO0004557,Z35,DC-HYD,2024-06-17,2024-06-20
SO0004551,Z11,DC-MUM,2024-06-17,2024-06-19
SO0004552,Z13,DC-MUM,2024-06-17,2024-06-19
SO0004553,Z15,DC-MUM,2024-06-17,2024-06-19
SO0004554,Z18,DC-MUM,2024-06-17,2024-06-20
SO0004555,Z26,DC-DEL,2024-06-17,2024-06-20
SO0004556,Z33,DC-KOL,2024-06-17,2024-06-20
SO0004558,Z01,DC-HYD,2024-06-18,2024-06-20
SO0004559,Z02,DC-HYD,2024-06-18,2024-06-20
SO0004560,Z04,DC-HYD,2024-06-18,2024-06-20
SO0004561,Z10,DC-HYD,2024-06-18,2024-06-21
SO0004562,Z14,DC-MUM,2024-06-18,2024-06-21
SO0004563,Z19,DC-MUM,2024-06-18,2024-06-20
SO0004564,Z20,DC-DEL,2024-06-18,2024-06-20
SO0004565,Z22,DC-DEL,2024-06-18,2024-06-21
SO0004567,Z30,DC-KOL,2024-06-18,2024-06-21
SO0004568,Z34,DC-KOL,2024-06-18,2024-06-21
SO0004569,Z01,DC-HYD,2024-06-19,2024-06-21
SO0004570,Z06,DC-HYD,2024-06-19,2024-06-22
SO0004571,Z09,DC-HYD,2024-06-19,2024-06-23
SO0004572,Z16,DC-MUM,2024-06-19,2024-06-21
SO0004566,Z23,DC-DEL,2024-06-18,2024-06-20
SO0004573,Z21,DC-DEL,2024-06-19,2024-06-21
SO0004574,Z24,DC-DEL,2024-06-19,2024-06-21
SO0004575,Z25,DC-DEL,2024-06-19,2024-06-21
SO0004576,Z26,DC-DEL,2024-06-19,2024-06-22
SO0004579,Z29,DC-KOL,2024-06-19,2024-06-21
SO0004584,Z05,DC-HYD,2024-06-20,2024-06-23
SO0004585,Z07,DC-HYD,2024-06-20,2024-06-24
SO0004586,Z12,DC-MUM,2024-06-20,2024-06-22
SO0004587,Z13,DC-MUM,2024-06-20,2024-06-22
SO0004588,Z16,DC-MUM,2024-06-20,2024-06-22
SO0004589,Z18,DC-MUM,2024-06-20,2024-06-23
SO0004590,Z19,DC-MUM,2024-06-20,2024-06-22
SO0004577,Z27,DC-DEL,2024-06-19,2024-06-21
SO0004578,Z28,DC-DEL,2024-06-19,2024-06-22
SO0004591,Z20,DC-DEL,2024-06-20,2024-06-22
SO0004592,Z27,DC-DEL,2024-06-20,2024-06-22
SO0004593,Z28,DC-DEL,2024-06-20,2024-06-23
SO0004580,Z31,DC-KOL,2024-06-19,2024-06-22
SO0004581,Z32,DC-KOL,2024-06-19,2024-06-21
SO0004582,Z33,DC-KOL,2024-06-19,2024-06-22
SO0004596,Z02,DC-HYD,2024-06-21,2024-06-23
SO0004597,Z07,DC-HYD,2024-06-21,2024-06-25
SO0004608,Z35,DC-HYD,2024-06-21,2024-06-24
SO0004598,Z11,DC-MUM,2024-06-21,2024-06-23
SO0004599,Z12,DC-MUM,2024-06-21,2024-06-23
SO0004600,Z15,DC-MUM,2024-06-21,2024-06-23
SO0004602,Z21,DC-DEL,2024-06-21,2024-06-23
SO0004603,Z23,DC-DEL,2024-06-21,2024-06-23
SO0004604,Z24,DC-DEL,2024-06-21,2024-06-23
SO0004605,Z25,DC-DEL,2024-06-21,2024-06-23
SO0004583,Z36,DC-KOL,2024-06-19,2024-06-22
SO0004594,Z30,DC-KOL,2024-06-20,2024-06-23
SO0004595,Z36,DC-KOL,2024-06-20,2024-06-23
SO0004609,Z03,DC-HYD,2024-06-22,2024-06-25
SO0004610,Z05,DC-HYD,2024-06-22,2024-06-25
SO0004611,Z06,DC-HYD,2024-06-22,2024-06-25
SO0004612,Z08,DC-HYD,2024-06-22,2024-06-26
SO0004613,Z09,DC-HYD,2024-06-22,2024-06-26
SO0004601,Z17,DC-MUM,2024-06-21,2024-06-24
SO0004614,Z14,DC-MUM,2024-06-22,2024-06-25
SO0004615,Z17,DC-MUM,2024-06-22,2024-06-25
SO0004616,Z22,DC-DEL,2024-06-22,2024-06-25
SO0004606,Z29,DC-KOL,2024-06-21,2024-06-23
SO0004607,Z32,DC-KOL,2024-06-21,2024-06-23
SO0004617,Z31,DC-KOL,2024-06-22,2024-06-25
SO0004619,Z03,DC-HYD,2024-06-24,2024-06-27
SO0004620,Z04,DC-HYD,2024-06-24,2024-06-26
SO0004621,Z08,DC-HYD,2024-06-24,2024-06-28
SO0004622,Z10,DC-HYD,2024-06-24,2024-06-27
SO0004629,Z35,DC-HYD,2024-06-24,2024-06-27
SO0004623,Z11,DC-MUM,2024-06-24,2024-06-26
SO0004624,Z13,DC-MUM,2024-06-24,2024-06-26
SO0004625,Z15,DC-MUM,2024-06-24,2024-06-26
SO0004626,Z18,DC-MUM,2024-06-24,2024-06-27
SO0004627,Z26,DC-DEL,2024-06-24,2024-06-27
SO0004618,Z34,DC-KOL,2024-06-22,2024-06-25
SO0004628,Z33,DC-KOL,2024-06-24,2024-06-27
SO0004630,Z01,DC-HYD,2024-06-25,2024-06-27
SO0004631,Z02,DC-HYD,2024-06-25,2024-06-27
SO0004632,Z04,DC-HYD,2024-06-25,2024-06-27
SO0004633,Z10,DC-HYD,2024-06-25,2024-06-28
SO0004634,Z14,DC-MUM,2024-06-25,2024-06-28
SO0004635,Z19,DC-MUM,2024-06-25,2024-06-27
SO0004636,Z20,DC-DEL,2024-06-25,2024-06-27
SO0004637,Z22,DC-DEL,2024-06-25,2024-06-28
SO0004639,Z30,DC-KOL,2024-06-25,2024-06-28
SO0004640,Z34,DC-KOL,2024-06-25,2024-06-28
SO0004641,Z01,DC-HYD,2024-06-26,2024-06-28
SO0004642,Z06,DC-HYD,2024-06-26,2024-06-29
SO0004643,Z09,DC-HYD,2024-06-26,2024-06-30
SO0004644,Z16,DC-MUM,2024-06-26,2024-06-28
SO0004638,Z23,DC-DEL,2024-06-25,2024-06-27
SO0004645,Z21,DC-DEL,2024-06-26,2024-06-28
SO0004646,Z24,DC-DEL,2024-06-26,2024-06-28
SO0004647,Z25,DC-DEL,2024-06-26,2024-06-28
SO0004648,Z26,DC-DEL,2024-06-26,2024-06-29
SO0004651,Z29,DC-KOL,2024-06-26,2024-06-28
SO0004656,Z05,DC-HYD,2024-06-27,2024-06-30
SO0004657,Z07,DC-HYD,2024-06-27,2024-07-01
SO0004658,Z12,DC-MUM,2024-06-27,2024-06-29
SO0004659,Z13,DC-MUM,2024-06-27,2024-06-29
SO0004660,Z16,DC-MUM,2024-06-27,2024-06-29
SO0004661,Z18,DC-MUM,2024-06-27,2024-06-30
SO0004662,Z19,DC-MUM,2024-06-27,2024-06-29
SO0004649,Z27,DC-DEL,2024-06-26,2024-06-28
SO0004650,Z28,DC-DEL,2024-06-26,2024-06-29
SO0004663,Z20,DC-DEL,2024-06-27,2024-06-29
SO0004664,Z27,DC-DEL,2024-06-27,2024-06-29
SO0004665,Z28,DC-DEL,2024-06-27,2024-06-30
SO0004652,Z31,DC-KOL,2024-06-26,2024-06-29
SO0004653,Z32,DC-KOL,2024-06-26,2024-06-28
SO0004654,Z33,DC-KOL,2024-06-26,2024-06-29
SO0004668,Z02,DC-HYD,2024-06-28,2024-06-30
SO0004669,Z07,DC-HYD,2024-06-28,2024-07-02
SO0004680,Z35,DC-HYD,2024-06-28,2024-07-01
SO0004670,Z11,DC-MUM,2024-06-28,2024-06-30
SO0004671,Z12,DC-MUM,2024-06-28,2024-06-30
SO0004672,Z15,DC-MUM,2024-06-28,2024-06-30
SO0004673,Z17,DC-MUM,2024-06-28,2024-07-01
SO0004674,Z21,DC-DEL,2024-06-28,2024-06-30
SO0004675,Z23,DC-DEL,2024-06-28,2024-06-30
SO0004676,Z24,DC-DEL,2024-06-28,2024-06-30
SO0004677,Z25,DC-DEL,2024-06-28,2024-06-30
SO0004655,Z36,DC-KOL,2024-06-26,2024-06-29
SO0004666,Z30,DC-KOL,2024-06-27,2024-06-30
SO0004667,Z36,DC-KOL,2024-06-27,2024-06-30
SO0004678,Z29,DC-KOL,2024-06-28,2024-06-30
SO0004681,Z03,DC-HYD,2024-06-29,2024-07-02
SO0004682,Z05,DC-HYD,2024-06-29,2024-07-02
SO0004683,Z06,DC-HYD,2024-06-29,2024-07-02
SO0004684,Z08,DC-HYD,2024-06-29,2024-07-03
SO0004685,Z09,DC-HYD,2024-06-29,2024-07-03
SO0004686,Z14,DC-MUM,2024-06-29,2024-07-02
SO0004687,Z17,DC-MUM,2024-06-29,2024-07-02
SO0004688,Z22,DC-DEL,2024-06-29,2024-07-02
SO0004679,Z32,DC-KOL,2024-06-28,2024-06-30
SO0004689,Z31,DC-KOL,2024-06-29,2024-07-02
SO0004690,Z34,DC-KOL,2024-06-29,2024-07-02
SO0004691,Z03,DC-HYD,2024-07-01,2024-07-04
SO0004692,Z04,DC-HYD,2024-07-01,2024-07-03
SO0004693,Z08,DC-HYD,2024-07-01,2024-07-05
SO0004694,Z10,DC-HYD,2024-07-01,2024-07-04
SO0004701,Z35,DC-HYD,2024-07-01,2024-07-04
SO0004695,Z11,DC-MUM,2024-07-01,2024-07-03
SO0004696,Z13,DC-MUM,2024-07-01,2024-07-03
SO0004697,Z15,DC-MUM,2024-07-01,2024-07-03
SO0004698,Z18,DC-MUM,2024-07-01,2024-07-04
SO0004699,Z26,DC-DEL,2024-07-01,2024-07-04
SO0004700,Z33,DC-KOL,2024-07-01,2024-07-04
SO0004702,Z01,DC-HYD,2024-07-02,2024-07-04
SO0004703,Z02,DC-HYD,2024-07-02,2024-07-04
SO0004704,Z04,DC-HYD,2024-07-02,2024-07-04
SO0004705,Z10,DC-HYD,2024-07-02,2024-07-05
SO0004706,Z14,DC-MUM,2024-07-02,2024-07-05
SO0004707,Z19,DC-MUM,2024-07-02,2024-07-04
SO0004708,Z20,DC-DEL,2024-07-02,2024-07-04
SO0004709,Z22,DC-DEL,2024-07-02,2024-07-05
SO0004710,Z23,DC-DEL,2024-07-02,2024-07-04
SO0004711,Z30,DC-KOL,2024-07-02,2024-07-05
SO0004712,Z34,DC-KOL,2024-07-02,2024-07-05
SO0004713,Z01,DC-HYD,2024-07-03,2024-07-05
SO0004714,Z06,DC-HYD,2024-07-03,2024-07-06
SO0004715,Z09,DC-HYD,2024-07-03,2024-07-07
SO0004716,Z16,DC-MUM,2024-07-03,2024-07-05
SO0004717,Z21,DC-DEL,2024-07-03,2024-07-05
SO0004718,Z24,DC-DEL,2024-07-03,2024-07-05
SO0004719,Z25,DC-DEL,2024-07-03,2024-07-05
SO0004720,Z26,DC-DEL,2024-07-03,2024-07-06
SO0004721,Z27,DC-DEL,2024-07-03,2024-07-05
SO0004723,Z29,DC-KOL,2024-07-03,2024-07-05
SO0004728,Z05,DC-HYD,2024-07-04,2024-07-07
SO0004729,Z07,DC-HYD,2024-07-04,2024-07-08
SO0004730,Z12,DC-MUM,2024-07-04,2024-07-06
SO0004731,Z13,DC-MUM,2024-07-04,2024-07-06
SO0004732,Z16,DC-MUM,2024-07-04,2024-07-06
SO0004733,Z18,DC-MUM,2024-07-04,2024-07-07
SO0004734,Z19,DC-MUM,2024-07-04,2024-07-06
SO0004722,Z28,DC-DEL,2024-07-03,2024-07-06
SO0004735,Z20,DC-DEL,2024-07-04,2024-07-06
SO0004736,Z27,DC-DEL,2024-07-04,2024-07-06
SO0004737,Z28,DC-DEL,2024-07-04,2024-07-07
SO0004724,Z31,DC-KOL,2024-07-03,2024-07-06
SO0004725,Z32,DC-KOL,2024-07-03,2024-07-05
SO0004726,Z33,DC-KOL,2024-07-03,2024-07-06
SO0004740,Z02,DC-HYD,2024-07-05,2024-07-07
SO0004741,Z07,DC-HYD,2024-07-05,2024-07-09
SO0004752,Z35,DC-HYD,2024-07-05,2024-07-08
SO0004742,Z11,DC-MUM,2024-07-05,2024-07-07
SO0004743,Z12,DC-MUM,2024-07-05,2024-07-07
SO0004744,Z15,DC-MUM,2024-07-05,2024-07-07
SO0004745,Z17,DC-MUM,2024-07-05,2024-07-08
SO0004746,Z21,DC-DEL,2024-07-05,2024-07-07
SO0004747,Z23,DC-DEL,2024-07-05,2024-07-07
SO0004748,Z24,DC-DEL,2024-07-05,2024-07-07
SO0004749,Z25,DC-DEL,2024-07-05,2024-07-07
SO0004727,Z36,DC-KOL,2024-07-03,2024-07-06
SO0004738,Z30,DC-KOL,2024-07-04,2024-07-07
SO0004739,Z36,DC-KOL,2024-07-04,2024-07-07
SO0004750,Z29,DC-KOL,2024-07-05,2024-07-07
SO0004753,Z03,DC-HYD,2024-07-06,2024-07-09
SO0004754,Z05,DC-HYD,2024-07-06,2024-07-09
SO0004755,Z06,DC-HYD,2024-07-06,2024-07-09
SO0004756,Z08,DC-HYD,2024-07-06,2024-07-10
SO0004757,Z09,DC-HYD,2024-07-06,2024-07-10
SO0004758,Z14,DC-MUM,2024-07-06,2024-07-09
SO0004759,Z17,DC-MUM,2024-07-06,2024-07-09
SO0004760,Z22,DC-DEL,2024-07-06,2024-07-09
SO0004751,Z32,DC-KOL,2024-07-05,2024-07-07
SO0004761,Z31,DC-KOL,2024-07-06,2024-07-09
SO0004762,Z34,DC-KOL,2024-07-06,2024-07-09
SO0004763,Z03,DC-HYD,2024-07-08,2024-07-11
SO0004764,Z04,DC-HYD,2024-07-08,2024-07-10
SO0004765,Z08,DC-HYD,2024-07-08,2024-07-12
SO0004766,Z10,DC-HYD,2024-07-08,2024-07-11
SO0004773,Z35,DC-HYD,2024-07-08,2024-07-11
SO0004767,Z11,DC-MUM,2024-07-08,2024-07-10
SO0004768,Z13,DC-MUM,2024-07-08,2024-07-10
SO0004769,Z15,DC-MUM,2024-07-08,2024-07-10
SO0004770,Z18,DC-MUM,2024-07-08,2024-07-11
SO0004771,Z26,DC-DEL,2024-07-08,2024-07-11
SO0004772,Z33,DC-KOL,2024-07-08,2024-07-11
SO0004774,Z01,DC-HYD,2024-07-09,2024-07-11
SO0004775,Z02,DC-HYD,2024-07-09,2024-07-11
SO0004776,Z04,DC-HYD,2024-07-09,2024-07-11
SO0004777,Z10,DC-HYD,2024-07-09,2024-07-12
SO0004778,Z14,DC-MUM,2024-07-09,2024-07-12
SO0004779,Z19,DC-MUM,2024-07-09,2024-07-11
SO0004780,Z20,DC-DEL,2024-07-09,2024-07-11
SO0004781,Z22,DC-DEL,2024-07-09,2024-07-12
SO0004782,Z23,DC-DEL,2024-07-09,2024-07-11
SO0004783,Z30,DC-KOL,2024-07-09,2024-07-12
SO0004784,Z34,DC-KOL,2024-07-09,2024-07-12
SO0004785,Z01,DC-HYD,2024-07-10,2024-07-12
SO0004786,Z06,DC-HYD,2024-07-10,2024-07-13
SO0004787,Z09,DC-HYD,2024-07-10,2024-07-14
SO0004788,Z16,DC-MUM,2024-07-10,2024-07-12
SO0004789,Z21,DC-DEL,2024-07-10,2024-07-12
SO0004790,Z24,DC-DEL,2024-07-10,2024-07-12
SO0004791,Z25,DC-DEL,2024-07-10,2024-07-12
SO0004792,Z26,DC-DEL,2024-07-10,2024-07-13
SO0004793,Z27,DC-DEL,2024-07-10,2024-07-12
SO0004795,Z29,DC-KOL,2024-07-10,2024-07-12
SO0004800,Z05,DC-HYD,2024-07-11,2024-07-14
SO0004801,Z07,DC-HYD,2024-07-11,2024-07-15
SO0004802,Z12,DC-MUM,2024-07-11,2024-07-13
SO0004803,Z13,DC-MUM,2024-07-11,2024-07-13
SO0004804,Z16,DC-MUM,2024-07-11,2024-07-13
SO0004805,Z18,DC-MUM,2024-07-11,2024-07-14
SO0004806,Z19,DC-MUM,2024-07-11,2024-07-13
SO0004794,Z28,DC-DEL,2024-07-10,2024-07-13
SO0004807,Z20,DC-DEL,2024-07-11,2024-07-13
SO0004808,Z27,DC-DEL,2024-07-11,2024-07-13
SO0004809,Z28,DC-DEL,2024-07-11,2024-07-14
SO0004796,Z31,DC-KOL,2024-07-10,2024-07-13
SO0004797,Z32,DC-KOL,2024-07-10,2024-07-12
SO0004798,Z33,DC-KOL,2024-07-10,2024-07-13
SO0004812,Z02,DC-HYD,2024-07-12,2024-07-14
SO0004813,Z07,DC-HYD,2024-07-12,2024-07-16
SO0004824,Z35,DC-HYD,2024-07-12,2024-07-15
SO0004814,Z11,DC-MUM,2024-07-12,2024-07-14
SO0004815,Z12,DC-MUM,2024-07-12,2024-07-14
SO0004816,Z15,DC-MUM,2024-07-12,2024-07-14
SO0004818,Z21,DC-DEL,2024-07-12,2024-07-14
SO0004819,Z23,DC-DEL,2024-07-12,2024-07-14
SO0004820,Z24,DC-DEL,2024-07-12,2024-07-14
SO0004821,Z25,DC-DEL,2024-07-12,2024-07-14
SO0004799,Z36,DC-KOL,2024-07-10,2024-07-13
SO0004810,Z30,DC-KOL,2024-07-11,2024-07-14
SO0004811,Z36,DC-KOL,2024-07-11,2024-07-14
SO0004822,Z29,DC-KOL,2024-07-12,2024-07-14
SO0004823,Z32,DC-KOL,2024-07-12,2024-07-14
SO0004825,Z03,DC-HYD,2024-07-13,2024-07-16
SO0004826,Z05,DC-HYD,2024-07-13,2024-07-16
SO0004827,Z06,DC-HYD,2024-07-13,2024-07-16
SO0004828,Z08,DC-HYD,2024-07-13,2024-07-17
SO0004829,Z09,DC-HYD,2024-07-13,2024-07-17
SO0004817,Z17,DC-MUM,2024-07-12,2024-07-15
SO0004830,Z14,DC-MUM,2024-07-13,2024-07-16
SO0004831,Z17,DC-MUM,2024-07-13,2024-07-16
SO0004832,Z22,DC-DEL,2024-07-13,2024-07-16
SO0004833,Z31,DC-KOL,2024-07-13,2024-07-16
SO0004834,Z34,DC-KOL,2024-07-13,2024-07-16
SO0004835,Z03,DC-HYD,2024-07-15,2024-07-18
SO0004836,Z04,DC-HYD,2024-07-15,2024-07-17
SO0004837,Z08,DC-HYD,2024-07-15,2024-07-19
SO0004838,Z10,DC-HYD,2024-07-15,2024-07-18
SO0004845,Z35,DC-HYD,2024-07-15,2024-07-18
SO0004839,Z11,DC-MUM,2024-07-15,2024-07-17
SO0004840,Z13,DC-MUM,2024-07-15,2024-07-17
SO0004841,Z15,DC-MUM,2024-07-15,2024-07-17
SO0004842,Z18,DC-MUM,2024-07-15,2024-07-18
SO0004843,Z26,DC-DEL,2024-07-15,2024-07-18
SO0004844,Z33,DC-KOL,2024-07-15,2024-07-18
SO0004846,Z01,DC-HYD,2024-07-16,2024-07-18
SO0004847,Z02,DC-HYD,2024-07-16,2024-07-18
SO0004848,Z04,DC-HYD,2024-07-16,2024-07-18
SO0004849,Z10,DC-HYD,2024-07-16,2024-07-19
SO0004850,Z14,DC-MUM,2024-07-16,2024-07-19
SO0004851,Z19,DC-MUM,2024-07-16,2024-07-18
SO0004852,Z20,DC-DEL,2024-07-16,2024-07-18
SO0004853,Z22,DC-DEL,2024-07-16,2024-07-19
SO0004854,Z23,DC-DEL,2024-07-16,2024-07-18
SO0004855,Z30,DC-KOL,2024-07-16,2024-07-19
SO0004856,Z34,DC-KOL,2024-07-16,2024-07-19
SO0004857,Z01,DC-HYD,2024-07-17,2024-07-19
SO0004858,Z06,DC-HYD,2024-07-17,2024-07-20
SO0004859,Z09,DC-HYD,2024-07-17,2024-07-21
SO0004860,Z16,DC-MUM,2024-07-17,2024-07-19
SO0004861,Z21,DC-DEL,2024-07-17,2024-07-19
SO0004862,Z24,DC-DEL,2024-07-17,2024-07-19
SO0004863,Z25,DC-DEL,2024-07-17,2024-07-19
SO0004864,Z26,DC-DEL,2024-07-17,2024-07-20
SO0004865,Z27,DC-DEL,2024-07-17,2024-07-19
SO0004867,Z29,DC-KOL,2024-07-17,2024-07-19
SO0004872,Z05,DC-HYD,2024-07-18,2024-07-21
SO0004873,Z07,DC-HYD,2024-07-18,2024-07-22
SO0004874,Z12,DC-MUM,2024-07-18,2024-07-20
SO0004875,Z13,DC-MUM,2024-07-18,2024-07-20
SO0004876,Z16,DC-MUM,2024-07-18,2024-07-20
SO0004877,Z18,DC-MUM,2024-07-18,2024-07-21
SO0004878,Z19,DC-MUM,2024-07-18,2024-07-20
SO0004866,Z28,DC-DEL,2024-07-17,2024-07-20
SO0004879,Z20,DC-DEL,2024-07-18,2024-07-20
SO0004880,Z27,DC-DEL,2024-07-18,2024-07-20
SO0004881,Z28,DC-DEL,2024-07-18,2024-07-21
SO0004868,Z31,DC-KOL,2024-07-17,2024-07-20
SO0004869,Z32,DC-KOL,2024-07-17,2024-07-19
SO0004870,Z33,DC-KOL,2024-07-17,2024-07-20
SO0004884,Z02,DC-HYD,2024-07-19,2024-07-21
SO0004885,Z07,DC-HYD,2024-07-19,2024-07-23
SO0004896,Z35,DC-HYD,2024-07-19,2024-07-22
SO0004886,Z11,DC-MUM,2024-07-19,2024-07-21
SO0004887,Z12,DC-MUM,2024-07-19,2024-07-21
SO0004888,Z15,DC-MUM,2024-07-19,2024-07-21
SO0004889,Z17,DC-MUM,2024-07-19,2024-07-22
SO0004890,Z21,DC-DEL,2024-07-19,2024-07-21
SO0004891,Z23,DC-DEL,2024-07-19,2024-07-21
SO0004892,Z24,DC-DEL,2024-07-19,2024-07-21
SO0004893,Z25,DC-DEL,2024-07-19,2024-07-21
SO0004871,Z36,DC-KOL,2024-07-17,2024-07-20
SO0004882,Z30,DC-KOL,2024-07-18,2024-07-21
SO0004883,Z36,DC-KOL,2024-07-18,2024-07-21
SO0004894,Z29,DC-KOL,2024-07-19,2024-07-21
SO0004897,Z03,DC-HYD,2024-07-20,2024-07-23
SO0004898,Z05,DC-HYD,2024-07-20,2024-07-23
SO0004899,Z06,DC-HYD,2024-07-20,2024-07-23
SO0004900,Z08,DC-HYD,2024-07-20,2024-07-24
SO0004901,Z09,DC-HYD,2024-07-20,2024-07-24
SO0004902,Z14,DC-MUM,2024-07-20,2024-07-23
SO0004903,Z17,DC-MUM,2024-07-20,2024-07-23
SO0004904,Z22,DC-DEL,2024-07-20,2024-07-23
SO0004895,Z32,DC-KOL,2024-07-19,2024-07-21
SO0004905,Z31,DC-KOL,2024-07-20,2024-07-23
SO0004906,Z34,DC-KOL,2024-07-20,2024-07-23
SO0004907,Z03,DC-HYD,2024-07-22,2024-07-25
SO0004908,Z04,DC-HYD,2024-07-22,2024-07-24
SO0004909,Z08,DC-HYD,2024-07-22,2024-07-26
SO0004910,Z10,DC-HYD,2024-07-22,2024-07-25
SO0004917,Z35,DC-HYD,2024-07-22,2024-07-25
SO0004911,Z11,DC-MUM,2024-07-22,2024-07-24
SO0004912,Z13,DC-MUM,2024-07-22,2024-07-24
SO0004913,Z15,DC-MUM,2024-07-22,2024-07-24
SO0004914,Z18,DC-MUM,2024-07-22,2024-07-25
SO0004915,Z26,DC-DEL,2024-07-22,2024-07-25
SO0004916,Z33,DC-KOL,2024-07-22,2024-07-25
SO0004918,Z01,DC-HYD,2024-07-23,2024-07-25
SO0004919,Z02,DC-HYD,2024-07-23,2024-07-25
SO0004920,Z04,DC-HYD,2024-07-23,2024-07-25
SO0004921,Z10,DC-HYD,2024-07-23,2024-07-26
SO0004922,Z14,DC-MUM,2024-07-23,2024-07-26
SO0004923,Z19,DC-MUM,2024-07-23,2024-07-25
SO0004924,Z20,DC-DEL,2024-07-23,2024-07-25
SO0004925,Z22,DC-DEL,2024-07-23,2024-07-26
SO0004927,Z30,DC-KOL,2024-07-23,2024-07-26
SO0004928,Z34,DC-KOL,2024-07-23,2024-07-26
SO0004929,Z01,DC-HYD,2024-07-24,2024-07-26
SO0004930,Z06,DC-HYD,2024-07-24,2024-07-27
SO0004931,Z09,DC-HYD,2024-07-24,2024-07-28
SO0004932,Z16,DC-MUM,2024-07-24,2024-07-26
SO0004926,Z23,DC-DEL,2024-07-23,2024-07-25
SO0004933,Z21,DC-DEL,2024-07-24,2024-07-26
SO0004934,Z24,DC-DEL,2024-07-24,2024-07-26
SO0004935,Z25,DC-DEL,2024-07-24,2024-07-26
SO0004936,Z26,DC-DEL,2024-07-24,2024-07-27
SO0004937,Z27,DC-DEL,2024-07-24,2024-07-26
SO0004939,Z29,DC-KOL,2024-07-24,2024-07-26
SO0004944,Z05,DC-HYD,2024-07-25,2024-07-28
SO0004945,Z07,DC-HYD,2024-07-25,2024-07-29
SO0004946,Z12,DC-MUM,2024-07-25,2024-07-27
SO0004947,Z13,DC-MUM,2024-07-25,2024-07-27
SO0004948,Z16,DC-MUM,2024-07-25,2024-07-27
SO0004949,Z18,DC-MUM,2024-07-25,2024-07-28
SO0004950,Z19,DC-MUM,2024-07-25,2024-07-27
SO0004938,Z28,DC-DEL,2024-07-24,2024-07-27
SO0004951,Z20,DC-DEL,2024-07-25,2024-07-27
SO0004952,Z27,DC-DEL,2024-07-25,2024-07-27
SO0004953,Z28,DC-DEL,2024-07-25,2024-07-28
SO0004940,Z31,DC-KOL,2024-07-24,2024-07-27
SO0004941,Z32,DC-KOL,2024-07-24,2024-07-26
SO0004942,Z33,DC-KOL,2024-07-24,2024-07-27
SO0004956,Z02,DC-HYD,2024-07-26,2024-07-28
SO0004957,Z07,DC-HYD,2024-07-26,2024-07-30
SO0004968,Z35,DC-HYD,2024-07-26,2024-07-29
SO0004958,Z11,DC-MUM,2024-07-26,2024-07-28
SO0004959,Z12,DC-MUM,2024-07-26,2024-07-28
SO0004960,Z15,DC-MUM,2024-07-26,2024-07-28
SO0004961,Z17,DC-MUM,2024-07-26,2024-07-29
SO0004962,Z21,DC-DEL,2024-07-26,2024-07-28
SO0004963,Z23,DC-DEL,2024-07-26,2024-07-28
SO0004964,Z24,DC-DEL,2024-07-26,2024-07-28
SO0004965,Z25,DC-DEL,2024-07-26,2024-07-28
SO0004943,Z36,DC-KOL,2024-07-24,2024-07-27
SO0004954,Z30,DC-KOL,2024-07-25,2024-07-28
SO0004955,Z36,DC-KOL,2024-07-25,2024-07-28
SO0004966,Z29,DC-KOL,2024-07-26,2024-07-28
SO0004967,Z32,DC-KOL,2024-07-26,2024-07-28
SO0004969,Z03,DC-HYD,2024-07-27,2024-07-30
SO0004970,Z05,DC-HYD,2024-07-27,2024-07-30
SO0004971,Z06,DC-HYD,2024-07-27,2024-07-30
SO0004972,Z08,DC-HYD,2024-07-27,2024-07-31
SO0004973,Z09,DC-HYD,2024-07-27,2024-07-31
SO0004974,Z14,DC-MUM,2024-07-27,2024-07-30
SO0004975,Z17,DC-MUM,2024-07-27,2024-07-30
SO0004976,Z22,DC-DEL,2024-07-27,2024-07-30
SO0004977,Z31,DC-KOL,2024-07-27,2024-07-30
SO0004978,Z34,DC-KOL,2024-07-27,2024-07-30
SO0004979,Z03,DC-HYD,2024-07-29,2024-08-01
SO0004980,Z04,DC-HYD,2024-07-29,2024-07-31
SO0004981,Z08,DC-HYD,2024-07-29,2024-08-02
SO0004982,Z10,DC-HYD,2024-07-29,2024-08-01
SO0004989,Z35,DC-HYD,2024-07-29,2024-08-01
SO0004983,Z11,DC-MUM,2024-07-29,2024-07-31
SO0004984,Z13,DC-MUM,2024-07-29,2024-07-31
SO0004985,Z15,DC-MUM,2024-07-29,2024-07-31
SO0004986,Z18,DC-MUM,2024-07-29,2024-08-01
SO0004987,Z26,DC-DEL,2024-07-29,2024-08-01
SO0004988,Z33,DC-KOL,2024-07-29,2024-08-01
SO0004990,Z01,DC-HYD,2024-07-30,2024-08-01
SO0004991,Z02,DC-HYD,2024-07-30,2024-08-01
SO0004992,Z04,DC-HYD,2024-07-30,2024-08-01
SO0004993,Z10,DC-HYD,2024-07-30,2024-08-02
SO0004994,Z14,DC-MUM,2024-07-30,2024-08-02
SO0004995,Z19,DC-MUM,2024-07-30,2024-08-01
SO0004996,Z20,DC-DEL,2024-07-30,2024-08-01
SO0004997,Z22,DC-DEL,2024-07-30,2024-08-02
SO0004999,Z30,DC-KOL,2024-07-30,2024-08-02
SO0005000,Z34,DC-KOL,2024-07-30,2024-08-02
SO0005001,Z01,DC-HYD,2024-07-31,2024-08-02
SO0005002,Z06,DC-HYD,2024-07-31,2024-08-03
SO0005003,Z09,DC-HYD,2024-07-31,2024-08-04
SO0005004,Z16,DC-MUM,2024-07-31,2024-08-02
SO0004998,Z23,DC-DEL,2024-07-30,2024-08-01
SO0005005,Z21,DC-DEL,2024-07-31,2024-08-02
SO0005006,Z24,DC-DEL,2024-07-31,2024-08-02
SO0005007,Z25,DC-DEL,2024-07-31,2024-08-02
SO0005008,Z26,DC-DEL,2024-07-31,2024-08-03
SO0005009,Z27,DC-DEL,2024-07-31,2024-08-02
SO0005011,Z29,DC-KOL,2024-07-31,2024-08-02
SO0005016,Z05,DC-HYD,2024-08-01,2024-08-04
SO0005017,Z07,DC-HYD,2024-08-01,2024-08-05
SO0005018,Z12,DC-MUM,2024-08-01,2024-08-03
SO0005019,Z13,DC-MUM,2024-08-01,2024-08-03
SO0005020,Z16,DC-MUM,2024-08-01,2024-08-03
SO0005021,Z18,DC-MUM,2024-08-01,2024-08-04
SO0005022,Z19,DC-MUM,2024-08-01,2024-08-03
SO0005010,Z28,DC-DEL,2024-07-31,2024-08-03
SO0005023,Z20,DC-DEL,2024-08-01,2024-08-03
SO0005024,Z27,DC-DEL,2024-08-01,2024-08-03
SO0005025,Z28,DC-DEL,2024-08-01,2024-08-04
SO0005012,Z31,DC-KOL,2024-07-31,2024-08-03
SO0005013,Z32,DC-KOL,2024-07-31,2024-08-02
SO0005014,Z33,DC-KOL,2024-07-31,2024-08-03
SO0005028,Z02,DC-HYD,2024-08-02,2024-08-04
SO0005029,Z07,DC-HYD,2024-08-02,2024-08-06
SO0005040,Z35,DC-HYD,2024-08-02,2024-08-05
SO0005030,Z11,DC-MUM,2024-08-02,2024-08-04
SO0005031,Z12,DC-MUM,2024-08-02,2024-08-04
SO0005032,Z15,DC-MUM,2024-08-02,2024-08-04
SO0005033,Z17,DC-MUM,2024-08-02,2024-08-05
SO0005034,Z21,DC-DEL,2024-08-02,2024-08-04
SO0005035,Z23,DC-DEL,2024-08-02,2024-08-04
SO0005036,Z24,DC-DEL,2024-08-02,2024-08-04
SO0005037,Z25,DC-DEL,2024-08-02,2024-08-04
SO0005015,Z36,DC-KOL,2024-07-31,2024-08-03
SO0005026,Z30,DC-KOL,2024-08-01,2024-08-04
SO0005027,Z36,DC-KOL,2024-08-01,2024-08-04
SO0005041,Z03,DC-HYD,2024-08-03,2024-08-06
SO0005042,Z05,DC-HYD,2024-08-03,2024-08-06
SO0005043,Z06,DC-HYD,2024-08-03,2024-08-06
SO0005044,Z08,DC-HYD,2024-08-03,2024-08-07
SO0005045,Z09,DC-HYD,2024-08-03,2024-08-07
SO0005046,Z14,DC-MUM,2024-08-03,2024-08-06
SO0005047,Z17,DC-MUM,2024-08-03,2024-08-06
SO0005048,Z22,DC-DEL,2024-08-03,2024-08-06
SO0005038,Z29,DC-KOL,2024-08-02,2024-08-04
SO0005039,Z32,DC-KOL,2024-08-02,2024-08-04
SO0005049,Z31,DC-KOL,2024-08-03,2024-08-06
SO0005051,Z03,DC-HYD,2024-08-05,2024-08-08
SO0005052,Z04,DC-HYD,2024-08-05,2024-08-07
SO0005053,Z08,DC-HYD,2024-08-05,2024-08-09
SO0005054,Z10,DC-HYD,2024-08-05,2024-08-08
SO0005061,Z35,DC-HYD,2024-08-05,2024-08-08
SO0005055,Z11,DC-MUM,2024-08-05,2024-08-07
SO0005056,Z13,DC-MUM,2024-08-05,2024-08-07
SO0005057,Z15,DC-MUM,2024-08-05,2024-08-07
SO0005058,Z18,DC-MUM,2024-08-05,2024-08-08
SO0005059,Z26,DC-DEL,2024-08-05,2024-08-08
SO0005050,Z34,DC-KOL,2024-08-03,2024-08-06
SO0005060,Z33,DC-KOL,2024-08-05,2024-08-08
SO0005062,Z01,DC-HYD,2024-08-06,2024-08-08
SO0005063,Z02,DC-HYD,2024-08-06,2024-08-08
SO0005064,Z04,DC-HYD,2024-08-06,2024-08-08
SO0005065,Z10,DC-HYD,2024-08-06,2024-08-09
SO0005066,Z14,DC-MUM,2024-08-06,2024-08-09
SO0005067,Z19,DC-MUM,2024-08-06,2024-08-08
SO0005068,Z20,DC-DEL,2024-08-06,2024-08-08
SO0005069,Z22,DC-DEL,2024-08-06,2024-08-09
SO0005071,Z30,DC-KOL,2024-08-06,2024-08-09
SO0005072,Z34,DC-KOL,2024-08-06,2024-08-09
SO0005073,Z01,DC-HYD,2024-08-07,2024-08-09
SO0005074,Z06,DC-HYD,2024-08-07,2024-08-10
SO0005075,Z09,DC-HYD,2024-08-07,2024-08-11
SO0005076,Z16,DC-MUM,2024-08-07,2024-08-09
SO0005070,Z23,DC-DEL,2024-08-06,2024-08-08
SO0005077,Z21,DC-DEL,2024-08-07,2024-08-09
SO0005078,Z24,DC-DEL,2024-08-07,2024-08-09
SO0005079,Z25,DC-DEL,2024-08-07,2024-08-09
SO0005080,Z26,DC-DEL,2024-08-07,2024-08-10
SO0005083,Z29,DC-KOL,2024-08-07,2024-08-09
SO0005088,Z05,DC-HYD,2024-08-08,2024-08-11
SO0005089,Z07,DC-HYD,2024-08-08,2024-08-12
SO0005090,Z12,DC-MUM,2024-08-08,2024-08-10
SO0005091,Z13,DC-MUM,2024-08-08,2024-08-10
SO0005092,Z16,DC-MUM,2024-08-08,2024-08-10
SO0005093,Z18,DC-MUM,2024-08-08,2024-08-11
SO0005094,Z19,DC-MUM,2024-08-08,2024-08-10
SO0005081,Z27,DC-DEL,2024-08-07,2024-08-09
SO0005082,Z28,DC-DEL,2024-08-07,2024-08-10
SO0005095,Z20,DC-DEL,2024-08-08,2024-08-10
SO0005096,Z27,DC-DEL,2024-08-08,2024-08-10
SO0005097,Z28,DC-DEL,2024-08-08,2024-08-11
SO0005084,Z31,DC-KOL,2024-08-07,2024-08-10
SO0005085,Z32,DC-KOL,2024-08-07,2024-08-09
SO0005086,Z33,DC-KOL,2024-08-07,2024-08-10
SO0005100,Z02,DC-HYD,2024-08-09,2024-08-11
SO0005101,Z07,DC-HYD,2024-08-09,2024-08-13
SO0005112,Z35,DC-HYD,2024-08-09,2024-08-12
SO0005102,Z11,DC-MUM,2024-08-09,2024-08-11
SO0005103,Z12,DC-MUM,2024-08-09,2024-08-11
SO0005104,Z15,DC-MUM,2024-08-09,2024-08-11
SO0005105,Z17,DC-MUM,2024-08-09,2024-08-12
SO0005106,Z21,DC-DEL,2024-08-09,2024-08-11
SO0005107,Z23,DC-DEL,2024-08-09,2024-08-11
SO0005108,Z24,DC-DEL,2024-08-09,2024-08-11
SO0005109,Z25,DC-DEL,2024-08-09,2024-08-11
SO0005087,Z36,DC-KOL,2024-08-07,2024-08-10
SO0005098,Z30,DC-KOL,2024-08-08,2024-08-11
SO0005099,Z36,DC-KOL,2024-08-08,2024-08-11
SO0005110,Z29,DC-KOL,2024-08-09,2024-08-11
SO0005113,Z03,DC-HYD,2024-08-10,2024-08-13
SO0005114,Z05,DC-HYD,2024-08-10,2024-08-13
SO0005115,Z06,DC-HYD,2024-08-10,2024-08-13
SO0005116,Z08,DC-HYD,2024-08-10,2024-08-14
SO0005117,Z09,DC-HYD,2024-08-10,2024-08-14
SO0005118,Z14,DC-MUM,2024-08-10,2024-08-13
SO0005119,Z17,DC-MUM,2024-08-10,2024-08-13
SO0005120,Z22,DC-DEL,2024-08-10,2024-08-13
SO0005111,Z32,DC-KOL,2024-08-09,2024-08-11
SO0005121,Z31,DC-KOL,2024-08-10,2024-08-13
SO0005122,Z34,DC-KOL,2024-08-10,2024-08-13
SO0005123,Z03,DC-HYD,2024-08-12,2024-08-15
SO0005124,Z04,DC-HYD,2024-08-12,2024-08-14
SO0005125,Z08,DC-HYD,2024-08-12,2024-08-16
SO0005126,Z10,DC-HYD,2024-08-12,2024-08-15
SO0005133,Z35,DC-HYD,2024-08-12,2024-08-15
SO0005127,Z11,DC-MUM,2024-08-12,2024-08-14
SO0005128,Z13,DC-MUM,2024-08-12,2024-08-14
SO0005129,Z15,DC-MUM,2024-08-12,2024-08-14
SO0005130,Z18,DC-MUM,2024-08-12,2024-08-15
SO0005131,Z26,DC-DEL,2024-08-12,2024-08-15
SO0005132,Z33,DC-KOL,2024-08-12,2024-08-15
SO0005134,Z01,DC-HYD,2024-08-13,2024-08-15
SO0005135,Z02,DC-HYD,2024-08-13,2024-08-15
SO0005136,Z04,DC-HYD,2024-08-13,2024-08-15
SO0005137,Z10,DC-HYD,2024-08-13,2024-08-16
SO0005138,Z14,DC-MUM,2024-08-13,2024-08-16
SO0005139,Z19,DC-MUM,2024-08-13,2024-08-15
SO0005140,Z20,DC-DEL,2024-08-13,2024-08-15
SO0005141,Z22,DC-DEL,2024-08-13,2024-08-16
SO0005143,Z30,DC-KOL,2024-08-13,2024-08-16
SO0005144,Z34,DC-KOL,2024-08-13,2024-08-16
SO0005145,Z01,DC-HYD,2024-08-14,2024-08-16
SO0005146,Z06,DC-HYD,2024-08-14,2024-08-17
SO0005147,Z09,DC-HYD,2024-08-14,2024-08-18
SO0005148,Z16,DC-MUM,2024-08-14,2024-08-16
SO0005142,Z23,DC-DEL,2024-08-13,2024-08-15
SO0005149,Z21,DC-DEL,2024-08-14,2024-08-16
SO0005150,Z24,DC-DEL,2024-08-14,2024-08-16
SO0005151,Z25,DC-DEL,2024-08-14,2024-08-16
SO0005152,Z26,DC-DEL,2024-08-14,2024-08-17
SO0005153,Z27,DC-DEL,2024-08-14,2024-08-16
SO0005155,Z29,DC-KOL,2024-08-14,2024-08-16
SO0005160,Z05,DC-HYD,2024-08-15,2024-08-18
SO0005161,Z07,DC-HYD,2024-08-15,2024-08-19
SO0005162,Z12,DC-MUM,2024-08-15,2024-08-17
SO0005163,Z13,DC-MUM,2024-08-15,2024-08-17
SO0005164,Z16,DC-MUM,2024-08-15,2024-08-17
SO0005165,Z18,DC-MUM,2024-08-15,2024-08-18
SO0005166,Z19,DC-MUM,2024-08-15,2024-08-17
SO0005154,Z28,DC-DEL,2024-08-14,2024-08-17
SO0005167,Z20,DC-DEL,2024-08-15,2024-08-17
SO0005168,Z27,DC-DEL,2024-08-15,2024-08-17
SO0005169,Z28,DC-DEL,2024-08-15,2024-08-18
SO0005156,Z31,DC-KOL,2024-08-14,2024-08-17
SO0005157,Z32,DC-KOL,2024-08-14,2024-08-16
SO0005158,Z33,DC-KOL,2024-08-14,2024-08-17
SO0005159,Z36,DC-KOL,2024-08-14,2024-08-17
SO0005172,Z02,DC-HYD,2024-08-16,2024-08-18
SO0005173,Z07,DC-HYD,2024-08-16,2024-08-20
SO0005184,Z35,DC-HYD,2024-08-16,2024-08-19
SO0005174,Z11,DC-MUM,2024-08-16,2024-08-18
SO0005175,Z12,DC-MUM,2024-08-16,2024-08-18
SO0005176,Z15,DC-MUM,2024-08-16,2024-08-18
SO0005177,Z17,DC-MUM,2024-08-16,2024-08-19
SO0005178,Z21,DC-DEL,2024-08-16,2024-08-18
SO0005179,Z23,DC-DEL,2024-08-16,2024-08-18
SO0005180,Z24,DC-DEL,2024-08-16,2024-08-18
SO0005181,Z25,DC-DEL,2024-08-16,2024-08-18
SO0005170,Z30,DC-KOL,2024-08-15,2024-08-18
SO0005171,Z36,DC-KOL,2024-08-15,2024-08-18
SO0005182,Z29,DC-KOL,2024-08-16,2024-08-18
SO0005183,Z32,DC-KOL,2024-08-16,2024-08-18
SO0005185,Z03,DC-HYD,2024-08-17,2024-08-20
SO0005186,Z05,DC-HYD,2024-08-17,2024-08-20
SO0005187,Z06,DC-HYD,2024-08-17,2024-08-20
SO0005188,Z08,DC-HYD,2024-08-17,2024-08-21
SO0005189,Z09,DC-HYD,2024-08-17,2024-08-21
SO0005190,Z14,DC-MUM,2024-08-17,2024-08-20
SO0005191,Z17,DC-MUM,2024-08-17,2024-08-20
SO0005192,Z22,DC-DEL,2024-08-17,2024-08-20
SO0005193,Z31,DC-KOL,2024-08-17,2024-08-20
SO0005194,Z34,DC-KOL,2024-08-17,2024-08-20
SO0005195,Z03,DC-HYD,2024-08-19,2024-08-22
SO0005196,Z04,DC-HYD,2024-08-19,2024-08-21
SO0005197,Z08,DC-HYD,2024-08-19,2024-08-23
SO0005198,Z10,DC-HYD,2024-08-19,2024-08-22
SO0005205,Z35,DC-HYD,2024-08-19,2024-08-22
SO0005199,Z11,DC-MUM,2024-08-19,2024-08-21
SO0005200,Z13,DC-MUM,2024-08-19,2024-08-21
SO0005201,Z15,DC-MUM,2024-08-19,2024-08-21
SO0005202,Z18,DC-MUM,2024-08-19,2024-08-22
SO0005203,Z26,DC-DEL,2024-08-19,2024-08-22
SO0005204,Z33,DC-KOL,2024-08-19,2024-08-22
SO0005206,Z01,DC-HYD,2024-08-20,2024-08-22
SO0005207,Z02,DC-HYD,2024-08-20,2024-08-22
SO0005208,Z04,DC-HYD,2024-08-20,2024-08-22
SO0005209,Z10,DC-HYD,2024-08-20,2024-08-23
SO0005210,Z14,DC-MUM,2024-08-20,2024-08-23
SO0005211,Z19,DC-MUM,2024-08-20,2024-08-22
SO0005212,Z20,DC-DEL,2024-08-20,2024-08-22
SO0005213,Z22,DC-DEL,2024-08-20,2024-08-23
SO0005214,Z23,DC-DEL,2024-08-20,2024-08-22
SO0005215,Z30,DC-KOL,2024-08-20,2024-08-23
SO0005216,Z34,DC-KOL,2024-08-20,2024-08-23
SO0005217,Z01,DC-HYD,2024-08-21,2024-08-23
SO0005218,Z06,DC-HYD,2024-08-21,2024-08-24
SO0005219,Z09,DC-HYD,2024-08-21,2024-08-25
SO0005220,Z16,DC-MUM,2024-08-21,2024-08-23
SO0005221,Z21,DC-DEL,2024-08-21,2024-08-23
SO0005222,Z24,DC-DEL,2024-08-21,2024-08-23
SO0005223,Z25,DC-DEL,2024-08-21,2024-08-23
SO0005224,Z26,DC-DEL,2024-08-21,2024-08-24
SO0005225,Z27,DC-DEL,2024-08-21,2024-08-23
SO0005227,Z29,DC-KOL,2024-08-21,2024-08-23
SO0005232,Z05,DC-HYD,2024-08-22,2024-08-25
SO0005233,Z07,DC-HYD,2024-08-22,2024-08-26
SO0005234,Z12,DC-MUM,2024-08-22,2024-08-24
SO0005235,Z13,DC-MUM,2024-08-22,2024-08-24
SO0005236,Z16,DC-MUM,2024-08-22,2024-08-24
SO0005237,Z18,DC-MUM,2024-08-22,2024-08-25
SO0005238,Z19,DC-MUM,2024-08-22,2024-08-24
SO0005226,Z28,DC-DEL,2024-08-21,2024-08-24
SO0005239,Z20,DC-DEL,2024-08-22,2024-08-24
SO0005240,Z27,DC-DEL,2024-08-22,2024-08-24
SO0005241,Z28,DC-DEL,2024-08-22,2024-08-25
SO0005228,Z31,DC-KOL,2024-08-21,2024-08-24
SO0005229,Z32,DC-KOL,2024-08-21,2024-08-23
SO0005230,Z33,DC-KOL,2024-08-21,2024-08-24
SO0005244,Z02,DC-HYD,2024-08-23,2024-08-25
SO0005245,Z07,DC-HYD,2024-08-23,2024-08-27
SO0005256,Z35,DC-HYD,2024-08-23,2024-08-26
SO0005246,Z11,DC-MUM,2024-08-23,2024-08-25
SO0005247,Z12,DC-MUM,2024-08-23,2024-08-25
SO0005248,Z15,DC-MUM,2024-08-23,2024-08-25
SO0005249,Z17,DC-MUM,2024-08-23,2024-08-26
SO0005250,Z21,DC-DEL,2024-08-23,2024-08-25
SO0005251,Z23,DC-DEL,2024-08-23,2024-08-25
SO0005252,Z24,DC-DEL,2024-08-23,2024-08-25
SO0005253,Z25,DC-DEL,2024-08-23,2024-08-25
SO0005231,Z36,DC-KOL,2024-08-21,2024-08-24
SO0005242,Z30,DC-KOL,2024-08-22,2024-08-25
SO0005243,Z36,DC-KOL,2024-08-22,2024-08-25
SO0005254,Z29,DC-KOL,2024-08-23,2024-08-25
SO0005255,Z32,DC-KOL,2024-08-23,2024-08-25
SO0005257,Z03,DC-HYD,2024-08-24,2024-08-27
SO0005258,Z05,DC-HYD,2024-08-24,2024-08-27
SO0005259,Z06,DC-HYD,2024-08-24,2024-08-27
SO0005260,Z08,DC-HYD,2024-08-24,2024-08-28
SO0005261,Z09,DC-HYD,2024-08-24,2024-08-28
SO0005262,Z14,DC-MUM,2024-08-24,2024-08-27
SO0005263,Z17,DC-MUM,2024-08-24,2024-08-27
SO0005264,Z22,DC-DEL,2024-08-24,2024-08-27
SO0005265,Z31,DC-KOL,2024-08-24,2024-08-27
SO0005266,Z34,DC-KOL,2024-08-24,2024-08-27
SO0005267,Z03,DC-HYD,2024-08-26,2024-08-29
SO0005268,Z04,DC-HYD,2024-08-26,2024-08-28
SO0005269,Z08,DC-HYD,2024-08-26,2024-08-30
SO0005270,Z10,DC-HYD,2024-08-26,2024-08-29
SO0005277,Z35,DC-HYD,2024-08-26,2024-08-29
SO0005271,Z11,DC-MUM,2024-08-26,2024-08-28
SO0005272,Z13,DC-MUM,2024-08-26,2024-08-28
SO0005273,Z15,DC-MUM,2024-08-26,2024-08-28
SO0005274,Z18,DC-MUM,2024-08-26,2024-08-29
SO0005275,Z26,DC-DEL,2024-08-26,2024-08-29
SO0005276,Z33,DC-KOL,2024-08-26,2024-08-29
SO0005278,Z01,DC-HYD,2024-08-27,2024-08-29
SO0005279,Z02,DC-HYD,2024-08-27,2024-08-29
SO0005280,Z04,DC-HYD,2024-08-27,2024-08-29
SO0005281,Z10,DC-HYD,2024-08-27,2024-08-30
SO0005282,Z14,DC-MUM,2024-08-27,2024-08-30
SO0005283,Z19,DC-MUM,2024-08-27,2024-08-29
SO0005284,Z20,DC-DEL,2024-08-27,2024-08-29
SO0005285,Z22,DC-DEL,2024-08-27,2024-08-30
SO0005287,Z30,DC-KOL,2024-08-27,2024-08-30
SO0005288,Z34,DC-KOL,2024-08-27,2024-08-30
SO0005289,Z01,DC-HYD,2024-08-28,2024-08-30
SO0005290,Z06,DC-HYD,2024-08-28,2024-08-31
SO0005291,Z09,DC-HYD,2024-08-28,2024-09-01
SO0005292,Z16,DC-MUM,2024-08-28,2024-08-30
SO0005286,Z23,DC-DEL,2024-08-27,2024-08-29
SO0005293,Z21,DC-DEL,2024-08-28,2024-08-30
SO0005294,Z24,DC-DEL,2024-08-28,2024-08-30
SO0005295,Z25,DC-DEL,2024-08-28,2024-08-30
SO0005296,Z26,DC-DEL,2024-08-28,2024-08-31
SO0005299,Z29,DC-KOL,2024-08-28,2024-08-30
SO0005304,Z05,DC-HYD,2024-08-29,2024-09-01
SO0005305,Z07,DC-HYD,2024-08-29,2024-09-02
SO0005306,Z12,DC-MUM,2024-08-29,2024-08-31
SO0005307,Z13,DC-MUM,2024-08-29,2024-08-31
SO0005308,Z16,DC-MUM,2024-08-29,2024-08-31
SO0005309,Z18,DC-MUM,2024-08-29,2024-09-01
SO0005310,Z19,DC-MUM,2024-08-29,2024-08-31
SO0005297,Z27,DC-DEL,2024-08-28,2024-08-30
SO0005298,Z28,DC-DEL,2024-08-28,2024-08-31
SO0005311,Z20,DC-DEL,2024-08-29,2024-08-31
SO0005312,Z27,DC-DEL,2024-08-29,2024-08-31
SO0005313,Z28,DC-DEL,2024-08-29,2024-09-01
SO0005300,Z31,DC-KOL,2024-08-28,2024-08-31
SO0005301,Z32,DC-KOL,2024-08-28,2024-08-30
SO0005302,Z33,DC-KOL,2024-08-28,2024-08-31
SO0005316,Z02,DC-HYD,2024-08-30,2024-09-01
SO0005317,Z07,DC-HYD,2024-08-30,2024-09-03
SO0005328,Z35,DC-HYD,2024-08-30,2024-09-02
SO0005318,Z11,DC-MUM,2024-08-30,2024-09-01
SO0005319,Z12,DC-MUM,2024-08-30,2024-09-01
SO0005320,Z15,DC-MUM,2024-08-30,2024-09-01
SO0005321,Z17,DC-MUM,2024-08-30,2024-09-02
SO0005322,Z21,DC-DEL,2024-08-30,2024-09-01
SO0005323,Z23,DC-DEL,2024-08-30,2024-09-01
SO0005324,Z24,DC-DEL,2024-08-30,2024-09-01
SO0005325,Z25,DC-DEL,2024-08-30,2024-09-01
SO0005303,Z36,DC-KOL,2024-08-28,2024-08-31
SO0005314,Z30,DC-KOL,2024-08-29,2024-09-01
SO0005315,Z36,DC-KOL,2024-08-29,2024-09-01
SO0005326,Z29,DC-KOL,2024-08-30,2024-09-01
SO0005327,Z32,DC-KOL,2024-08-30,2024-09-01
SO0005329,Z03,DC-HYD,2024-08-31,2024-09-03
SO0005330,Z05,DC-HYD,2024-08-31,2024-09-03
SO0005331,Z06,DC-HYD,2024-08-31,2024-09-03
SO0005332,Z08,DC-HYD,2024-08-31,2024-09-04
SO0005333,Z09,DC-HYD,2024-08-31,2024-09-04
SO0005334,Z14,DC-MUM,2024-08-31,2024-09-03
SO0005335,Z17,DC-MUM,2024-08-31,2024-09-03
SO0005336,Z22,DC-DEL,2024-08-31,2024-09-03
SO0005337,Z31,DC-KOL,2024-08-31,2024-09-03
SO0005338,Z34,DC-KOL,2024-08-31,2024-09-03
SO0005339,Z03,DC-HYD,2024-09-02,2024-09-05
SO0005340,Z04,DC-HYD,2024-09-02,2024-09-04
SO0005341,Z08,DC-HYD,2024-09-02,2024-09-06
SO0005342,Z10,DC-HYD,2024-09-02,2024-09-05
SO0005349,Z35,DC-HYD,2024-09-02,2024-09-05
SO0005343,Z11,DC-MUM,2024-09-02,2024-09-04
SO0005344,Z13,DC-MUM,2024-09-02,2024-09-04
SO0005345,Z15,DC-MUM,2024-09-02,2024-09-04
SO0005346,Z18,DC-MUM,2024-09-02,2024-09-05
SO0005347,Z26,DC-DEL,2024-09-02,2024-09-05
SO0005348,Z33,DC-KOL,2024-09-02,2024-09-05
SO0005350,Z01,DC-HYD,2024-09-03,2024-09-05
SO0005351,Z02,DC-HYD,2024-09-03,2024-09-05
SO0005352,Z04,DC-HYD,2024-09-03,2024-09-05
SO0005353,Z10,DC-HYD,2024-09-03,2024-09-06
SO0005354,Z14,DC-MUM,2024-09-03,2024-09-06
SO0005355,Z19,DC-MUM,2024-09-03,2024-09-05
SO0005356,Z20,DC-DEL,2024-09-03,2024-09-05
SO0005357,Z22,DC-DEL,2024-09-03,2024-09-06
SO0005358,Z23,DC-DEL,2024-09-03,2024-09-05
SO0005359,Z30,DC-KOL,2024-09-03,2024-09-06
SO0005360,Z34,DC-KOL,2024-09-03,2024-09-06
SO0005361,Z01,DC-HYD,2024-09-04,2024-09-06
SO0005362,Z06,DC-HYD,2024-09-04,2024-09-07
SO0005363,Z09,DC-HYD,2024-09-04,2024-09-08
SO0005364,Z16,DC-MUM,2024-09-04,2024-09-06
SO0005365,Z21,DC-DEL,2024-09-04,2024-09-06
SO0005366,Z24,DC-DEL,2024-09-04,2024-09-06
SO0005367,Z25,DC-DEL,2024-09-04,2024-09-06
SO0005368,Z26,DC-DEL,2024-09-04,2024-09-07
SO0005369,Z27,DC-DEL,2024-09-04,2024-09-06
SO0005370,Z28,DC-DEL,2024-09-04,2024-09-07
SO0005371,Z29,DC-KOL,2024-09-04,2024-09-06
SO0005376,Z05,DC-HYD,2024-09-05,2024-09-08
SO0005377,Z07,DC-HYD,2024-09-05,2024-09-09
SO0005378,Z12,DC-MUM,2024-09-05,2024-09-07
SO0005379,Z13,DC-MUM,2024-09-05,2024-09-07
SO0005380,Z16,DC-MUM,2024-09-05,2024-09-07
SO0005381,Z18,DC-MUM,2024-09-05,2024-09-08
SO0005382,Z19,DC-MUM,2024-09-05,2024-09-07
SO0005383,Z20,DC-DEL,2024-09-05,2024-09-07
SO0005384,Z27,DC-DEL,2024-09-05,2024-09-07
SO0005385,Z28,DC-DEL,2024-09-05,2024-09-08
SO0005372,Z31,DC-KOL,2024-09-04,2024-09-07
SO0005373,Z32,DC-KOL,2024-09-04,2024-09-06
SO0005374,Z33,DC-KOL,2024-09-04,2024-09-07
SO0005388,Z02,DC-HYD,2024-09-06,2024-09-08
SO0005389,Z07,DC-HYD,2024-09-06,2024-09-10
SO0005400,Z35,DC-HYD,2024-09-06,2024-09-09
SO0005390,Z11,DC-MUM,2024-09-06,2024-09-08
SO0005391,Z12,DC-MUM,2024-09-06,2024-09-08
SO0005392,Z15,DC-MUM,2024-09-06,2024-09-08
SO0005393,Z17,DC-MUM,2024-09-06,2024-09-09
SO0005394,Z21,DC-DEL,2024-09-06,2024-09-08
SO0005395,Z23,DC-DEL,2024-09-06,2024-09-08
SO0005396,Z24,DC-DEL,2024-09-06,2024-09-08
SO0005397,Z25,DC-DEL,2024-09-06,2024-09-08
SO0005375,Z36,DC-KOL,2024-09-04,2024-09-07
SO0005386,Z30,DC-KOL,2024-09-05,2024-09-08
SO0005387,Z36,DC-KOL,2024-09-05,2024-09-08
SO0005398,Z29,DC-KOL,2024-09-06,2024-09-08
SO0005399,Z32,DC-KOL,2024-09-06,2024-09-08
SO0005401,Z03,DC-HYD,2024-09-07,2024-09-10
SO0005402,Z05,DC-HYD,2024-09-07,2024-09-10
SO0005403,Z06,DC-HYD,2024-09-07,2024-09-10
SO0005404,Z08,DC-HYD,2024-09-07,2024-09-11
SO0005405,Z09,DC-HYD,2024-09-07,2024-09-11
SO0005406,Z14,DC-MUM,2024-09-07,2024-09-10
SO0005407,Z17,DC-MUM,2024-09-07,2024-09-10
SO0005408,Z22,DC-DEL,2024-09-07,2024-09-10
SO0005409,Z31,DC-KOL,2024-09-07,2024-09-10
SO0005410,Z34,DC-KOL,2024-09-07,2024-09-10
SO0005411,Z03,DC-HYD,2024-09-09,2024-09-12
SO0005412,Z04,DC-HYD,2024-09-09,2024-09-11
SO0005413,Z08,DC-HYD,2024-09-09,2024-09-13
SO0005414,Z10,DC-HYD,2024-09-09,2024-09-12
SO0005421,Z35,DC-HYD,2024-09-09,2024-09-12
SO0005415,Z11,DC-MUM,2024-09-09,2024-09-11
SO0005416,Z13,DC-MUM,2024-09-09,2024-09-11
SO0005417,Z15,DC-MUM,2024-09-09,2024-09-11
SO0005418,Z18,DC-MUM,2024-09-09,2024-09-12
SO0005419,Z26,DC-DEL,2024-09-09,2024-09-12
SO0005420,Z33,DC-KOL,2024-09-09,2024-09-12
SO0005422,Z01,DC-HYD,2024-09-10,2024-09-12
SO0005423,Z02,DC-HYD,2024-09-10,2024-09-12
SO0005424,Z04,DC-HYD,2024-09-10,2024-09-12
SO0005425,Z10,DC-HYD,2024-09-10,2024-09-13
SO0005426,Z14,DC-MUM,2024-09-10,2024-09-13
SO0005427,Z19,DC-MUM,2024-09-10,2024-09-12
SO0005428,Z20,DC-DEL,2024-09-10,2024-09-12
SO0005429,Z22,DC-DEL,2024-09-10,2024-09-13
SO0005430,Z23,DC-DEL,2024-09-10,2024-09-12
SO0005431,Z30,DC-KOL,2024-09-10,2024-09-13
SO0005432,Z34,DC-KOL,2024-09-10,2024-09-13
SO0005433,Z01,DC-HYD,2024-09-11,2024-09-13
SO0005434,Z06,DC-HYD,2024-09-11,2024-09-14
SO0005435,Z09,DC-HYD,2024-09-11,2024-09-15
SO0005436,Z16,DC-MUM,2024-09-11,2024-09-13
SO0005437,Z21,DC-DEL,2024-09-11,2024-09-13
SO0005438,Z24,DC-DEL,2024-09-11,2024-09-13
SO0005439,Z25,DC-DEL,2024-09-11,2024-09-13
SO0005440,Z26,DC-DEL,2024-09-11,2024-09-14
SO0005441,Z27,DC-DEL,2024-09-11,2024-09-13
SO0005443,Z29,DC-KOL,2024-09-11,2024-09-13
SO0005448,Z05,DC-HYD,2024-09-12,2024-09-15
SO0005449,Z07,DC-HYD,2024-09-12,2024-09-16
SO0005450,Z12,DC-MUM,2024-09-12,2024-09-14
SO0005451,Z13,DC-MUM,2024-09-12,2024-09-14
SO0005452,Z16,DC-MUM,2024-09-12,2024-09-14
SO0005453,Z18,DC-MUM,2024-09-12,2024-09-15
SO0005454,Z19,DC-MUM,2024-09-12,2024-09-14
SO0005442,Z28,DC-DEL,2024-09-11,2024-09-14
SO0005455,Z20,DC-DEL,2024-09-12,2024-09-14
SO0005456,Z27,DC-DEL,2024-09-12,2024-09-14
SO0005457,Z28,DC-DEL,2024-09-12,2024-09-15
SO0005444,Z31,DC-KOL,2024-09-11,2024-09-14
SO0005445,Z32,DC-KOL,2024-09-11,2024-09-13
SO0005446,Z33,DC-KOL,2024-09-11,2024-09-14
SO0005460,Z02,DC-HYD,2024-09-13,2024-09-15
SO0005461,Z07,DC-HYD,2024-09-13,2024-09-17
SO0005472,Z35,DC-HYD,2024-09-13,2024-09-16
SO0005462,Z11,DC-MUM,2024-09-13,2024-09-15
SO0005463,Z12,DC-MUM,2024-09-13,2024-09-15
SO0005464,Z15,DC-MUM,2024-09-13,2024-09-15
SO0005465,Z17,DC-MUM,2024-09-13,2024-09-16
SO0005466,Z21,DC-DEL,2024-09-13,2024-09-15
SO0005467,Z23,DC-DEL,2024-09-13,2024-09-15
SO0005468,Z24,DC-DEL,2024-09-13,2024-09-15
SO0005469,Z25,DC-DEL,2024-09-13,2024-09-15
SO0005447,Z36,DC-KOL,2024-09-11,2024-09-14
SO0005458,Z30,DC-KOL,2024-09-12,2024-09-15
SO0005459,Z36,DC-KOL,2024-09-12,2024-09-15
SO0005470,Z29,DC-KOL,2024-09-13,2024-09-15
SO0005471,Z32,DC-KOL,2024-09-13,2024-09-15
SO0005473,Z03,DC-HYD,2024-09-14,2024-09-17
SO0005474,Z05,DC-HYD,2024-09-14,2024-09-17
SO0005475,Z06,DC-HYD,2024-09-14,2024-09-17
SO0005476,Z08,DC-HYD,2024-09-14,2024-09-18
SO0005477,Z09,DC-HYD,2024-09-14,2024-09-18
SO0005478,Z14,DC-MUM,2024-09-14,2024-09-17
SO0005479,Z17,DC-MUM,2024-09-14,2024-09-17
SO0005480,Z22,DC-DEL,2024-09-14,2024-09-17
SO0005481,Z31,DC-KOL,2024-09-14,2024-09-17
SO0005482,Z34,DC-KOL,2024-09-14,2024-09-17
SO0005483,Z03,DC-HYD,2024-09-16,2024-09-19
SO0005484,Z04,DC-HYD,2024-09-16,2024-09-18
SO0005485,Z08,DC-HYD,2024-09-16,2024-09-20
SO0005486,Z10,DC-HYD,2024-09-16,2024-09-19
SO0005493,Z35,DC-HYD,2024-09-16,2024-09-19
SO0005487,Z11,DC-MUM,2024-09-16,2024-09-18
SO0005488,Z13,DC-MUM,2024-09-16,2024-09-18
SO0005489,Z15,DC-MUM,2024-09-16,2024-09-18
SO0005490,Z18,DC-MUM,2024-09-16,2024-09-19
SO0005491,Z26,DC-DEL,2024-09-16,2024-09-19
SO0005492,Z33,DC-KOL,2024-09-16,2024-09-19
SO0005494,Z01,DC-HYD,2024-09-17,2024-09-19
SO0005495,Z02,DC-HYD,2024-09-17,2024-09-19
SO0005496,Z04,DC-HYD,2024-09-17,2024-09-19
SO0005497,Z10,DC-HYD,2024-09-17,2024-09-20
SO0005498,Z14,DC-MUM,2024-09-17,2024-09-20
SO0005499,Z19,DC-MUM,2024-09-17,2024-09-19
SO0005500,Z20,DC-DEL,2024-09-17,2024-09-19
SO0005501,Z22,DC-DEL,2024-09-17,2024-09-20
SO0005502,Z23,DC-DEL,2024-09-17,2024-09-19
SO0005503,Z30,DC-KOL,2024-09-17,2024-09-20
SO0005504,Z34,DC-KOL,2024-09-17,2024-09-20
SO0005505,Z01,DC-HYD,2024-09-18,2024-09-20
SO0005506,Z06,DC-HYD,2024-09-18,2024-09-21
SO0005507,Z09,DC-HYD,2024-09-18,2024-09-22
SO0005508,Z16,DC-MUM,2024-09-18,2024-09-20
SO0005509,Z21,DC-DEL,2024-09-18,2024-09-20
SO0005510,Z24,DC-DEL,2024-09-18,2024-09-20
SO0005511,Z25,DC-DEL,2024-09-18,2024-09-20
SO0005512,Z26,DC-DEL,2024-09-18,2024-09-21
SO0005513,Z27,DC-DEL,2024-09-18,2024-09-20
SO0005515,Z29,DC-KOL,2024-09-18,2024-09-20
SO0005520,Z05,DC-HYD,2024-09-19,2024-09-22
SO0005521,Z07,DC-HYD,2024-09-19,2024-09-23
SO0005522,Z12,DC-MUM,2024-09-19,2024-09-21
SO0005523,Z13,DC-MUM,2024-09-19,2024-09-21
SO0005524,Z16,DC-MUM,2024-09-19,2024-09-21
SO0005525,Z18,DC-MUM,2024-09-19,2024-09-22
SO0005526,Z19,DC-MUM,2024-09-19,2024-09-21
SO0005514,Z28,DC-DEL,2024-09-18,2024-09-21
SO0005527,Z20,DC-DEL,2024-09-19,2024-09-21
SO0005528,Z27,DC-DEL,2024-09-19,2024-09-21
SO0005529,Z28,DC-DEL,2024-09-19,2024-09-22
SO0005516,Z31,DC-KOL,2024-09-18,2024-09-21
SO0005517,Z32,DC-KOL,2024-09-18,2024-09-20
SO0005518,Z33,DC-KOL,2024-09-18,2024-09-21
SO0005532,Z02,DC-HYD,2024-09-20,2024-09-22
SO0005533,Z07,DC-HYD,2024-09-20,2024-09-24
SO0005544,Z35,DC-HYD,2024-09-20,2024-09-23
SO0005534,Z11,DC-MUM,2024-09-20,2024-09-22
SO0005535,Z12,DC-MUM,2024-09-20,2024-09-22
SO0005536,Z15,DC-MUM,2024-09-20,2024-09-22
SO0005537,Z17,DC-MUM,2024-09-20,2024-09-23
SO0005538,Z21,DC-DEL,2024-09-20,2024-09-22
SO0005539,Z23,DC-DEL,2024-09-20,2024-09-22
SO0005540,Z24,DC-DEL,2024-09-20,2024-09-22
SO0005541,Z25,DC-DEL,2024-09-20,2024-09-22
SO0005519,Z36,DC-KOL,2024-09-18,2024-09-21
SO0005530,Z30,DC-KOL,2024-09-19,2024-09-22
SO0005531,Z36,DC-KOL,2024-09-19,2024-09-22
SO0005542,Z29,DC-KOL,2024-09-20,2024-09-22
SO0005543,Z32,DC-KOL,2024-09-20,2024-09-22
SO0005545,Z03,DC-HYD,2024-09-21,2024-09-24
SO0005546,Z05,DC-HYD,2024-09-21,2024-09-24
SO0005547,Z06,DC-HYD,2024-09-21,2024-09-24
SO0005548,Z08,DC-HYD,2024-09-21,2024-09-25
SO0005549,Z09,DC-HYD,2024-09-21,2024-09-25
SO0005550,Z14,DC-MUM,2024-09-21,2024-09-24
SO0005551,Z17,DC-MUM,2024-09-21,2024-09-24
SO0005552,Z22,DC-DEL,2024-09-21,2024-09-24
SO0005553,Z31,DC-KOL,2024-09-21,2024-09-24
SO0005554,Z34,DC-KOL,2024-09-21,2024-09-24
SO0005555,Z03,DC-HYD,2024-09-23,2024-09-26
SO0005556,Z04,DC-HYD,2024-09-23,2024-09-25
SO0005557,Z08,DC-HYD,2024-09-23,2024-09-27
SO0005558,Z10,DC-HYD,2024-09-23,2024-09-26
SO0005565,Z35,DC-HYD,2024-09-23,2024-09-26
SO0005559,Z11,DC-MUM,2024-09-23,2024-09-25
SO0005560,Z13,DC-MUM,2024-09-23,2024-09-25
SO0005561,Z15,DC-MUM,2024-09-23,2024-09-25
SO0005562,Z18,DC-MUM,2024-09-23,2024-09-26
SO0005563,Z26,DC-DEL,2024-09-23,2024-09-26
SO0005564,Z33,DC-KOL,2024-09-23,2024-09-26
SO0005566,Z01,DC-HYD,2024-09-24,2024-09-26
SO0005567,Z02,DC-HYD,2024-09-24,2024-09-26
SO0005568,Z04,DC-HYD,2024-09-24,2024-09-26
SO0005569,Z10,DC-HYD,2024-09-24,2024-09-27
SO0005570,Z14,DC-MUM,2024-09-24,2024-09-27
SO0005571,Z19,DC-MUM,2024-09-24,2024-09-26
SO0005572,Z20,DC-DEL,2024-09-24,2024-09-26
SO0005575,Z30,DC-KOL,2024-09-24,2024-09-27
SO0005576,Z34,DC-KOL,2024-09-24,2024-09-27
SO0005577,Z01,DC-HYD,2024-09-25,2024-09-27
SO0005578,Z06,DC-HYD,2024-09-25,2024-09-28
SO0005579,Z09,DC-HYD,2024-09-25,2024-09-29
SO0005580,Z16,DC-MUM,2024-09-25,2024-09-27
SO0005573,Z22,DC-DEL,2024-09-24,2024-09-27
SO0005574,Z23,DC-DEL,2024-09-24,2024-09-26
SO0005581,Z21,DC-DEL,2024-09-25,2024-09-27
SO0005582,Z24,DC-DEL,2024-09-25,2024-09-27
SO0005583,Z25,DC-DEL,2024-09-25,2024-09-27
SO0005587,Z29,DC-KOL,2024-09-25,2024-09-27
SO0005592,Z05,DC-HYD,2024-09-26,2024-09-29
SO0005593,Z07,DC-HYD,2024-09-26,2024-09-30
SO0005594,Z12,DC-MUM,2024-09-26,2024-09-28
SO0005595,Z13,DC-MUM,2024-09-26,2024-09-28
SO0005596,Z16,DC-MUM,2024-09-26,2024-09-28
SO0005597,Z18,DC-MUM,2024-09-26,2024-09-29
SO0005598,Z19,DC-MUM,2024-09-26,2024-09-28
SO0005584,Z26,DC-DEL,2024-09-25,2024-09-28
SO0005585,Z27,DC-DEL,2024-09-25,2024-09-27
SO0005586,Z28,DC-DEL,2024-09-25,2024-09-28
SO0005599,Z20,DC-DEL,2024-09-26,2024-09-28
SO0005600,Z27,DC-DEL,2024-09-26,2024-09-28
SO0005601,Z28,DC-DEL,2024-09-26,2024-09-29
SO0005588,Z31,DC-KOL,2024-09-25,2024-09-28
SO0005589,Z32,DC-KOL,2024-09-25,2024-09-27
SO0005590,Z33,DC-KOL,2024-09-25,2024-09-28
SO0005604,Z02,DC-HYD,2024-09-27,2024-09-29
SO0005605,Z07,DC-HYD,2024-09-27,2024-10-01
SO0005616,Z35,DC-HYD,2024-09-27,2024-09-30
SO0005606,Z11,DC-MUM,2024-09-27,2024-09-29
SO0005607,Z12,DC-MUM,2024-09-27,2024-09-29
SO0005608,Z15,DC-MUM,2024-09-27,2024-09-29
SO0005609,Z17,DC-MUM,2024-09-27,2024-09-30
SO0005610,Z21,DC-DEL,2024-09-27,2024-09-29
SO0005611,Z23,DC-DEL,2024-09-27,2024-09-29
SO0005612,Z24,DC-DEL,2024-09-27,2024-09-29
SO0005613,Z25,DC-DEL,2024-09-27,2024-09-29
SO0005591,Z36,DC-KOL,2024-09-25,2024-09-28
SO0005602,Z30,DC-KOL,2024-09-26,2024-09-29
SO0005603,Z36,DC-KOL,2024-09-26,2024-09-29
SO0005614,Z29,DC-KOL,2024-09-27,2024-09-29
SO0005617,Z03,DC-HYD,2024-09-28,2024-10-01
SO0005618,Z05,DC-HYD,2024-09-28,2024-10-01
SO0005619,Z06,DC-HYD,2024-09-28,2024-10-01
SO0005620,Z08,DC-HYD,2024-09-28,2024-10-02
SO0005621,Z09,DC-HYD,2024-09-28,2024-10-02
SO0005622,Z14,DC-MUM,2024-09-28,2024-10-01
SO0005623,Z17,DC-MUM,2024-09-28,2024-10-01
SO0005624,Z22,DC-DEL,2024-09-28,2024-10-01
SO0005615,Z32,DC-KOL,2024-09-27,2024-09-29
SO0005625,Z31,DC-KOL,2024-09-28,2024-10-01
SO0005626,Z34,DC-KOL,2024-09-28,2024-10-01
SO0005627,Z03,DC-HYD,2024-09-30,2024-10-03
SO0005628,Z04,DC-HYD,2024-09-30,2024-10-02
SO0005629,Z08,DC-HYD,2024-09-30,2024-10-04
SO0005630,Z10,DC-HYD,2024-09-30,2024-10-03
SO0005637,Z35,DC-HYD,2024-09-30,2024-10-03
SO0005631,Z11,DC-MUM,2024-09-30,2024-10-02
SO0005632,Z13,DC-MUM,2024-09-30,2024-10-02
SO0005633,Z15,DC-MUM,2024-09-30,2024-10-02
SO0005634,Z18,DC-MUM,2024-09-30,2024-10-03
SO0005635,Z26,DC-DEL,2024-09-30,2024-10-03
SO0005636,Z33,DC-KOL,2024-09-30,2024-10-03
SO0005638,Z01,DC-HYD,2024-10-01,2024-10-03
SO0005639,Z02,DC-HYD,2024-10-01,2024-10-03
SO0005640,Z04,DC-HYD,2024-10-01,2024-10-03
SO0005641,Z10,DC-HYD,2024-10-01,2024-10-04
SO0005642,Z14,DC-MUM,2024-10-01,2024-10-04
SO0005643,Z19,DC-MUM,2024-10-01,2024-10-03
SO0005644,Z20,DC-DEL,2024-10-01,2024-10-03
SO0005645,Z22,DC-DEL,2024-10-01,2024-10-04
SO0005647,Z30,DC-KOL,2024-10-01,2024-10-04
SO0005648,Z34,DC-KOL,2024-10-01,2024-10-04
SO0005649,Z01,DC-HYD,2024-10-02,2024-10-04
SO0005650,Z06,DC-HYD,2024-10-02,2024-10-05
SO0005651,Z09,DC-HYD,2024-10-02,2024-10-06
SO0005652,Z16,DC-MUM,2024-10-02,2024-10-04
SO0005646,Z23,DC-DEL,2024-10-01,2024-10-03
SO0005653,Z21,DC-DEL,2024-10-02,2024-10-04
SO0005654,Z24,DC-DEL,2024-10-02,2024-10-04
SO0005655,Z25,DC-DEL,2024-10-02,2024-10-04
SO0005656,Z26,DC-DEL,2024-10-02,2024-10-05
SO0005657,Z27,DC-DEL,2024-10-02,2024-10-04
SO0005659,Z29,DC-KOL,2024-10-02,2024-10-04
SO0005664,Z05,DC-HYD,2024-10-03,2024-10-06
SO0005665,Z07,DC-HYD,2024-10-03,2024-10-07
SO0005666,Z12,DC-MUM,2024-10-03,2024-10-05
SO0005667,Z13,DC-MUM,2024-10-03,2024-10-05
SO0005668,Z16,DC-MUM,2024-10-03,2024-10-05
SO0005669,Z18,DC-MUM,2024-10-03,2024-10-06
SO0005670,Z19,DC-MUM,2024-10-03,2024-10-05
SO0005658,Z28,DC-DEL,2024-10-02,2024-10-05
SO0005671,Z20,DC-DEL,2024-10-03,2024-10-05
SO0005672,Z27,DC-DEL,2024-10-03,2024-10-05
SO0005673,Z28,DC-DEL,2024-10-03,2024-10-06
SO0005660,Z31,DC-KOL,2024-10-02,2024-10-05
SO0005661,Z32,DC-KOL,2024-10-02,2024-10-04
SO0005662,Z33,DC-KOL,2024-10-02,2024-10-05
SO0005676,Z02,DC-HYD,2024-10-04,2024-10-06
SO0005677,Z07,DC-HYD,2024-10-04,2024-10-08
SO0005688,Z35,DC-HYD,2024-10-04,2024-10-07
SO0005678,Z11,DC-MUM,2024-10-04,2024-10-06
SO0005679,Z12,DC-MUM,2024-10-04,2024-10-06
SO0005680,Z15,DC-MUM,2024-10-04,2024-10-06
SO0005682,Z21,DC-DEL,2024-10-04,2024-10-06
SO0005683,Z23,DC-DEL,2024-10-04,2024-10-06
SO0005684,Z24,DC-DEL,2024-10-04,2024-10-06
SO0005685,Z25,DC-DEL,2024-10-04,2024-10-06
SO0005663,Z36,DC-KOL,2024-10-02,2024-10-05
SO0005674,Z30,DC-KOL,2024-10-03,2024-10-06
SO0005675,Z36,DC-KOL,2024-10-03,2024-10-06
SO0005686,Z29,DC-KOL,2024-10-04,2024-10-06
SO0005687,Z32,DC-KOL,2024-10-04,2024-10-06
SO0005689,Z03,DC-HYD,2024-10-05,2024-10-08
SO0005690,Z05,DC-HYD,2024-10-05,2024-10-08
SO0005691,Z06,DC-HYD,2024-10-05,2024-10-08
SO0005692,Z08,DC-HYD,2024-10-05,2024-10-09
SO0005693,Z09,DC-HYD,2024-10-05,2024-10-09
SO0005681,Z17,DC-MUM,2024-10-04,2024-10-07
SO0005694,Z14,DC-MUM,2024-10-05,2024-10-08
SO0005695,Z17,DC-MUM,2024-10-05,2024-10-08
SO0005696,Z22,DC-DEL,2024-10-05,2024-10-08
SO0005697,Z31,DC-KOL,2024-10-05,2024-10-08
SO0005698,Z34,DC-KOL,2024-10-05,2024-10-08
SO0005699,Z03,DC-HYD,2024-10-07,2024-10-10
SO0005700,Z04,DC-HYD,2024-10-07,2024-10-09
SO0005701,Z08,DC-HYD,2024-10-07,2024-10-11
SO0005702,Z10,DC-HYD,2024-10-07,2024-10-10
SO0005709,Z35,DC-HYD,2024-10-07,2024-10-10
SO0005703,Z11,DC-MUM,2024-10-07,2024-10-09
SO0005704,Z13,DC-MUM,2024-10-07,2024-10-09
SO0005705,Z15,DC-MUM,2024-10-07,2024-10-09
SO0005706,Z18,DC-MUM,2024-10-07,2024-10-10
SO0005707,Z26,DC-DEL,2024-10-07,2024-10-10
SO0005708,Z33,DC-KOL,2024-10-07,2024-10-10
SO0005710,Z01,DC-HYD,2024-10-08,2024-10-10
SO0005711,Z02,DC-HYD,2024-10-08,2024-10-10
SO0005712,Z04,DC-HYD,2024-10-08,2024-10-10
SO0005713,Z10,DC-HYD,2024-10-08,2024-10-11
SO0005714,Z14,DC-MUM,2024-10-08,2024-10-11
SO0005715,Z19,DC-MUM,2024-10-08,2024-10-10
SO0005716,Z20,DC-DEL,2024-10-08,2024-10-10
SO0005717,Z22,DC-DEL,2024-10-08,2024-10-11
SO0005719,Z30,DC-KOL,2024-10-08,2024-10-11
SO0005720,Z34,DC-KOL,2024-10-08,2024-10-11
SO0005721,Z01,DC-HYD,2024-10-09,2024-10-11
SO0005722,Z06,DC-HYD,2024-10-09,2024-10-12
SO0005723,Z09,DC-HYD,2024-10-09,2024-10-13
SO0005724,Z16,DC-MUM,2024-10-09,2024-10-11
SO0005718,Z23,DC-DEL,2024-10-08,2024-10-10
SO0005725,Z21,DC-DEL,2024-10-09,2024-10-11
SO0005726,Z24,DC-DEL,2024-10-09,2024-10-11
SO0005727,Z25,DC-DEL,2024-10-09,2024-10-11
SO0005728,Z26,DC-DEL,2024-10-09,2024-10-12
SO0005729,Z27,DC-DEL,2024-10-09,2024-10-11
SO0005731,Z29,DC-KOL,2024-10-09,2024-10-11
SO0005736,Z05,DC-HYD,2024-10-10,2024-10-13
SO0005737,Z07,DC-HYD,2024-10-10,2024-10-14
SO0005738,Z12,DC-MUM,2024-10-10,2024-10-12
SO0005739,Z13,DC-MUM,2024-10-10,2024-10-12
SO0005740,Z16,DC-MUM,2024-10-10,2024-10-12
SO0005741,Z18,DC-MUM,2024-10-10,2024-10-13
SO0005742,Z19,DC-MUM,2024-10-10,2024-10-12
SO0005730,Z28,DC-DEL,2024-10-09,2024-10-12
SO0005743,Z20,DC-DEL,2024-10-10,2024-10-12
SO0005744,Z27,DC-DEL,2024-10-10,2024-10-12
SO0005745,Z28,DC-DEL,2024-10-10,2024-10-13
SO0005732,Z31,DC-KOL,2024-10-09,2024-10-12
SO0005733,Z32,DC-KOL,2024-10-09,2024-10-11
SO0005734,Z33,DC-KOL,2024-10-09,2024-10-12
SO0005748,Z02,DC-HYD,2024-10-11,2024-10-13
SO0005749,Z07,DC-HYD,2024-10-11,2024-10-15
SO0005760,Z35,DC-HYD,2024-10-11,2024-10-14
SO0005750,Z11,DC-MUM,2024-10-11,2024-10-13
SO0005751,Z12,DC-MUM,2024-10-11,2024-10-13
SO0005752,Z15,DC-MUM,2024-10-11,2024-10-13
SO0005753,Z17,DC-MUM,2024-10-11,2024-10-14
SO0005754,Z21,DC-DEL,2024-10-11,2024-10-13
SO0005755,Z23,DC-DEL,2024-10-11,2024-10-13
SO0005756,Z24,DC-DEL,2024-10-11,2024-10-13
SO0005757,Z25,DC-DEL,2024-10-11,2024-10-13
SO0005735,Z36,DC-KOL,2024-10-09,2024-10-12
SO0005746,Z30,DC-KOL,2024-10-10,2024-10-13
SO0005747,Z36,DC-KOL,2024-10-10,2024-10-13
SO0005761,Z03,DC-HYD,2024-10-12,2024-10-15
SO0005762,Z05,DC-HYD,2024-10-12,2024-10-15
SO0005763,Z06,DC-HYD,2024-10-12,2024-10-15
SO0005764,Z08,DC-HYD,2024-10-12,2024-10-16
SO0005765,Z09,DC-HYD,2024-10-12,2024-10-16
SO0005766,Z14,DC-MUM,2024-10-12,2024-10-15
SO0005767,Z17,DC-MUM,2024-10-12,2024-10-15
SO0005768,Z22,DC-DEL,2024-10-12,2024-10-15
SO0005758,Z29,DC-KOL,2024-10-11,2024-10-13
SO0005759,Z32,DC-KOL,2024-10-11,2024-10-13
SO0005769,Z31,DC-KOL,2024-10-12,2024-10-15
SO0005771,Z03,DC-HYD,2024-10-14,2024-10-17
SO0005772,Z04,DC-HYD,2024-10-14,2024-10-16
SO0005773,Z08,DC-HYD,2024-10-14,2024-10-18
SO0005774,Z10,DC-HYD,2024-10-14,2024-10-17
SO0005781,Z35,DC-HYD,2024-10-14,2024-10-17
SO0005775,Z11,DC-MUM,2024-10-14,2024-10-16
SO0005776,Z13,DC-MUM,2024-10-14,2024-10-16
SO0005777,Z15,DC-MUM,2024-10-14,2024-10-16
SO0005778,Z18,DC-MUM,2024-10-14,2024-10-17
SO0005779,Z26,DC-DEL,2024-10-14,2024-10-17
SO0005770,Z34,DC-KOL,2024-10-12,2024-10-15
SO0005780,Z33,DC-KOL,2024-10-14,2024-10-17
SO0005782,Z01,DC-HYD,2024-10-15,2024-10-17
SO0005783,Z02,DC-HYD,2024-10-15,2024-10-17
SO0005784,Z04,DC-HYD,2024-10-15,2024-10-17
SO0005785,Z10,DC-HYD,2024-10-15,2024-10-18
SO0005786,Z14,DC-MUM,2024-10-15,2024-10-18
SO0005787,Z19,DC-MUM,2024-10-15,2024-10-17
SO0005788,Z20,DC-DEL,2024-10-15,2024-10-17
SO0005791,Z30,DC-KOL,2024-10-15,2024-10-18
SO0005792,Z34,DC-KOL,2024-10-15,2024-10-18
SO0005793,Z01,DC-HYD,2024-10-16,2024-10-18
SO0005794,Z06,DC-HYD,2024-10-16,2024-10-19
SO0005795,Z09,DC-HYD,2024-10-16,2024-10-20
SO0005796,Z16,DC-MUM,2024-10-16,2024-10-18
SO0005789,Z22,DC-DEL,2024-10-15,2024-10-18
SO0005790,Z23,DC-DEL,2024-10-15,2024-10-17
SO0005797,Z21,DC-DEL,2024-10-16,2024-10-18
SO0005798,Z24,DC-DEL,2024-10-16,2024-10-18
SO0005803,Z29,DC-KOL,2024-10-16,2024-10-18
SO0005808,Z05,DC-HYD,2024-10-17,2024-10-20
SO0005809,Z07,DC-HYD,2024-10-17,2024-10-21
SO0005810,Z12,DC-MUM,2024-10-17,2024-10-19
SO0005811,Z13,DC-MUM,2024-10-17,2024-10-19
SO0005812,Z16,DC-MUM,2024-10-17,2024-10-19
SO0005813,Z18,DC-MUM,2024-10-17,2024-10-20
SO0005814,Z19,DC-MUM,2024-10-17,2024-10-19
SO0005799,Z25,DC-DEL,2024-10-16,2024-10-18
SO0005800,Z26,DC-DEL,2024-10-16,2024-10-19
SO0005801,Z27,DC-DEL,2024-10-16,2024-10-18
SO0005802,Z28,DC-DEL,2024-10-16,2024-10-19
SO0005804,Z31,DC-KOL,2024-10-16,2024-10-19
SO0005805,Z32,DC-KOL,2024-10-16,2024-10-18
SO0005806,Z33,DC-KOL,2024-10-16,2024-10-19
SO0005820,Z02,DC-HYD,2024-10-18,2024-10-20
SO0005821,Z07,DC-HYD,2024-10-18,2024-10-22
SO0005832,Z35,DC-HYD,2024-10-18,2024-10-21
SO0005822,Z11,DC-MUM,2024-10-18,2024-10-20
SO0005823,Z12,DC-MUM,2024-10-18,2024-10-20
SO0005824,Z15,DC-MUM,2024-10-18,2024-10-20
SO0005815,Z20,DC-DEL,2024-10-17,2024-10-19
SO0005816,Z27,DC-DEL,2024-10-17,2024-10-19
SO0005817,Z28,DC-DEL,2024-10-17,2024-10-20
SO0005826,Z21,DC-DEL,2024-10-18,2024-10-20
SO0005827,Z23,DC-DEL,2024-10-18,2024-10-20
SO0005828,Z24,DC-DEL,2024-10-18,2024-10-20
SO0005829,Z25,DC-DEL,2024-10-18,2024-10-20
SO0005807,Z36,DC-KOL,2024-10-16,2024-10-19
SO0005818,Z30,DC-KOL,2024-10-17,2024-10-20
SO0005819,Z36,DC-KOL,2024-10-17,2024-10-20
SO0005833,Z03,DC-HYD,2024-10-19,2024-10-22
SO0005834,Z05,DC-HYD,2024-10-19,2024-10-22
SO0005835,Z06,DC-HYD,2024-10-19,2024-10-22
SO0005836,Z08,DC-HYD,2024-10-19,2024-10-23
SO0005837,Z09,DC-HYD,2024-10-19,2024-10-23
SO0005825,Z17,DC-MUM,2024-10-18,2024-10-21
SO0005838,Z14,DC-MUM,2024-10-19,2024-10-22
SO0005839,Z17,DC-MUM,2024-10-19,2024-10-22
SO0005840,Z22,DC-DEL,2024-10-19,2024-10-22
SO0005830,Z29,DC-KOL,2024-10-18,2024-10-20
SO0005831,Z32,DC-KOL,2024-10-18,2024-10-20
SO0005841,Z31,DC-KOL,2024-10-19,2024-10-22
SO0005843,Z03,DC-HYD,2024-10-21,2024-10-24
SO0005844,Z04,DC-HYD,2024-10-21,2024-10-23
SO0005845,Z08,DC-HYD,2024-10-21,2024-10-25
SO0005846,Z10,DC-HYD,2024-10-21,2024-10-24
SO0005853,Z35,DC-HYD,2024-10-21,2024-10-24
SO0005847,Z11,DC-MUM,2024-10-21,2024-10-23
SO0005848,Z13,DC-MUM,2024-10-21,2024-10-23
SO0005849,Z15,DC-MUM,2024-10-21,2024-10-23
SO0005850,Z18,DC-MUM,2024-10-21,2024-10-24
SO0005851,Z26,DC-DEL,2024-10-21,2024-10-24
SO0005842,Z34,DC-KOL,2024-10-19,2024-10-22
SO0005852,Z33,DC-KOL,2024-10-21,2024-10-24
SO0005854,Z01,DC-HYD,2024-10-22,2024-10-24
SO0005855,Z02,DC-HYD,2024-10-22,2024-10-24
SO0005856,Z04,DC-HYD,2024-10-22,2024-10-24
SO0005857,Z10,DC-HYD,2024-10-22,2024-10-25
SO0005858,Z14,DC-MUM,2024-10-22,2024-10-25
SO0005859,Z19,DC-MUM,2024-10-22,2024-10-24
SO0005860,Z20,DC-DEL,2024-10-22,2024-10-24
SO0005861,Z22,DC-DEL,2024-10-22,2024-10-25
SO0005863,Z30,DC-KOL,2024-10-22,2024-10-25
SO0005864,Z34,DC-KOL,2024-10-22,2024-10-25
SO0005865,Z01,DC-HYD,2024-10-23,2024-10-25
SO0005866,Z06,DC-HYD,2024-10-23,2024-10-26
SO0005867,Z09,DC-HYD,2024-10-23,2024-10-27
SO0005868,Z16,DC-MUM,2024-10-23,2024-10-25
SO0005862,Z23,DC-DEL,2024-10-22,2024-10-24
SO0005869,Z21,DC-DEL,2024-10-23,2024-10-25
SO0005870,Z24,DC-DEL,2024-10-23,2024-10-25
SO0005875,Z29,DC-KOL,2024-10-23,2024-10-25
SO0005880,Z05,DC-HYD,2024-10-24,2024-10-27
SO0005881,Z07,DC-HYD,2024-10-24,2024-10-28
SO0005882,Z12,DC-MUM,2024-10-24,2024-10-26
SO0005883,Z13,DC-MUM,2024-10-24,2024-10-26
SO0005884,Z16,DC-MUM,2024-10-24,2024-10-26
SO0005885,Z18,DC-MUM,2024-10-24,2024-10-27
SO0005886,Z19,DC-MUM,2024-10-24,2024-10-26
SO0005871,Z25,DC-DEL,2024-10-23,2024-10-25
SO0005872,Z26,DC-DEL,2024-10-23,2024-10-26
SO0005873,Z27,DC-DEL,2024-10-23,2024-10-25
SO0005874,Z28,DC-DEL,2024-10-23,2024-10-26
SO0005876,Z31,DC-KOL,2024-10-23,2024-10-26
SO0005877,Z32,DC-KOL,2024-10-23,2024-10-25
SO0005892,Z02,DC-HYD,2024-10-25,2024-10-27
SO0005893,Z07,DC-HYD,2024-10-25,2024-10-29
SO0005904,Z35,DC-HYD,2024-10-25,2024-10-28
SO0005894,Z11,DC-MUM,2024-10-25,2024-10-27
SO0005895,Z12,DC-MUM,2024-10-25,2024-10-27
SO0005896,Z15,DC-MUM,2024-10-25,2024-10-27
SO0005887,Z20,DC-DEL,2024-10-24,2024-10-26
SO0005888,Z27,DC-DEL,2024-10-24,2024-10-26
SO0005889,Z28,DC-DEL,2024-10-24,2024-10-27
SO0005898,Z21,DC-DEL,2024-10-25,2024-10-27
SO0005899,Z23,DC-DEL,2024-10-25,2024-10-27
SO0005900,Z24,DC-DEL,2024-10-25,2024-10-27
SO0005901,Z25,DC-DEL,2024-10-25,2024-10-27
SO0005878,Z33,DC-KOL,2024-10-23,2024-10-26
SO0005879,Z36,DC-KOL,2024-10-23,2024-10-26
SO0005890,Z30,DC-KOL,2024-10-24,2024-10-27
SO0005891,Z36,DC-KOL,2024-10-24,2024-10-27
SO0005905,Z03,DC-HYD,2024-10-26,2024-10-29
SO0005906,Z05,DC-HYD,2024-10-26,2024-10-29
SO0005907,Z06,DC-HYD,2024-10-26,2024-10-29
SO0005908,Z08,DC-HYD,2024-10-26,2024-10-30
SO0005909,Z09,DC-HYD,2024-10-26,2024-10-30
SO0005897,Z17,DC-MUM,2024-10-25,2024-10-28
SO0005910,Z14,DC-MUM,2024-10-26,2024-10-29
SO0005911,Z17,DC-MUM,2024-10-26,2024-10-29
SO0005912,Z22,DC-DEL,2024-10-26,2024-10-29
SO0005902,Z29,DC-KOL,2024-10-25,2024-10-27
SO0005903,Z32,DC-KOL,2024-10-25,2024-10-27
SO0005913,Z31,DC-KOL,2024-10-26,2024-10-29
SO0005915,Z03,DC-HYD,2024-10-28,2024-10-31
SO0005916,Z04,DC-HYD,2024-10-28,2024-10-30
SO0005917,Z08,DC-HYD,2024-10-28,2024-11-01
SO0005918,Z10,DC-HYD,2024-10-28,2024-10-31
SO0005925,Z35,DC-HYD,2024-10-28,2024-10-31
SO0005919,Z11,DC-MUM,2024-10-28,2024-10-30
SO0005920,Z13,DC-MUM,2024-10-28,2024-10-30
SO0005921,Z15,DC-MUM,2024-10-28,2024-10-30
SO0005923,Z26,DC-DEL,2024-10-28,2024-10-31
SO0005914,Z34,DC-KOL,2024-10-26,2024-10-29
SO0005924,Z33,DC-KOL,2024-10-28,2024-10-31
SO0005926,Z01,DC-HYD,2024-10-29,2024-10-31
SO0005927,Z02,DC-HYD,2024-10-29,2024-10-31
SO0005928,Z04,DC-HYD,2024-10-29,2024-10-31
SO0005929,Z10,DC-HYD,2024-10-29,2024-11-01
SO0005922,Z18,DC-MUM,2024-10-28,2024-10-31
SO0005930,Z14,DC-MUM,2024-10-29,2024-11-01
SO0005931,Z19,DC-MUM,2024-10-29,2024-10-31
SO0005932,Z20,DC-DEL,2024-10-29,2024-10-31
SO0005935,Z30,DC-KOL,2024-10-29,2024-11-01
SO0005936,Z34,DC-KOL,2024-10-29,2024-11-01
SO0005937,Z01,DC-HYD,2024-10-30,2024-11-01
SO0005938,Z06,DC-HYD,2024-10-30,2024-11-02
SO0005939,Z09,DC-HYD,2024-10-30,2024-11-03
SO0005940,Z16,DC-MUM,2024-10-30,2024-11-01
SO0005933,Z22,DC-DEL,2024-10-29,2024-11-01
SO0005934,Z23,DC-DEL,2024-10-29,2024-10-31
SO0005941,Z21,DC-DEL,2024-10-30,2024-11-01
SO0005947,Z29,DC-KOL,2024-10-30,2024-11-01
SO0005952,Z05,DC-HYD,2024-10-31,2024-11-03
SO0005953,Z07,DC-HYD,2024-10-31,2024-11-04
SO0005954,Z12,DC-MUM,2024-10-31,2024-11-02
SO0005955,Z13,DC-MUM,2024-10-31,2024-11-02
SO0005956,Z16,DC-MUM,2024-10-31,2024-11-02
SO0005957,Z18,DC-MUM,2024-10-31,2024-11-03
SO0005958,Z19,DC-MUM,2024-10-31,2024-11-02
SO0005942,Z24,DC-DEL,2024-10-30,2024-11-01
SO0005943,Z25,DC-DEL,2024-10-30,2024-11-01
SO0005944,Z26,DC-DEL,2024-10-30,2024-11-02
SO0005945,Z27,DC-DEL,2024-10-30,2024-11-01
SO0005948,Z31,DC-KOL,2024-10-30,2024-11-02
SO0005949,Z32,DC-KOL,2024-10-30,2024-11-01
SO0005964,Z02,DC-HYD,2024-11-01,2024-11-03
SO0005965,Z07,DC-HYD,2024-11-01,2024-11-05
SO0005976,Z35,DC-HYD,2024-11-01,2024-11-04
SO0005966,Z11,DC-MUM,2024-11-01,2024-11-03
SO0005967,Z12,DC-MUM,2024-11-01,2024-11-03
SO0005946,Z28,DC-DEL,2024-10-30,2024-11-02
SO0005959,Z20,DC-DEL,2024-10-31,2024-11-02
SO0005960,Z27,DC-DEL,2024-10-31,2024-11-02
SO0005961,Z28,DC-DEL,2024-10-31,2024-11-03
SO0005970,Z21,DC-DEL,2024-11-01,2024-11-03
SO0005950,Z33,DC-KOL,2024-10-30,2024-11-02
SO0005951,Z36,DC-KOL,2024-10-30,2024-11-02
SO0005962,Z30,DC-KOL,2024-10-31,2024-11-03
SO0005963,Z36,DC-KOL,2024-10-31,2024-11-03
SO0005977,Z03,DC-HYD,2024-11-02,2024-11-05
SO0005978,Z05,DC-HYD,2024-11-02,2024-11-05
SO0005979,Z06,DC-HYD,2024-11-02,2024-11-05
SO0005980,Z08,DC-HYD,2024-11-02,2024-11-06
SO0005981,Z09,DC-HYD,2024-11-02,2024-11-06
SO0005968,Z15,DC-MUM,2024-11-01,2024-11-03
SO0005969,Z17,DC-MUM,2024-11-01,2024-11-04
SO0005982,Z14,DC-MUM,2024-11-02,2024-11-05
SO0005983,Z17,DC-MUM,2024-11-02,2024-11-05
SO0005971,Z23,DC-DEL,2024-11-01,2024-11-03
SO0005972,Z24,DC-DEL,2024-11-01,2024-11-03
SO0005973,Z25,DC-DEL,2024-11-01,2024-11-03
SO0005984,Z22,DC-DEL,2024-11-02,2024-11-05
SO0005974,Z29,DC-KOL,2024-11-01,2024-11-03
SO0005975,Z32,DC-KOL,2024-11-01,2024-11-03
SO0005985,Z31,DC-KOL,2024-11-02,2024-11-05
SO0005987,Z03,DC-HYD,2024-11-04,2024-11-07
SO0005988,Z04,DC-HYD,2024-11-04,2024-11-06
SO0005989,Z08,DC-HYD,2024-11-04,2024-11-08
SO0005990,Z10,DC-HYD,2024-11-04,2024-11-07
SO0005997,Z35,DC-HYD,2024-11-04,2024-11-07
SO0005991,Z11,DC-MUM,2024-11-04,2024-11-06
SO0005992,Z13,DC-MUM,2024-11-04,2024-11-06
SO0005993,Z15,DC-MUM,2024-11-04,2024-11-06
SO0005994,Z18,DC-MUM,2024-11-04,2024-11-07
SO0005995,Z26,DC-DEL,2024-11-04,2024-11-07
SO0005986,Z34,DC-KOL,2024-11-02,2024-11-05
SO0005996,Z33,DC-KOL,2024-11-04,2024-11-07
SO0005998,Z01,DC-HYD,2024-11-05,2024-11-07
SO0005999,Z02,DC-HYD,2024-11-05,2024-11-07
SO0006000,Z04,DC-HYD,2024-11-05,2024-11-07
SO0006001,Z10,DC-HYD,2024-11-05,2024-11-08
SO0006002,Z14,DC-MUM,2024-11-05,2024-11-08
SO0006003,Z19,DC-MUM,2024-11-05,2024-11-07
SO0006004,Z20,DC-DEL,2024-11-05,2024-11-07
SO0006005,Z22,DC-DEL,2024-11-05,2024-11-08
SO0006006,Z23,DC-DEL,2024-11-05,2024-11-07
SO0006007,Z30,DC-KOL,2024-11-05,2024-11-08
SO0006008,Z34,DC-KOL,2024-11-05,2024-11-08
SO0006009,Z01,DC-HYD,2024-11-06,2024-11-08
SO0006010,Z06,DC-HYD,2024-11-06,2024-11-09
SO0006011,Z09,DC-HYD,2024-11-06,2024-11-10
SO0006012,Z16,DC-MUM,2024-11-06,2024-11-08
SO0006013,Z21,DC-DEL,2024-11-06,2024-11-08
SO0006014,Z24,DC-DEL,2024-11-06,2024-11-08
SO0006015,Z25,DC-DEL,2024-11-06,2024-11-08
SO0006016,Z26,DC-DEL,2024-11-06,2024-11-09
SO0006017,Z27,DC-DEL,2024-11-06,2024-11-08
SO0006019,Z29,DC-KOL,2024-11-06,2024-11-08
SO0006024,Z05,DC-HYD,2024-11-07,2024-11-10
SO0006025,Z07,DC-HYD,2024-11-07,2024-11-11
SO0006026,Z12,DC-MUM,2024-11-07,2024-11-09
SO0006027,Z13,DC-MUM,2024-11-07,2024-11-09
SO0006028,Z16,DC-MUM,2024-11-07,2024-11-09
SO0006029,Z18,DC-MUM,2024-11-07,2024-11-10
SO0006030,Z19,DC-MUM,2024-11-07,2024-11-09
SO0006018,Z28,DC-DEL,2024-11-06,2024-11-09
SO0006031,Z20,DC-DEL,2024-11-07,2024-11-09
SO0006032,Z27,DC-DEL,2024-11-07,2024-11-09
SO0006033,Z28,DC-DEL,2024-11-07,2024-11-10
SO0006020,Z31,DC-KOL,2024-11-06,2024-11-09
SO0006021,Z32,DC-KOL,2024-11-06,2024-11-08
SO0006022,Z33,DC-KOL,2024-11-06,2024-11-09
SO0006036,Z02,DC-HYD,2024-11-08,2024-11-10
SO0006037,Z07,DC-HYD,2024-11-08,2024-11-12
SO0006048,Z35,DC-HYD,2024-11-08,2024-11-11
SO0006038,Z11,DC-MUM,2024-11-08,2024-11-10
SO0006039,Z12,DC-MUM,2024-11-08,2024-11-10
SO0006040,Z15,DC-MUM,2024-11-08,2024-11-10
SO0006042,Z21,DC-DEL,2024-11-08,2024-11-10
SO0006043,Z23,DC-DEL,2024-11-08,2024-11-10
SO0006044,Z24,DC-DEL,2024-11-08,2024-11-10
SO0006045,Z25,DC-DEL,2024-11-08,2024-11-10
SO0006023,Z36,DC-KOL,2024-11-06,2024-11-09
SO0006034,Z30,DC-KOL,2024-11-07,2024-11-10
SO0006035,Z36,DC-KOL,2024-11-07,2024-11-10
SO0006046,Z29,DC-KOL,2024-11-08,2024-11-10
SO0006047,Z32,DC-KOL,2024-11-08,2024-11-10
SO0006049,Z03,DC-HYD,2024-11-09,2024-11-12
SO0006050,Z05,DC-HYD,2024-11-09,2024-11-12
SO0006051,Z06,DC-HYD,2024-11-09,2024-11-12
SO0006052,Z08,DC-HYD,2024-11-09,2024-11-13
SO0006053,Z09,DC-HYD,2024-11-09,2024-11-13
SO0006041,Z17,DC-MUM,2024-11-08,2024-11-11
SO0006054,Z14,DC-MUM,2024-11-09,2024-11-12
SO0006055,Z17,DC-MUM,2024-11-09,2024-11-12
SO0006056,Z22,DC-DEL,2024-11-09,2024-11-12
SO0006057,Z31,DC-KOL,2024-11-09,2024-11-12
SO0006058,Z34,DC-KOL,2024-11-09,2024-11-12
SO0006059,Z03,DC-HYD,2024-11-11,2024-11-14
SO0006060,Z04,DC-HYD,2024-11-11,2024-11-13
SO0006061,Z08,DC-HYD,2024-11-11,2024-11-15
SO0006062,Z10,DC-HYD,2024-11-11,2024-11-14
SO0006069,Z35,DC-HYD,2024-11-11,2024-11-14
SO0006063,Z11,DC-MUM,2024-11-11,2024-11-13
SO0006064,Z13,DC-MUM,2024-11-11,2024-11-13
SO0006065,Z15,DC-MUM,2024-11-11,2024-11-13
SO0006066,Z18,DC-MUM,2024-11-11,2024-11-14
SO0006067,Z26,DC-DEL,2024-11-11,2024-11-14
SO0006068,Z33,DC-KOL,2024-11-11,2024-11-14
SO0006070,Z01,DC-HYD,2024-11-12,2024-11-14
SO0006071,Z02,DC-HYD,2024-11-12,2024-11-14
SO0006072,Z04,DC-HYD,2024-11-12,2024-11-14
SO0006073,Z10,DC-HYD,2024-11-12,2024-11-15
SO0006074,Z14,DC-MUM,2024-11-12,2024-11-15
SO0006075,Z19,DC-MUM,2024-11-12,2024-11-14
SO0006076,Z20,DC-DEL,2024-11-12,2024-11-14
SO0006077,Z22,DC-DEL,2024-11-12,2024-11-15
SO0006078,Z23,DC-DEL,2024-11-12,2024-11-14
SO0006079,Z30,DC-KOL,2024-11-12,2024-11-15
SO0006080,Z34,DC-KOL,2024-11-12,2024-11-15
SO0006081,Z01,DC-HYD,2024-11-13,2024-11-15
SO0006082,Z06,DC-HYD,2024-11-13,2024-11-16
SO0006083,Z09,DC-HYD,2024-11-13,2024-11-17
SO0006084,Z16,DC-MUM,2024-11-13,2024-11-15
SO0006085,Z21,DC-DEL,2024-11-13,2024-11-15
SO0006086,Z24,DC-DEL,2024-11-13,2024-11-15
SO0006087,Z25,DC-DEL,2024-11-13,2024-11-15
SO0006088,Z26,DC-DEL,2024-11-13,2024-11-16
SO0006089,Z27,DC-DEL,2024-11-13,2024-11-15
SO0006091,Z29,DC-KOL,2024-11-13,2024-11-15
SO0006096,Z05,DC-HYD,2024-11-14,2024-11-17
SO0006097,Z07,DC-HYD,2024-11-14,2024-11-18
SO0006098,Z12,DC-MUM,2024-11-14,2024-11-16
SO0006099,Z13,DC-MUM,2024-11-14,2024-11-16
SO0006100,Z16,DC-MUM,2024-11-14,2024-11-16
SO0006101,Z18,DC-MUM,2024-11-14,2024-11-17
SO0006102,Z19,DC-MUM,2024-11-14,2024-11-16
SO0006090,Z28,DC-DEL,2024-11-13,2024-11-16
SO0006103,Z20,DC-DEL,2024-11-14,2024-11-16
SO0006104,Z27,DC-DEL,2024-11-14,2024-11-16
SO0006105,Z28,DC-DEL,2024-11-14,2024-11-17
SO0006092,Z31,DC-KOL,2024-11-13,2024-11-16
SO0006093,Z32,DC-KOL,2024-11-13,2024-11-15
SO0006094,Z33,DC-KOL,2024-11-13,2024-11-16
SO0006108,Z02,DC-HYD,2024-11-15,2024-11-17
SO0006109,Z07,DC-HYD,2024-11-15,2024-11-19
SO0006120,Z35,DC-HYD,2024-11-15,2024-11-18
SO0006110,Z11,DC-MUM,2024-11-15,2024-11-17
SO0006111,Z12,DC-MUM,2024-11-15,2024-11-17
SO0006112,Z15,DC-MUM,2024-11-15,2024-11-17
SO0006113,Z17,DC-MUM,2024-11-15,2024-11-18
SO0006114,Z21,DC-DEL,2024-11-15,2024-11-17
SO0006115,Z23,DC-DEL,2024-11-15,2024-11-17
SO0006116,Z24,DC-DEL,2024-11-15,2024-11-17
SO0006117,Z25,DC-DEL,2024-11-15,2024-11-17
SO0006095,Z36,DC-KOL,2024-11-13,2024-11-16
SO0006106,Z30,DC-KOL,2024-11-14,2024-11-17
SO0006107,Z36,DC-KOL,2024-11-14,2024-11-17
SO0006118,Z29,DC-KOL,2024-11-15,2024-11-17
SO0006119,Z32,DC-KOL,2024-11-15,2024-11-17
SO0006121,Z03,DC-HYD,2024-11-16,2024-11-19
SO0006122,Z05,DC-HYD,2024-11-16,2024-11-19
SO0006123,Z06,DC-HYD,2024-11-16,2024-11-19
SO0006124,Z08,DC-HYD,2024-11-16,2024-11-20
SO0006125,Z09,DC-HYD,2024-11-16,2024-11-20
SO0006126,Z14,DC-MUM,2024-11-16,2024-11-19
SO0006127,Z17,DC-MUM,2024-11-16,2024-11-19
SO0006128,Z22,DC-DEL,2024-11-16,2024-11-19
SO0006129,Z31,DC-KOL,2024-11-16,2024-11-19
SO0006130,Z34,DC-KOL,2024-11-16,2024-11-19
SO0006131,Z03,DC-HYD,2024-11-18,2024-11-21
SO0006132,Z04,DC-HYD,2024-11-18,2024-11-20
SO0006133,Z08,DC-HYD,2024-11-18,2024-11-22
SO0006134,Z10,DC-HYD,2024-11-18,2024-11-21
SO0006141,Z35,DC-HYD,2024-11-18,2024-11-21
SO0006135,Z11,DC-MUM,2024-11-18,2024-11-20
SO0006136,Z13,DC-MUM,2024-11-18,2024-11-20
SO0006137,Z15,DC-MUM,2024-11-18,2024-11-20
SO0006138,Z18,DC-MUM,2024-11-18,2024-11-21
SO0006139,Z26,DC-DEL,2024-11-18,2024-11-21
SO0006140,Z33,DC-KOL,2024-11-18,2024-11-21
SO0006142,Z01,DC-HYD,2024-11-19,2024-11-21
SO0006143,Z02,DC-HYD,2024-11-19,2024-11-21
SO0006144,Z04,DC-HYD,2024-11-19,2024-11-21
SO0006145,Z10,DC-HYD,2024-11-19,2024-11-22
SO0006146,Z14,DC-MUM,2024-11-19,2024-11-22
SO0006147,Z19,DC-MUM,2024-11-19,2024-11-21
SO0006148,Z20,DC-DEL,2024-11-19,2024-11-21
SO0006149,Z22,DC-DEL,2024-11-19,2024-11-22
SO0006151,Z30,DC-KOL,2024-11-19,2024-11-22
SO0006152,Z34,DC-KOL,2024-11-19,2024-11-22
SO0006153,Z01,DC-HYD,2024-11-20,2024-11-22
SO0006154,Z06,DC-HYD,2024-11-20,2024-11-23
SO0006155,Z09,DC-HYD,2024-11-20,2024-11-24
SO0006156,Z16,DC-MUM,2024-11-20,2024-11-22
SO0006150,Z23,DC-DEL,2024-11-19,2024-11-21
SO0006157,Z21,DC-DEL,2024-11-20,2024-11-22
SO0006158,Z24,DC-DEL,2024-11-20,2024-11-22
SO0006159,Z25,DC-DEL,2024-11-20,2024-11-22
SO0006160,Z26,DC-DEL,2024-11-20,2024-11-23
SO0006163,Z29,DC-KOL,2024-11-20,2024-11-22
SO0006168,Z05,DC-HYD,2024-11-21,2024-11-24
SO0006169,Z07,DC-HYD,2024-11-21,2024-11-25
SO0006170,Z12,DC-MUM,2024-11-21,2024-11-23
SO0006171,Z13,DC-MUM,2024-11-21,2024-11-23
SO0006172,Z16,DC-MUM,2024-11-21,2024-11-23
SO0006173,Z18,DC-MUM,2024-11-21,2024-11-24
SO0006174,Z19,DC-MUM,2024-11-21,2024-11-23
SO0006161,Z27,DC-DEL,2024-11-20,2024-11-22
SO0006162,Z28,DC-DEL,2024-11-20,2024-11-23
SO0006175,Z20,DC-DEL,2024-11-21,2024-11-23
SO0006176,Z27,DC-DEL,2024-11-21,2024-11-23
SO0006177,Z28,DC-DEL,2024-11-21,2024-11-24
SO0006164,Z31,DC-KOL,2024-11-20,2024-11-23
SO0006165,Z32,DC-KOL,2024-11-20,2024-11-22
SO0006166,Z33,DC-KOL,2024-11-20,2024-11-23
SO0006180,Z02,DC-HYD,2024-11-22,2024-11-24
SO0006181,Z07,DC-HYD,2024-11-22,2024-11-26
SO0006192,Z35,DC-HYD,2024-11-22,2024-11-25
SO0006182,Z11,DC-MUM,2024-11-22,2024-11-24
SO0006183,Z12,DC-MUM,2024-11-22,2024-11-24
SO0006184,Z15,DC-MUM,2024-11-22,2024-11-24
SO0006185,Z17,DC-MUM,2024-11-22,2024-11-25
SO0006186,Z21,DC-DEL,2024-11-22,2024-11-24
SO0006187,Z23,DC-DEL,2024-11-22,2024-11-24
SO0006188,Z24,DC-DEL,2024-11-22,2024-11-24
SO0006189,Z25,DC-DEL,2024-11-22,2024-11-24
SO0006167,Z36,DC-KOL,2024-11-20,2024-11-23
SO0006178,Z30,DC-KOL,2024-11-21,2024-11-24
SO0006179,Z36,DC-KOL,2024-11-21,2024-11-24
SO0006190,Z29,DC-KOL,2024-11-22,2024-11-24
SO0006193,Z03,DC-HYD,2024-11-23,2024-11-26
SO0006194,Z05,DC-HYD,2024-11-23,2024-11-26
SO0006195,Z06,DC-HYD,2024-11-23,2024-11-26
SO0006196,Z08,DC-HYD,2024-11-23,2024-11-27
SO0006197,Z09,DC-HYD,2024-11-23,2024-11-27
SO0006198,Z14,DC-MUM,2024-11-23,2024-11-26
SO0006199,Z17,DC-MUM,2024-11-23,2024-11-26
SO0006200,Z22,DC-DEL,2024-11-23,2024-11-26
SO0006191,Z32,DC-KOL,2024-11-22,2024-11-24
SO0006201,Z31,DC-KOL,2024-11-23,2024-11-26
SO0006202,Z34,DC-KOL,2024-11-23,2024-11-26
SO0006203,Z03,DC-HYD,2024-11-25,2024-11-28
SO0006204,Z04,DC-HYD,2024-11-25,2024-11-27
SO0006205,Z08,DC-HYD,2024-11-25,2024-11-29
SO0006206,Z10,DC-HYD,2024-11-25,2024-11-28
SO0006213,Z35,DC-HYD,2024-11-25,2024-11-28
SO0006207,Z11,DC-MUM,2024-11-25,2024-11-27
SO0006208,Z13,DC-MUM,2024-11-25,2024-11-27
SO0006209,Z15,DC-MUM,2024-11-25,2024-11-27
SO0006210,Z18,DC-MUM,2024-11-25,2024-11-28
SO0006211,Z26,DC-DEL,2024-11-25,2024-11-28
SO0006212,Z33,DC-KOL,2024-11-25,2024-11-28
SO0006214,Z01,DC-HYD,2024-11-26,2024-11-28
SO0006215,Z02,DC-HYD,2024-11-26,2024-11-28
SO0006216,Z04,DC-HYD,2024-11-26,2024-11-28
SO0006217,Z10,DC-HYD,2024-11-26,2024-11-29
SO0006218,Z14,DC-MUM,2024-11-26,2024-11-29
SO0006219,Z19,DC-MUM,2024-11-26,2024-11-28
SO0006220,Z20,DC-DEL,2024-11-26,2024-11-28
SO0006221,Z22,DC-DEL,2024-11-26,2024-11-29
SO0006222,Z23,DC-DEL,2024-11-26,2024-11-28
SO0006223,Z30,DC-KOL,2024-11-26,2024-11-29
SO0006224,Z34,DC-KOL,2024-11-26,2024-11-29
SO0006225,Z01,DC-HYD,2024-11-27,2024-11-29
SO0006226,Z06,DC-HYD,2024-11-27,2024-11-30
SO0006227,Z09,DC-HYD,2024-11-27,2024-12-01
SO0006228,Z16,DC-MUM,2024-11-27,2024-11-29
SO0006229,Z21,DC-DEL,2024-11-27,2024-11-29
SO0006230,Z24,DC-DEL,2024-11-27,2024-11-29
SO0006231,Z25,DC-DEL,2024-11-27,2024-11-29
SO0006232,Z26,DC-DEL,2024-11-27,2024-11-30
SO0006233,Z27,DC-DEL,2024-11-27,2024-11-29
SO0006235,Z29,DC-KOL,2024-11-27,2024-11-29
SO0006240,Z05,DC-HYD,2024-11-28,2024-12-01
SO0006241,Z07,DC-HYD,2024-11-28,2024-12-02
SO0006242,Z12,DC-MUM,2024-11-28,2024-11-30
SO0006243,Z13,DC-MUM,2024-11-28,2024-11-30
SO0006244,Z16,DC-MUM,2024-11-28,2024-11-30
SO0006245,Z18,DC-MUM,2024-11-28,2024-12-01
SO0006246,Z19,DC-MUM,2024-11-28,2024-11-30
SO0006234,Z28,DC-DEL,2024-11-27,2024-11-30
SO0006247,Z20,DC-DEL,2024-11-28,2024-11-30
SO0006248,Z27,DC-DEL,2024-11-28,2024-11-30
SO0006249,Z28,DC-DEL,2024-11-28,2024-12-01
SO0006236,Z31,DC-KOL,2024-11-27,2024-11-30
SO0006237,Z32,DC-KOL,2024-11-27,2024-11-29
SO0006238,Z33,DC-KOL,2024-11-27,2024-11-30
SO0006252,Z02,DC-HYD,2024-11-29,2024-12-01
SO0006253,Z07,DC-HYD,2024-11-29,2024-12-03
SO0006264,Z35,DC-HYD,2024-11-29,2024-12-02
SO0006254,Z11,DC-MUM,2024-11-29,2024-12-01
SO0006255,Z12,DC-MUM,2024-11-29,2024-12-01
SO0006256,Z15,DC-MUM,2024-11-29,2024-12-01
SO0006257,Z17,DC-MUM,2024-11-29,2024-12-02
SO0006258,Z21,DC-DEL,2024-11-29,2024-12-01
SO0006259,Z23,DC-DEL,2024-11-29,2024-12-01
SO0006260,Z24,DC-DEL,2024-11-29,2024-12-01
SO0006261,Z25,DC-DEL,2024-11-29,2024-12-01
SO0006239,Z36,DC-KOL,2024-11-27,2024-11-30
SO0006250,Z30,DC-KOL,2024-11-28,2024-12-01
SO0006251,Z36,DC-KOL,2024-11-28,2024-12-01
SO0006262,Z29,DC-KOL,2024-11-29,2024-12-01
SO0006263,Z32,DC-KOL,2024-11-29,2024-12-01
SO0006265,Z03,DC-HYD,2024-11-30,2024-12-03
SO0006266,Z05,DC-HYD,2024-11-30,2024-12-03
SO0006267,Z06,DC-HYD,2024-11-30,2024-12-03
SO0006268,Z08,DC-HYD,2024-11-30,2024-12-04
SO0006269,Z09,DC-HYD,2024-11-30,2024-12-04
SO0006270,Z14,DC-MUM,2024-11-30,2024-12-03
SO0006271,Z17,DC-MUM,2024-11-30,2024-12-03
SO0006272,Z22,DC-DEL,2024-11-30,2024-12-03
SO0006273,Z31,DC-KOL,2024-11-30,2024-12-03
SO0006274,Z34,DC-KOL,2024-11-30,2024-12-03
SO0006275,Z03,DC-HYD,2024-12-02,2024-12-05
SO0006276,Z04,DC-HYD,2024-12-02,2024-12-04
SO0006277,Z08,DC-HYD,2024-12-02,2024-12-06
SO0006278,Z10,DC-HYD,2024-12-02,2024-12-05
SO0006285,Z35,DC-HYD,2024-12-02,2024-12-05
SO0006279,Z11,DC-MUM,2024-12-02,2024-12-04
SO0006280,Z13,DC-MUM,2024-12-02,2024-12-04
SO0006281,Z15,DC-MUM,2024-12-02,2024-12-04
SO0006282,Z18,DC-MUM,2024-12-02,2024-12-05
SO0006283,Z26,DC-DEL,2024-12-02,2024-12-05
SO0006284,Z33,DC-KOL,2024-12-02,2024-12-05
SO0006286,Z01,DC-HYD,2024-12-03,2024-12-05
SO0006287,Z02,DC-HYD,2024-12-03,2024-12-05
SO0006288,Z04,DC-HYD,2024-12-03,2024-12-05
SO0006289,Z10,DC-HYD,2024-12-03,2024-12-06
SO0006290,Z14,DC-MUM,2024-12-03,2024-12-06
SO0006291,Z19,DC-MUM,2024-12-03,2024-12-05
SO0006292,Z20,DC-DEL,2024-12-03,2024-12-05
SO0006293,Z22,DC-DEL,2024-12-03,2024-12-06
SO0006294,Z23,DC-DEL,2024-12-03,2024-12-05
SO0006295,Z30,DC-KOL,2024-12-03,2024-12-06
SO0006296,Z34,DC-KOL,2024-12-03,2024-12-06
SO0006297,Z01,DC-HYD,2024-12-04,2024-12-06
SO0006298,Z06,DC-HYD,2024-12-04,2024-12-07
SO0006299,Z09,DC-HYD,2024-12-04,2024-12-08
SO0006300,Z16,DC-MUM,2024-12-04,2024-12-06
SO0006301,Z21,DC-DEL,2024-12-04,2024-12-06
SO0006302,Z24,DC-DEL,2024-12-04,2024-12-06
SO0006303,Z25,DC-DEL,2024-12-04,2024-12-06
SO0006304,Z26,DC-DEL,2024-12-04,2024-12-07
SO0006305,Z27,DC-DEL,2024-12-04,2024-12-06
SO0006307,Z29,DC-KOL,2024-12-04,2024-12-06
SO0006312,Z05,DC-HYD,2024-12-05,2024-12-08
SO0006313,Z07,DC-HYD,2024-12-05,2024-12-09
SO0006314,Z12,DC-MUM,2024-12-05,2024-12-07
SO0006315,Z13,DC-MUM,2024-12-05,2024-12-07
SO0006316,Z16,DC-MUM,2024-12-05,2024-12-07
SO0006317,Z18,DC-MUM,2024-12-05,2024-12-08
SO0006318,Z19,DC-MUM,2024-12-05,2024-12-07
SO0006306,Z28,DC-DEL,2024-12-04,2024-12-07
SO0006319,Z20,DC-DEL,2024-12-05,2024-12-07
SO0006320,Z27,DC-DEL,2024-12-05,2024-12-07
SO0006321,Z28,DC-DEL,2024-12-05,2024-12-08
SO0006308,Z31,DC-KOL,2024-12-04,2024-12-07
SO0006309,Z32,DC-KOL,2024-12-04,2024-12-06
SO0006310,Z33,DC-KOL,2024-12-04,2024-12-07
SO0006324,Z02,DC-HYD,2024-12-06,2024-12-08
SO0006325,Z07,DC-HYD,2024-12-06,2024-12-10
SO0006336,Z35,DC-HYD,2024-12-06,2024-12-09
SO0006326,Z11,DC-MUM,2024-12-06,2024-12-08
SO0006327,Z12,DC-MUM,2024-12-06,2024-12-08
SO0006328,Z15,DC-MUM,2024-12-06,2024-12-08
SO0006329,Z17,DC-MUM,2024-12-06,2024-12-09
SO0006330,Z21,DC-DEL,2024-12-06,2024-12-08
SO0006331,Z23,DC-DEL,2024-12-06,2024-12-08
SO0006332,Z24,DC-DEL,2024-12-06,2024-12-08
SO0006333,Z25,DC-DEL,2024-12-06,2024-12-08
SO0006311,Z36,DC-KOL,2024-12-04,2024-12-07
SO0006322,Z30,DC-KOL,2024-12-05,2024-12-08
SO0006323,Z36,DC-KOL,2024-12-05,2024-12-08
SO0006334,Z29,DC-KOL,2024-12-06,2024-12-08
SO0006337,Z03,DC-HYD,2024-12-07,2024-12-10
SO0006338,Z05,DC-HYD,2024-12-07,2024-12-10
SO0006339,Z06,DC-HYD,2024-12-07,2024-12-10
SO0006340,Z08,DC-HYD,2024-12-07,2024-12-11
SO0006341,Z09,DC-HYD,2024-12-07,2024-12-11
SO0006342,Z14,DC-MUM,2024-12-07,2024-12-10
SO0006343,Z17,DC-MUM,2024-12-07,2024-12-10
SO0006344,Z22,DC-DEL,2024-12-07,2024-12-10
SO0006335,Z32,DC-KOL,2024-12-06,2024-12-08
SO0006345,Z31,DC-KOL,2024-12-07,2024-12-10
SO0006346,Z34,DC-KOL,2024-12-07,2024-12-10
SO0006347,Z03,DC-HYD,2024-12-09,2024-12-12
SO0006348,Z04,DC-HYD,2024-12-09,2024-12-11
SO0006349,Z08,DC-HYD,2024-12-09,2024-12-13
SO0006350,Z10,DC-HYD,2024-12-09,2024-12-12
SO0006357,Z35,DC-HYD,2024-12-09,2024-12-12
SO0006351,Z11,DC-MUM,2024-12-09,2024-12-11
SO0006352,Z13,DC-MUM,2024-12-09,2024-12-11
SO0006353,Z15,DC-MUM,2024-12-09,2024-12-11
SO0006354,Z18,DC-MUM,2024-12-09,2024-12-12
SO0006355,Z26,DC-DEL,2024-12-09,2024-12-12
SO0006356,Z33,DC-KOL,2024-12-09,2024-12-12
SO0006358,Z01,DC-HYD,2024-12-10,2024-12-12
SO0006359,Z02,DC-HYD,2024-12-10,2024-12-12
SO0006360,Z04,DC-HYD,2024-12-10,2024-12-12
SO0006361,Z10,DC-HYD,2024-12-10,2024-12-13
SO0006362,Z14,DC-MUM,2024-12-10,2024-12-13
SO0006363,Z19,DC-MUM,2024-12-10,2024-12-12
SO0006364,Z20,DC-DEL,2024-12-10,2024-12-12
SO0006365,Z22,DC-DEL,2024-12-10,2024-12-13
SO0006366,Z23,DC-DEL,2024-12-10,2024-12-12
SO0006367,Z30,DC-KOL,2024-12-10,2024-12-13
SO0006368,Z34,DC-KOL,2024-12-10,2024-12-13
SO0006369,Z01,DC-HYD,2024-12-11,2024-12-13
SO0006370,Z06,DC-HYD,2024-12-11,2024-12-14
SO0006371,Z09,DC-HYD,2024-12-11,2024-12-15
SO0006372,Z16,DC-MUM,2024-12-11,2024-12-13
SO0006373,Z21,DC-DEL,2024-12-11,2024-12-13
SO0006374,Z24,DC-DEL,2024-12-11,2024-12-13
SO0006375,Z25,DC-DEL,2024-12-11,2024-12-13
SO0006376,Z26,DC-DEL,2024-12-11,2024-12-14
SO0006377,Z27,DC-DEL,2024-12-11,2024-12-13
SO0006378,Z28,DC-DEL,2024-12-11,2024-12-14
SO0006379,Z29,DC-KOL,2024-12-11,2024-12-13
SO0006384,Z05,DC-HYD,2024-12-12,2024-12-15
SO0006385,Z07,DC-HYD,2024-12-12,2024-12-16
SO0006386,Z12,DC-MUM,2024-12-12,2024-12-14
SO0006387,Z13,DC-MUM,2024-12-12,2024-12-14
SO0006388,Z16,DC-MUM,2024-12-12,2024-12-14
SO0006389,Z18,DC-MUM,2024-12-12,2024-12-15
SO0006390,Z19,DC-MUM,2024-12-12,2024-12-14
SO0006391,Z20,DC-DEL,2024-12-12,2024-12-14
SO0006392,Z27,DC-DEL,2024-12-12,2024-12-14
SO0006393,Z28,DC-DEL,2024-12-12,2024-12-15
SO0006380,Z31,DC-KOL,2024-12-11,2024-12-14
SO0006381,Z32,DC-KOL,2024-12-11,2024-12-13
SO0006382,Z33,DC-KOL,2024-12-11,2024-12-14
SO0006396,Z02,DC-HYD,2024-12-13,2024-12-15
SO0006397,Z07,DC-HYD,2024-12-13,2024-12-17
SO0006408,Z35,DC-HYD,2024-12-13,2024-12-16
SO0006398,Z11,DC-MUM,2024-12-13,2024-12-15
SO0006399,Z12,DC-MUM,2024-12-13,2024-12-15
SO0006400,Z15,DC-MUM,2024-12-13,2024-12-15
SO0006401,Z17,DC-MUM,2024-12-13,2024-12-16
SO0006402,Z21,DC-DEL,2024-12-13,2024-12-15
SO0006403,Z23,DC-DEL,2024-12-13,2024-12-15
SO0006404,Z24,DC-DEL,2024-12-13,2024-12-15
SO0006405,Z25,DC-DEL,2024-12-13,2024-12-15
SO0006383,Z36,DC-KOL,2024-12-11,2024-12-14
SO0006394,Z30,DC-KOL,2024-12-12,2024-12-15
SO0006395,Z36,DC-KOL,2024-12-12,2024-12-15
SO0006406,Z29,DC-KOL,2024-12-13,2024-12-15
SO0006407,Z32,DC-KOL,2024-12-13,2024-12-15
SO0006409,Z03,DC-HYD,2024-12-14,2024-12-17
SO0006410,Z05,DC-HYD,2024-12-14,2024-12-17
SO0006411,Z06,DC-HYD,2024-12-14,2024-12-17
SO0006412,Z08,DC-HYD,2024-12-14,2024-12-18
SO0006413,Z09,DC-HYD,2024-12-14,2024-12-18
SO0006414,Z14,DC-MUM,2024-12-14,2024-12-17
SO0006415,Z17,DC-MUM,2024-12-14,2024-12-17
SO0006416,Z22,DC-DEL,2024-12-14,2024-12-17
SO0006417,Z31,DC-KOL,2024-12-14,2024-12-17
SO0006418,Z34,DC-KOL,2024-12-14,2024-12-17
SO0006419,Z03,DC-HYD,2024-12-16,2024-12-19
SO0006420,Z04,DC-HYD,2024-12-16,2024-12-18
SO0006421,Z08,DC-HYD,2024-12-16,2024-12-20
SO0006422,Z10,DC-HYD,2024-12-16,2024-12-19
SO0006429,Z35,DC-HYD,2024-12-16,2024-12-19
SO0006423,Z11,DC-MUM,2024-12-16,2024-12-18
SO0006424,Z13,DC-MUM,2024-12-16,2024-12-18
SO0006425,Z15,DC-MUM,2024-12-16,2024-12-18
SO0006426,Z18,DC-MUM,2024-12-16,2024-12-19
SO0006427,Z26,DC-DEL,2024-12-16,2024-12-19
SO0006428,Z33,DC-KOL,2024-12-16,2024-12-19
SO0006430,Z01,DC-HYD,2024-12-17,2024-12-19
SO0006431,Z02,DC-HYD,2024-12-17,2024-12-19
SO0006432,Z04,DC-HYD,2024-12-17,2024-12-19
SO0006433,Z10,DC-HYD,2024-12-17,2024-12-20
SO0006434,Z14,DC-MUM,2024-12-17,2024-12-20
SO0006435,Z19,DC-MUM,2024-12-17,2024-12-19
SO0006436,Z20,DC-DEL,2024-12-17,2024-12-19
SO0006437,Z22,DC-DEL,2024-12-17,2024-12-20
SO0006439,Z30,DC-KOL,2024-12-17,2024-12-20
SO0006440,Z34,DC-KOL,2024-12-17,2024-12-20
SO0006441,Z01,DC-HYD,2024-12-18,2024-12-20
SO0006442,Z06,DC-HYD,2024-12-18,2024-12-21
SO0006443,Z09,DC-HYD,2024-12-18,2024-12-22
SO0006444,Z16,DC-MUM,2024-12-18,2024-12-20
SO0006438,Z23,DC-DEL,2024-12-17,2024-12-19
SO0006445,Z21,DC-DEL,2024-12-18,2024-12-20
SO0006446,Z24,DC-DEL,2024-12-18,2024-12-20
SO0006447,Z25,DC-DEL,2024-12-18,2024-12-20
SO0006448,Z26,DC-DEL,2024-12-18,2024-12-21
SO0006449,Z27,DC-DEL,2024-12-18,2024-12-20
SO0006451,Z29,DC-KOL,2024-12-18,2024-12-20
SO0006456,Z05,DC-HYD,2024-12-19,2024-12-22
SO0006457,Z07,DC-HYD,2024-12-19,2024-12-23
SO0006458,Z12,DC-MUM,2024-12-19,2024-12-21
SO0006459,Z13,DC-MUM,2024-12-19,2024-12-21
SO0006460,Z16,DC-MUM,2024-12-19,2024-12-21
SO0006461,Z18,DC-MUM,2024-12-19,2024-12-22
SO0006462,Z19,DC-MUM,2024-12-19,2024-12-21
SO0006450,Z28,DC-DEL,2024-12-18,2024-12-21
SO0006463,Z20,DC-DEL,2024-12-19,2024-12-21
SO0006464,Z27,DC-DEL,2024-12-19,2024-12-21
SO0006465,Z28,DC-DEL,2024-12-19,2024-12-22
SO0006452,Z31,DC-KOL,2024-12-18,2024-12-21
SO0006453,Z32,DC-KOL,2024-12-18,2024-12-20
SO0006454,Z33,DC-KOL,2024-12-18,2024-12-21
SO0006468,Z02,DC-HYD,2024-12-20,2024-12-22
SO0006469,Z07,DC-HYD,2024-12-20,2024-12-24
SO0006480,Z35,DC-HYD,2024-12-20,2024-12-23
SO0006470,Z11,DC-MUM,2024-12-20,2024-12-22
SO0006471,Z12,DC-MUM,2024-12-20,2024-12-22
SO0006472,Z15,DC-MUM,2024-12-20,2024-12-22
SO0006473,Z17,DC-MUM,2024-12-20,2024-12-23
SO0006474,Z21,DC-DEL,2024-12-20,2024-12-22
SO0006475,Z23,DC-DEL,2024-12-20,2024-12-22
SO0006476,Z24,DC-DEL,2024-12-20,2024-12-22
SO0006477,Z25,DC-DEL,2024-12-20,2024-12-22
SO0006455,Z36,DC-KOL,2024-12-18,2024-12-21
SO0006466,Z30,DC-KOL,2024-12-19,2024-12-22
SO0006467,Z36,DC-KOL,2024-12-19,2024-12-22
SO0006478,Z29,DC-KOL,2024-12-20,2024-12-22
SO0006479,Z32,DC-KOL,2024-12-20,2024-12-22
SO0006481,Z03,DC-HYD,2024-12-21,2024-12-24
SO0006482,Z05,DC-HYD,2024-12-21,2024-12-24
SO0006483,Z06,DC-HYD,2024-12-21,2024-12-24
SO0006484,Z08,DC-HYD,2024-12-21,2024-12-25
SO0006485,Z09,DC-HYD,2024-12-21,2024-12-25
SO0006486,Z14,DC-MUM,2024-12-21,2024-12-24
SO0006487,Z17,DC-MUM,2024-12-21,2024-12-24
SO0006488,Z22,DC-DEL,2024-12-21,2024-12-24
SO0006489,Z31,DC-KOL,2024-12-21,2024-12-24
SO0006490,Z34,DC-KOL,2024-12-21,2024-12-24
SO0006491,Z03,DC-HYD,2024-12-23,2024-12-26
SO0006492,Z04,DC-HYD,2024-12-23,2024-12-25
SO0006493,Z08,DC-HYD,2024-12-23,2024-12-27
SO0006494,Z10,DC-HYD,2024-12-23,2024-12-26
SO0006501,Z35,DC-HYD,2024-12-23,2024-12-26
SO0006495,Z11,DC-MUM,2024-12-23,2024-12-25
SO0006496,Z13,DC-MUM,2024-12-23,2024-12-25
SO0006497,Z15,DC-MUM,2024-12-23,2024-12-25
SO0006498,Z18,DC-MUM,2024-12-23,2024-12-26
SO0006499,Z26,DC-DEL,2024-12-23,2024-12-26
SO0006500,Z33,DC-KOL,2024-12-23,2024-12-26
SO0006502,Z01,DC-HYD,2024-12-24,2024-12-26
SO0006503,Z02,DC-HYD,2024-12-24,2024-12-26
SO0006504,Z04,DC-HYD,2024-12-24,2024-12-26
SO0006505,Z10,DC-HYD,2024-12-24,2024-12-27
SO0006506,Z14,DC-MUM,2024-12-24,2024-12-27
SO0006507,Z19,DC-MUM,2024-12-24,2024-12-26
SO0006508,Z20,DC-DEL,2024-12-24,2024-12-26
SO0006509,Z22,DC-DEL,2024-12-24,2024-12-27
SO0006510,Z23,DC-DEL,2024-12-24,2024-12-26
SO0006511,Z30,DC-KOL,2024-12-24,2024-12-27
SO0006512,Z34,DC-KOL,2024-12-24,2024-12-27
SO0006513,Z01,DC-HYD,2024-12-25,2024-12-27
SO0006514,Z06,DC-HYD,2024-12-25,2024-12-28
SO0006515,Z09,DC-HYD,2024-12-25,2024-12-29
SO0006516,Z16,DC-MUM,2024-12-25,2024-12-27
SO0006517,Z21,DC-DEL,2024-12-25,2024-12-27
SO0006518,Z24,DC-DEL,2024-12-25,2024-12-27
SO0006519,Z25,DC-DEL,2024-12-25,2024-12-27
SO0006520,Z26,DC-DEL,2024-12-25,2024-12-28
SO0006521,Z27,DC-DEL,2024-12-25,2024-12-27
SO0006523,Z29,DC-KOL,2024-12-25,2024-12-27
SO0006528,Z05,DC-HYD,2024-12-26,2024-12-29
SO0006529,Z07,DC-HYD,2024-12-26,2024-12-30
SO0006530,Z12,DC-MUM,2024-12-26,2024-12-28
SO0006531,Z13,DC-MUM,2024-12-26,2024-12-28
SO0006532,Z16,DC-MUM,2024-12-26,2024-12-28
SO0006533,Z18,DC-MUM,2024-12-26,2024-12-29
SO0006534,Z19,DC-MUM,2024-12-26,2024-12-28
SO0006522,Z28,DC-DEL,2024-12-25,2024-12-28
SO0006535,Z20,DC-DEL,2024-12-26,2024-12-28
SO0006536,Z27,DC-DEL,2024-12-26,2024-12-28
SO0006537,Z28,DC-DEL,2024-12-26,2024-12-29
SO0006524,Z31,DC-KOL,2024-12-25,2024-12-28
SO0006525,Z32,DC-KOL,2024-12-25,2024-12-27
SO0006526,Z33,DC-KOL,2024-12-25,2024-12-28
SO0006540,Z02,DC-HYD,2024-12-27,2024-12-29
SO0006541,Z07,DC-HYD,2024-12-27,2024-12-31
SO0006552,Z35,DC-HYD,2024-12-27,2024-12-30
SO0006542,Z11,DC-MUM,2024-12-27,2024-12-29
SO0006543,Z12,DC-MUM,2024-12-27,2024-12-29
SO0006544,Z15,DC-MUM,2024-12-27,2024-12-29
SO0006545,Z17,DC-MUM,2024-12-27,2024-12-30
SO0006546,Z21,DC-DEL,2024-12-27,2024-12-29
SO0006547,Z23,DC-DEL,2024-12-27,2024-12-29
SO0006548,Z24,DC-DEL,2024-12-27,2024-12-29
SO0006549,Z25,DC-DEL,2024-12-27,2024-12-29
SO0006527,Z36,DC-KOL,2024-12-25,2024-12-28
SO0006538,Z30,DC-KOL,2024-12-26,2024-12-29
SO0006539,Z36,DC-KOL,2024-12-26,2024-12-29
SO0006550,Z29,DC-KOL,2024-12-27,2024-12-29
SO0006553,Z03,DC-HYD,2024-12-28,2024-12-31
SO0006554,Z05,DC-HYD,2024-12-28,2024-12-31
SO0006555,Z06,DC-HYD,2024-12-28,2024-12-31
SO0006556,Z08,DC-HYD,2024-12-28,2025-01-01
SO0006557,Z09,DC-HYD,2024-12-28,2025-01-01
SO0006558,Z14,DC-MUM,2024-12-28,2024-12-31
SO0006559,Z17,DC-MUM,2024-12-28,2024-12-31
SO0006560,Z22,DC-DEL,2024-12-28,2024-12-31
SO0006551,Z32,DC-KOL,2024-12-27,2024-12-29
SO0006561,Z31,DC-KOL,2024-12-28,2024-12-31
SO0006562,Z34,DC-KOL,2024-12-28,2024-12-31
SO0006563,Z03,DC-HYD,2024-12-30,2025-01-02
SO0006564,Z04,DC-HYD,2024-12-30,2025-01-01
SO0006565,Z08,DC-HYD,2024-12-30,2025-01-03
SO0006566,Z10,DC-HYD,2024-12-30,2025-01-02
SO0006573,Z35,DC-HYD,2024-12-30,2025-01-02
SO0006567,Z11,DC-MUM,2024-12-30,2025-01-01
SO0006568,Z13,DC-MUM,2024-12-30,2025-01-01
SO0006569,Z15,DC-MUM,2024-12-30,2025-01-01
SO0006570,Z18,DC-MUM,2024-12-30,2025-01-02
SO0006571,Z26,DC-DEL,2024-12-30,2025-01-02
SO0006572,Z33,DC-KOL,2024-12-30,2025-01-02
SO0006574,Z01,DC-HYD,2024-12-31,2025-01-02
SO0006575,Z02,DC-HYD,2024-12-31,2025-01-02
SO0006576,Z04,DC-HYD,2024-12-31,2025-01-02
SO0006577,Z10,DC-HYD,2024-12-31,2025-01-03
SO0006578,Z14,DC-MUM,2024-12-31,2025-01-03
SO0006579,Z19,DC-MUM,2024-12-31,2025-01-02
SO0006580,Z20,DC-DEL,2024-12-31,2025-01-02
SO0006581,Z22,DC-DEL,2024-12-31,2025-01-03
SO0006583,Z30,DC-KOL,2024-12-31,2025-01-03
SO0006584,Z34,DC-KOL,2024-12-31,2025-01-03
SO0006585,Z01,DC-HYD,2025-01-01,2025-01-03
SO0006586,Z06,DC-HYD,2025-01-01,2025-01-04
SO0006587,Z09,DC-HYD,2025-01-01,2025-01-05
SO0006588,Z16,DC-MUM,2025-01-01,2025-01-03
SO0006582,Z23,DC-DEL,2024-12-31,2025-01-02
SO0006589,Z21,DC-DEL,2025-01-01,2025-01-03
SO0006590,Z24,DC-DEL,2025-01-01,2025-01-03
SO0006591,Z25,DC-DEL,2025-01-01,2025-01-03
SO0006592,Z26,DC-DEL,2025-01-01,2025-01-04
SO0006593,Z27,DC-DEL,2025-01-01,2025-01-03
SO0006595,Z29,DC-KOL,2025-01-01,2025-01-03
SO0006600,Z05,DC-HYD,2025-01-02,2025-01-05
SO0006601,Z07,DC-HYD,2025-01-02,2025-01-06
SO0006602,Z12,DC-MUM,2025-01-02,2025-01-04
SO0006603,Z13,DC-MUM,2025-01-02,2025-01-04
SO0006604,Z16,DC-MUM,2025-01-02,2025-01-04
SO0006605,Z18,DC-MUM,2025-01-02,2025-01-05
SO0006606,Z19,DC-MUM,2025-01-02,2025-01-04
SO0006594,Z28,DC-DEL,2025-01-01,2025-01-04
SO0006607,Z20,DC-DEL,2025-01-02,2025-01-04
SO0006608,Z27,DC-DEL,2025-01-02,2025-01-04
SO0006609,Z28,DC-DEL,2025-01-02,2025-01-05
SO0006596,Z31,DC-KOL,2025-01-01,2025-01-04
SO0006597,Z32,DC-KOL,2025-01-01,2025-01-03
SO0006598,Z33,DC-KOL,2025-01-01,2025-01-04
SO0006612,Z02,DC-HYD,2025-01-03,2025-01-05
SO0006613,Z07,DC-HYD,2025-01-03,2025-01-07
SO0006624,Z35,DC-HYD,2025-01-03,2025-01-06
SO0006614,Z11,DC-MUM,2025-01-03,2025-01-05
SO0006615,Z12,DC-MUM,2025-01-03,2025-01-05
SO0006616,Z15,DC-MUM,2025-01-03,2025-01-05
SO0006617,Z17,DC-MUM,2025-01-03,2025-01-06
SO0006618,Z21,DC-DEL,2025-01-03,2025-01-05
SO0006619,Z23,DC-DEL,2025-01-03,2025-01-05
SO0006620,Z24,DC-DEL,2025-01-03,2025-01-05
SO0006621,Z25,DC-DEL,2025-01-03,2025-01-05
SO0006599,Z36,DC-KOL,2025-01-01,2025-01-04
SO0006610,Z30,DC-KOL,2025-01-02,2025-01-05
SO0006611,Z36,DC-KOL,2025-01-02,2025-01-05
SO0006625,Z03,DC-HYD,2025-01-04,2025-01-07
SO0006626,Z05,DC-HYD,2025-01-04,2025-01-07
SO0006627,Z06,DC-HYD,2025-01-04,2025-01-07
SO0006628,Z08,DC-HYD,2025-01-04,2025-01-08
SO0006629,Z09,DC-HYD,2025-01-04,2025-01-08
SO0006630,Z14,DC-MUM,2025-01-04,2025-01-07
SO0006631,Z17,DC-MUM,2025-01-04,2025-01-07
SO0006632,Z22,DC-DEL,2025-01-04,2025-01-07
SO0006622,Z29,DC-KOL,2025-01-03,2025-01-05
SO0006623,Z32,DC-KOL,2025-01-03,2025-01-05
SO0006633,Z31,DC-KOL,2025-01-04,2025-01-07
SO0006635,Z03,DC-HYD,2025-01-06,2025-01-09
SO0006636,Z04,DC-HYD,2025-01-06,2025-01-08
SO0006637,Z08,DC-HYD,2025-01-06,2025-01-10
SO0006638,Z10,DC-HYD,2025-01-06,2025-01-09
SO0006645,Z35,DC-HYD,2025-01-06,2025-01-09
SO0006639,Z11,DC-MUM,2025-01-06,2025-01-08
SO0006640,Z13,DC-MUM,2025-01-06,2025-01-08
SO0006641,Z15,DC-MUM,2025-01-06,2025-01-08
SO0006642,Z18,DC-MUM,2025-01-06,2025-01-09
SO0006643,Z26,DC-DEL,2025-01-06,2025-01-09
SO0006634,Z34,DC-KOL,2025-01-04,2025-01-07
SO0006644,Z33,DC-KOL,2025-01-06,2025-01-09
SO0006646,Z01,DC-HYD,2025-01-07,2025-01-09
SO0006647,Z02,DC-HYD,2025-01-07,2025-01-09
SO0006648,Z04,DC-HYD,2025-01-07,2025-01-09
SO0006649,Z10,DC-HYD,2025-01-07,2025-01-10
SO0006650,Z14,DC-MUM,2025-01-07,2025-01-10
SO0006651,Z19,DC-MUM,2025-01-07,2025-01-09
SO0006652,Z20,DC-DEL,2025-01-07,2025-01-09
SO0006653,Z22,DC-DEL,2025-01-07,2025-01-10
SO0006654,Z23,DC-DEL,2025-01-07,2025-01-09
SO0006655,Z30,DC-KOL,2025-01-07,2025-01-10
SO0006656,Z34,DC-KOL,2025-01-07,2025-01-10
SO0006657,Z01,DC-HYD,2025-01-08,2025-01-10
SO0006658,Z06,DC-HYD,2025-01-08,2025-01-11
SO0006659,Z09,DC-HYD,2025-01-08,2025-01-12
SO0006660,Z16,DC-MUM,2025-01-08,2025-01-10
SO0006661,Z21,DC-DEL,2025-01-08,2025-01-10
SO0006662,Z24,DC-DEL,2025-01-08,2025-01-10
SO0006663,Z25,DC-DEL,2025-01-08,2025-01-10
SO0006664,Z26,DC-DEL,2025-01-08,2025-01-11
SO0006665,Z27,DC-DEL,2025-01-08,2025-01-10
SO0006667,Z29,DC-KOL,2025-01-08,2025-01-10
SO0006672,Z05,DC-HYD,2025-01-09,2025-01-12
SO0006673,Z07,DC-HYD,2025-01-09,2025-01-13
SO0006674,Z12,DC-MUM,2025-01-09,2025-01-11
SO0006675,Z13,DC-MUM,2025-01-09,2025-01-11
SO0006676,Z16,DC-MUM,2025-01-09,2025-01-11
SO0006677,Z18,DC-MUM,2025-01-09,2025-01-12
SO0006678,Z19,DC-MUM,2025-01-09,2025-01-11
SO0006666,Z28,DC-DEL,2025-01-08,2025-01-11
SO0006679,Z20,DC-DEL,2025-01-09,2025-01-11
SO0006680,Z27,DC-DEL,2025-01-09,2025-01-11
SO0006681,Z28,DC-DEL,2025-01-09,2025-01-12
SO0006668,Z31,DC-KOL,2025-01-08,2025-01-11
SO0006669,Z32,DC-KOL,2025-01-08,2025-01-10
SO0006670,Z33,DC-KOL,2025-01-08,2025-01-11
SO0006684,Z02,DC-HYD,2025-01-10,2025-01-12
SO0006685,Z07,DC-HYD,2025-01-10,2025-01-14
SO0006696,Z35,DC-HYD,2025-01-10,2025-01-13
SO0006686,Z11,DC-MUM,2025-01-10,2025-01-12
SO0006687,Z12,DC-MUM,2025-01-10,2025-01-12
SO0006688,Z15,DC-MUM,2025-01-10,2025-01-12
SO0006690,Z21,DC-DEL,2025-01-10,2025-01-12
SO0006691,Z23,DC-DEL,2025-01-10,2025-01-12
SO0006692,Z24,DC-DEL,2025-01-10,2025-01-12
SO0006693,Z25,DC-DEL,2025-01-10,2025-01-12
SO0006671,Z36,DC-KOL,2025-01-08,2025-01-11
SO0006682,Z30,DC-KOL,2025-01-09,2025-01-12
SO0006683,Z36,DC-KOL,2025-01-09,2025-01-12
SO0006694,Z29,DC-KOL,2025-01-10,2025-01-12
SO0006695,Z32,DC-KOL,2025-01-10,2025-01-12
SO0006697,Z03,DC-HYD,2025-01-11,2025-01-14
SO0006698,Z05,DC-HYD,2025-01-11,2025-01-14
SO0006699,Z06,DC-HYD,2025-01-11,2025-01-14
SO0006700,Z08,DC-HYD,2025-01-11,2025-01-15
SO0006701,Z09,DC-HYD,2025-01-11,2025-01-15
SO0006689,Z17,DC-MUM,2025-01-10,2025-01-13
SO0006702,Z14,DC-MUM,2025-01-11,2025-01-14
SO0006703,Z17,DC-MUM,2025-01-11,2025-01-14
SO0006704,Z22,DC-DEL,2025-01-11,2025-01-14
SO0006705,Z31,DC-KOL,2025-01-11,2025-01-14
SO0006706,Z34,DC-KOL,2025-01-11,2025-01-14
SO0006707,Z03,DC-HYD,2025-01-13,2025-01-16
SO0006708,Z04,DC-HYD,2025-01-13,2025-01-15
SO0006709,Z08,DC-HYD,2025-01-13,2025-01-17
SO0006710,Z10,DC-HYD,2025-01-13,2025-01-16
SO0006717,Z35,DC-HYD,2025-01-13,2025-01-16
SO0006711,Z11,DC-MUM,2025-01-13,2025-01-15
SO0006712,Z13,DC-MUM,2025-01-13,2025-01-15
SO0006713,Z15,DC-MUM,2025-01-13,2025-01-15
SO0006714,Z18,DC-MUM,2025-01-13,2025-01-16
SO0006715,Z26,DC-DEL,2025-01-13,2025-01-16
SO0006716,Z33,DC-KOL,2025-01-13,2025-01-16
SO0006718,Z01,DC-HYD,2025-01-14,2025-01-16
SO0006719,Z02,DC-HYD,2025-01-14,2025-01-16
SO0006720,Z04,DC-HYD,2025-01-14,2025-01-16
SO0006721,Z10,DC-HYD,2025-01-14,2025-01-17
SO0006722,Z14,DC-MUM,2025-01-14,2025-01-17
SO0006723,Z19,DC-MUM,2025-01-14,2025-01-16
SO0006724,Z20,DC-DEL,2025-01-14,2025-01-16
SO0006725,Z22,DC-DEL,2025-01-14,2025-01-17
SO0006727,Z30,DC-KOL,2025-01-14,2025-01-17
SO0006728,Z34,DC-KOL,2025-01-14,2025-01-17
SO0006729,Z01,DC-HYD,2025-01-15,2025-01-17
SO0006730,Z06,DC-HYD,2025-01-15,2025-01-18
SO0006731,Z09,DC-HYD,2025-01-15,2025-01-19
SO0006732,Z16,DC-MUM,2025-01-15,2025-01-17
SO0006726,Z23,DC-DEL,2025-01-14,2025-01-16
SO0006733,Z21,DC-DEL,2025-01-15,2025-01-17
SO0006734,Z24,DC-DEL,2025-01-15,2025-01-17
SO0006735,Z25,DC-DEL,2025-01-15,2025-01-17
SO0006736,Z26,DC-DEL,2025-01-15,2025-01-18
SO0006737,Z27,DC-DEL,2025-01-15,2025-01-17
SO0006739,Z29,DC-KOL,2025-01-15,2025-01-17
SO0006744,Z05,DC-HYD,2025-01-16,2025-01-19
SO0006745,Z07,DC-HYD,2025-01-16,2025-01-20
SO0006746,Z12,DC-MUM,2025-01-16,2025-01-18
SO0006747,Z13,DC-MUM,2025-01-16,2025-01-18
SO0006748,Z16,DC-MUM,2025-01-16,2025-01-18
SO0006749,Z18,DC-MUM,2025-01-16,2025-01-19
SO0006750,Z19,DC-MUM,2025-01-16,2025-01-18
SO0006738,Z28,DC-DEL,2025-01-15,2025-01-18
SO0006751,Z20,DC-DEL,2025-01-16,2025-01-18
SO0006752,Z27,DC-DEL,2025-01-16,2025-01-18
SO0006753,Z28,DC-DEL,2025-01-16,2025-01-19
SO0006740,Z31,DC-KOL,2025-01-15,2025-01-18
SO0006741,Z32,DC-KOL,2025-01-15,2025-01-17
SO0006742,Z33,DC-KOL,2025-01-15,2025-01-18
SO0006756,Z02,DC-HYD,2025-01-17,2025-01-19
SO0006757,Z07,DC-HYD,2025-01-17,2025-01-21
SO0006768,Z35,DC-HYD,2025-01-17,2025-01-20
SO0006758,Z11,DC-MUM,2025-01-17,2025-01-19
SO0006759,Z12,DC-MUM,2025-01-17,2025-01-19
SO0006760,Z15,DC-MUM,2025-01-17,2025-01-19
SO0006761,Z17,DC-MUM,2025-01-17,2025-01-20
SO0006762,Z21,DC-DEL,2025-01-17,2025-01-19
SO0006763,Z23,DC-DEL,2025-01-17,2025-01-19
SO0006764,Z24,DC-DEL,2025-01-17,2025-01-19
SO0006765,Z25,DC-DEL,2025-01-17,2025-01-19
SO0006743,Z36,DC-KOL,2025-01-15,2025-01-18
SO0006754,Z30,DC-KOL,2025-01-16,2025-01-19
SO0006755,Z36,DC-KOL,2025-01-16,2025-01-19
SO0006766,Z29,DC-KOL,2025-01-17,2025-01-19
SO0006769,Z03,DC-HYD,2025-01-18,2025-01-21
SO0006770,Z05,DC-HYD,2025-01-18,2025-01-21
SO0006771,Z06,DC-HYD,2025-01-18,2025-01-21
SO0006772,Z08,DC-HYD,2025-01-18,2025-01-22
SO0006773,Z09,DC-HYD,2025-01-18,2025-01-22
SO0006774,Z14,DC-MUM,2025-01-18,2025-01-21
SO0006775,Z17,DC-MUM,2025-01-18,2025-01-21
SO0006776,Z22,DC-DEL,2025-01-18,2025-01-21
SO0006767,Z32,DC-KOL,2025-01-17,2025-01-19
SO0006777,Z31,DC-KOL,2025-01-18,2025-01-21
SO0006778,Z34,DC-KOL,2025-01-18,2025-01-21
SO0006779,Z03,DC-HYD,2025-01-20,2025-01-23
SO0006780,Z04,DC-HYD,2025-01-20,2025-01-22
SO0006781,Z08,DC-HYD,2025-01-20,2025-01-24
SO0006782,Z10,DC-HYD,2025-01-20,2025-01-23
SO0006789,Z35,DC-HYD,2025-01-20,2025-01-23
SO0006783,Z11,DC-MUM,2025-01-20,2025-01-22
SO0006784,Z13,DC-MUM,2025-01-20,2025-01-22
SO0006785,Z15,DC-MUM,2025-01-20,2025-01-22
SO0006786,Z18,DC-MUM,2025-01-20,2025-01-23
SO0006787,Z26,DC-DEL,2025-01-20,2025-01-23
SO0006788,Z33,DC-KOL,2025-01-20,2025-01-23
SO0006790,Z01,DC-HYD,2025-01-21,2025-01-23
SO0006791,Z02,DC-HYD,2025-01-21,2025-01-23
SO0006792,Z04,DC-HYD,2025-01-21,2025-01-23
SO0006793,Z10,DC-HYD,2025-01-21,2025-01-24
SO0006794,Z14,DC-MUM,2025-01-21,2025-01-24
SO0006795,Z19,DC-MUM,2025-01-21,2025-01-23
SO0006796,Z20,DC-DEL,2025-01-21,2025-01-23
SO0006797,Z22,DC-DEL,2025-01-21,2025-01-24
SO0006799,Z30,DC-KOL,2025-01-21,2025-01-24
SO0006800,Z34,DC-KOL,2025-01-21,2025-01-24
SO0006801,Z01,DC-HYD,2025-01-22,2025-01-24
SO0006802,Z06,DC-HYD,2025-01-22,2025-01-25
SO0006803,Z09,DC-HYD,2025-01-22,2025-01-26
SO0006804,Z16,DC-MUM,2025-01-22,2025-01-24
SO0006798,Z23,DC-DEL,2025-01-21,2025-01-23
SO0006805,Z21,DC-DEL,2025-01-22,2025-01-24
SO0006806,Z24,DC-DEL,2025-01-22,2025-01-24
SO0006807,Z25,DC-DEL,2025-01-22,2025-01-24
SO0006808,Z26,DC-DEL,2025-01-22,2025-01-25
SO0006809,Z27,DC-DEL,2025-01-22,2025-01-24
SO0006811,Z29,DC-KOL,2025-01-22,2025-01-24
SO0006816,Z05,DC-HYD,2025-01-23,2025-01-26
SO0006817,Z07,DC-HYD,2025-01-23,2025-01-27
SO0006818,Z12,DC-MUM,2025-01-23,2025-01-25
SO0006819,Z13,DC-MUM,2025-01-23,2025-01-25
SO0006820,Z16,DC-MUM,2025-01-23,2025-01-25
SO0006821,Z18,DC-MUM,2025-01-23,2025-01-26
SO0006822,Z19,DC-MUM,2025-01-23,2025-01-25
SO0006810,Z28,DC-DEL,2025-01-22,2025-01-25
SO0006823,Z20,DC-DEL,2025-01-23,2025-01-25
SO0006824,Z27,DC-DEL,2025-01-23,2025-01-25
SO0006825,Z28,DC-DEL,2025-01-23,2025-01-26
SO0006812,Z31,DC-KOL,2025-01-22,2025-01-25
SO0006813,Z32,DC-KOL,2025-01-22,2025-01-24
SO0006814,Z33,DC-KOL,2025-01-22,2025-01-25
SO0006828,Z02,DC-HYD,2025-01-24,2025-01-26
SO0006829,Z07,DC-HYD,2025-01-24,2025-01-28
SO0006840,Z35,DC-HYD,2025-01-24,2025-01-27
SO0006830,Z11,DC-MUM,2025-01-24,2025-01-26
SO0006831,Z12,DC-MUM,2025-01-24,2025-01-26
SO0006832,Z15,DC-MUM,2025-01-24,2025-01-26
SO0006833,Z17,DC-MUM,2025-01-24,2025-01-27
SO0006834,Z21,DC-DEL,2025-01-24,2025-01-26
SO0006835,Z23,DC-DEL,2025-01-24,2025-01-26
SO0006836,Z24,DC-DEL,2025-01-24,2025-01-26
SO0006837,Z25,DC-DEL,2025-01-24,2025-01-26
SO0006815,Z36,DC-KOL,2025-01-22,2025-01-25
SO0006826,Z30,DC-KOL,2025-01-23,2025-01-26
SO0006827,Z36,DC-KOL,2025-01-23,2025-01-26
SO0006838,Z29,DC-KOL,2025-01-24,2025-01-26
SO0006839,Z32,DC-KOL,2025-01-24,2025-01-26
SO0006841,Z03,DC-HYD,2025-01-25,2025-01-28
SO0006842,Z05,DC-HYD,2025-01-25,2025-01-28
SO0006843,Z06,DC-HYD,2025-01-25,2025-01-28
SO0006844,Z08,DC-HYD,2025-01-25,2025-01-29
SO0006845,Z09,DC-HYD,2025-01-25,2025-01-29
SO0006846,Z14,DC-MUM,2025-01-25,2025-01-28
SO0006847,Z17,DC-MUM,2025-01-25,2025-01-28
SO0006848,Z22,DC-DEL,2025-01-25,2025-01-28
SO0006849,Z31,DC-KOL,2025-01-25,2025-01-28
SO0006850,Z34,DC-KOL,2025-01-25,2025-01-28
SO0006851,Z03,DC-HYD,2025-01-27,2025-01-30
SO0006852,Z04,DC-HYD,2025-01-27,2025-01-29
SO0006853,Z08,DC-HYD,2025-01-27,2025-01-31
SO0006854,Z10,DC-HYD,2025-01-27,2025-01-30
SO0006861,Z35,DC-HYD,2025-01-27,2025-01-30
SO0006855,Z11,DC-MUM,2025-01-27,2025-01-29
SO0006856,Z13,DC-MUM,2025-01-27,2025-01-29
SO0006857,Z15,DC-MUM,2025-01-27,2025-01-29
SO0006858,Z18,DC-MUM,2025-01-27,2025-01-30
SO0006859,Z26,DC-DEL,2025-01-27,2025-01-30
SO0006860,Z33,DC-KOL,2025-01-27,2025-01-30
SO0006862,Z01,DC-HYD,2025-01-28,2025-01-30
SO0006863,Z02,DC-HYD,2025-01-28,2025-01-30
SO0006864,Z04,DC-HYD,2025-01-28,2025-01-30
SO0006865,Z10,DC-HYD,2025-01-28,2025-01-31
SO0006866,Z14,DC-MUM,2025-01-28,2025-01-31
SO0006867,Z19,DC-MUM,2025-01-28,2025-01-30
SO0006868,Z20,DC-DEL,2025-01-28,2025-01-30
SO0006869,Z22,DC-DEL,2025-01-28,2025-01-31
SO0006871,Z30,DC-KOL,2025-01-28,2025-01-31
SO0006872,Z34,DC-KOL,2025-01-28,2025-01-31
SO0006873,Z01,DC-HYD,2025-01-29,2025-01-31
SO0006874,Z06,DC-HYD,2025-01-29,2025-02-01
SO0006875,Z09,DC-HYD,2025-01-29,2025-02-02
SO0006876,Z16,DC-MUM,2025-01-29,2025-01-31
SO0006870,Z23,DC-DEL,2025-01-28,2025-01-30
SO0006877,Z21,DC-DEL,2025-01-29,2025-01-31
SO0006878,Z24,DC-DEL,2025-01-29,2025-01-31
SO0006879,Z25,DC-DEL,2025-01-29,2025-01-31
SO0006880,Z26,DC-DEL,2025-01-29,2025-02-01
SO0006881,Z27,DC-DEL,2025-01-29,2025-01-31
SO0006883,Z29,DC-KOL,2025-01-29,2025-01-31
SO0006888,Z05,DC-HYD,2025-01-30,2025-02-02
SO0006889,Z07,DC-HYD,2025-01-30,2025-02-03
SO0006890,Z12,DC-MUM,2025-01-30,2025-02-01
SO0006891,Z13,DC-MUM,2025-01-30,2025-02-01
SO0006892,Z16,DC-MUM,2025-01-30,2025-02-01
SO0006893,Z18,DC-MUM,2025-01-30,2025-02-02
SO0006894,Z19,DC-MUM,2025-01-30,2025-02-01
SO0006882,Z28,DC-DEL,2025-01-29,2025-02-01
SO0006895,Z20,DC-DEL,2025-01-30,2025-02-01
SO0006896,Z27,DC-DEL,2025-01-30,2025-02-01
SO0006897,Z28,DC-DEL,2025-01-30,2025-02-02
SO0006884,Z31,DC-KOL,2025-01-29,2025-02-01
SO0006885,Z32,DC-KOL,2025-01-29,2025-01-31
SO0006886,Z33,DC-KOL,2025-01-29,2025-02-01
SO0006900,Z02,DC-HYD,2025-01-31,2025-02-02
SO0006901,Z07,DC-HYD,2025-01-31,2025-02-04
SO0006912,Z35,DC-HYD,2025-01-31,2025-02-03
SO0006902,Z11,DC-MUM,2025-01-31,2025-02-02
SO0006903,Z12,DC-MUM,2025-01-31,2025-02-02
SO0006904,Z15,DC-MUM,2025-01-31,2025-02-02
SO0006905,Z17,DC-MUM,2025-01-31,2025-02-03
SO0006906,Z21,DC-DEL,2025-01-31,2025-02-02
SO0006907,Z23,DC-DEL,2025-01-31,2025-02-02
SO0006908,Z24,DC-DEL,2025-01-31,2025-02-02
SO0006909,Z25,DC-DEL,2025-01-31,2025-02-02
SO0006887,Z36,DC-KOL,2025-01-29,2025-02-01
SO0006898,Z30,DC-KOL,2025-01-30,2025-02-02
SO0006899,Z36,DC-KOL,2025-01-30,2025-02-02
SO0006910,Z29,DC-KOL,2025-01-31,2025-02-02
SO0006911,Z32,DC-KOL,2025-01-31,2025-02-02
SO0006913,Z03,DC-HYD,2025-02-01,2025-02-04
SO0006914,Z05,DC-HYD,2025-02-01,2025-02-04
SO0006915,Z06,DC-HYD,2025-02-01,2025-02-04
SO0006916,Z08,DC-HYD,2025-02-01,2025-02-05
SO0006917,Z09,DC-HYD,2025-02-01,2025-02-05
SO0006918,Z14,DC-MUM,2025-02-01,2025-02-04
SO0006919,Z17,DC-MUM,2025-02-01,2025-02-04
SO0006920,Z22,DC-DEL,2025-02-01,2025-02-04
SO0006921,Z31,DC-KOL,2025-02-01,2025-02-04
SO0006922,Z34,DC-KOL,2025-02-01,2025-02-04
SO0006923,Z03,DC-HYD,2025-02-03,2025-02-06
SO0006924,Z04,DC-HYD,2025-02-03,2025-02-05
SO0006925,Z08,DC-HYD,2025-02-03,2025-02-07
SO0006926,Z10,DC-HYD,2025-02-03,2025-02-06
SO0006933,Z35,DC-HYD,2025-02-03,2025-02-06
SO0006927,Z11,DC-MUM,2025-02-03,2025-02-05
SO0006928,Z13,DC-MUM,2025-02-03,2025-02-05
SO0006929,Z15,DC-MUM,2025-02-03,2025-02-05
SO0006930,Z18,DC-MUM,2025-02-03,2025-02-06
SO0006931,Z26,DC-DEL,2025-02-03,2025-02-06
SO0006932,Z33,DC-KOL,2025-02-03,2025-02-06
SO0006934,Z01,DC-HYD,2025-02-04,2025-02-06
SO0006935,Z02,DC-HYD,2025-02-04,2025-02-06
SO0006936,Z04,DC-HYD,2025-02-04,2025-02-06
SO0006937,Z10,DC-HYD,2025-02-04,2025-02-07
SO0006938,Z14,DC-MUM,2025-02-04,2025-02-07
SO0006939,Z19,DC-MUM,2025-02-04,2025-02-06
SO0006940,Z20,DC-DEL,2025-02-04,2025-02-06
SO0006941,Z22,DC-DEL,2025-02-04,2025-02-07
SO0006942,Z23,DC-DEL,2025-02-04,2025-02-06
SO0006943,Z30,DC-KOL,2025-02-04,2025-02-07
SO0006944,Z34,DC-KOL,2025-02-04,2025-02-07
SO0006945,Z01,DC-HYD,2025-02-05,2025-02-07
SO0006946,Z06,DC-HYD,2025-02-05,2025-02-08
SO0006947,Z09,DC-HYD,2025-02-05,2025-02-09
SO0006948,Z16,DC-MUM,2025-02-05,2025-02-07
SO0006949,Z21,DC-DEL,2025-02-05,2025-02-07
SO0006950,Z24,DC-DEL,2025-02-05,2025-02-07
SO0006951,Z25,DC-DEL,2025-02-05,2025-02-07
SO0006952,Z26,DC-DEL,2025-02-05,2025-02-08
SO0006953,Z27,DC-DEL,2025-02-05,2025-02-07
SO0006954,Z28,DC-DEL,2025-02-05,2025-02-08
SO0006955,Z29,DC-KOL,2025-02-05,2025-02-07
SO0006960,Z05,DC-HYD,2025-02-06,2025-02-09
SO0006961,Z07,DC-HYD,2025-02-06,2025-02-10
SO0006962,Z12,DC-MUM,2025-02-06,2025-02-08
SO0006963,Z13,DC-MUM,2025-02-06,2025-02-08
SO0006964,Z16,DC-MUM,2025-02-06,2025-02-08
SO0006965,Z18,DC-MUM,2025-02-06,2025-02-09
SO0006966,Z19,DC-MUM,2025-02-06,2025-02-08
SO0006967,Z20,DC-DEL,2025-02-06,2025-02-08
SO0006968,Z27,DC-DEL,2025-02-06,2025-02-08
SO0006969,Z28,DC-DEL,2025-02-06,2025-02-09
SO0006956,Z31,DC-KOL,2025-02-05,2025-02-08
SO0006957,Z32,DC-KOL,2025-02-05,2025-02-07
SO0006958,Z33,DC-KOL,2025-02-05,2025-02-08
SO0006972,Z02,DC-HYD,2025-02-07,2025-02-09
SO0006973,Z07,DC-HYD,2025-02-07,2025-02-11
SO0006984,Z35,DC-HYD,2025-02-07,2025-02-10
SO0006974,Z11,DC-MUM,2025-02-07,2025-02-09
SO0006975,Z12,DC-MUM,2025-02-07,2025-02-09
SO0006976,Z15,DC-MUM,2025-02-07,2025-02-09
SO0006977,Z17,DC-MUM,2025-02-07,2025-02-10
SO0006978,Z21,DC-DEL,2025-02-07,2025-02-09
SO0006979,Z23,DC-DEL,2025-02-07,2025-02-09
SO0006980,Z24,DC-DEL,2025-02-07,2025-02-09
SO0006981,Z25,DC-DEL,2025-02-07,2025-02-09
SO0006959,Z36,DC-KOL,2025-02-05,2025-02-08
SO0006970,Z30,DC-KOL,2025-02-06,2025-02-09
SO0006971,Z36,DC-KOL,2025-02-06,2025-02-09
SO0006982,Z29,DC-KOL,2025-02-07,2025-02-09
SO0006985,Z03,DC-HYD,2025-02-08,2025-02-11
SO0006986,Z05,DC-HYD,2025-02-08,2025-02-11
SO0006987,Z06,DC-HYD,2025-02-08,2025-02-11
SO0006988,Z08,DC-HYD,2025-02-08,2025-02-12
SO0006989,Z09,DC-HYD,2025-02-08,2025-02-12
SO0006990,Z14,DC-MUM,2025-02-08,2025-02-11
SO0006991,Z17,DC-MUM,2025-02-08,2025-02-11
SO0006992,Z22,DC-DEL,2025-02-08,2025-02-11
SO0006983,Z32,DC-KOL,2025-02-07,2025-02-09
SO0006993,Z31,DC-KOL,2025-02-08,2025-02-11
SO0006994,Z34,DC-KOL,2025-02-08,2025-02-11
SO0006995,Z03,DC-HYD,2025-02-10,2025-02-13
SO0006996,Z04,DC-HYD,2025-02-10,2025-02-12
SO0006997,Z08,DC-HYD,2025-02-10,2025-02-14
SO0006998,Z10,DC-HYD,2025-02-10,2025-02-13
SO0007005,Z35,DC-HYD,2025-02-10,2025-02-13
SO0006999,Z11,DC-MUM,2025-02-10,2025-02-12
SO0007000,Z13,DC-MUM,2025-02-10,2025-02-12
SO0007001,Z15,DC-MUM,2025-02-10,2025-02-12
SO0007002,Z18,DC-MUM,2025-02-10,2025-02-13
SO0007003,Z26,DC-DEL,2025-02-10,2025-02-13
SO0007004,Z33,DC-KOL,2025-02-10,2025-02-13
SO0007006,Z01,DC-HYD,2025-02-11,2025-02-13
SO0007007,Z02,DC-HYD,2025-02-11,2025-02-13
SO0007008,Z04,DC-HYD,2025-02-11,2025-02-13
SO0007009,Z10,DC-HYD,2025-02-11,2025-02-14
SO0007010,Z14,DC-MUM,2025-02-11,2025-02-14
SO0007011,Z19,DC-MUM,2025-02-11,2025-02-13
SO0007012,Z20,DC-DEL,2025-02-11,2025-02-13
SO0007013,Z22,DC-DEL,2025-02-11,2025-02-14
SO0007014,Z23,DC-DEL,2025-02-11,2025-02-13
SO0007015,Z30,DC-KOL,2025-02-11,2025-02-14
SO0007016,Z34,DC-KOL,2025-02-11,2025-02-14
SO0007017,Z01,DC-HYD,2025-02-12,2025-02-14
SO0007018,Z06,DC-HYD,2025-02-12,2025-02-15
SO0007019,Z09,DC-HYD,2025-02-12,2025-02-16
SO0007020,Z16,DC-MUM,2025-02-12,2025-02-14
SO0007021,Z21,DC-DEL,2025-02-12,2025-02-14
SO0007022,Z24,DC-DEL,2025-02-12,2025-02-14
SO0007023,Z25,DC-DEL,2025-02-12,2025-02-14
SO0007024,Z26,DC-DEL,2025-02-12,2025-02-15
SO0007025,Z27,DC-DEL,2025-02-12,2025-02-14
SO0007026,Z28,DC-DEL,2025-02-12,2025-02-15
SO0007027,Z29,DC-KOL,2025-02-12,2025-02-14
SO0007032,Z05,DC-HYD,2025-02-13,2025-02-16
SO0007033,Z07,DC-HYD,2025-02-13,2025-02-17
SO0007034,Z12,DC-MUM,2025-02-13,2025-02-15
SO0007035,Z13,DC-MUM,2025-02-13,2025-02-15
SO0007036,Z16,DC-MUM,2025-02-13,2025-02-15
SO0007037,Z18,DC-MUM,2025-02-13,2025-02-16
SO0007038,Z19,DC-MUM,2025-02-13,2025-02-15
SO0007039,Z20,DC-DEL,2025-02-13,2025-02-15
SO0007040,Z27,DC-DEL,2025-02-13,2025-02-15
SO0007041,Z28,DC-DEL,2025-02-13,2025-02-16
SO0007028,Z31,DC-KOL,2025-02-12,2025-02-15
SO0007029,Z32,DC-KOL,2025-02-12,2025-02-14
SO0007030,Z33,DC-KOL,2025-02-12,2025-02-15
SO0007031,Z36,DC-KOL,2025-02-12,2025-02-15
SO0007044,Z02,DC-HYD,2025-02-14,2025-02-16
SO0007045,Z07,DC-HYD,2025-02-14,2025-02-18
SO0007056,Z35,DC-HYD,2025-02-14,2025-02-17
SO0007046,Z11,DC-MUM,2025-02-14,2025-02-16
SO0007047,Z12,DC-MUM,2025-02-14,2025-02-16
SO0007048,Z15,DC-MUM,2025-02-14,2025-02-16
SO0007049,Z17,DC-MUM,2025-02-14,2025-02-17
SO0007050,Z21,DC-DEL,2025-02-14,2025-02-16
SO0007051,Z23,DC-DEL,2025-02-14,2025-02-16
SO0007052,Z24,DC-DEL,2025-02-14,2025-02-16
SO0007053,Z25,DC-DEL,2025-02-14,2025-02-16
SO0007042,Z30,DC-KOL,2025-02-13,2025-02-16
SO0007043,Z36,DC-KOL,2025-02-13,2025-02-16
SO0007054,Z29,DC-KOL,2025-02-14,2025-02-16
SO0007055,Z32,DC-KOL,2025-02-14,2025-02-16
SO0007057,Z03,DC-HYD,2025-02-15,2025-02-18
SO0007058,Z05,DC-HYD,2025-02-15,2025-02-18
SO0007059,Z06,DC-HYD,2025-02-15,2025-02-18
SO0007060,Z08,DC-HYD,2025-02-15,2025-02-19
SO0007061,Z09,DC-HYD,2025-02-15,2025-02-19
SO0007062,Z14,DC-MUM,2025-02-15,2025-02-18
SO0007063,Z17,DC-MUM,2025-02-15,2025-02-18
SO0007064,Z22,DC-DEL,2025-02-15,2025-02-18
SO0007065,Z31,DC-KOL,2025-02-15,2025-02-18
SO0007066,Z34,DC-KOL,2025-02-15,2025-02-18
SO0007067,Z03,DC-HYD,2025-02-17,2025-02-20
SO0007068,Z04,DC-HYD,2025-02-17,2025-02-19
SO0007069,Z08,DC-HYD,2025-02-17,2025-02-21
SO0007070,Z10,DC-HYD,2025-02-17,2025-02-20
SO0007077,Z35,DC-HYD,2025-02-17,2025-02-20
SO0007071,Z11,DC-MUM,2025-02-17,2025-02-19
SO0007072,Z13,DC-MUM,2025-02-17,2025-02-19
SO0007073,Z15,DC-MUM,2025-02-17,2025-02-19
SO0007074,Z18,DC-MUM,2025-02-17,2025-02-20
SO0007075,Z26,DC-DEL,2025-02-17,2025-02-20
SO0007076,Z33,DC-KOL,2025-02-17,2025-02-20
SO0007078,Z01,DC-HYD,2025-02-18,2025-02-20
SO0007079,Z02,DC-HYD,2025-02-18,2025-02-20
SO0007080,Z04,DC-HYD,2025-02-18,2025-02-20
SO0007081,Z10,DC-HYD,2025-02-18,2025-02-21
SO0007082,Z14,DC-MUM,2025-02-18,2025-02-21
SO0007083,Z19,DC-MUM,2025-02-18,2025-02-20
SO0007084,Z20,DC-DEL,2025-02-18,2025-02-20
SO0007085,Z22,DC-DEL,2025-02-18,2025-02-21
SO0007087,Z30,DC-KOL,2025-02-18,2025-02-21
SO0007088,Z34,DC-KOL,2025-02-18,2025-02-21
SO0007089,Z01,DC-HYD,2025-02-19,2025-02-21
SO0007090,Z06,DC-HYD,2025-02-19,2025-02-22
SO0007091,Z09,DC-HYD,2025-02-19,2025-02-23
SO0007092,Z16,DC-MUM,2025-02-19,2025-02-21
SO0007086,Z23,DC-DEL,2025-02-18,2025-02-20
SO0007093,Z21,DC-DEL,2025-02-19,2025-02-21
SO0007094,Z24,DC-DEL,2025-02-19,2025-02-21
SO0007095,Z25,DC-DEL,2025-02-19,2025-02-21
SO0007096,Z26,DC-DEL,2025-02-19,2025-02-22
SO0007097,Z27,DC-DEL,2025-02-19,2025-02-21
SO0007099,Z29,DC-KOL,2025-02-19,2025-02-21
SO0007104,Z05,DC-HYD,2025-02-20,2025-02-23
SO0007105,Z07,DC-HYD,2025-02-20,2025-02-24
SO0007106,Z12,DC-MUM,2025-02-20,2025-02-22
SO0007107,Z13,DC-MUM,2025-02-20,2025-02-22
SO0007108,Z16,DC-MUM,2025-02-20,2025-02-22
SO0007109,Z18,DC-MUM,2025-02-20,2025-02-23
SO0007110,Z19,DC-MUM,2025-02-20,2025-02-22
SO0007098,Z28,DC-DEL,2025-02-19,2025-02-22
SO0007111,Z20,DC-DEL,2025-02-20,2025-02-22
SO0007112,Z27,DC-DEL,2025-02-20,2025-02-22
SO0007113,Z28,DC-DEL,2025-02-20,2025-02-23
SO0007100,Z31,DC-KOL,2025-02-19,2025-02-22
SO0007101,Z32,DC-KOL,2025-02-19,2025-02-21
SO0007102,Z33,DC-KOL,2025-02-19,2025-02-22
SO0007116,Z02,DC-HYD,2025-02-21,2025-02-23
SO0007117,Z07,DC-HYD,2025-02-21,2025-02-25
SO0007128,Z35,DC-HYD,2025-02-21,2025-02-24
SO0007118,Z11,DC-MUM,2025-02-21,2025-02-23
SO0007119,Z12,DC-MUM,2025-02-21,2025-02-23
SO0007120,Z15,DC-MUM,2025-02-21,2025-02-23
SO0007122,Z21,DC-DEL,2025-02-21,2025-02-23
SO0007123,Z23,DC-DEL,2025-02-21,2025-02-23
SO0007124,Z24,DC-DEL,2025-02-21,2025-02-23
SO0007125,Z25,DC-DEL,2025-02-21,2025-02-23
SO0007103,Z36,DC-KOL,2025-02-19,2025-02-22
SO0007114,Z30,DC-KOL,2025-02-20,2025-02-23
SO0007115,Z36,DC-KOL,2025-02-20,2025-02-23
SO0007129,Z03,DC-HYD,2025-02-22,2025-02-25
SO0007130,Z05,DC-HYD,2025-02-22,2025-02-25
SO0007131,Z06,DC-HYD,2025-02-22,2025-02-25
SO0007132,Z08,DC-HYD,2025-02-22,2025-02-26
SO0007133,Z09,DC-HYD,2025-02-22,2025-02-26
SO0007121,Z17,DC-MUM,2025-02-21,2025-02-24
SO0007134,Z14,DC-MUM,2025-02-22,2025-02-25
SO0007135,Z17,DC-MUM,2025-02-22,2025-02-25
SO0007136,Z22,DC-DEL,2025-02-22,2025-02-25
SO0007126,Z29,DC-KOL,2025-02-21,2025-02-23
SO0007127,Z32,DC-KOL,2025-02-21,2025-02-23
SO0007137,Z31,DC-KOL,2025-02-22,2025-02-25
SO0007139,Z03,DC-HYD,2025-02-24,2025-02-27
SO0007140,Z04,DC-HYD,2025-02-24,2025-02-26
SO0007141,Z08,DC-HYD,2025-02-24,2025-02-28
SO0007142,Z10,DC-HYD,2025-02-24,2025-02-27
SO0007149,Z35,DC-HYD,2025-02-24,2025-02-27
SO0007143,Z11,DC-MUM,2025-02-24,2025-02-26
SO0007144,Z13,DC-MUM,2025-02-24,2025-02-26
SO0007145,Z15,DC-MUM,2025-02-24,2025-02-26
SO0007146,Z18,DC-MUM,2025-02-24,2025-02-27
SO0007147,Z26,DC-DEL,2025-02-24,2025-02-27
SO0007138,Z34,DC-KOL,2025-02-22,2025-02-25
SO0007148,Z33,DC-KOL,2025-02-24,2025-02-27
SO0007150,Z01,DC-HYD,2025-02-25,2025-02-27
SO0007151,Z02,DC-HYD,2025-02-25,2025-02-27
SO0007152,Z04,DC-HYD,2025-02-25,2025-02-27
SO0007153,Z10,DC-HYD,2025-02-25,2025-02-28
SO0007154,Z14,DC-MUM,2025-02-25,2025-02-28
SO0007155,Z19,DC-MUM,2025-02-25,2025-02-27
SO0007156,Z20,DC-DEL,2025-02-25,2025-02-27
SO0007157,Z22,DC-DEL,2025-02-25,2025-02-28
SO0007158,Z23,DC-DEL,2025-02-25,2025-02-27
SO0007159,Z30,DC-KOL,2025-02-25,2025-02-28
SO0007160,Z34,DC-KOL,2025-02-25,2025-02-28
SO0007161,Z01,DC-HYD,2025-02-26,2025-02-28
SO0007162,Z06,DC-HYD,2025-02-26,2025-03-01
SO0007163,Z09,DC-HYD,2025-02-26,2025-03-02
SO0007164,Z16,DC-MUM,2025-02-26,2025-02-28
SO0007165,Z21,DC-DEL,2025-02-26,2025-02-28
SO0007166,Z24,DC-DEL,2025-02-26,2025-02-28
SO0007167,Z25,DC-DEL,2025-02-26,2025-02-28
SO0007168,Z26,DC-DEL,2025-02-26,2025-03-01
SO0007169,Z27,DC-DEL,2025-02-26,2025-02-28
SO0007171,Z29,DC-KOL,2025-02-26,2025-02-28
SO0007176,Z05,DC-HYD,2025-02-27,2025-03-02
SO0007177,Z07,DC-HYD,2025-02-27,2025-03-03
SO0007178,Z12,DC-MUM,2025-02-27,2025-03-01
SO0007179,Z13,DC-MUM,2025-02-27,2025-03-01
SO0007180,Z16,DC-MUM,2025-02-27,2025-03-01
SO0007181,Z18,DC-MUM,2025-02-27,2025-03-02
SO0007182,Z19,DC-MUM,2025-02-27,2025-03-01
SO0007170,Z28,DC-DEL,2025-02-26,2025-03-01
SO0007183,Z20,DC-DEL,2025-02-27,2025-03-01
SO0007184,Z27,DC-DEL,2025-02-27,2025-03-01
SO0007185,Z28,DC-DEL,2025-02-27,2025-03-02
SO0007172,Z31,DC-KOL,2025-02-26,2025-03-01
SO0007173,Z32,DC-KOL,2025-02-26,2025-02-28
SO0007174,Z33,DC-KOL,2025-02-26,2025-03-01
SO0007175,Z36,DC-KOL,2025-02-26,2025-03-01
SO0007188,Z02,DC-HYD,2025-02-28,2025-03-02
SO0007189,Z07,DC-HYD,2025-02-28,2025-03-04
SO0007200,Z35,DC-HYD,2025-02-28,2025-03-03
SO0007190,Z11,DC-MUM,2025-02-28,2025-03-02
SO0007191,Z12,DC-MUM,2025-02-28,2025-03-02
SO0007192,Z15,DC-MUM,2025-02-28,2025-03-02
SO0007193,Z17,DC-MUM,2025-02-28,2025-03-03
SO0007194,Z21,DC-DEL,2025-02-28,2025-03-02
SO0007195,Z23,DC-DEL,2025-02-28,2025-03-02
SO0007196,Z24,DC-DEL,2025-02-28,2025-03-02
SO0007197,Z25,DC-DEL,2025-02-28,2025-03-02
SO0007186,Z30,DC-KOL,2025-02-27,2025-03-02
SO0007187,Z36,DC-KOL,2025-02-27,2025-03-02
SO0007198,Z29,DC-KOL,2025-02-28,2025-03-02
SO0007199,Z32,DC-KOL,2025-02-28,2025-03-02
SO0007201,Z03,DC-HYD,2025-03-01,2025-03-04
SO0007202,Z05,DC-HYD,2025-03-01,2025-03-04
SO0007203,Z06,DC-HYD,2025-03-01,2025-03-04
SO0007204,Z08,DC-HYD,2025-03-01,2025-03-05
SO0007205,Z09,DC-HYD,2025-03-01,2025-03-05
SO0007206,Z14,DC-MUM,2025-03-01,2025-03-04
SO0007207,Z17,DC-MUM,2025-03-01,2025-03-04
SO0007208,Z22,DC-DEL,2025-03-01,2025-03-04
SO0007209,Z31,DC-KOL,2025-03-01,2025-03-04
SO0007210,Z34,DC-KOL,2025-03-01,2025-03-04
SO0007211,Z03,DC-HYD,2025-03-03,2025-03-06
SO0007212,Z04,DC-HYD,2025-03-03,2025-03-05
SO0007213,Z08,DC-HYD,2025-03-03,2025-03-07
SO0007214,Z10,DC-HYD,2025-03-03,2025-03-06
SO0007221,Z35,DC-HYD,2025-03-03,2025-03-06
SO0007215,Z11,DC-MUM,2025-03-03,2025-03-05
SO0007216,Z13,DC-MUM,2025-03-03,2025-03-05
SO0007217,Z15,DC-MUM,2025-03-03,2025-03-05
SO0007218,Z18,DC-MUM,2025-03-03,2025-03-06
SO0007219,Z26,DC-DEL,2025-03-03,2025-03-06
SO0007220,Z33,DC-KOL,2025-03-03,2025-03-06
SO0007222,Z01,DC-HYD,2025-03-04,2025-03-06
SO0007223,Z02,DC-HYD,2025-03-04,2025-03-06
SO0007224,Z04,DC-HYD,2025-03-04,2025-03-06
SO0007225,Z10,DC-HYD,2025-03-04,2025-03-07
SO0007226,Z14,DC-MUM,2025-03-04,2025-03-07
SO0007227,Z19,DC-MUM,2025-03-04,2025-03-06
SO0007228,Z20,DC-DEL,2025-03-04,2025-03-06
SO0007229,Z22,DC-DEL,2025-03-04,2025-03-07
SO0007230,Z23,DC-DEL,2025-03-04,2025-03-06
SO0007231,Z30,DC-KOL,2025-03-04,2025-03-07
SO0007232,Z34,DC-KOL,2025-03-04,2025-03-07
SO0007233,Z01,DC-HYD,2025-03-05,2025-03-07
SO0007234,Z06,DC-HYD,2025-03-05,2025-03-08
SO0007235,Z09,DC-HYD,2025-03-05,2025-03-09
SO0007236,Z16,DC-MUM,2025-03-05,2025-03-07
SO0007237,Z21,DC-DEL,2025-03-05,2025-03-07
SO0007238,Z24,DC-DEL,2025-03-05,2025-03-07
SO0007239,Z25,DC-DEL,2025-03-05,2025-03-07
SO0007240,Z26,DC-DEL,2025-03-05,2025-03-08
SO0007241,Z27,DC-DEL,2025-03-05,2025-03-07
SO0007243,Z29,DC-KOL,2025-03-05,2025-03-07
SO0007248,Z05,DC-HYD,2025-03-06,2025-03-09
SO0007249,Z07,DC-HYD,2025-03-06,2025-03-10
SO0007250,Z12,DC-MUM,2025-03-06,2025-03-08
SO0007251,Z13,DC-MUM,2025-03-06,2025-03-08
SO0007252,Z16,DC-MUM,2025-03-06,2025-03-08
SO0007253,Z18,DC-MUM,2025-03-06,2025-03-09
SO0007254,Z19,DC-MUM,2025-03-06,2025-03-08
SO0007242,Z28,DC-DEL,2025-03-05,2025-03-08
SO0007255,Z20,DC-DEL,2025-03-06,2025-03-08
SO0007256,Z27,DC-DEL,2025-03-06,2025-03-08
SO0007257,Z28,DC-DEL,2025-03-06,2025-03-09
SO0007244,Z31,DC-KOL,2025-03-05,2025-03-08
SO0007245,Z32,DC-KOL,2025-03-05,2025-03-07
SO0007246,Z33,DC-KOL,2025-03-05,2025-03-08
SO0007260,Z02,DC-HYD,2025-03-07,2025-03-09
SO0007261,Z07,DC-HYD,2025-03-07,2025-03-11
SO0007272,Z35,DC-HYD,2025-03-07,2025-03-10
SO0007262,Z11,DC-MUM,2025-03-07,2025-03-09
SO0007263,Z12,DC-MUM,2025-03-07,2025-03-09
SO0007264,Z15,DC-MUM,2025-03-07,2025-03-09
SO0007265,Z17,DC-MUM,2025-03-07,2025-03-10
SO0007266,Z21,DC-DEL,2025-03-07,2025-03-09
SO0007267,Z23,DC-DEL,2025-03-07,2025-03-09
SO0007268,Z24,DC-DEL,2025-03-07,2025-03-09
SO0007269,Z25,DC-DEL,2025-03-07,2025-03-09
SO0007247,Z36,DC-KOL,2025-03-05,2025-03-08
SO0007258,Z30,DC-KOL,2025-03-06,2025-03-09
SO0007259,Z36,DC-KOL,2025-03-06,2025-03-09
SO0007270,Z29,DC-KOL,2025-03-07,2025-03-09
SO0007271,Z32,DC-KOL,2025-03-07,2025-03-09
SO0007273,Z03,DC-HYD,2025-03-08,2025-03-11
SO0007274,Z05,DC-HYD,2025-03-08,2025-03-11
SO0007275,Z06,DC-HYD,2025-03-08,2025-03-11
SO0007276,Z08,DC-HYD,2025-03-08,2025-03-12
SO0007277,Z09,DC-HYD,2025-03-08,2025-03-12
SO0007278,Z14,DC-MUM,2025-03-08,2025-03-11
SO0007279,Z17,DC-MUM,2025-03-08,2025-03-11
SO0007280,Z22,DC-DEL,2025-03-08,2025-03-11
SO0007281,Z31,DC-KOL,2025-03-08,2025-03-11
SO0007282,Z34,DC-KOL,2025-03-08,2025-03-11
SO0007283,Z03,DC-HYD,2025-03-10,2025-03-13
SO0007284,Z04,DC-HYD,2025-03-10,2025-03-12
SO0007285,Z08,DC-HYD,2025-03-10,2025-03-14
SO0007286,Z10,DC-HYD,2025-03-10,2025-03-13
SO0007293,Z35,DC-HYD,2025-03-10,2025-03-13
SO0007287,Z11,DC-MUM,2025-03-10,2025-03-12
SO0007288,Z13,DC-MUM,2025-03-10,2025-03-12
SO0007289,Z15,DC-MUM,2025-03-10,2025-03-12
SO0007290,Z18,DC-MUM,2025-03-10,2025-03-13
SO0007291,Z26,DC-DEL,2025-03-10,2025-03-13
SO0007292,Z33,DC-KOL,2025-03-10,2025-03-13
SO0007294,Z01,DC-HYD,2025-03-11,2025-03-13
SO0007295,Z02,DC-HYD,2025-03-11,2025-03-13
SO0007296,Z04,DC-HYD,2025-03-11,2025-03-13
SO0007297,Z10,DC-HYD,2025-03-11,2025-03-14
SO0007298,Z14,DC-MUM,2025-03-11,2025-03-14
SO0007299,Z19,DC-MUM,2025-03-11,2025-03-13
SO0007300,Z20,DC-DEL,2025-03-11,2025-03-13
SO0007301,Z22,DC-DEL,2025-03-11,2025-03-14
SO0007303,Z30,DC-KOL,2025-03-11,2025-03-14
SO0007304,Z34,DC-KOL,2025-03-11,2025-03-14
SO0007305,Z01,DC-HYD,2025-03-12,2025-03-14
SO0007306,Z06,DC-HYD,2025-03-12,2025-03-15
SO0007307,Z09,DC-HYD,2025-03-12,2025-03-16
SO0007308,Z16,DC-MUM,2025-03-12,2025-03-14
SO0007302,Z23,DC-DEL,2025-03-11,2025-03-13
SO0007309,Z21,DC-DEL,2025-03-12,2025-03-14
SO0007310,Z24,DC-DEL,2025-03-12,2025-03-14
SO0007311,Z25,DC-DEL,2025-03-12,2025-03-14
SO0007312,Z26,DC-DEL,2025-03-12,2025-03-15
SO0007313,Z27,DC-DEL,2025-03-12,2025-03-14
SO0007315,Z29,DC-KOL,2025-03-12,2025-03-14
SO0007320,Z05,DC-HYD,2025-03-13,2025-03-16
SO0007321,Z07,DC-HYD,2025-03-13,2025-03-17
SO0007322,Z12,DC-MUM,2025-03-13,2025-03-15
SO0007323,Z13,DC-MUM,2025-03-13,2025-03-15
SO0007324,Z16,DC-MUM,2025-03-13,2025-03-15
SO0007325,Z18,DC-MUM,2025-03-13,2025-03-16
SO0007326,Z19,DC-MUM,2025-03-13,2025-03-15
SO0007314,Z28,DC-DEL,2025-03-12,2025-03-15
SO0007327,Z20,DC-DEL,2025-03-13,2025-03-15
SO0007328,Z27,DC-DEL,2025-03-13,2025-03-15
SO0007329,Z28,DC-DEL,2025-03-13,2025-03-16
SO0007316,Z31,DC-KOL,2025-03-12,2025-03-15
SO0007317,Z32,DC-KOL,2025-03-12,2025-03-14
SO0007318,Z33,DC-KOL,2025-03-12,2025-03-15
SO0007319,Z36,DC-KOL,2025-03-12,2025-03-15
SO0007332,Z02,DC-HYD,2025-03-14,2025-03-16
SO0007333,Z07,DC-HYD,2025-03-14,2025-03-18
SO0007344,Z35,DC-HYD,2025-03-14,2025-03-17
SO0007334,Z11,DC-MUM,2025-03-14,2025-03-16
SO0007335,Z12,DC-MUM,2025-03-14,2025-03-16
SO0007336,Z15,DC-MUM,2025-03-14,2025-03-16
SO0007337,Z17,DC-MUM,2025-03-14,2025-03-17
SO0007338,Z21,DC-DEL,2025-03-14,2025-03-16
SO0007339,Z23,DC-DEL,2025-03-14,2025-03-16
SO0007340,Z24,DC-DEL,2025-03-14,2025-03-16
SO0007341,Z25,DC-DEL,2025-03-14,2025-03-16
SO0007330,Z30,DC-KOL,2025-03-13,2025-03-16
SO0007331,Z36,DC-KOL,2025-03-13,2025-03-16
SO0007342,Z29,DC-KOL,2025-03-14,2025-03-16
SO0007343,Z32,DC-KOL,2025-03-14,2025-03-16
SO0007345,Z03,DC-HYD,2025-03-15,2025-03-18
SO0007346,Z05,DC-HYD,2025-03-15,2025-03-18
SO0007347,Z06,DC-HYD,2025-03-15,2025-03-18
SO0007348,Z08,DC-HYD,2025-03-15,2025-03-19
SO0007349,Z09,DC-HYD,2025-03-15,2025-03-19
SO0007350,Z14,DC-MUM,2025-03-15,2025-03-18
SO0007351,Z17,DC-MUM,2025-03-15,2025-03-18
SO0007352,Z22,DC-DEL,2025-03-15,2025-03-18
SO0007353,Z31,DC-KOL,2025-03-15,2025-03-18
SO0007354,Z34,DC-KOL,2025-03-15,2025-03-18
SO0007355,Z03,DC-HYD,2025-03-17,2025-03-20
SO0007356,Z04,DC-HYD,2025-03-17,2025-03-19
SO0007357,Z08,DC-HYD,2025-03-17,2025-03-21
SO0007358,Z10,DC-HYD,2025-03-17,2025-03-20
SO0007365,Z35,DC-HYD,2025-03-17,2025-03-20
SO0007359,Z11,DC-MUM,2025-03-17,2025-03-19
SO0007360,Z13,DC-MUM,2025-03-17,2025-03-19
SO0007361,Z15,DC-MUM,2025-03-17,2025-03-19
SO0007362,Z18,DC-MUM,2025-03-17,2025-03-20
SO0007363,Z26,DC-DEL,2025-03-17,2025-03-20
SO0007364,Z33,DC-KOL,2025-03-17,2025-03-20
SO0007366,Z01,DC-HYD,2025-03-18,2025-03-20
SO0007367,Z02,DC-HYD,2025-03-18,2025-03-20
SO0007368,Z04,DC-HYD,2025-03-18,2025-03-20
SO0007369,Z10,DC-HYD,2025-03-18,2025-03-21
SO0007370,Z14,DC-MUM,2025-03-18,2025-03-21
SO0007371,Z19,DC-MUM,2025-03-18,2025-03-20
SO0007372,Z20,DC-DEL,2025-03-18,2025-03-20
SO0007373,Z22,DC-DEL,2025-03-18,2025-03-21
SO0007374,Z23,DC-DEL,2025-03-18,2025-03-20
SO0007375,Z30,DC-KOL,2025-03-18,2025-03-21
SO0007376,Z34,DC-KOL,2025-03-18,2025-03-21
SO0007377,Z01,DC-HYD,2025-03-19,2025-03-21
SO0007378,Z06,DC-HYD,2025-03-19,2025-03-22
SO0007379,Z09,DC-HYD,2025-03-19,2025-03-23
SO0007380,Z16,DC-MUM,2025-03-19,2025-03-21
SO0007381,Z21,DC-DEL,2025-03-19,2025-03-21
SO0007382,Z24,DC-DEL,2025-03-19,2025-03-21
SO0007383,Z25,DC-DEL,2025-03-19,2025-03-21
SO0007384,Z26,DC-DEL,2025-03-19,2025-03-22
SO0007385,Z27,DC-DEL,2025-03-19,2025-03-21
SO0007387,Z29,DC-KOL,2025-03-19,2025-03-21
SO0007392,Z05,DC-HYD,2025-03-20,2025-03-23
SO0007393,Z07,DC-HYD,2025-03-20,2025-03-24
SO0007394,Z12,DC-MUM,2025-03-20,2025-03-22
SO0007395,Z13,DC-MUM,2025-03-20,2025-03-22
SO0007396,Z16,DC-MUM,2025-03-20,2025-03-22
SO0007397,Z18,DC-MUM,2025-03-20,2025-03-23
SO0007398,Z19,DC-MUM,2025-03-20,2025-03-22
SO0007386,Z28,DC-DEL,2025-03-19,2025-03-22
SO0007399,Z20,DC-DEL,2025-03-20,2025-03-22
SO0007400,Z27,DC-DEL,2025-03-20,2025-03-22
SO0007401,Z28,DC-DEL,2025-03-20,2025-03-23
SO0007388,Z31,DC-KOL,2025-03-19,2025-03-22
SO0007389,Z32,DC-KOL,2025-03-19,2025-03-21
SO0007390,Z33,DC-KOL,2025-03-19,2025-03-22
SO0007391,Z36,DC-KOL,2025-03-19,2025-03-22
SO0007402,Z30,DC-KOL,2025-03-20,2025-03-23
SO0007404,Z02,DC-HYD,2025-03-21,2025-03-23
SO0007405,Z07,DC-HYD,2025-03-21,2025-03-25
SO0007416,Z35,DC-HYD,2025-03-21,2025-03-24
SO0007406,Z11,DC-MUM,2025-03-21,2025-03-23
SO0007407,Z12,DC-MUM,2025-03-21,2025-03-23
SO0007408,Z15,DC-MUM,2025-03-21,2025-03-23
SO0007409,Z17,DC-MUM,2025-03-21,2025-03-24
SO0007410,Z21,DC-DEL,2025-03-21,2025-03-23
SO0007411,Z23,DC-DEL,2025-03-21,2025-03-23
SO0007412,Z24,DC-DEL,2025-03-21,2025-03-23
SO0007413,Z25,DC-DEL,2025-03-21,2025-03-23
SO0007403,Z36,DC-KOL,2025-03-20,2025-03-23
SO0007414,Z29,DC-KOL,2025-03-21,2025-03-23
SO0007415,Z32,DC-KOL,2025-03-21,2025-03-23
SO0007417,Z03,DC-HYD,2025-03-22,2025-03-25
SO0007418,Z05,DC-HYD,2025-03-22,2025-03-25
SO0007419,Z06,DC-HYD,2025-03-22,2025-03-25
SO0007420,Z08,DC-HYD,2025-03-22,2025-03-26
SO0007421,Z09,DC-HYD,2025-03-22,2025-03-26
SO0007422,Z14,DC-MUM,2025-03-22,2025-03-25
SO0007423,Z17,DC-MUM,2025-03-22,2025-03-25
SO0007424,Z22,DC-DEL,2025-03-22,2025-03-25
SO0007425,Z31,DC-KOL,2025-03-22,2025-03-25
SO0007426,Z34,DC-KOL,2025-03-22,2025-03-25
SO0007427,Z03,DC-HYD,2025-03-24,2025-03-27
SO0007428,Z04,DC-HYD,2025-03-24,2025-03-26
SO0007429,Z08,DC-HYD,2025-03-24,2025-03-28
SO0007430,Z10,DC-HYD,2025-03-24,2025-03-27
SO0007437,Z35,DC-HYD,2025-03-24,2025-03-27
SO0007431,Z11,DC-MUM,2025-03-24,2025-03-26
SO0007432,Z13,DC-MUM,2025-03-24,2025-03-26
SO0007433,Z15,DC-MUM,2025-03-24,2025-03-26
SO0007434,Z18,DC-MUM,2025-03-24,2025-03-27
SO0007435,Z26,DC-DEL,2025-03-24,2025-03-27
SO0007436,Z33,DC-KOL,2025-03-24,2025-03-27
SO0007438,Z01,DC-HYD,2025-03-25,2025-03-27
SO0007439,Z02,DC-HYD,2025-03-25,2025-03-27
SO0007440,Z04,DC-HYD,2025-03-25,2025-03-27
SO0007441,Z10,DC-HYD,2025-03-25,2025-03-28
SO0007442,Z14,DC-MUM,2025-03-25,2025-03-28
SO0007443,Z19,DC-MUM,2025-03-25,2025-03-27
SO0007444,Z20,DC-DEL,2025-03-25,2025-03-27
SO0007445,Z22,DC-DEL,2025-03-25,2025-03-28
SO0007447,Z30,DC-KOL,2025-03-25,2025-03-28
SO0007448,Z34,DC-KOL,2025-03-25,2025-03-28
SO0007449,Z01,DC-HYD,2025-03-26,2025-03-28
SO0007450,Z06,DC-HYD,2025-03-26,2025-03-29
SO0007451,Z09,DC-HYD,2025-03-26,2025-03-30
SO0007452,Z16,DC-MUM,2025-03-26,2025-03-28
SO0007446,Z23,DC-DEL,2025-03-25,2025-03-27
SO0007453,Z21,DC-DEL,2025-03-26,2025-03-28
SO0007454,Z24,DC-DEL,2025-03-26,2025-03-28
SO0007455,Z25,DC-DEL,2025-03-26,2025-03-28
SO0007456,Z26,DC-DEL,2025-03-26,2025-03-29
SO0007457,Z27,DC-DEL,2025-03-26,2025-03-28
SO0007459,Z29,DC-KOL,2025-03-26,2025-03-28
SO0007464,Z05,DC-HYD,2025-03-27,2025-03-30
SO0007465,Z07,DC-HYD,2025-03-27,2025-03-31
SO0007466,Z12,DC-MUM,2025-03-27,2025-03-29
SO0007467,Z13,DC-MUM,2025-03-27,2025-03-29
SO0007468,Z16,DC-MUM,2025-03-27,2025-03-29
SO0007469,Z18,DC-MUM,2025-03-27,2025-03-30
SO0007470,Z19,DC-MUM,2025-03-27,2025-03-29
SO0007458,Z28,DC-DEL,2025-03-26,2025-03-29
SO0007471,Z20,DC-DEL,2025-03-27,2025-03-29
SO0007472,Z27,DC-DEL,2025-03-27,2025-03-29
SO0007473,Z28,DC-DEL,2025-03-27,2025-03-30
SO0007460,Z31,DC-KOL,2025-03-26,2025-03-29
SO0007461,Z32,DC-KOL,2025-03-26,2025-03-28
SO0007462,Z33,DC-KOL,2025-03-26,2025-03-29
SO0007476,Z02,DC-HYD,2025-03-28,2025-03-30
SO0007477,Z07,DC-HYD,2025-03-28,2025-04-01
SO0007488,Z35,DC-HYD,2025-03-28,2025-03-31
SO0007478,Z11,DC-MUM,2025-03-28,2025-03-30
SO0007479,Z12,DC-MUM,2025-03-28,2025-03-30
SO0007480,Z15,DC-MUM,2025-03-28,2025-03-30
SO0007482,Z21,DC-DEL,2025-03-28,2025-03-30
SO0007483,Z23,DC-DEL,2025-03-28,2025-03-30
SO0007484,Z24,DC-DEL,2025-03-28,2025-03-30
SO0007485,Z25,DC-DEL,2025-03-28,2025-03-30
SO0007463,Z36,DC-KOL,2025-03-26,2025-03-29
SO0007474,Z30,DC-KOL,2025-03-27,2025-03-30
SO0007475,Z36,DC-KOL,2025-03-27,2025-03-30
SO0007486,Z29,DC-KOL,2025-03-28,2025-03-30
SO0007489,Z03,DC-HYD,2025-03-29,2025-04-01
SO0007490,Z05,DC-HYD,2025-03-29,2025-04-01
SO0007491,Z06,DC-HYD,2025-03-29,2025-04-01
SO0007492,Z08,DC-HYD,2025-03-29,2025-04-02
SO0007493,Z09,DC-HYD,2025-03-29,2025-04-02
SO0007481,Z17,DC-MUM,2025-03-28,2025-03-31
SO0007494,Z14,DC-MUM,2025-03-29,2025-04-01
SO0007495,Z17,DC-MUM,2025-03-29,2025-04-01
SO0007496,Z22,DC-DEL,2025-03-29,2025-04-01
SO0007487,Z32,DC-KOL,2025-03-28,2025-03-30
SO0007497,Z31,DC-KOL,2025-03-29,2025-04-01
SO0007498,Z34,DC-KOL,2025-03-29,2025-04-01
SO0007499,Z03,DC-HYD,2025-03-31,2025-04-03
SO0007500,Z04,DC-HYD,2025-03-31,2025-04-02
SO0007501,Z08,DC-HYD,2025-03-31,2025-04-04
SO0007502,Z10,DC-HYD,2025-03-31,2025-04-03
SO0007509,Z35,DC-HYD,2025-03-31,2025-04-03
SO0007503,Z11,DC-MUM,2025-03-31,2025-04-02
SO0007504,Z13,DC-MUM,2025-03-31,2025-04-02
SO0007505,Z15,DC-MUM,2025-03-31,2025-04-02
SO0007506,Z18,DC-MUM,2025-03-31,2025-04-03
SO0007507,Z26,DC-DEL,2025-03-31,2025-04-03
SO0007508,Z33,DC-KOL,2025-03-31,2025-04-03
SO0007510,Z01,DC-HYD,2025-04-01,2025-04-03
SO0007511,Z02,DC-HYD,2025-04-01,2025-04-03
SO0007512,Z04,DC-HYD,2025-04-01,2025-04-03
SO0007513,Z10,DC-HYD,2025-04-01,2025-04-04
SO0007514,Z14,DC-MUM,2025-04-01,2025-04-04
SO0007515,Z19,DC-MUM,2025-04-01,2025-04-03
SO0007516,Z20,DC-DEL,2025-04-01,2025-04-03
SO0007519,Z30,DC-KOL,2025-04-01,2025-04-04
SO0007520,Z34,DC-KOL,2025-04-01,2025-04-04
SO0007521,Z01,DC-HYD,2025-04-02,2025-04-04
SO0007522,Z06,DC-HYD,2025-04-02,2025-04-05
SO0007523,Z09,DC-HYD,2025-04-02,2025-04-06
SO0007524,Z16,DC-MUM,2025-04-02,2025-04-04
SO0007517,Z22,DC-DEL,2025-04-01,2025-04-04
SO0007518,Z23,DC-DEL,2025-04-01,2025-04-03
SO0007525,Z21,DC-DEL,2025-04-02,2025-04-04
SO0007526,Z24,DC-DEL,2025-04-02,2025-04-04
SO0007527,Z25,DC-DEL,2025-04-02,2025-04-04
SO0007528,Z26,DC-DEL,2025-04-02,2025-04-05
SO0007531,Z29,DC-KOL,2025-04-02,2025-04-04
SO0007536,Z05,DC-HYD,2025-04-03,2025-04-06
SO0007537,Z07,DC-HYD,2025-04-03,2025-04-07
SO0007538,Z12,DC-MUM,2025-04-03,2025-04-05
SO0007539,Z13,DC-MUM,2025-04-03,2025-04-05
SO0007540,Z16,DC-MUM,2025-04-03,2025-04-05
SO0007541,Z18,DC-MUM,2025-04-03,2025-04-06
SO0007542,Z19,DC-MUM,2025-04-03,2025-04-05
SO0007529,Z27,DC-DEL,2025-04-02,2025-04-04
SO0007530,Z28,DC-DEL,2025-04-02,2025-04-05
SO0007543,Z20,DC-DEL,2025-04-03,2025-04-05
SO0007544,Z27,DC-DEL,2025-04-03,2025-04-05
SO0007545,Z28,DC-DEL,2025-04-03,2025-04-06
SO0007532,Z31,DC-KOL,2025-04-02,2025-04-05
SO0007533,Z32,DC-KOL,2025-04-02,2025-04-04
SO0007534,Z33,DC-KOL,2025-04-02,2025-04-05
SO0007548,Z02,DC-HYD,2025-04-04,2025-04-06
SO0007549,Z07,DC-HYD,2025-04-04,2025-04-08
SO0007560,Z35,DC-HYD,2025-04-04,2025-04-07
SO0007550,Z11,DC-MUM,2025-04-04,2025-04-06
SO0007551,Z12,DC-MUM,2025-04-04,2025-04-06
SO0007552,Z15,DC-MUM,2025-04-04,2025-04-06
SO0007553,Z17,DC-MUM,2025-04-04,2025-04-07
SO0007554,Z21,DC-DEL,2025-04-04,2025-04-06
SO0007555,Z23,DC-DEL,2025-04-04,2025-04-06
SO0007556,Z24,DC-DEL,2025-04-04,2025-04-06
SO0007557,Z25,DC-DEL,2025-04-04,2025-04-06
SO0007535,Z36,DC-KOL,2025-04-02,2025-04-05
SO0007546,Z30,DC-KOL,2025-04-03,2025-04-06
SO0007547,Z36,DC-KOL,2025-04-03,2025-04-06
SO0007561,Z03,DC-HYD,2025-04-05,2025-04-08
SO0007562,Z05,DC-HYD,2025-04-05,2025-04-08
SO0007563,Z06,DC-HYD,2025-04-05,2025-04-08
SO0007564,Z08,DC-HYD,2025-04-05,2025-04-09
SO0007565,Z09,DC-HYD,2025-04-05,2025-04-09
SO0007566,Z14,DC-MUM,2025-04-05,2025-04-08
SO0007567,Z17,DC-MUM,2025-04-05,2025-04-08
SO0007568,Z22,DC-DEL,2025-04-05,2025-04-08
SO0007558,Z29,DC-KOL,2025-04-04,2025-04-06
SO0007559,Z32,DC-KOL,2025-04-04,2025-04-06
SO0007569,Z31,DC-KOL,2025-04-05,2025-04-08
SO0007571,Z03,DC-HYD,2025-04-07,2025-04-10
SO0007572,Z04,DC-HYD,2025-04-07,2025-04-09
SO0007573,Z08,DC-HYD,2025-04-07,2025-04-11
SO0007574,Z10,DC-HYD,2025-04-07,2025-04-10
SO0007581,Z35,DC-HYD,2025-04-07,2025-04-10
SO0007575,Z11,DC-MUM,2025-04-07,2025-04-09
SO0007576,Z13,DC-MUM,2025-04-07,2025-04-09
SO0007577,Z15,DC-MUM,2025-04-07,2025-04-09
SO0007578,Z18,DC-MUM,2025-04-07,2025-04-10
SO0007579,Z26,DC-DEL,2025-04-07,2025-04-10
SO0007570,Z34,DC-KOL,2025-04-05,2025-04-08
SO0007580,Z33,DC-KOL,2025-04-07,2025-04-10
SO0007582,Z01,DC-HYD,2025-04-08,2025-04-10
SO0007583,Z02,DC-HYD,2025-04-08,2025-04-10
SO0007584,Z04,DC-HYD,2025-04-08,2025-04-10
SO0007585,Z10,DC-HYD,2025-04-08,2025-04-11
SO0007586,Z14,DC-MUM,2025-04-08,2025-04-11
SO0007587,Z19,DC-MUM,2025-04-08,2025-04-10
SO0007588,Z20,DC-DEL,2025-04-08,2025-04-10
SO0007589,Z22,DC-DEL,2025-04-08,2025-04-11
SO0007591,Z30,DC-KOL,2025-04-08,2025-04-11
SO0007592,Z34,DC-KOL,2025-04-08,2025-04-11
SO0007593,Z01,DC-HYD,2025-04-09,2025-04-11
SO0007594,Z06,DC-HYD,2025-04-09,2025-04-12
SO0007595,Z09,DC-HYD,2025-04-09,2025-04-13
SO0007596,Z16,DC-MUM,2025-04-09,2025-04-11
SO0007590,Z23,DC-DEL,2025-04-08,2025-04-10
SO0007597,Z21,DC-DEL,2025-04-09,2025-04-11
SO0007598,Z24,DC-DEL,2025-04-09,2025-04-11
SO0007599,Z25,DC-DEL,2025-04-09,2025-04-11
SO0007600,Z26,DC-DEL,2025-04-09,2025-04-12
SO0007601,Z27,DC-DEL,2025-04-09,2025-04-11
SO0007603,Z29,DC-KOL,2025-04-09,2025-04-11
SO0007608,Z05,DC-HYD,2025-04-10,2025-04-13
SO0007609,Z07,DC-HYD,2025-04-10,2025-04-14
SO0007610,Z12,DC-MUM,2025-04-10,2025-04-12
SO0007611,Z13,DC-MUM,2025-04-10,2025-04-12
SO0007612,Z16,DC-MUM,2025-04-10,2025-04-12
SO0007613,Z18,DC-MUM,2025-04-10,2025-04-13
SO0007614,Z19,DC-MUM,2025-04-10,2025-04-12
SO0007602,Z28,DC-DEL,2025-04-09,2025-04-12
SO0007615,Z20,DC-DEL,2025-04-10,2025-04-12
SO0007616,Z27,DC-DEL,2025-04-10,2025-04-12
SO0007617,Z28,DC-DEL,2025-04-10,2025-04-13
SO0007604,Z31,DC-KOL,2025-04-09,2025-04-12
SO0007605,Z32,DC-KOL,2025-04-09,2025-04-11
SO0007606,Z33,DC-KOL,2025-04-09,2025-04-12
SO0007620,Z02,DC-HYD,2025-04-11,2025-04-13
SO0007621,Z07,DC-HYD,2025-04-11,2025-04-15
SO0007632,Z35,DC-HYD,2025-04-11,2025-04-14
SO0007622,Z11,DC-MUM,2025-04-11,2025-04-13
SO0007623,Z12,DC-MUM,2025-04-11,2025-04-13
SO0007624,Z15,DC-MUM,2025-04-11,2025-04-13
SO0007625,Z17,DC-MUM,2025-04-11,2025-04-14
SO0007626,Z21,DC-DEL,2025-04-11,2025-04-13
SO0007627,Z23,DC-DEL,2025-04-11,2025-04-13
SO0007628,Z24,DC-DEL,2025-04-11,2025-04-13
SO0007629,Z25,DC-DEL,2025-04-11,2025-04-13
SO0007607,Z36,DC-KOL,2025-04-09,2025-04-12
SO0007618,Z30,DC-KOL,2025-04-10,2025-04-13
SO0007619,Z36,DC-KOL,2025-04-10,2025-04-13
SO0007630,Z29,DC-KOL,2025-04-11,2025-04-13
SO0007633,Z03,DC-HYD,2025-04-12,2025-04-15
SO0007634,Z05,DC-HYD,2025-04-12,2025-04-15
SO0007635,Z06,DC-HYD,2025-04-12,2025-04-15
SO0007636,Z08,DC-HYD,2025-04-12,2025-04-16
SO0007637,Z09,DC-HYD,2025-04-12,2025-04-16
SO0007638,Z14,DC-MUM,2025-04-12,2025-04-15
SO0007639,Z17,DC-MUM,2025-04-12,2025-04-15
SO0007640,Z22,DC-DEL,2025-04-12,2025-04-15
SO0007631,Z32,DC-KOL,2025-04-11,2025-04-13
SO0007641,Z31,DC-KOL,2025-04-12,2025-04-15
SO0007642,Z34,DC-KOL,2025-04-12,2025-04-15
SO0007643,Z03,DC-HYD,2025-04-14,2025-04-17
SO0007644,Z04,DC-HYD,2025-04-14,2025-04-16
SO0007645,Z08,DC-HYD,2025-04-14,2025-04-18
SO0007646,Z10,DC-HYD,2025-04-14,2025-04-17
SO0007653,Z35,DC-HYD,2025-04-14,2025-04-17
SO0007647,Z11,DC-MUM,2025-04-14,2025-04-16
SO0007648,Z13,DC-MUM,2025-04-14,2025-04-16
SO0007649,Z15,DC-MUM,2025-04-14,2025-04-16
SO0007650,Z18,DC-MUM,2025-04-14,2025-04-17
SO0007651,Z26,DC-DEL,2025-04-14,2025-04-17
SO0007652,Z33,DC-KOL,2025-04-14,2025-04-17
SO0007654,Z01,DC-HYD,2025-04-15,2025-04-17
SO0007655,Z02,DC-HYD,2025-04-15,2025-04-17
SO0007656,Z04,DC-HYD,2025-04-15,2025-04-17
SO0007657,Z10,DC-HYD,2025-04-15,2025-04-18
SO0007658,Z14,DC-MUM,2025-04-15,2025-04-18
SO0007659,Z19,DC-MUM,2025-04-15,2025-04-17
SO0007660,Z20,DC-DEL,2025-04-15,2025-04-17
SO0007661,Z22,DC-DEL,2025-04-15,2025-04-18
SO0007662,Z23,DC-DEL,2025-04-15,2025-04-17
SO0007663,Z30,DC-KOL,2025-04-15,2025-04-18
SO0007664,Z34,DC-KOL,2025-04-15,2025-04-18
SO0007665,Z01,DC-HYD,2025-04-16,2025-04-18
SO0007666,Z06,DC-HYD,2025-04-16,2025-04-19
SO0007667,Z09,DC-HYD,2025-04-16,2025-04-20
SO0007668,Z16,DC-MUM,2025-04-16,2025-04-18
SO0007669,Z21,DC-DEL,2025-04-16,2025-04-18
SO0007670,Z24,DC-DEL,2025-04-16,2025-04-18
SO0007671,Z25,DC-DEL,2025-04-16,2025-04-18
SO0007672,Z26,DC-DEL,2025-04-16,2025-04-19
SO0007673,Z27,DC-DEL,2025-04-16,2025-04-18
SO0007675,Z29,DC-KOL,2025-04-16,2025-04-18
SO0007680,Z05,DC-HYD,2025-04-17,2025-04-20
SO0007681,Z07,DC-HYD,2025-04-17,2025-04-21
SO0007682,Z12,DC-MUM,2025-04-17,2025-04-19
SO0007683,Z13,DC-MUM,2025-04-17,2025-04-19
SO0007684,Z16,DC-MUM,2025-04-17,2025-04-19
SO0007685,Z18,DC-MUM,2025-04-17,2025-04-20
SO0007686,Z19,DC-MUM,2025-04-17,2025-04-19
SO0007674,Z28,DC-DEL,2025-04-16,2025-04-19
SO0007687,Z20,DC-DEL,2025-04-17,2025-04-19
SO0007688,Z27,DC-DEL,2025-04-17,2025-04-19
SO0007689,Z28,DC-DEL,2025-04-17,2025-04-20
SO0007676,Z31,DC-KOL,2025-04-16,2025-04-19
SO0007677,Z32,DC-KOL,2025-04-16,2025-04-18
SO0007678,Z33,DC-KOL,2025-04-16,2025-04-19
SO0007692,Z02,DC-HYD,2025-04-18,2025-04-20
SO0007693,Z07,DC-HYD,2025-04-18,2025-04-22
SO0007704,Z35,DC-HYD,2025-04-18,2025-04-21
SO0007694,Z11,DC-MUM,2025-04-18,2025-04-20
SO0007695,Z12,DC-MUM,2025-04-18,2025-04-20
SO0007696,Z15,DC-MUM,2025-04-18,2025-04-20
SO0007697,Z17,DC-MUM,2025-04-18,2025-04-21
SO0007698,Z21,DC-DEL,2025-04-18,2025-04-20
SO0007699,Z23,DC-DEL,2025-04-18,2025-04-20
SO0007700,Z24,DC-DEL,2025-04-18,2025-04-20
SO0007701,Z25,DC-DEL,2025-04-18,2025-04-20
SO0007679,Z36,DC-KOL,2025-04-16,2025-04-19
SO0007690,Z30,DC-KOL,2025-04-17,2025-04-20
SO0007691,Z36,DC-KOL,2025-04-17,2025-04-20
SO0007702,Z29,DC-KOL,2025-04-18,2025-04-20
SO0007705,Z03,DC-HYD,2025-04-19,2025-04-22
SO0007706,Z05,DC-HYD,2025-04-19,2025-04-22
SO0007707,Z06,DC-HYD,2025-04-19,2025-04-22
SO0007708,Z08,DC-HYD,2025-04-19,2025-04-23
SO0007709,Z09,DC-HYD,2025-04-19,2025-04-23
SO0007710,Z14,DC-MUM,2025-04-19,2025-04-22
SO0007711,Z17,DC-MUM,2025-04-19,2025-04-22
SO0007712,Z22,DC-DEL,2025-04-19,2025-04-22
SO0007703,Z32,DC-KOL,2025-04-18,2025-04-20
SO0007713,Z31,DC-KOL,2025-04-19,2025-04-22
SO0007714,Z34,DC-KOL,2025-04-19,2025-04-22
SO0007715,Z03,DC-HYD,2025-04-21,2025-04-24
SO0007716,Z04,DC-HYD,2025-04-21,2025-04-23
SO0007717,Z08,DC-HYD,2025-04-21,2025-04-25
SO0007718,Z10,DC-HYD,2025-04-21,2025-04-24
SO0007725,Z35,DC-HYD,2025-04-21,2025-04-24
SO0007719,Z11,DC-MUM,2025-04-21,2025-04-23
SO0007720,Z13,DC-MUM,2025-04-21,2025-04-23
SO0007721,Z15,DC-MUM,2025-04-21,2025-04-23
SO0007722,Z18,DC-MUM,2025-04-21,2025-04-24
SO0007723,Z26,DC-DEL,2025-04-21,2025-04-24
SO0007724,Z33,DC-KOL,2025-04-21,2025-04-24
SO0007726,Z01,DC-HYD,2025-04-22,2025-04-24
SO0007727,Z02,DC-HYD,2025-04-22,2025-04-24
SO0007728,Z04,DC-HYD,2025-04-22,2025-04-24
SO0007729,Z10,DC-HYD,2025-04-22,2025-04-25
SO0007730,Z14,DC-MUM,2025-04-22,2025-04-25
SO0007731,Z19,DC-MUM,2025-04-22,2025-04-24
SO0007732,Z20,DC-DEL,2025-04-22,2025-04-24
SO0007733,Z22,DC-DEL,2025-04-22,2025-04-25
SO0007735,Z30,DC-KOL,2025-04-22,2025-04-25
SO0007736,Z34,DC-KOL,2025-04-22,2025-04-25
SO0007737,Z01,DC-HYD,2025-04-23,2025-04-25
SO0007738,Z06,DC-HYD,2025-04-23,2025-04-26
SO0007739,Z09,DC-HYD,2025-04-23,2025-04-27
SO0007740,Z16,DC-MUM,2025-04-23,2025-04-25
SO0007734,Z23,DC-DEL,2025-04-22,2025-04-24
SO0007741,Z21,DC-DEL,2025-04-23,2025-04-25
SO0007742,Z24,DC-DEL,2025-04-23,2025-04-25
SO0007743,Z25,DC-DEL,2025-04-23,2025-04-25
SO0007744,Z26,DC-DEL,2025-04-23,2025-04-26
SO0007747,Z29,DC-KOL,2025-04-23,2025-04-25
SO0007752,Z05,DC-HYD,2025-04-24,2025-04-27
SO0007753,Z07,DC-HYD,2025-04-24,2025-04-28
SO0007754,Z12,DC-MUM,2025-04-24,2025-04-26
SO0007755,Z13,DC-MUM,2025-04-24,2025-04-26
SO0007756,Z16,DC-MUM,2025-04-24,2025-04-26
SO0007757,Z18,DC-MUM,2025-04-24,2025-04-27
SO0007758,Z19,DC-MUM,2025-04-24,2025-04-26
SO0007745,Z27,DC-DEL,2025-04-23,2025-04-25
SO0007746,Z28,DC-DEL,2025-04-23,2025-04-26
SO0007759,Z20,DC-DEL,2025-04-24,2025-04-26
SO0007760,Z27,DC-DEL,2025-04-24,2025-04-26
SO0007761,Z28,DC-DEL,2025-04-24,2025-04-27
SO0007748,Z31,DC-KOL,2025-04-23,2025-04-26
SO0007749,Z32,DC-KOL,2025-04-23,2025-04-25
SO0007750,Z33,DC-KOL,2025-04-23,2025-04-26
SO0007764,Z02,DC-HYD,2025-04-25,2025-04-27
SO0007765,Z07,DC-HYD,2025-04-25,2025-04-29
SO0007776,Z35,DC-HYD,2025-04-25,2025-04-28
SO0007766,Z11,DC-MUM,2025-04-25,2025-04-27
SO0007767,Z12,DC-MUM,2025-04-25,2025-04-27
SO0007768,Z15,DC-MUM,2025-04-25,2025-04-27
SO0007769,Z17,DC-MUM,2025-04-25,2025-04-28
SO0007770,Z21,DC-DEL,2025-04-25,2025-04-27
SO0007771,Z23,DC-DEL,2025-04-25,2025-04-27
SO0007772,Z24,DC-DEL,2025-04-25,2025-04-27
SO0007773,Z25,DC-DEL,2025-04-25,2025-04-27
SO0007751,Z36,DC-KOL,2025-04-23,2025-04-26
SO0007762,Z30,DC-KOL,2025-04-24,2025-04-27
SO0007763,Z36,DC-KOL,2025-04-24,2025-04-27
SO0007774,Z29,DC-KOL,2025-04-25,2025-04-27
SO0007775,Z32,DC-KOL,2025-04-25,2025-04-27
SO0007777,Z03,DC-HYD,2025-04-26,2025-04-29
SO0007778,Z05,DC-HYD,2025-04-26,2025-04-29
SO0007779,Z06,DC-HYD,2025-04-26,2025-04-29
SO0007780,Z08,DC-HYD,2025-04-26,2025-04-30
SO0007781,Z09,DC-HYD,2025-04-26,2025-04-30
SO0007782,Z14,DC-MUM,2025-04-26,2025-04-29
SO0007783,Z17,DC-MUM,2025-04-26,2025-04-29
SO0007784,Z22,DC-DEL,2025-04-26,2025-04-29
SO0007785,Z31,DC-KOL,2025-04-26,2025-04-29
SO0007786,Z34,DC-KOL,2025-04-26,2025-04-29
SO0007787,Z03,DC-HYD,2025-04-28,2025-05-01
SO0007788,Z04,DC-HYD,2025-04-28,2025-04-30
SO0007789,Z08,DC-HYD,2025-04-28,2025-05-02
SO0007790,Z10,DC-HYD,2025-04-28,2025-05-01
SO0007797,Z35,DC-HYD,2025-04-28,2025-05-01
SO0007791,Z11,DC-MUM,2025-04-28,2025-04-30
SO0007792,Z13,DC-MUM,2025-04-28,2025-04-30
SO0007793,Z15,DC-MUM,2025-04-28,2025-04-30
SO0007794,Z18,DC-MUM,2025-04-28,2025-05-01
SO0007795,Z26,DC-DEL,2025-04-28,2025-05-01
SO0007796,Z33,DC-KOL,2025-04-28,2025-05-01
SO0007798,Z01,DC-HYD,2025-04-29,2025-05-01
SO0007799,Z02,DC-HYD,2025-04-29,2025-05-01
SO0007800,Z04,DC-HYD,2025-04-29,2025-05-01
SO0007801,Z10,DC-HYD,2025-04-29,2025-05-02
SO0007802,Z14,DC-MUM,2025-04-29,2025-05-02
SO0007803,Z19,DC-MUM,2025-04-29,2025-05-01
SO0007804,Z20,DC-DEL,2025-04-29,2025-05-01
SO0007805,Z22,DC-DEL,2025-04-29,2025-05-02
SO0007807,Z30,DC-KOL,2025-04-29,2025-05-02
SO0007808,Z34,DC-KOL,2025-04-29,2025-05-02
SO0007809,Z01,DC-HYD,2025-04-30,2025-05-02
SO0007810,Z06,DC-HYD,2025-04-30,2025-05-03
SO0007811,Z09,DC-HYD,2025-04-30,2025-05-04
SO0007812,Z16,DC-MUM,2025-04-30,2025-05-02
SO0007806,Z23,DC-DEL,2025-04-29,2025-05-01
SO0007813,Z21,DC-DEL,2025-04-30,2025-05-02
SO0007814,Z24,DC-DEL,2025-04-30,2025-05-02
SO0007815,Z25,DC-DEL,2025-04-30,2025-05-02
SO0007816,Z26,DC-DEL,2025-04-30,2025-05-03
SO0007819,Z29,DC-KOL,2025-04-30,2025-05-02
SO0007824,Z05,DC-HYD,2025-05-01,2025-05-04
SO0007825,Z07,DC-HYD,2025-05-01,2025-05-05
SO0007826,Z12,DC-MUM,2025-05-01,2025-05-03
SO0007827,Z13,DC-MUM,2025-05-01,2025-05-03
SO0007828,Z16,DC-MUM,2025-05-01,2025-05-03
SO0007829,Z18,DC-MUM,2025-05-01,2025-05-04
SO0007830,Z19,DC-MUM,2025-05-01,2025-05-03
SO0007817,Z27,DC-DEL,2025-04-30,2025-05-02
SO0007818,Z28,DC-DEL,2025-04-30,2025-05-03
SO0007831,Z20,DC-DEL,2025-05-01,2025-05-03
SO0007832,Z27,DC-DEL,2025-05-01,2025-05-03
SO0007833,Z28,DC-DEL,2025-05-01,2025-05-04
SO0007820,Z31,DC-KOL,2025-04-30,2025-05-03
SO0007821,Z32,DC-KOL,2025-04-30,2025-05-02
SO0007822,Z33,DC-KOL,2025-04-30,2025-05-03
SO0007836,Z02,DC-HYD,2025-05-02,2025-05-04
SO0007837,Z07,DC-HYD,2025-05-02,2025-05-06
SO0007848,Z35,DC-HYD,2025-05-02,2025-05-05
SO0007838,Z11,DC-MUM,2025-05-02,2025-05-04
SO0007839,Z12,DC-MUM,2025-05-02,2025-05-04
SO0007840,Z15,DC-MUM,2025-05-02,2025-05-04
SO0007842,Z21,DC-DEL,2025-05-02,2025-05-04
SO0007843,Z23,DC-DEL,2025-05-02,2025-05-04
SO0007844,Z24,DC-DEL,2025-05-02,2025-05-04
SO0007845,Z25,DC-DEL,2025-05-02,2025-05-04
SO0007823,Z36,DC-KOL,2025-04-30,2025-05-03
SO0007834,Z30,DC-KOL,2025-05-01,2025-05-04
SO0007835,Z36,DC-KOL,2025-05-01,2025-05-04
SO0007846,Z29,DC-KOL,2025-05-02,2025-05-04
SO0007849,Z03,DC-HYD,2025-05-03,2025-05-06
SO0007850,Z05,DC-HYD,2025-05-03,2025-05-06
SO0007851,Z06,DC-HYD,2025-05-03,2025-05-06
SO0007852,Z08,DC-HYD,2025-05-03,2025-05-07
SO0007853,Z09,DC-HYD,2025-05-03,2025-05-07
SO0007841,Z17,DC-MUM,2025-05-02,2025-05-05
SO0007854,Z14,DC-MUM,2025-05-03,2025-05-06
SO0007855,Z17,DC-MUM,2025-05-03,2025-05-06
SO0007856,Z22,DC-DEL,2025-05-03,2025-05-06
SO0007847,Z32,DC-KOL,2025-05-02,2025-05-04
SO0007857,Z31,DC-KOL,2025-05-03,2025-05-06
SO0007858,Z34,DC-KOL,2025-05-03,2025-05-06
SO0007859,Z03,DC-HYD,2025-05-05,2025-05-08
SO0007860,Z04,DC-HYD,2025-05-05,2025-05-07
SO0007861,Z08,DC-HYD,2025-05-05,2025-05-09
SO0007862,Z10,DC-HYD,2025-05-05,2025-05-08
SO0007869,Z35,DC-HYD,2025-05-05,2025-05-08
SO0007863,Z11,DC-MUM,2025-05-05,2025-05-07
SO0007864,Z13,DC-MUM,2025-05-05,2025-05-07
SO0007865,Z15,DC-MUM,2025-05-05,2025-05-07
SO0007866,Z18,DC-MUM,2025-05-05,2025-05-08
SO0007867,Z26,DC-DEL,2025-05-05,2025-05-08
SO0007868,Z33,DC-KOL,2025-05-05,2025-05-08
SO0007870,Z01,DC-HYD,2025-05-06,2025-05-08
SO0007871,Z02,DC-HYD,2025-05-06,2025-05-08
SO0007872,Z04,DC-HYD,2025-05-06,2025-05-08
SO0007873,Z10,DC-HYD,2025-05-06,2025-05-09
SO0007874,Z14,DC-MUM,2025-05-06,2025-05-09
SO0007875,Z19,DC-MUM,2025-05-06,2025-05-08
SO0007876,Z20,DC-DEL,2025-05-06,2025-05-08
SO0007877,Z22,DC-DEL,2025-05-06,2025-05-09
SO0007879,Z30,DC-KOL,2025-05-06,2025-05-09
SO0007880,Z34,DC-KOL,2025-05-06,2025-05-09
SO0007881,Z01,DC-HYD,2025-05-07,2025-05-09
SO0007882,Z06,DC-HYD,2025-05-07,2025-05-10
SO0007883,Z09,DC-HYD,2025-05-07,2025-05-11
SO0007884,Z16,DC-MUM,2025-05-07,2025-05-09
SO0007878,Z23,DC-DEL,2025-05-06,2025-05-08
SO0007885,Z21,DC-DEL,2025-05-07,2025-05-09
SO0007886,Z24,DC-DEL,2025-05-07,2025-05-09
SO0007887,Z25,DC-DEL,2025-05-07,2025-05-09
SO0007888,Z26,DC-DEL,2025-05-07,2025-05-10
SO0007891,Z29,DC-KOL,2025-05-07,2025-05-09
SO0007896,Z05,DC-HYD,2025-05-08,2025-05-11
SO0007897,Z07,DC-HYD,2025-05-08,2025-05-12
SO0007898,Z12,DC-MUM,2025-05-08,2025-05-10
SO0007899,Z13,DC-MUM,2025-05-08,2025-05-10
SO0007900,Z16,DC-MUM,2025-05-08,2025-05-10
SO0007901,Z18,DC-MUM,2025-05-08,2025-05-11
SO0007902,Z19,DC-MUM,2025-05-08,2025-05-10
SO0007889,Z27,DC-DEL,2025-05-07,2025-05-09
SO0007890,Z28,DC-DEL,2025-05-07,2025-05-10
SO0007903,Z20,DC-DEL,2025-05-08,2025-05-10
SO0007904,Z27,DC-DEL,2025-05-08,2025-05-10
SO0007905,Z28,DC-DEL,2025-05-08,2025-05-11
SO0007892,Z31,DC-KOL,2025-05-07,2025-05-10
SO0007893,Z32,DC-KOL,2025-05-07,2025-05-09
SO0007894,Z33,DC-KOL,2025-05-07,2025-05-10
SO0007908,Z02,DC-HYD,2025-05-09,2025-05-11
SO0007909,Z07,DC-HYD,2025-05-09,2025-05-13
SO0007920,Z35,DC-HYD,2025-05-09,2025-05-12
SO0007910,Z11,DC-MUM,2025-05-09,2025-05-11
SO0007911,Z12,DC-MUM,2025-05-09,2025-05-11
SO0007912,Z15,DC-MUM,2025-05-09,2025-05-11
SO0007914,Z21,DC-DEL,2025-05-09,2025-05-11
SO0007915,Z23,DC-DEL,2025-05-09,2025-05-11
SO0007916,Z24,DC-DEL,2025-05-09,2025-05-11
SO0007917,Z25,DC-DEL,2025-05-09,2025-05-11
SO0007895,Z36,DC-KOL,2025-05-07,2025-05-10
SO0007906,Z30,DC-KOL,2025-05-08,2025-05-11
SO0007907,Z36,DC-KOL,2025-05-08,2025-05-11
SO0007918,Z29,DC-KOL,2025-05-09,2025-05-11
SO0007919,Z32,DC-KOL,2025-05-09,2025-05-11
SO0007921,Z03,DC-HYD,2025-05-10,2025-05-13
SO0007922,Z05,DC-HYD,2025-05-10,2025-05-13
SO0007923,Z06,DC-HYD,2025-05-10,2025-05-13
SO0007924,Z08,DC-HYD,2025-05-10,2025-05-14
SO0007925,Z09,DC-HYD,2025-05-10,2025-05-14
SO0007913,Z17,DC-MUM,2025-05-09,2025-05-12
SO0007926,Z14,DC-MUM,2025-05-10,2025-05-13
SO0007927,Z17,DC-MUM,2025-05-10,2025-05-13
SO0007928,Z22,DC-DEL,2025-05-10,2025-05-13
SO0007929,Z31,DC-KOL,2025-05-10,2025-05-13
SO0007930,Z34,DC-KOL,2025-05-10,2025-05-13
SO0007931,Z03,DC-HYD,2025-05-12,2025-05-15
SO0007932,Z04,DC-HYD,2025-05-12,2025-05-14
SO0007933,Z08,DC-HYD,2025-05-12,2025-05-16
SO0007934,Z10,DC-HYD,2025-05-12,2025-05-15
SO0007941,Z35,DC-HYD,2025-05-12,2025-05-15
SO0007935,Z11,DC-MUM,2025-05-12,2025-05-14
SO0007936,Z13,DC-MUM,2025-05-12,2025-05-14
SO0007937,Z15,DC-MUM,2025-05-12,2025-05-14
SO0007938,Z18,DC-MUM,2025-05-12,2025-05-15
SO0007939,Z26,DC-DEL,2025-05-12,2025-05-15
SO0007940,Z33,DC-KOL,2025-05-12,2025-05-15
SO0007942,Z01,DC-HYD,2025-05-13,2025-05-15
SO0007943,Z02,DC-HYD,2025-05-13,2025-05-15
SO0007944,Z04,DC-HYD,2025-05-13,2025-05-15
SO0007945,Z10,DC-HYD,2025-05-13,2025-05-16
SO0007946,Z14,DC-MUM,2025-05-13,2025-05-16
SO0007947,Z19,DC-MUM,2025-05-13,2025-05-15
SO0007948,Z20,DC-DEL,2025-05-13,2025-05-15
SO0007951,Z30,DC-KOL,2025-05-13,2025-05-16
SO0007952,Z34,DC-KOL,2025-05-13,2025-05-16
SO0007953,Z01,DC-HYD,2025-05-14,2025-05-16
SO0007954,Z06,DC-HYD,2025-05-14,2025-05-17
SO0007955,Z09,DC-HYD,2025-05-14,2025-05-18
SO0007956,Z16,DC-MUM,2025-05-14,2025-05-16
SO0007949,Z22,DC-DEL,2025-05-13,2025-05-16
SO0007950,Z23,DC-DEL,2025-05-13,2025-05-15
SO0007957,Z21,DC-DEL,2025-05-14,2025-05-16
SO0007958,Z24,DC-DEL,2025-05-14,2025-05-16
SO0007963,Z29,DC-KOL,2025-05-14,2025-05-16
SO0007968,Z05,DC-HYD,2025-05-15,2025-05-18
SO0007969,Z07,DC-HYD,2025-05-15,2025-05-19
SO0007970,Z12,DC-MUM,2025-05-15,2025-05-17
SO0007971,Z13,DC-MUM,2025-05-15,2025-05-17
SO0007972,Z16,DC-MUM,2025-05-15,2025-05-17
SO0007973,Z18,DC-MUM,2025-05-15,2025-05-18
SO0007974,Z19,DC-MUM,2025-05-15,2025-05-17
SO0007959,Z25,DC-DEL,2025-05-14,2025-05-16
SO0007960,Z26,DC-DEL,2025-05-14,2025-05-17
SO0007961,Z27,DC-DEL,2025-05-14,2025-05-16
SO0007962,Z28,DC-DEL,2025-05-14,2025-05-17
SO0007975,Z20,DC-DEL,2025-05-15,2025-05-17
SO0007976,Z27,DC-DEL,2025-05-15,2025-05-17
SO0007964,Z31,DC-KOL,2025-05-14,2025-05-17
SO0007965,Z32,DC-KOL,2025-05-14,2025-05-16
SO0007966,Z33,DC-KOL,2025-05-14,2025-05-17
SO0007980,Z02,DC-HYD,2025-05-16,2025-05-18
SO0007981,Z07,DC-HYD,2025-05-16,2025-05-20
SO0007992,Z35,DC-HYD,2025-05-16,2025-05-19
SO0007982,Z11,DC-MUM,2025-05-16,2025-05-18
SO0007983,Z12,DC-MUM,2025-05-16,2025-05-18
SO0007984,Z15,DC-MUM,2025-05-16,2025-05-18
SO0007985,Z17,DC-MUM,2025-05-16,2025-05-19
SO0007977,Z28,DC-DEL,2025-05-15,2025-05-18
SO0007986,Z21,DC-DEL,2025-05-16,2025-05-18
SO0007987,Z23,DC-DEL,2025-05-16,2025-05-18
SO0007988,Z24,DC-DEL,2025-05-16,2025-05-18
SO0007989,Z25,DC-DEL,2025-05-16,2025-05-18
SO0007967,Z36,DC-KOL,2025-05-14,2025-05-17
SO0007978,Z30,DC-KOL,2025-05-15,2025-05-18
SO0007979,Z36,DC-KOL,2025-05-15,2025-05-18
SO0007990,Z29,DC-KOL,2025-05-16,2025-05-18
SO0007991,Z32,DC-KOL,2025-05-16,2025-05-18
SO0007993,Z03,DC-HYD,2025-05-17,2025-05-20
SO0007994,Z05,DC-HYD,2025-05-17,2025-05-20
SO0007995,Z06,DC-HYD,2025-05-17,2025-05-20
SO0007996,Z08,DC-HYD,2025-05-17,2025-05-21
SO0007997,Z09,DC-HYD,2025-05-17,2025-05-21
SO0007998,Z14,DC-MUM,2025-05-17,2025-05-20
SO0007999,Z17,DC-MUM,2025-05-17,2025-05-20
SO0008000,Z22,DC-DEL,2025-05-17,2025-05-20
SO0008001,Z31,DC-KOL,2025-05-17,2025-05-20
SO0008002,Z34,DC-KOL,2025-05-17,2025-05-20
SO0008003,Z03,DC-HYD,2025-05-19,2025-05-22
SO0008004,Z04,DC-HYD,2025-05-19,2025-05-21
SO0008005,Z08,DC-HYD,2025-05-19,2025-05-23
SO0008006,Z10,DC-HYD,2025-05-19,2025-05-22
SO0008013,Z35,DC-HYD,2025-05-19,2025-05-22
SO0008007,Z11,DC-MUM,2025-05-19,2025-05-21
SO0008008,Z13,DC-MUM,2025-05-19,2025-05-21
SO0008009,Z15,DC-MUM,2025-05-19,2025-05-21
SO0008010,Z18,DC-MUM,2025-05-19,2025-05-22
SO0008011,Z26,DC-DEL,2025-05-19,2025-05-22
SO0008012,Z33,DC-KOL,2025-05-19,2025-05-22
SO0008014,Z01,DC-HYD,2025-05-20,2025-05-22
SO0008015,Z02,DC-HYD,2025-05-20,2025-05-22
SO0008016,Z04,DC-HYD,2025-05-20,2025-05-22
SO0008017,Z10,DC-HYD,2025-05-20,2025-05-23
SO0008018,Z14,DC-MUM,2025-05-20,2025-05-23
SO0008019,Z19,DC-MUM,2025-05-20,2025-05-22
SO0008020,Z20,DC-DEL,2025-05-20,2025-05-22
SO0008021,Z22,DC-DEL,2025-05-20,2025-05-23
SO0008023,Z30,DC-KOL,2025-05-20,2025-05-23
SO0008024,Z34,DC-KOL,2025-05-20,2025-05-23
SO0008025,Z01,DC-HYD,2025-05-21,2025-05-23
SO0008026,Z06,DC-HYD,2025-05-21,2025-05-24
SO0008027,Z09,DC-HYD,2025-05-21,2025-05-25
SO0008028,Z16,DC-MUM,2025-05-21,2025-05-23
SO0008022,Z23,DC-DEL,2025-05-20,2025-05-22
SO0008029,Z21,DC-DEL,2025-05-21,2025-05-23
SO0008030,Z24,DC-DEL,2025-05-21,2025-05-23
SO0008031,Z25,DC-DEL,2025-05-21,2025-05-23
SO0008035,Z29,DC-KOL,2025-05-21,2025-05-23
SO0008040,Z05,DC-HYD,2025-05-22,2025-05-25
SO0008041,Z07,DC-HYD,2025-05-22,2025-05-26
SO0008042,Z12,DC-MUM,2025-05-22,2025-05-24
SO0008043,Z13,DC-MUM,2025-05-22,2025-05-24
SO0008044,Z16,DC-MUM,2025-05-22,2025-05-24
SO0008045,Z18,DC-MUM,2025-05-22,2025-05-25
SO0008046,Z19,DC-MUM,2025-05-22,2025-05-24
SO0008032,Z26,DC-DEL,2025-05-21,2025-05-24
SO0008033,Z27,DC-DEL,2025-05-21,2025-05-23
SO0008034,Z28,DC-DEL,2025-05-21,2025-05-24
SO0008047,Z20,DC-DEL,2025-05-22,2025-05-24
SO0008048,Z27,DC-DEL,2025-05-22,2025-05-24
SO0008049,Z28,DC-DEL,2025-05-22,2025-05-25
SO0008036,Z31,DC-KOL,2025-05-21,2025-05-24
SO0008037,Z32,DC-KOL,2025-05-21,2025-05-23
SO0008038,Z33,DC-KOL,2025-05-21,2025-05-24
SO0008052,Z02,DC-HYD,2025-05-23,2025-05-25
SO0008053,Z07,DC-HYD,2025-05-23,2025-05-27
SO0008064,Z35,DC-HYD,2025-05-23,2025-05-26
SO0008054,Z11,DC-MUM,2025-05-23,2025-05-25
SO0008055,Z12,DC-MUM,2025-05-23,2025-05-25
SO0008056,Z15,DC-MUM,2025-05-23,2025-05-25
SO0008057,Z17,DC-MUM,2025-05-23,2025-05-26
SO0008058,Z21,DC-DEL,2025-05-23,2025-05-25
SO0008059,Z23,DC-DEL,2025-05-23,2025-05-25
SO0008060,Z24,DC-DEL,2025-05-23,2025-05-25
SO0008061,Z25,DC-DEL,2025-05-23,2025-05-25
SO0008039,Z36,DC-KOL,2025-05-21,2025-05-24
SO0008050,Z30,DC-KOL,2025-05-22,2025-05-25
SO0008051,Z36,DC-KOL,2025-05-22,2025-05-25
SO0008065,Z03,DC-HYD,2025-05-24,2025-05-27
SO0008066,Z05,DC-HYD,2025-05-24,2025-05-27
SO0008067,Z06,DC-HYD,2025-05-24,2025-05-27
SO0008068,Z08,DC-HYD,2025-05-24,2025-05-28
SO0008069,Z09,DC-HYD,2025-05-24,2025-05-28
SO0008070,Z14,DC-MUM,2025-05-24,2025-05-27
SO0008071,Z17,DC-MUM,2025-05-24,2025-05-27
SO0008072,Z22,DC-DEL,2025-05-24,2025-05-27
SO0008062,Z29,DC-KOL,2025-05-23,2025-05-25
SO0008063,Z32,DC-KOL,2025-05-23,2025-05-25
SO0008073,Z31,DC-KOL,2025-05-24,2025-05-27
SO0008075,Z03,DC-HYD,2025-05-26,2025-05-29
SO0008076,Z04,DC-HYD,2025-05-26,2025-05-28
SO0008077,Z08,DC-HYD,2025-05-26,2025-05-30
SO0008078,Z10,DC-HYD,2025-05-26,2025-05-29
SO0008085,Z35,DC-HYD,2025-05-26,2025-05-29
SO0008079,Z11,DC-MUM,2025-05-26,2025-05-28
SO0008080,Z13,DC-MUM,2025-05-26,2025-05-28
SO0008081,Z15,DC-MUM,2025-05-26,2025-05-28
SO0008082,Z18,DC-MUM,2025-05-26,2025-05-29
SO0008083,Z26,DC-DEL,2025-05-26,2025-05-29
SO0008074,Z34,DC-KOL,2025-05-24,2025-05-27
SO0008084,Z33,DC-KOL,2025-05-26,2025-05-29
SO0008086,Z01,DC-HYD,2025-05-27,2025-05-29
SO0008087,Z02,DC-HYD,2025-05-27,2025-05-29
SO0008088,Z04,DC-HYD,2025-05-27,2025-05-29
SO0008089,Z10,DC-HYD,2025-05-27,2025-05-30
SO0008090,Z14,DC-MUM,2025-05-27,2025-05-30
SO0008091,Z19,DC-MUM,2025-05-27,2025-05-29
SO0008092,Z20,DC-DEL,2025-05-27,2025-05-29
SO0008093,Z22,DC-DEL,2025-05-27,2025-05-30
SO0008095,Z30,DC-KOL,2025-05-27,2025-05-30
SO0008096,Z34,DC-KOL,2025-05-27,2025-05-30
SO0008097,Z01,DC-HYD,2025-05-28,2025-05-30
SO0008098,Z06,DC-HYD,2025-05-28,2025-05-31
SO0008099,Z09,DC-HYD,2025-05-28,2025-06-01
SO0008100,Z16,DC-MUM,2025-05-28,2025-05-30
SO0008094,Z23,DC-DEL,2025-05-27,2025-05-29
SO0008101,Z21,DC-DEL,2025-05-28,2025-05-30
SO0008102,Z24,DC-DEL,2025-05-28,2025-05-30
SO0008103,Z25,DC-DEL,2025-05-28,2025-05-30
SO0008104,Z26,DC-DEL,2025-05-28,2025-05-31
SO0008107,Z29,DC-KOL,2025-05-28,2025-05-30
SO0008112,Z05,DC-HYD,2025-05-29,2025-06-01
SO0008113,Z07,DC-HYD,2025-05-29,2025-06-02
SO0008114,Z12,DC-MUM,2025-05-29,2025-05-31
SO0008115,Z13,DC-MUM,2025-05-29,2025-05-31
SO0008116,Z16,DC-MUM,2025-05-29,2025-05-31
SO0008117,Z18,DC-MUM,2025-05-29,2025-06-01
SO0008118,Z19,DC-MUM,2025-05-29,2025-05-31
SO0008105,Z27,DC-DEL,2025-05-28,2025-05-30
SO0008106,Z28,DC-DEL,2025-05-28,2025-05-31
SO0008119,Z20,DC-DEL,2025-05-29,2025-05-31
SO0008120,Z27,DC-DEL,2025-05-29,2025-05-31
SO0008121,Z28,DC-DEL,2025-05-29,2025-06-01
SO0008108,Z31,DC-KOL,2025-05-28,2025-05-31
SO0008109,Z32,DC-KOL,2025-05-28,2025-05-30
SO0008110,Z33,DC-KOL,2025-05-28,2025-05-31
SO0008124,Z02,DC-HYD,2025-05-30,2025-06-01
SO0008125,Z07,DC-HYD,2025-05-30,2025-06-03
SO0008136,Z35,DC-HYD,2025-05-30,2025-06-02
SO0008126,Z11,DC-MUM,2025-05-30,2025-06-01
SO0008127,Z12,DC-MUM,2025-05-30,2025-06-01
SO0008128,Z15,DC-MUM,2025-05-30,2025-06-01
SO0008129,Z17,DC-MUM,2025-05-30,2025-06-02
SO0008130,Z21,DC-DEL,2025-05-30,2025-06-01
SO0008131,Z23,DC-DEL,2025-05-30,2025-06-01
SO0008132,Z24,DC-DEL,2025-05-30,2025-06-01
SO0008133,Z25,DC-DEL,2025-05-30,2025-06-01
SO0008111,Z36,DC-KOL,2025-05-28,2025-05-31
SO0008122,Z30,DC-KOL,2025-05-29,2025-06-01
SO0008123,Z36,DC-KOL,2025-05-29,2025-06-01
SO0008137,Z03,DC-HYD,2025-05-31,2025-06-03
SO0008138,Z05,DC-HYD,2025-05-31,2025-06-03
SO0008139,Z06,DC-HYD,2025-05-31,2025-06-03
SO0008140,Z08,DC-HYD,2025-05-31,2025-06-04
SO0008141,Z09,DC-HYD,2025-05-31,2025-06-04
SO0008142,Z14,DC-MUM,2025-05-31,2025-06-03
SO0008143,Z17,DC-MUM,2025-05-31,2025-06-03
SO0008144,Z22,DC-DEL,2025-05-31,2025-06-03
SO0008134,Z29,DC-KOL,2025-05-30,2025-06-01
SO0008135,Z32,DC-KOL,2025-05-30,2025-06-01
SO0008145,Z31,DC-KOL,2025-05-31,2025-06-03
SO0008147,Z03,DC-HYD,2025-06-02,2025-06-05
SO0008148,Z04,DC-HYD,2025-06-02,2025-06-04
SO0008149,Z08,DC-HYD,2025-06-02,2025-06-06
SO0008150,Z10,DC-HYD,2025-06-02,2025-06-05
SO0008157,Z35,DC-HYD,2025-06-02,2025-06-05
SO0008151,Z11,DC-MUM,2025-06-02,2025-06-04
SO0008152,Z13,DC-MUM,2025-06-02,2025-06-04
SO0008153,Z15,DC-MUM,2025-06-02,2025-06-04
SO0008154,Z18,DC-MUM,2025-06-02,2025-06-05
SO0008155,Z26,DC-DEL,2025-06-02,2025-06-05
SO0008146,Z34,DC-KOL,2025-05-31,2025-06-03
SO0008156,Z33,DC-KOL,2025-06-02,2025-06-05
SO0008158,Z01,DC-HYD,2025-06-03,2025-06-05
SO0008159,Z02,DC-HYD,2025-06-03,2025-06-05
SO0008160,Z04,DC-HYD,2025-06-03,2025-06-05
SO0008161,Z10,DC-HYD,2025-06-03,2025-06-06
SO0008162,Z14,DC-MUM,2025-06-03,2025-06-06
SO0008163,Z19,DC-MUM,2025-06-03,2025-06-05
SO0008164,Z20,DC-DEL,2025-06-03,2025-06-05
SO0008165,Z22,DC-DEL,2025-06-03,2025-06-06
SO0008167,Z30,DC-KOL,2025-06-03,2025-06-06
SO0008168,Z34,DC-KOL,2025-06-03,2025-06-06
SO0008169,Z01,DC-HYD,2025-06-04,2025-06-06
SO0008170,Z06,DC-HYD,2025-06-04,2025-06-07
SO0008171,Z09,DC-HYD,2025-06-04,2025-06-08
SO0008172,Z16,DC-MUM,2025-06-04,2025-06-06
SO0008166,Z23,DC-DEL,2025-06-03,2025-06-05
SO0008173,Z21,DC-DEL,2025-06-04,2025-06-06
SO0008174,Z24,DC-DEL,2025-06-04,2025-06-06
SO0008175,Z25,DC-DEL,2025-06-04,2025-06-06
SO0008176,Z26,DC-DEL,2025-06-04,2025-06-07
SO0008177,Z27,DC-DEL,2025-06-04,2025-06-06
SO0008179,Z29,DC-KOL,2025-06-04,2025-06-06
SO0008184,Z05,DC-HYD,2025-06-05,2025-06-08
SO0008185,Z07,DC-HYD,2025-06-05,2025-06-09
SO0008186,Z12,DC-MUM,2025-06-05,2025-06-07
SO0008187,Z13,DC-MUM,2025-06-05,2025-06-07
SO0008188,Z16,DC-MUM,2025-06-05,2025-06-07
SO0008189,Z18,DC-MUM,2025-06-05,2025-06-08
SO0008190,Z19,DC-MUM,2025-06-05,2025-06-07
SO0008178,Z28,DC-DEL,2025-06-04,2025-06-07
SO0008191,Z20,DC-DEL,2025-06-05,2025-06-07
SO0008192,Z27,DC-DEL,2025-06-05,2025-06-07
SO0008193,Z28,DC-DEL,2025-06-05,2025-06-08
SO0008180,Z31,DC-KOL,2025-06-04,2025-06-07
SO0008181,Z32,DC-KOL,2025-06-04,2025-06-06
SO0008182,Z33,DC-KOL,2025-06-04,2025-06-07
SO0008196,Z02,DC-HYD,2025-06-06,2025-06-08
SO0008197,Z07,DC-HYD,2025-06-06,2025-06-10
SO0008208,Z35,DC-HYD,2025-06-06,2025-06-09
SO0008198,Z11,DC-MUM,2025-06-06,2025-06-08
SO0008199,Z12,DC-MUM,2025-06-06,2025-06-08
SO0008200,Z15,DC-MUM,2025-06-06,2025-06-08
SO0008201,Z17,DC-MUM,2025-06-06,2025-06-09
SO0008202,Z21,DC-DEL,2025-06-06,2025-06-08
SO0008203,Z23,DC-DEL,2025-06-06,2025-06-08
SO0008204,Z24,DC-DEL,2025-06-06,2025-06-08
SO0008205,Z25,DC-DEL,2025-06-06,2025-06-08
SO0008183,Z36,DC-KOL,2025-06-04,2025-06-07
SO0008194,Z30,DC-KOL,2025-06-05,2025-06-08
SO0008195,Z36,DC-KOL,2025-06-05,2025-06-08
SO0008206,Z29,DC-KOL,2025-06-06,2025-06-08
SO0008209,Z03,DC-HYD,2025-06-07,2025-06-10
SO0008210,Z05,DC-HYD,2025-06-07,2025-06-10
SO0008211,Z06,DC-HYD,2025-06-07,2025-06-10
SO0008212,Z08,DC-HYD,2025-06-07,2025-06-11
SO0008213,Z09,DC-HYD,2025-06-07,2025-06-11
SO0008214,Z14,DC-MUM,2025-06-07,2025-06-10
SO0008215,Z17,DC-MUM,2025-06-07,2025-06-10
SO0008216,Z22,DC-DEL,2025-06-07,2025-06-10
SO0008207,Z32,DC-KOL,2025-06-06,2025-06-08
SO0008217,Z31,DC-KOL,2025-06-07,2025-06-10
SO0008218,Z34,DC-KOL,2025-06-07,2025-06-10
SO0008219,Z03,DC-HYD,2025-06-09,2025-06-12
SO0008220,Z04,DC-HYD,2025-06-09,2025-06-11
SO0008221,Z08,DC-HYD,2025-06-09,2025-06-13
SO0008222,Z10,DC-HYD,2025-06-09,2025-06-12
SO0008229,Z35,DC-HYD,2025-06-09,2025-06-12
SO0008223,Z11,DC-MUM,2025-06-09,2025-06-11
SO0008224,Z13,DC-MUM,2025-06-09,2025-06-11
SO0008225,Z15,DC-MUM,2025-06-09,2025-06-11
SO0008226,Z18,DC-MUM,2025-06-09,2025-06-12
SO0008227,Z26,DC-DEL,2025-06-09,2025-06-12
SO0008228,Z33,DC-KOL,2025-06-09,2025-06-12
SO0008230,Z01,DC-HYD,2025-06-10,2025-06-12
SO0008231,Z02,DC-HYD,2025-06-10,2025-06-12
SO0008232,Z04,DC-HYD,2025-06-10,2025-06-12
SO0008233,Z10,DC-HYD,2025-06-10,2025-06-13
SO0008234,Z14,DC-MUM,2025-06-10,2025-06-13
SO0008235,Z19,DC-MUM,2025-06-10,2025-06-12
SO0008236,Z20,DC-DEL,2025-06-10,2025-06-12
SO0008237,Z22,DC-DEL,2025-06-10,2025-06-13
SO0008238,Z23,DC-DEL,2025-06-10,2025-06-12
SO0008239,Z30,DC-KOL,2025-06-10,2025-06-13
SO0008240,Z34,DC-KOL,2025-06-10,2025-06-13
SO0008241,Z01,DC-HYD,2025-06-11,2025-06-13
SO0008242,Z06,DC-HYD,2025-06-11,2025-06-14
SO0008243,Z09,DC-HYD,2025-06-11,2025-06-15
SO0008244,Z16,DC-MUM,2025-06-11,2025-06-13
SO0008245,Z21,DC-DEL,2025-06-11,2025-06-13
SO0008246,Z24,DC-DEL,2025-06-11,2025-06-13
SO0008247,Z25,DC-DEL,2025-06-11,2025-06-13
SO0008248,Z26,DC-DEL,2025-06-11,2025-06-14
SO0008249,Z27,DC-DEL,2025-06-11,2025-06-13
SO0008251,Z29,DC-KOL,2025-06-11,2025-06-13
SO0008256,Z05,DC-HYD,2025-06-12,2025-06-15
SO0008257,Z07,DC-HYD,2025-06-12,2025-06-16
SO0008258,Z12,DC-MUM,2025-06-12,2025-06-14
SO0008259,Z13,DC-MUM,2025-06-12,2025-06-14
SO0008260,Z16,DC-MUM,2025-06-12,2025-06-14
SO0008261,Z18,DC-MUM,2025-06-12,2025-06-15
SO0008262,Z19,DC-MUM,2025-06-12,2025-06-14
SO0008250,Z28,DC-DEL,2025-06-11,2025-06-14
SO0008263,Z20,DC-DEL,2025-06-12,2025-06-14
SO0008264,Z27,DC-DEL,2025-06-12,2025-06-14
SO0008265,Z28,DC-DEL,2025-06-12,2025-06-15
SO0008252,Z31,DC-KOL,2025-06-11,2025-06-14
SO0008253,Z32,DC-KOL,2025-06-11,2025-06-13
SO0008254,Z33,DC-KOL,2025-06-11,2025-06-14
SO0008268,Z02,DC-HYD,2025-06-13,2025-06-15
SO0008269,Z07,DC-HYD,2025-06-13,2025-06-17
SO0008280,Z35,DC-HYD,2025-06-13,2025-06-16
SO0008270,Z11,DC-MUM,2025-06-13,2025-06-15
SO0008271,Z12,DC-MUM,2025-06-13,2025-06-15
SO0008272,Z15,DC-MUM,2025-06-13,2025-06-15
SO0008273,Z17,DC-MUM,2025-06-13,2025-06-16
SO0008274,Z21,DC-DEL,2025-06-13,2025-06-15
SO0008275,Z23,DC-DEL,2025-06-13,2025-06-15
SO0008276,Z24,DC-DEL,2025-06-13,2025-06-15
SO0008277,Z25,DC-DEL,2025-06-13,2025-06-15
SO0008255,Z36,DC-KOL,2025-06-11,2025-06-14
SO0008266,Z30,DC-KOL,2025-06-12,2025-06-15
SO0008267,Z36,DC-KOL,2025-06-12,2025-06-15
SO0008278,Z29,DC-KOL,2025-06-13,2025-06-15
SO0008279,Z32,DC-KOL,2025-06-13,2025-06-15
SO0008281,Z03,DC-HYD,2025-06-14,2025-06-17
SO0008282,Z05,DC-HYD,2025-06-14,2025-06-17
SO0008283,Z06,DC-HYD,2025-06-14,2025-06-17
SO0008284,Z08,DC-HYD,2025-06-14,2025-06-18
SO0008285,Z09,DC-HYD,2025-06-14,2025-06-18
SO0008286,Z14,DC-MUM,2025-06-14,2025-06-17
SO0008287,Z17,DC-MUM,2025-06-14,2025-06-17
SO0008288,Z22,DC-DEL,2025-06-14,2025-06-17
SO0008289,Z31,DC-KOL,2025-06-14,2025-06-17
SO0008290,Z34,DC-KOL,2025-06-14,2025-06-17
SO0008291,Z03,DC-HYD,2025-06-16,2025-06-19
SO0008292,Z04,DC-HYD,2025-06-16,2025-06-18
SO0008293,Z08,DC-HYD,2025-06-16,2025-06-20
SO0008294,Z10,DC-HYD,2025-06-16,2025-06-19
SO0008301,Z35,DC-HYD,2025-06-16,2025-06-19
SO0008295,Z11,DC-MUM,2025-06-16,2025-06-18
SO0008296,Z13,DC-MUM,2025-06-16,2025-06-18
SO0008297,Z15,DC-MUM,2025-06-16,2025-06-18
SO0008298,Z18,DC-MUM,2025-06-16,2025-06-19
SO0008299,Z26,DC-DEL,2025-06-16,2025-06-19
SO0008300,Z33,DC-KOL,2025-06-16,2025-06-19
SO0008302,Z01,DC-HYD,2025-06-17,2025-06-19
SO0008303,Z02,DC-HYD,2025-06-17,2025-06-19
SO0008304,Z04,DC-HYD,2025-06-17,2025-06-19
SO0008305,Z10,DC-HYD,2025-06-17,2025-06-20
SO0008306,Z14,DC-MUM,2025-06-17,2025-06-20
SO0008307,Z19,DC-MUM,2025-06-17,2025-06-19
SO0008308,Z20,DC-DEL,2025-06-17,2025-06-19
SO0008309,Z22,DC-DEL,2025-06-17,2025-06-20
SO0008310,Z23,DC-DEL,2025-06-17,2025-06-19
SO0008311,Z30,DC-KOL,2025-06-17,2025-06-20
SO0008312,Z34,DC-KOL,2025-06-17,2025-06-20
SO0008313,Z01,DC-HYD,2025-06-18,2025-06-20
SO0008314,Z06,DC-HYD,2025-06-18,2025-06-21
SO0008315,Z09,DC-HYD,2025-06-18,2025-06-22
SO0008316,Z16,DC-MUM,2025-06-18,2025-06-20
SO0008317,Z21,DC-DEL,2025-06-18,2025-06-20
SO0008318,Z24,DC-DEL,2025-06-18,2025-06-20
SO0008319,Z25,DC-DEL,2025-06-18,2025-06-20
SO0008320,Z26,DC-DEL,2025-06-18,2025-06-21
SO0008321,Z27,DC-DEL,2025-06-18,2025-06-20
SO0008323,Z29,DC-KOL,2025-06-18,2025-06-20
SO0008328,Z05,DC-HYD,2025-06-19,2025-06-22
SO0008329,Z07,DC-HYD,2025-06-19,2025-06-23
SO0008330,Z12,DC-MUM,2025-06-19,2025-06-21
SO0008331,Z13,DC-MUM,2025-06-19,2025-06-21
SO0008332,Z16,DC-MUM,2025-06-19,2025-06-21
SO0008333,Z18,DC-MUM,2025-06-19,2025-06-22
SO0008334,Z19,DC-MUM,2025-06-19,2025-06-21
SO0008322,Z28,DC-DEL,2025-06-18,2025-06-21
SO0008335,Z20,DC-DEL,2025-06-19,2025-06-21
SO0008336,Z27,DC-DEL,2025-06-19,2025-06-21
SO0008337,Z28,DC-DEL,2025-06-19,2025-06-22
SO0008324,Z31,DC-KOL,2025-06-18,2025-06-21
SO0008325,Z32,DC-KOL,2025-06-18,2025-06-20
SO0008326,Z33,DC-KOL,2025-06-18,2025-06-21
SO0008340,Z02,DC-HYD,2025-06-20,2025-06-22
SO0008341,Z07,DC-HYD,2025-06-20,2025-06-24
SO0008352,Z35,DC-HYD,2025-06-20,2025-06-23
SO0008342,Z11,DC-MUM,2025-06-20,2025-06-22
SO0008343,Z12,DC-MUM,2025-06-20,2025-06-22
SO0008344,Z15,DC-MUM,2025-06-20,2025-06-22
SO0008346,Z21,DC-DEL,2025-06-20,2025-06-22
SO0008347,Z23,DC-DEL,2025-06-20,2025-06-22
SO0008348,Z24,DC-DEL,2025-06-20,2025-06-22
SO0008349,Z25,DC-DEL,2025-06-20,2025-06-22
SO0008327,Z36,DC-KOL,2025-06-18,2025-06-21
SO0008338,Z30,DC-KOL,2025-06-19,2025-06-22
SO0008339,Z36,DC-KOL,2025-06-19,2025-06-22
SO0008350,Z29,DC-KOL,2025-06-20,2025-06-22
SO0008353,Z03,DC-HYD,2025-06-21,2025-06-24
SO0008354,Z05,DC-HYD,2025-06-21,2025-06-24
SO0008355,Z06,DC-HYD,2025-06-21,2025-06-24
SO0008356,Z08,DC-HYD,2025-06-21,2025-06-25
SO0008357,Z09,DC-HYD,2025-06-21,2025-06-25
SO0008345,Z17,DC-MUM,2025-06-20,2025-06-23
SO0008358,Z14,DC-MUM,2025-06-21,2025-06-24
SO0008359,Z17,DC-MUM,2025-06-21,2025-06-24
SO0008360,Z22,DC-DEL,2025-06-21,2025-06-24
SO0008351,Z32,DC-KOL,2025-06-20,2025-06-22
SO0008361,Z31,DC-KOL,2025-06-21,2025-06-24
SO0008362,Z34,DC-KOL,2025-06-21,2025-06-24
SO0008363,Z03,DC-HYD,2025-06-23,2025-06-26
SO0008364,Z04,DC-HYD,2025-06-23,2025-06-25
SO0008365,Z08,DC-HYD,2025-06-23,2025-06-27
SO0008366,Z10,DC-HYD,2025-06-23,2025-06-26
SO0008373,Z35,DC-HYD,2025-06-23,2025-06-26
SO0008367,Z11,DC-MUM,2025-06-23,2025-06-25
SO0008368,Z13,DC-MUM,2025-06-23,2025-06-25
SO0008369,Z15,DC-MUM,2025-06-23,2025-06-25
SO0008370,Z18,DC-MUM,2025-06-23,2025-06-26
SO0008371,Z26,DC-DEL,2025-06-23,2025-06-26
SO0008372,Z33,DC-KOL,2025-06-23,2025-06-26
SO0008374,Z01,DC-HYD,2025-06-24,2025-06-26
SO0008375,Z02,DC-HYD,2025-06-24,2025-06-26
SO0008376,Z04,DC-HYD,2025-06-24,2025-06-26
SO0008377,Z10,DC-HYD,2025-06-24,2025-06-27
SO0008378,Z14,DC-MUM,2025-06-24,2025-06-27
SO0008379,Z19,DC-MUM,2025-06-24,2025-06-26
SO0008380,Z20,DC-DEL,2025-06-24,2025-06-26
SO0008383,Z30,DC-KOL,2025-06-24,2025-06-27
SO0008384,Z34,DC-KOL,2025-06-24,2025-06-27
SO0008385,Z01,DC-HYD,2025-06-25,2025-06-27
SO0008386,Z06,DC-HYD,2025-06-25,2025-06-28
SO0008387,Z09,DC-HYD,2025-06-25,2025-06-29
SO0008388,Z16,DC-MUM,2025-06-25,2025-06-27
SO0008381,Z22,DC-DEL,2025-06-24,2025-06-27
SO0008382,Z23,DC-DEL,2025-06-24,2025-06-26
SO0008389,Z21,DC-DEL,2025-06-25,2025-06-27
SO0008390,Z24,DC-DEL,2025-06-25,2025-06-27
SO0008395,Z29,DC-KOL,2025-06-25,2025-06-27
SO0008400,Z05,DC-HYD,2025-06-26,2025-06-29
SO0008401,Z07,DC-HYD,2025-06-26,2025-06-30
SO0008402,Z12,DC-MUM,2025-06-26,2025-06-28
SO0008403,Z13,DC-MUM,2025-06-26,2025-06-28
SO0008404,Z16,DC-MUM,2025-06-26,2025-06-28
SO0008405,Z18,DC-MUM,2025-06-26,2025-06-29
SO0008406,Z19,DC-MUM,2025-06-26,2025-06-28
SO0008391,Z25,DC-DEL,2025-06-25,2025-06-27
SO0008392,Z26,DC-DEL,2025-06-25,2025-06-28
SO0008393,Z27,DC-DEL,2025-06-25,2025-06-27
SO0008394,Z28,DC-DEL,2025-06-25,2025-06-28
SO0008407,Z20,DC-DEL,2025-06-26,2025-06-28
SO0008408,Z27,DC-DEL,2025-06-26,2025-06-28
SO0008409,Z28,DC-DEL,2025-06-26,2025-06-29
SO0008396,Z31,DC-KOL,2025-06-25,2025-06-28
SO0008397,Z32,DC-KOL,2025-06-25,2025-06-27
SO0008398,Z33,DC-KOL,2025-06-25,2025-06-28
SO0008412,Z02,DC-HYD,2025-06-27,2025-06-29
SO0008413,Z07,DC-HYD,2025-06-27,2025-07-01
SO0008424,Z35,DC-HYD,2025-06-27,2025-06-30
SO0008414,Z11,DC-MUM,2025-06-27,2025-06-29
SO0008415,Z12,DC-MUM,2025-06-27,2025-06-29
SO0008416,Z15,DC-MUM,2025-06-27,2025-06-29
SO0008417,Z17,DC-MUM,2025-06-27,2025-06-30
SO0008418,Z21,DC-DEL,2025-06-27,2025-06-29
SO0008419,Z23,DC-DEL,2025-06-27,2025-06-29
SO0008420,Z24,DC-DEL,2025-06-27,2025-06-29
SO0008421,Z25,DC-DEL,2025-06-27,2025-06-29
SO0008399,Z36,DC-KOL,2025-06-25,2025-06-28
SO0008410,Z30,DC-KOL,2025-06-26,2025-06-29
SO0008411,Z36,DC-KOL,2025-06-26,2025-06-29
SO0008422,Z29,DC-KOL,2025-06-27,2025-06-29
SO0008425,Z03,DC-HYD,2025-06-28,2025-07-01
SO0008426,Z05,DC-HYD,2025-06-28,2025-07-01
SO0008427,Z06,DC-HYD,2025-06-28,2025-07-01
SO0008428,Z08,DC-HYD,2025-06-28,2025-07-02
SO0008429,Z09,DC-HYD,2025-06-28,2025-07-02
SO0008430,Z14,DC-MUM,2025-06-28,2025-07-01
SO0008431,Z17,DC-MUM,2025-06-28,2025-07-01
SO0008432,Z22,DC-DEL,2025-06-28,2025-07-01
SO0008423,Z32,DC-KOL,2025-06-27,2025-06-29
SO0008433,Z31,DC-KOL,2025-06-28,2025-07-01
SO0008434,Z34,DC-KOL,2025-06-28,2025-07-01
SO0008435,Z03,DC-HYD,2025-06-30,2025-07-03
SO0008436,Z04,DC-HYD,2025-06-30,2025-07-02
SO0008437,Z08,DC-HYD,2025-06-30,2025-07-04
SO0008438,Z10,DC-HYD,2025-06-30,2025-07-03
SO0008445,Z35,DC-HYD,2025-06-30,2025-07-03
SO0008439,Z11,DC-MUM,2025-06-30,2025-07-02
SO0008440,Z13,DC-MUM,2025-06-30,2025-07-02
SO0008441,Z15,DC-MUM,2025-06-30,2025-07-02
SO0008442,Z18,DC-MUM,2025-06-30,2025-07-03
SO0008443,Z26,DC-DEL,2025-06-30,2025-07-03
SO0008444,Z33,DC-KOL,2025-06-30,2025-07-03
SO0008446,Z01,DC-HYD,2025-07-01,2025-07-03
SO0008447,Z02,DC-HYD,2025-07-01,2025-07-03
SO0008448,Z04,DC-HYD,2025-07-01,2025-07-03
SO0008449,Z10,DC-HYD,2025-07-01,2025-07-04
SO0008450,Z14,DC-MUM,2025-07-01,2025-07-04
SO0008451,Z19,DC-MUM,2025-07-01,2025-07-03
SO0008452,Z20,DC-DEL,2025-07-01,2025-07-03
SO0008453,Z22,DC-DEL,2025-07-01,2025-07-04
SO0008454,Z23,DC-DEL,2025-07-01,2025-07-03
SO0008455,Z30,DC-KOL,2025-07-01,2025-07-04
SO0008456,Z34,DC-KOL,2025-07-01,2025-07-04
SO0008457,Z01,DC-HYD,2025-07-02,2025-07-04
SO0008458,Z06,DC-HYD,2025-07-02,2025-07-05
SO0008459,Z09,DC-HYD,2025-07-02,2025-07-06
SO0008460,Z16,DC-MUM,2025-07-02,2025-07-04
SO0008461,Z21,DC-DEL,2025-07-02,2025-07-04
SO0008462,Z24,DC-DEL,2025-07-02,2025-07-04
SO0008463,Z25,DC-DEL,2025-07-02,2025-07-04
SO0008464,Z26,DC-DEL,2025-07-02,2025-07-05
SO0008465,Z27,DC-DEL,2025-07-02,2025-07-04
SO0008467,Z29,DC-KOL,2025-07-02,2025-07-04
SO0008472,Z05,DC-HYD,2025-07-03,2025-07-06
SO0008473,Z07,DC-HYD,2025-07-03,2025-07-07
SO0008474,Z12,DC-MUM,2025-07-03,2025-07-05
SO0008475,Z13,DC-MUM,2025-07-03,2025-07-05
SO0008476,Z16,DC-MUM,2025-07-03,2025-07-05
SO0008477,Z18,DC-MUM,2025-07-03,2025-07-06
SO0008478,Z19,DC-MUM,2025-07-03,2025-07-05
SO0008466,Z28,DC-DEL,2025-07-02,2025-07-05
SO0008479,Z20,DC-DEL,2025-07-03,2025-07-05
SO0008480,Z27,DC-DEL,2025-07-03,2025-07-05
SO0008481,Z28,DC-DEL,2025-07-03,2025-07-06
SO0008468,Z31,DC-KOL,2025-07-02,2025-07-05
SO0008469,Z32,DC-KOL,2025-07-02,2025-07-04
SO0008470,Z33,DC-KOL,2025-07-02,2025-07-05
SO0008471,Z36,DC-KOL,2025-07-02,2025-07-05
SO0008484,Z02,DC-HYD,2025-07-04,2025-07-06
SO0008485,Z07,DC-HYD,2025-07-04,2025-07-08
SO0008496,Z35,DC-HYD,2025-07-04,2025-07-07
SO0008486,Z11,DC-MUM,2025-07-04,2025-07-06
SO0008487,Z12,DC-MUM,2025-07-04,2025-07-06
SO0008488,Z15,DC-MUM,2025-07-04,2025-07-06
SO0008489,Z17,DC-MUM,2025-07-04,2025-07-07
SO0008490,Z21,DC-DEL,2025-07-04,2025-07-06
SO0008491,Z23,DC-DEL,2025-07-04,2025-07-06
SO0008492,Z24,DC-DEL,2025-07-04,2025-07-06
SO0008493,Z25,DC-DEL,2025-07-04,2025-07-06
SO0008482,Z30,DC-KOL,2025-07-03,2025-07-06
SO0008483,Z36,DC-KOL,2025-07-03,2025-07-06
SO0008494,Z29,DC-KOL,2025-07-04,2025-07-06
SO0008495,Z32,DC-KOL,2025-07-04,2025-07-06
SO0008497,Z03,DC-HYD,2025-07-05,2025-07-08
SO0008498,Z05,DC-HYD,2025-07-05,2025-07-08
SO0008499,Z06,DC-HYD,2025-07-05,2025-07-08
SO0008500,Z08,DC-HYD,2025-07-05,2025-07-09
SO0008501,Z09,DC-HYD,2025-07-05,2025-07-09
SO0008502,Z14,DC-MUM,2025-07-05,2025-07-08
SO0008503,Z17,DC-MUM,2025-07-05,2025-07-08
SO0008504,Z22,DC-DEL,2025-07-05,2025-07-08
SO0008505,Z31,DC-KOL,2025-07-05,2025-07-08
SO0008506,Z34,DC-KOL,2025-07-05,2025-07-08
SO0008507,Z03,DC-HYD,2025-07-07,2025-07-10
SO0008508,Z04,DC-HYD,2025-07-07,2025-07-09
SO0008509,Z08,DC-HYD,2025-07-07,2025-07-11
SO0008510,Z10,DC-HYD,2025-07-07,2025-07-10
SO0008517,Z35,DC-HYD,2025-07-07,2025-07-10
SO0008511,Z11,DC-MUM,2025-07-07,2025-07-09
SO0008512,Z13,DC-MUM,2025-07-07,2025-07-09
SO0008513,Z15,DC-MUM,2025-07-07,2025-07-09
SO0008514,Z18,DC-MUM,2025-07-07,2025-07-10
SO0008515,Z26,DC-DEL,2025-07-07,2025-07-10
SO0008516,Z33,DC-KOL,2025-07-07,2025-07-10
SO0008518,Z01,DC-HYD,2025-07-08,2025-07-10
SO0008519,Z02,DC-HYD,2025-07-08,2025-07-10
SO0008520,Z04,DC-HYD,2025-07-08,2025-07-10
SO0008521,Z10,DC-HYD,2025-07-08,2025-07-11
SO0008522,Z14,DC-MUM,2025-07-08,2025-07-11
SO0008523,Z19,DC-MUM,2025-07-08,2025-07-10
SO0008524,Z20,DC-DEL,2025-07-08,2025-07-10
SO0008525,Z22,DC-DEL,2025-07-08,2025-07-11
SO0008527,Z30,DC-KOL,2025-07-08,2025-07-11
SO0008528,Z34,DC-KOL,2025-07-08,2025-07-11
SO0008529,Z01,DC-HYD,2025-07-09,2025-07-11
SO0008530,Z06,DC-HYD,2025-07-09,2025-07-12
SO0008531,Z09,DC-HYD,2025-07-09,2025-07-13
SO0008532,Z16,DC-MUM,2025-07-09,2025-07-11
SO0008526,Z23,DC-DEL,2025-07-08,2025-07-10
SO0008533,Z21,DC-DEL,2025-07-09,2025-07-11
SO0008534,Z24,DC-DEL,2025-07-09,2025-07-11
SO0008535,Z25,DC-DEL,2025-07-09,2025-07-11
SO0008536,Z26,DC-DEL,2025-07-09,2025-07-12
SO0008539,Z29,DC-KOL,2025-07-09,2025-07-11
SO0008544,Z05,DC-HYD,2025-07-10,2025-07-13
SO0008545,Z07,DC-HYD,2025-07-10,2025-07-14
SO0008546,Z12,DC-MUM,2025-07-10,2025-07-12
SO0008547,Z13,DC-MUM,2025-07-10,2025-07-12
SO0008548,Z16,DC-MUM,2025-07-10,2025-07-12
SO0008549,Z18,DC-MUM,2025-07-10,2025-07-13
SO0008550,Z19,DC-MUM,2025-07-10,2025-07-12
SO0008537,Z27,DC-DEL,2025-07-09,2025-07-11
SO0008538,Z28,DC-DEL,2025-07-09,2025-07-12
SO0008551,Z20,DC-DEL,2025-07-10,2025-07-12
SO0008552,Z27,DC-DEL,2025-07-10,2025-07-12
SO0008553,Z28,DC-DEL,2025-07-10,2025-07-13
SO0008540,Z31,DC-KOL,2025-07-09,2025-07-12
SO0008541,Z32,DC-KOL,2025-07-09,2025-07-11
SO0008542,Z33,DC-KOL,2025-07-09,2025-07-12
SO0008556,Z02,DC-HYD,2025-07-11,2025-07-13
SO0008557,Z07,DC-HYD,2025-07-11,2025-07-15
SO0008568,Z35,DC-HYD,2025-07-11,2025-07-14
SO0008558,Z11,DC-MUM,2025-07-11,2025-07-13
SO0008559,Z12,DC-MUM,2025-07-11,2025-07-13
SO0008560,Z15,DC-MUM,2025-07-11,2025-07-13
SO0008561,Z17,DC-MUM,2025-07-11,2025-07-14
SO0008562,Z21,DC-DEL,2025-07-11,2025-07-13
SO0008563,Z23,DC-DEL,2025-07-11,2025-07-13
SO0008564,Z24,DC-DEL,2025-07-11,2025-07-13
SO0008565,Z25,DC-DEL,2025-07-11,2025-07-13
SO0008543,Z36,DC-KOL,2025-07-09,2025-07-12
SO0008554,Z30,DC-KOL,2025-07-10,2025-07-13
SO0008555,Z36,DC-KOL,2025-07-10,2025-07-13
SO0008566,Z29,DC-KOL,2025-07-11,2025-07-13
SO0008567,Z32,DC-KOL,2025-07-11,2025-07-13
SO0008569,Z03,DC-HYD,2025-07-12,2025-07-15
SO0008570,Z05,DC-HYD,2025-07-12,2025-07-15
SO0008571,Z06,DC-HYD,2025-07-12,2025-07-15
SO0008572,Z08,DC-HYD,2025-07-12,2025-07-16
SO0008573,Z09,DC-HYD,2025-07-12,2025-07-16
SO0008574,Z14,DC-MUM,2025-07-12,2025-07-15
SO0008575,Z17,DC-MUM,2025-07-12,2025-07-15
SO0008576,Z22,DC-DEL,2025-07-12,2025-07-15
SO0008577,Z31,DC-KOL,2025-07-12,2025-07-15
SO0008578,Z34,DC-KOL,2025-07-12,2025-07-15
SO0008579,Z03,DC-HYD,2025-07-14,2025-07-17
SO0008580,Z04,DC-HYD,2025-07-14,2025-07-16
SO0008581,Z08,DC-HYD,2025-07-14,2025-07-18
SO0008582,Z10,DC-HYD,2025-07-14,2025-07-17
SO0008589,Z35,DC-HYD,2025-07-14,2025-07-17
SO0008583,Z11,DC-MUM,2025-07-14,2025-07-16
SO0008584,Z13,DC-MUM,2025-07-14,2025-07-16
SO0008585,Z15,DC-MUM,2025-07-14,2025-07-16
SO0008586,Z18,DC-MUM,2025-07-14,2025-07-17
SO0008587,Z26,DC-DEL,2025-07-14,2025-07-17
SO0008588,Z33,DC-KOL,2025-07-14,2025-07-17
SO0008590,Z01,DC-HYD,2025-07-15,2025-07-17
SO0008591,Z02,DC-HYD,2025-07-15,2025-07-17
SO0008592,Z04,DC-HYD,2025-07-15,2025-07-17
SO0008593,Z10,DC-HYD,2025-07-15,2025-07-18
SO0008594,Z14,DC-MUM,2025-07-15,2025-07-18
SO0008595,Z19,DC-MUM,2025-07-15,2025-07-17
SO0008596,Z20,DC-DEL,2025-07-15,2025-07-17
SO0008597,Z22,DC-DEL,2025-07-15,2025-07-18
SO0008598,Z23,DC-DEL,2025-07-15,2025-07-17
SO0008599,Z30,DC-KOL,2025-07-15,2025-07-18
SO0008600,Z34,DC-KOL,2025-07-15,2025-07-18
SO0008601,Z01,DC-HYD,2025-07-16,2025-07-18
SO0008602,Z06,DC-HYD,2025-07-16,2025-07-19
SO0008603,Z09,DC-HYD,2025-07-16,2025-07-20
SO0008604,Z16,DC-MUM,2025-07-16,2025-07-18
SO0008605,Z21,DC-DEL,2025-07-16,2025-07-18
SO0008606,Z24,DC-DEL,2025-07-16,2025-07-18
SO0008607,Z25,DC-DEL,2025-07-16,2025-07-18
SO0008608,Z26,DC-DEL,2025-07-16,2025-07-19
SO0008609,Z27,DC-DEL,2025-07-16,2025-07-18
SO0008611,Z29,DC-KOL,2025-07-16,2025-07-18
SO0008616,Z05,DC-HYD,2025-07-17,2025-07-20
SO0008617,Z07,DC-HYD,2025-07-17,2025-07-21
SO0008618,Z12,DC-MUM,2025-07-17,2025-07-19
SO0008619,Z13,DC-MUM,2025-07-17,2025-07-19
SO0008620,Z16,DC-MUM,2025-07-17,2025-07-19
SO0008621,Z18,DC-MUM,2025-07-17,2025-07-20
SO0008622,Z19,DC-MUM,2025-07-17,2025-07-19
SO0008610,Z28,DC-DEL,2025-07-16,2025-07-19
SO0008623,Z20,DC-DEL,2025-07-17,2025-07-19
SO0008624,Z27,DC-DEL,2025-07-17,2025-07-19
SO0008625,Z28,DC-DEL,2025-07-17,2025-07-20
SO0008612,Z31,DC-KOL,2025-07-16,2025-07-19
SO0008613,Z32,DC-KOL,2025-07-16,2025-07-18
SO0008614,Z33,DC-KOL,2025-07-16,2025-07-19
SO0008628,Z02,DC-HYD,2025-07-18,2025-07-20
SO0008629,Z07,DC-HYD,2025-07-18,2025-07-22
SO0008640,Z35,DC-HYD,2025-07-18,2025-07-21
SO0008630,Z11,DC-MUM,2025-07-18,2025-07-20
SO0008631,Z12,DC-MUM,2025-07-18,2025-07-20
SO0008632,Z15,DC-MUM,2025-07-18,2025-07-20
SO0008633,Z17,DC-MUM,2025-07-18,2025-07-21
SO0008634,Z21,DC-DEL,2025-07-18,2025-07-20
SO0008635,Z23,DC-DEL,2025-07-18,2025-07-20
SO0008636,Z24,DC-DEL,2025-07-18,2025-07-20
SO0008637,Z25,DC-DEL,2025-07-18,2025-07-20
SO0008615,Z36,DC-KOL,2025-07-16,2025-07-19
SO0008626,Z30,DC-KOL,2025-07-17,2025-07-20
SO0008627,Z36,DC-KOL,2025-07-17,2025-07-20
SO0008641,Z03,DC-HYD,2025-07-19,2025-07-22
SO0008642,Z05,DC-HYD,2025-07-19,2025-07-22
SO0008643,Z06,DC-HYD,2025-07-19,2025-07-22
SO0008644,Z08,DC-HYD,2025-07-19,2025-07-23
SO0008645,Z09,DC-HYD,2025-07-19,2025-07-23
SO0008646,Z14,DC-MUM,2025-07-19,2025-07-22
SO0008647,Z17,DC-MUM,2025-07-19,2025-07-22
SO0008648,Z22,DC-DEL,2025-07-19,2025-07-22
SO0008638,Z29,DC-KOL,2025-07-18,2025-07-20
SO0008639,Z32,DC-KOL,2025-07-18,2025-07-20
SO0008649,Z31,DC-KOL,2025-07-19,2025-07-22
SO0008651,Z03,DC-HYD,2025-07-21,2025-07-24
SO0008652,Z04,DC-HYD,2025-07-21,2025-07-23
SO0008653,Z08,DC-HYD,2025-07-21,2025-07-25
SO0008654,Z10,DC-HYD,2025-07-21,2025-07-24
SO0008661,Z35,DC-HYD,2025-07-21,2025-07-24
SO0008655,Z11,DC-MUM,2025-07-21,2025-07-23
SO0008656,Z13,DC-MUM,2025-07-21,2025-07-23
SO0008657,Z15,DC-MUM,2025-07-21,2025-07-23
SO0008658,Z18,DC-MUM,2025-07-21,2025-07-24
SO0008659,Z26,DC-DEL,2025-07-21,2025-07-24
SO0008650,Z34,DC-KOL,2025-07-19,2025-07-22
SO0008660,Z33,DC-KOL,2025-07-21,2025-07-24
SO0008662,Z01,DC-HYD,2025-07-22,2025-07-24
SO0008663,Z02,DC-HYD,2025-07-22,2025-07-24
SO0008664,Z04,DC-HYD,2025-07-22,2025-07-24
SO0008665,Z10,DC-HYD,2025-07-22,2025-07-25
SO0008666,Z14,DC-MUM,2025-07-22,2025-07-25
SO0008667,Z19,DC-MUM,2025-07-22,2025-07-24
SO0008668,Z20,DC-DEL,2025-07-22,2025-07-24
SO0008669,Z22,DC-DEL,2025-07-22,2025-07-25
SO0008671,Z30,DC-KOL,2025-07-22,2025-07-25
SO0008672,Z34,DC-KOL,2025-07-22,2025-07-25
SO0008673,Z01,DC-HYD,2025-07-23,2025-07-25
SO0008674,Z06,DC-HYD,2025-07-23,2025-07-26
SO0008675,Z09,DC-HYD,2025-07-23,2025-07-27
SO0008676,Z16,DC-MUM,2025-07-23,2025-07-25
SO0008670,Z23,DC-DEL,2025-07-22,2025-07-24
SO0008677,Z21,DC-DEL,2025-07-23,2025-07-25
SO0008678,Z24,DC-DEL,2025-07-23,2025-07-25
SO0008679,Z25,DC-DEL,2025-07-23,2025-07-25
SO0008680,Z26,DC-DEL,2025-07-23,2025-07-26
SO0008683,Z29,DC-KOL,2025-07-23,2025-07-25
SO0008688,Z05,DC-HYD,2025-07-24,2025-07-27
SO0008689,Z07,DC-HYD,2025-07-24,2025-07-28
SO0008690,Z12,DC-MUM,2025-07-24,2025-07-26
SO0008691,Z13,DC-MUM,2025-07-24,2025-07-26
SO0008692,Z16,DC-MUM,2025-07-24,2025-07-26
SO0008693,Z18,DC-MUM,2025-07-24,2025-07-27
SO0008694,Z19,DC-MUM,2025-07-24,2025-07-26
SO0008681,Z27,DC-DEL,2025-07-23,2025-07-25
SO0008682,Z28,DC-DEL,2025-07-23,2025-07-26
SO0008695,Z20,DC-DEL,2025-07-24,2025-07-26
SO0008696,Z27,DC-DEL,2025-07-24,2025-07-26
SO0008697,Z28,DC-DEL,2025-07-24,2025-07-27
SO0008684,Z31,DC-KOL,2025-07-23,2025-07-26
SO0008685,Z32,DC-KOL,2025-07-23,2025-07-25
SO0008686,Z33,DC-KOL,2025-07-23,2025-07-26
SO0008700,Z02,DC-HYD,2025-07-25,2025-07-27
SO0008701,Z07,DC-HYD,2025-07-25,2025-07-29
SO0008712,Z35,DC-HYD,2025-07-25,2025-07-28
SO0008702,Z11,DC-MUM,2025-07-25,2025-07-27
SO0008703,Z12,DC-MUM,2025-07-25,2025-07-27
SO0008704,Z15,DC-MUM,2025-07-25,2025-07-27
SO0008705,Z17,DC-MUM,2025-07-25,2025-07-28
SO0008706,Z21,DC-DEL,2025-07-25,2025-07-27
SO0008707,Z23,DC-DEL,2025-07-25,2025-07-27
SO0008708,Z24,DC-DEL,2025-07-25,2025-07-27
SO0008709,Z25,DC-DEL,2025-07-25,2025-07-27
SO0008687,Z36,DC-KOL,2025-07-23,2025-07-26
SO0008698,Z30,DC-KOL,2025-07-24,2025-07-27
SO0008699,Z36,DC-KOL,2025-07-24,2025-07-27
SO0008710,Z29,DC-KOL,2025-07-25,2025-07-27
SO0008711,Z32,DC-KOL,2025-07-25,2025-07-27
SO0008713,Z03,DC-HYD,2025-07-26,2025-07-29
SO0008714,Z05,DC-HYD,2025-07-26,2025-07-29
SO0008715,Z06,DC-HYD,2025-07-26,2025-07-29
SO0008716,Z08,DC-HYD,2025-07-26,2025-07-30
SO0008717,Z09,DC-HYD,2025-07-26,2025-07-30
SO0008718,Z14,DC-MUM,2025-07-26,2025-07-29
SO0008719,Z17,DC-MUM,2025-07-26,2025-07-29
SO0008720,Z22,DC-DEL,2025-07-26,2025-07-29
SO0008721,Z31,DC-KOL,2025-07-26,2025-07-29
SO0008722,Z34,DC-KOL,2025-07-26,2025-07-29
SO0008723,Z03,DC-HYD,2025-07-28,2025-07-31
SO0008724,Z04,DC-HYD,2025-07-28,2025-07-30
SO0008725,Z08,DC-HYD,2025-07-28,2025-08-01
SO0008726,Z10,DC-HYD,2025-07-28,2025-07-31
SO0008733,Z35,DC-HYD,2025-07-28,2025-07-31
SO0008727,Z11,DC-MUM,2025-07-28,2025-07-30
SO0008728,Z13,DC-MUM,2025-07-28,2025-07-30
SO0008729,Z15,DC-MUM,2025-07-28,2025-07-30
SO0008730,Z18,DC-MUM,2025-07-28,2025-07-31
SO0008731,Z26,DC-DEL,2025-07-28,2025-07-31
SO0008732,Z33,DC-KOL,2025-07-28,2025-07-31
SO0008734,Z01,DC-HYD,2025-07-29,2025-07-31
SO0008735,Z02,DC-HYD,2025-07-29,2025-07-31
SO0008736,Z04,DC-HYD,2025-07-29,2025-07-31
SO0008737,Z10,DC-HYD,2025-07-29,2025-08-01
SO0008738,Z14,DC-MUM,2025-07-29,2025-08-01
SO0008739,Z19,DC-MUM,2025-07-29,2025-07-31
SO0008740,Z20,DC-DEL,2025-07-29,2025-07-31
SO0008741,Z22,DC-DEL,2025-07-29,2025-08-01
SO0008742,Z23,DC-DEL,2025-07-29,2025-07-31
SO0008743,Z30,DC-KOL,2025-07-29,2025-08-01
SO0008744,Z34,DC-KOL,2025-07-29,2025-08-01
SO0008745,Z01,DC-HYD,2025-07-30,2025-08-01
SO0008746,Z06,DC-HYD,2025-07-30,2025-08-02
SO0008747,Z09,DC-HYD,2025-07-30,2025-08-03
SO0008748,Z16,DC-MUM,2025-07-30,2025-08-01
SO0008749,Z21,DC-DEL,2025-07-30,2025-08-01
SO0008750,Z24,DC-DEL,2025-07-30,2025-08-01
SO0008751,Z25,DC-DEL,2025-07-30,2025-08-01
SO0008752,Z26,DC-DEL,2025-07-30,2025-08-02
SO0008753,Z27,DC-DEL,2025-07-30,2025-08-01
SO0008754,Z28,DC-DEL,2025-07-30,2025-08-02
SO0008755,Z29,DC-KOL,2025-07-30,2025-08-01
SO0008760,Z05,DC-HYD,2025-07-31,2025-08-03
SO0008761,Z07,DC-HYD,2025-07-31,2025-08-04
SO0008762,Z12,DC-MUM,2025-07-31,2025-08-02
SO0008763,Z13,DC-MUM,2025-07-31,2025-08-02
SO0008764,Z16,DC-MUM,2025-07-31,2025-08-02
SO0008765,Z18,DC-MUM,2025-07-31,2025-08-03
SO0008766,Z19,DC-MUM,2025-07-31,2025-08-02
SO0008767,Z20,DC-DEL,2025-07-31,2025-08-02
SO0008768,Z27,DC-DEL,2025-07-31,2025-08-02
SO0008769,Z28,DC-DEL,2025-07-31,2025-08-03
SO0008756,Z31,DC-KOL,2025-07-30,2025-08-02
SO0008757,Z32,DC-KOL,2025-07-30,2025-08-01
SO0008758,Z33,DC-KOL,2025-07-30,2025-08-02
SO0008772,Z02,DC-HYD,2025-08-01,2025-08-03
SO0008773,Z07,DC-HYD,2025-08-01,2025-08-05
SO0008784,Z35,DC-HYD,2025-08-01,2025-08-04
SO0008774,Z11,DC-MUM,2025-08-01,2025-08-03
SO0008775,Z12,DC-MUM,2025-08-01,2025-08-03
SO0008776,Z15,DC-MUM,2025-08-01,2025-08-03
SO0008777,Z17,DC-MUM,2025-08-01,2025-08-04
SO0008778,Z21,DC-DEL,2025-08-01,2025-08-03
SO0008779,Z23,DC-DEL,2025-08-01,2025-08-03
SO0008780,Z24,DC-DEL,2025-08-01,2025-08-03
SO0008781,Z25,DC-DEL,2025-08-01,2025-08-03
SO0008759,Z36,DC-KOL,2025-07-30,2025-08-02
SO0008770,Z30,DC-KOL,2025-07-31,2025-08-03
SO0008771,Z36,DC-KOL,2025-07-31,2025-08-03
SO0008782,Z29,DC-KOL,2025-08-01,2025-08-03
SO0008783,Z32,DC-KOL,2025-08-01,2025-08-03
SO0008785,Z03,DC-HYD,2025-08-02,2025-08-05
SO0008786,Z05,DC-HYD,2025-08-02,2025-08-05
SO0008787,Z06,DC-HYD,2025-08-02,2025-08-05
SO0008788,Z08,DC-HYD,2025-08-02,2025-08-06
SO0008789,Z09,DC-HYD,2025-08-02,2025-08-06
SO0008790,Z14,DC-MUM,2025-08-02,2025-08-05
SO0008791,Z17,DC-MUM,2025-08-02,2025-08-05
SO0008792,Z22,DC-DEL,2025-08-02,2025-08-05
SO0008793,Z31,DC-KOL,2025-08-02,2025-08-05
SO0008794,Z34,DC-KOL,2025-08-02,2025-08-05
SO0008795,Z03,DC-HYD,2025-08-04,2025-08-07
SO0008796,Z04,DC-HYD,2025-08-04,2025-08-06
SO0008797,Z08,DC-HYD,2025-08-04,2025-08-08
SO0008798,Z10,DC-HYD,2025-08-04,2025-08-07
SO0008805,Z35,DC-HYD,2025-08-04,2025-08-07
SO0008799,Z11,DC-MUM,2025-08-04,2025-08-06
SO0008800,Z13,DC-MUM,2025-08-04,2025-08-06
SO0008801,Z15,DC-MUM,2025-08-04,2025-08-06
SO0008802,Z18,DC-MUM,2025-08-04,2025-08-07
SO0008803,Z26,DC-DEL,2025-08-04,2025-08-07
SO0008804,Z33,DC-KOL,2025-08-04,2025-08-07
SO0008806,Z01,DC-HYD,2025-08-05,2025-08-07
SO0008807,Z02,DC-HYD,2025-08-05,2025-08-07
SO0008808,Z04,DC-HYD,2025-08-05,2025-08-07
SO0008809,Z10,DC-HYD,2025-08-05,2025-08-08
SO0008810,Z14,DC-MUM,2025-08-05,2025-08-08
SO0008811,Z19,DC-MUM,2025-08-05,2025-08-07
SO0008812,Z20,DC-DEL,2025-08-05,2025-08-07
SO0008813,Z22,DC-DEL,2025-08-05,2025-08-08
SO0008814,Z23,DC-DEL,2025-08-05,2025-08-07
SO0008815,Z30,DC-KOL,2025-08-05,2025-08-08
SO0008816,Z34,DC-KOL,2025-08-05,2025-08-08
SO0008817,Z01,DC-HYD,2025-08-06,2025-08-08
SO0008818,Z06,DC-HYD,2025-08-06,2025-08-09
SO0008819,Z09,DC-HYD,2025-08-06,2025-08-10
SO0008820,Z16,DC-MUM,2025-08-06,2025-08-08
SO0008821,Z21,DC-DEL,2025-08-06,2025-08-08
SO0008822,Z24,DC-DEL,2025-08-06,2025-08-08
SO0008823,Z25,DC-DEL,2025-08-06,2025-08-08
SO0008824,Z26,DC-DEL,2025-08-06,2025-08-09
SO0008825,Z27,DC-DEL,2025-08-06,2025-08-08
SO0008827,Z29,DC-KOL,2025-08-06,2025-08-08
SO0008832,Z05,DC-HYD,2025-08-07,2025-08-10
SO0008833,Z07,DC-HYD,2025-08-07,2025-08-11
SO0008834,Z12,DC-MUM,2025-08-07,2025-08-09
SO0008835,Z13,DC-MUM,2025-08-07,2025-08-09
SO0008836,Z16,DC-MUM,2025-08-07,2025-08-09
SO0008837,Z18,DC-MUM,2025-08-07,2025-08-10
SO0008838,Z19,DC-MUM,2025-08-07,2025-08-09
SO0008826,Z28,DC-DEL,2025-08-06,2025-08-09
SO0008839,Z20,DC-DEL,2025-08-07,2025-08-09
SO0008840,Z27,DC-DEL,2025-08-07,2025-08-09
SO0008841,Z28,DC-DEL,2025-08-07,2025-08-10
SO0008828,Z31,DC-KOL,2025-08-06,2025-08-09
SO0008829,Z32,DC-KOL,2025-08-06,2025-08-08
SO0008830,Z33,DC-KOL,2025-08-06,2025-08-09
SO0008844,Z02,DC-HYD,2025-08-08,2025-08-10
SO0008845,Z07,DC-HYD,2025-08-08,2025-08-12
SO0008856,Z35,DC-HYD,2025-08-08,2025-08-11
SO0008846,Z11,DC-MUM,2025-08-08,2025-08-10
SO0008847,Z12,DC-MUM,2025-08-08,2025-08-10
SO0008848,Z15,DC-MUM,2025-08-08,2025-08-10
SO0008849,Z17,DC-MUM,2025-08-08,2025-08-11
SO0008850,Z21,DC-DEL,2025-08-08,2025-08-10
SO0008851,Z23,DC-DEL,2025-08-08,2025-08-10
SO0008852,Z24,DC-DEL,2025-08-08,2025-08-10
SO0008853,Z25,DC-DEL,2025-08-08,2025-08-10
SO0008831,Z36,DC-KOL,2025-08-06,2025-08-09
SO0008842,Z30,DC-KOL,2025-08-07,2025-08-10
SO0008843,Z36,DC-KOL,2025-08-07,2025-08-10
SO0008854,Z29,DC-KOL,2025-08-08,2025-08-10
SO0008855,Z32,DC-KOL,2025-08-08,2025-08-10
SO0008857,Z03,DC-HYD,2025-08-09,2025-08-12
SO0008858,Z05,DC-HYD,2025-08-09,2025-08-12
SO0008859,Z06,DC-HYD,2025-08-09,2025-08-12
SO0008860,Z08,DC-HYD,2025-08-09,2025-08-13
SO0008861,Z09,DC-HYD,2025-08-09,2025-08-13
SO0008862,Z14,DC-MUM,2025-08-09,2025-08-12
SO0008863,Z17,DC-MUM,2025-08-09,2025-08-12
SO0008864,Z22,DC-DEL,2025-08-09,2025-08-12
SO0008865,Z31,DC-KOL,2025-08-09,2025-08-12
SO0008866,Z34,DC-KOL,2025-08-09,2025-08-12
SO0008867,Z03,DC-HYD,2025-08-11,2025-08-14
SO0008868,Z04,DC-HYD,2025-08-11,2025-08-13
SO0008869,Z08,DC-HYD,2025-08-11,2025-08-15
SO0008870,Z10,DC-HYD,2025-08-11,2025-08-14
SO0008877,Z35,DC-HYD,2025-08-11,2025-08-14
SO0008871,Z11,DC-MUM,2025-08-11,2025-08-13
SO0008872,Z13,DC-MUM,2025-08-11,2025-08-13
SO0008873,Z15,DC-MUM,2025-08-11,2025-08-13
SO0008874,Z18,DC-MUM,2025-08-11,2025-08-14
SO0008875,Z26,DC-DEL,2025-08-11,2025-08-14
SO0008876,Z33,DC-KOL,2025-08-11,2025-08-14
SO0008878,Z01,DC-HYD,2025-08-12,2025-08-14
SO0008879,Z02,DC-HYD,2025-08-12,2025-08-14
SO0008880,Z04,DC-HYD,2025-08-12,2025-08-14
SO0008881,Z10,DC-HYD,2025-08-12,2025-08-15
SO0008882,Z14,DC-MUM,2025-08-12,2025-08-15
SO0008883,Z19,DC-MUM,2025-08-12,2025-08-14
SO0008884,Z20,DC-DEL,2025-08-12,2025-08-14
SO0008885,Z22,DC-DEL,2025-08-12,2025-08-15
SO0008887,Z30,DC-KOL,2025-08-12,2025-08-15
SO0008888,Z34,DC-KOL,2025-08-12,2025-08-15
SO0008889,Z01,DC-HYD,2025-08-13,2025-08-15
SO0008890,Z06,DC-HYD,2025-08-13,2025-08-16
SO0008891,Z09,DC-HYD,2025-08-13,2025-08-17
SO0008892,Z16,DC-MUM,2025-08-13,2025-08-15
SO0008886,Z23,DC-DEL,2025-08-12,2025-08-14
SO0008893,Z21,DC-DEL,2025-08-13,2025-08-15
SO0008894,Z24,DC-DEL,2025-08-13,2025-08-15
SO0008895,Z25,DC-DEL,2025-08-13,2025-08-15
SO0008896,Z26,DC-DEL,2025-08-13,2025-08-16
SO0008897,Z27,DC-DEL,2025-08-13,2025-08-15
SO0008899,Z29,DC-KOL,2025-08-13,2025-08-15
SO0008904,Z05,DC-HYD,2025-08-14,2025-08-17
SO0008905,Z07,DC-HYD,2025-08-14,2025-08-18
SO0008906,Z12,DC-MUM,2025-08-14,2025-08-16
SO0008907,Z13,DC-MUM,2025-08-14,2025-08-16
SO0008908,Z16,DC-MUM,2025-08-14,2025-08-16
SO0008909,Z18,DC-MUM,2025-08-14,2025-08-17
SO0008910,Z19,DC-MUM,2025-08-14,2025-08-16
SO0008898,Z28,DC-DEL,2025-08-13,2025-08-16
SO0008911,Z20,DC-DEL,2025-08-14,2025-08-16
SO0008912,Z27,DC-DEL,2025-08-14,2025-08-16
SO0008913,Z28,DC-DEL,2025-08-14,2025-08-17
SO0008900,Z31,DC-KOL,2025-08-13,2025-08-16
SO0008901,Z32,DC-KOL,2025-08-13,2025-08-15
SO0008902,Z33,DC-KOL,2025-08-13,2025-08-16
SO0008916,Z02,DC-HYD,2025-08-15,2025-08-17
SO0008917,Z07,DC-HYD,2025-08-15,2025-08-19
SO0008928,Z35,DC-HYD,2025-08-15,2025-08-18
SO0008918,Z11,DC-MUM,2025-08-15,2025-08-17
SO0008919,Z12,DC-MUM,2025-08-15,2025-08-17
SO0008920,Z15,DC-MUM,2025-08-15,2025-08-17
SO0008921,Z17,DC-MUM,2025-08-15,2025-08-18
SO0008922,Z21,DC-DEL,2025-08-15,2025-08-17
SO0008923,Z23,DC-DEL,2025-08-15,2025-08-17
SO0008924,Z24,DC-DEL,2025-08-15,2025-08-17
SO0008925,Z25,DC-DEL,2025-08-15,2025-08-17
SO0008903,Z36,DC-KOL,2025-08-13,2025-08-16
SO0008914,Z30,DC-KOL,2025-08-14,2025-08-17
SO0008915,Z36,DC-KOL,2025-08-14,2025-08-17
SO0008926,Z29,DC-KOL,2025-08-15,2025-08-17
SO0008929,Z03,DC-HYD,2025-08-16,2025-08-19
SO0008930,Z05,DC-HYD,2025-08-16,2025-08-19
SO0008931,Z06,DC-HYD,2025-08-16,2025-08-19
SO0008932,Z08,DC-HYD,2025-08-16,2025-08-20
SO0008933,Z09,DC-HYD,2025-08-16,2025-08-20
SO0008934,Z14,DC-MUM,2025-08-16,2025-08-19
SO0008935,Z17,DC-MUM,2025-08-16,2025-08-19
SO0008936,Z22,DC-DEL,2025-08-16,2025-08-19
SO0008927,Z32,DC-KOL,2025-08-15,2025-08-17
SO0008937,Z31,DC-KOL,2025-08-16,2025-08-19
SO0008938,Z34,DC-KOL,2025-08-16,2025-08-19
SO0008939,Z03,DC-HYD,2025-08-18,2025-08-21
SO0008940,Z04,DC-HYD,2025-08-18,2025-08-20
SO0008941,Z08,DC-HYD,2025-08-18,2025-08-22
SO0008942,Z10,DC-HYD,2025-08-18,2025-08-21
SO0008949,Z35,DC-HYD,2025-08-18,2025-08-21
SO0008943,Z11,DC-MUM,2025-08-18,2025-08-20
SO0008944,Z13,DC-MUM,2025-08-18,2025-08-20
SO0008945,Z15,DC-MUM,2025-08-18,2025-08-20
SO0008946,Z18,DC-MUM,2025-08-18,2025-08-21
SO0008947,Z26,DC-DEL,2025-08-18,2025-08-21
SO0008948,Z33,DC-KOL,2025-08-18,2025-08-21
SO0008950,Z01,DC-HYD,2025-08-19,2025-08-21
SO0008951,Z02,DC-HYD,2025-08-19,2025-08-21
SO0008952,Z04,DC-HYD,2025-08-19,2025-08-21
SO0008953,Z10,DC-HYD,2025-08-19,2025-08-22
SO0008954,Z14,DC-MUM,2025-08-19,2025-08-22
SO0008955,Z19,DC-MUM,2025-08-19,2025-08-21
SO0008956,Z20,DC-DEL,2025-08-19,2025-08-21
SO0008957,Z22,DC-DEL,2025-08-19,2025-08-22
SO0008958,Z23,DC-DEL,2025-08-19,2025-08-21
SO0008959,Z30,DC-KOL,2025-08-19,2025-08-22
SO0008960,Z34,DC-KOL,2025-08-19,2025-08-22
SO0008961,Z01,DC-HYD,2025-08-20,2025-08-22
SO0008962,Z06,DC-HYD,2025-08-20,2025-08-23
SO0008963,Z09,DC-HYD,2025-08-20,2025-08-24
SO0008964,Z16,DC-MUM,2025-08-20,2025-08-22
SO0008965,Z21,DC-DEL,2025-08-20,2025-08-22
SO0008966,Z24,DC-DEL,2025-08-20,2025-08-22
SO0008967,Z25,DC-DEL,2025-08-20,2025-08-22
SO0008968,Z26,DC-DEL,2025-08-20,2025-08-23
SO0008969,Z27,DC-DEL,2025-08-20,2025-08-22
SO0008971,Z29,DC-KOL,2025-08-20,2025-08-22
SO0008976,Z05,DC-HYD,2025-08-21,2025-08-24
SO0008977,Z07,DC-HYD,2025-08-21,2025-08-25
SO0008978,Z12,DC-MUM,2025-08-21,2025-08-23
SO0008979,Z13,DC-MUM,2025-08-21,2025-08-23
SO0008980,Z16,DC-MUM,2025-08-21,2025-08-23
SO0008981,Z18,DC-MUM,2025-08-21,2025-08-24
SO0008982,Z19,DC-MUM,2025-08-21,2025-08-23
SO0008970,Z28,DC-DEL,2025-08-20,2025-08-23
SO0008983,Z20,DC-DEL,2025-08-21,2025-08-23
SO0008984,Z27,DC-DEL,2025-08-21,2025-08-23
SO0008985,Z28,DC-DEL,2025-08-21,2025-08-24
SO0008972,Z31,DC-KOL,2025-08-20,2025-08-23
SO0008973,Z32,DC-KOL,2025-08-20,2025-08-22
SO0008974,Z33,DC-KOL,2025-08-20,2025-08-23
SO0008988,Z02,DC-HYD,2025-08-22,2025-08-24
SO0008989,Z07,DC-HYD,2025-08-22,2025-08-26
SO0009000,Z35,DC-HYD,2025-08-22,2025-08-25
SO0008990,Z11,DC-MUM,2025-08-22,2025-08-24
SO0008991,Z12,DC-MUM,2025-08-22,2025-08-24
SO0008992,Z15,DC-MUM,2025-08-22,2025-08-24
SO0008994,Z21,DC-DEL,2025-08-22,2025-08-24
SO0008995,Z23,DC-DEL,2025-08-22,2025-08-24
SO0008996,Z24,DC-DEL,2025-08-22,2025-08-24
SO0008997,Z25,DC-DEL,2025-08-22,2025-08-24
SO0008975,Z36,DC-KOL,2025-08-20,2025-08-23
SO0008986,Z30,DC-KOL,2025-08-21,2025-08-24
SO0008987,Z36,DC-KOL,2025-08-21,2025-08-24
SO0008998,Z29,DC-KOL,2025-08-22,2025-08-24
SO0009001,Z03,DC-HYD,2025-08-23,2025-08-26
SO0009002,Z05,DC-HYD,2025-08-23,2025-08-26
SO0009003,Z06,DC-HYD,2025-08-23,2025-08-26
SO0009004,Z08,DC-HYD,2025-08-23,2025-08-27
SO0009005,Z09,DC-HYD,2025-08-23,2025-08-27
SO0008993,Z17,DC-MUM,2025-08-22,2025-08-25
SO0009006,Z14,DC-MUM,2025-08-23,2025-08-26
SO0009007,Z17,DC-MUM,2025-08-23,2025-08-26
SO0009008,Z22,DC-DEL,2025-08-23,2025-08-26
SO0008999,Z32,DC-KOL,2025-08-22,2025-08-24
SO0009009,Z31,DC-KOL,2025-08-23,2025-08-26
SO0009010,Z34,DC-KOL,2025-08-23,2025-08-26
SO0009011,Z03,DC-HYD,2025-08-25,2025-08-28
SO0009012,Z04,DC-HYD,2025-08-25,2025-08-27
SO0009013,Z08,DC-HYD,2025-08-25,2025-08-29
SO0009014,Z10,DC-HYD,2025-08-25,2025-08-28
SO0009021,Z35,DC-HYD,2025-08-25,2025-08-28
SO0009015,Z11,DC-MUM,2025-08-25,2025-08-27
SO0009016,Z13,DC-MUM,2025-08-25,2025-08-27
SO0009017,Z15,DC-MUM,2025-08-25,2025-08-27
SO0009018,Z18,DC-MUM,2025-08-25,2025-08-28
SO0009019,Z26,DC-DEL,2025-08-25,2025-08-28
SO0009020,Z33,DC-KOL,2025-08-25,2025-08-28
SO0009022,Z01,DC-HYD,2025-08-26,2025-08-28
SO0009023,Z02,DC-HYD,2025-08-26,2025-08-28
SO0009024,Z04,DC-HYD,2025-08-26,2025-08-28
SO0009025,Z10,DC-HYD,2025-08-26,2025-08-29
SO0009026,Z14,DC-MUM,2025-08-26,2025-08-29
SO0009027,Z19,DC-MUM,2025-08-26,2025-08-28
SO0009028,Z20,DC-DEL,2025-08-26,2025-08-28
SO0009029,Z22,DC-DEL,2025-08-26,2025-08-29
SO0009031,Z30,DC-KOL,2025-08-26,2025-08-29
SO0009032,Z34,DC-KOL,2025-08-26,2025-08-29
SO0009033,Z01,DC-HYD,2025-08-27,2025-08-29
SO0009034,Z06,DC-HYD,2025-08-27,2025-08-30
SO0009035,Z09,DC-HYD,2025-08-27,2025-08-31
SO0009036,Z16,DC-MUM,2025-08-27,2025-08-29
SO0009030,Z23,DC-DEL,2025-08-26,2025-08-28
SO0009037,Z21,DC-DEL,2025-08-27,2025-08-29
SO0009038,Z24,DC-DEL,2025-08-27,2025-08-29
SO0009039,Z25,DC-DEL,2025-08-27,2025-08-29
SO0009040,Z26,DC-DEL,2025-08-27,2025-08-30
SO0009041,Z27,DC-DEL,2025-08-27,2025-08-29
SO0009043,Z29,DC-KOL,2025-08-27,2025-08-29
SO0009048,Z05,DC-HYD,2025-08-28,2025-08-31
SO0009049,Z07,DC-HYD,2025-08-28,2025-09-01
SO0009050,Z12,DC-MUM,2025-08-28,2025-08-30
SO0009051,Z13,DC-MUM,2025-08-28,2025-08-30
SO0009052,Z16,DC-MUM,2025-08-28,2025-08-30
SO0009053,Z18,DC-MUM,2025-08-28,2025-08-31
SO0009054,Z19,DC-MUM,2025-08-28,2025-08-30
SO0009042,Z28,DC-DEL,2025-08-27,2025-08-30
SO0009055,Z20,DC-DEL,2025-08-28,2025-08-30
SO0009056,Z27,DC-DEL,2025-08-28,2025-08-30
SO0009057,Z28,DC-DEL,2025-08-28,2025-08-31
SO0009044,Z31,DC-KOL,2025-08-27,2025-08-30
SO0009045,Z32,DC-KOL,2025-08-27,2025-08-29
SO0009046,Z33,DC-KOL,2025-08-27,2025-08-30
SO0009060,Z02,DC-HYD,2025-08-29,2025-08-31
SO0009061,Z07,DC-HYD,2025-08-29,2025-09-02
SO0009072,Z35,DC-HYD,2025-08-29,2025-09-01
SO0009062,Z11,DC-MUM,2025-08-29,2025-08-31
SO0009063,Z12,DC-MUM,2025-08-29,2025-08-31
SO0009064,Z15,DC-MUM,2025-08-29,2025-08-31
SO0009065,Z17,DC-MUM,2025-08-29,2025-09-01
SO0009066,Z21,DC-DEL,2025-08-29,2025-08-31
SO0009067,Z23,DC-DEL,2025-08-29,2025-08-31
SO0009068,Z24,DC-DEL,2025-08-29,2025-08-31
SO0009069,Z25,DC-DEL,2025-08-29,2025-08-31
SO0009047,Z36,DC-KOL,2025-08-27,2025-08-30
SO0009058,Z30,DC-KOL,2025-08-28,2025-08-31
SO0009059,Z36,DC-KOL,2025-08-28,2025-08-31
SO0009070,Z29,DC-KOL,2025-08-29,2025-08-31
SO0009073,Z03,DC-HYD,2025-08-30,2025-09-02
SO0009074,Z05,DC-HYD,2025-08-30,2025-09-02
SO0009075,Z06,DC-HYD,2025-08-30,2025-09-02
SO0009076,Z08,DC-HYD,2025-08-30,2025-09-03
SO0009077,Z09,DC-HYD,2025-08-30,2025-09-03
SO0009078,Z14,DC-MUM,2025-08-30,2025-09-02
SO0009079,Z17,DC-MUM,2025-08-30,2025-09-02
SO0009080,Z22,DC-DEL,2025-08-30,2025-09-02
SO0009071,Z32,DC-KOL,2025-08-29,2025-08-31
SO0009081,Z31,DC-KOL,2025-08-30,2025-09-02
SO0009082,Z34,DC-KOL,2025-08-30,2025-09-02
SO0009083,Z03,DC-HYD,2025-09-01,2025-09-04
SO0009084,Z04,DC-HYD,2025-09-01,2025-09-03
SO0009085,Z08,DC-HYD,2025-09-01,2025-09-05
SO0009086,Z10,DC-HYD,2025-09-01,2025-09-04
SO0009093,Z35,DC-HYD,2025-09-01,2025-09-04
SO0009087,Z11,DC-MUM,2025-09-01,2025-09-03
SO0009088,Z13,DC-MUM,2025-09-01,2025-09-03
SO0009089,Z15,DC-MUM,2025-09-01,2025-09-03
SO0009090,Z18,DC-MUM,2025-09-01,2025-09-04
SO0009091,Z26,DC-DEL,2025-09-01,2025-09-04
SO0009092,Z33,DC-KOL,2025-09-01,2025-09-04
SO0009094,Z01,DC-HYD,2025-09-02,2025-09-04
SO0009095,Z02,DC-HYD,2025-09-02,2025-09-04
SO0009096,Z04,DC-HYD,2025-09-02,2025-09-04
SO0009097,Z10,DC-HYD,2025-09-02,2025-09-05
SO0009098,Z14,DC-MUM,2025-09-02,2025-09-05
SO0009099,Z19,DC-MUM,2025-09-02,2025-09-04
SO0009100,Z20,DC-DEL,2025-09-02,2025-09-04
SO0009101,Z22,DC-DEL,2025-09-02,2025-09-05
SO0009102,Z23,DC-DEL,2025-09-02,2025-09-04
SO0009103,Z30,DC-KOL,2025-09-02,2025-09-05
SO0009104,Z34,DC-KOL,2025-09-02,2025-09-05
SO0009105,Z01,DC-HYD,2025-09-03,2025-09-05
SO0009106,Z06,DC-HYD,2025-09-03,2025-09-06
SO0009107,Z09,DC-HYD,2025-09-03,2025-09-07
SO0009108,Z16,DC-MUM,2025-09-03,2025-09-05
SO0009109,Z21,DC-DEL,2025-09-03,2025-09-05
SO0009110,Z24,DC-DEL,2025-09-03,2025-09-05
SO0009111,Z25,DC-DEL,2025-09-03,2025-09-05
SO0009112,Z26,DC-DEL,2025-09-03,2025-09-06
SO0009113,Z27,DC-DEL,2025-09-03,2025-09-05
SO0009115,Z29,DC-KOL,2025-09-03,2025-09-05
SO0009120,Z05,DC-HYD,2025-09-04,2025-09-07
SO0009121,Z07,DC-HYD,2025-09-04,2025-09-08
SO0009122,Z12,DC-MUM,2025-09-04,2025-09-06
SO0009123,Z13,DC-MUM,2025-09-04,2025-09-06
SO0009124,Z16,DC-MUM,2025-09-04,2025-09-06
SO0009125,Z18,DC-MUM,2025-09-04,2025-09-07
SO0009126,Z19,DC-MUM,2025-09-04,2025-09-06
SO0009114,Z28,DC-DEL,2025-09-03,2025-09-06
SO0009127,Z20,DC-DEL,2025-09-04,2025-09-06
SO0009128,Z27,DC-DEL,2025-09-04,2025-09-06
SO0009129,Z28,DC-DEL,2025-09-04,2025-09-07
SO0009116,Z31,DC-KOL,2025-09-03,2025-09-06
SO0009117,Z32,DC-KOL,2025-09-03,2025-09-05
SO0009118,Z33,DC-KOL,2025-09-03,2025-09-06
SO0009132,Z02,DC-HYD,2025-09-05,2025-09-07
SO0009133,Z07,DC-HYD,2025-09-05,2025-09-09
SO0009144,Z35,DC-HYD,2025-09-05,2025-09-08
SO0009134,Z11,DC-MUM,2025-09-05,2025-09-07
SO0009135,Z12,DC-MUM,2025-09-05,2025-09-07
SO0009136,Z15,DC-MUM,2025-09-05,2025-09-07
SO0009137,Z17,DC-MUM,2025-09-05,2025-09-08
SO0009138,Z21,DC-DEL,2025-09-05,2025-09-07
SO0009139,Z23,DC-DEL,2025-09-05,2025-09-07
SO0009140,Z24,DC-DEL,2025-09-05,2025-09-07
SO0009141,Z25,DC-DEL,2025-09-05,2025-09-07
SO0009119,Z36,DC-KOL,2025-09-03,2025-09-06
SO0009130,Z30,DC-KOL,2025-09-04,2025-09-07
SO0009131,Z36,DC-KOL,2025-09-04,2025-09-07
SO0009142,Z29,DC-KOL,2025-09-05,2025-09-07
SO0009145,Z03,DC-HYD,2025-09-06,2025-09-09
SO0009146,Z05,DC-HYD,2025-09-06,2025-09-09
SO0009147,Z06,DC-HYD,2025-09-06,2025-09-09
SO0009148,Z08,DC-HYD,2025-09-06,2025-09-10
SO0009149,Z09,DC-HYD,2025-09-06,2025-09-10
SO0009150,Z14,DC-MUM,2025-09-06,2025-09-09
SO0009151,Z17,DC-MUM,2025-09-06,2025-09-09
SO0009152,Z22,DC-DEL,2025-09-06,2025-09-09
SO0009143,Z32,DC-KOL,2025-09-05,2025-09-07
SO0009153,Z31,DC-KOL,2025-09-06,2025-09-09
SO0009154,Z34,DC-KOL,2025-09-06,2025-09-09
SO0009155,Z03,DC-HYD,2025-09-08,2025-09-11
SO0009156,Z04,DC-HYD,2025-09-08,2025-09-10
SO0009157,Z08,DC-HYD,2025-09-08,2025-09-12
SO0009158,Z10,DC-HYD,2025-09-08,2025-09-11
SO0009165,Z35,DC-HYD,2025-09-08,2025-09-11
SO0009159,Z11,DC-MUM,2025-09-08,2025-09-10
SO0009160,Z13,DC-MUM,2025-09-08,2025-09-10
SO0009161,Z15,DC-MUM,2025-09-08,2025-09-10
SO0009162,Z18,DC-MUM,2025-09-08,2025-09-11
SO0009163,Z26,DC-DEL,2025-09-08,2025-09-11
SO0009164,Z33,DC-KOL,2025-09-08,2025-09-11
SO0009166,Z01,DC-HYD,2025-09-09,2025-09-11
SO0009167,Z02,DC-HYD,2025-09-09,2025-09-11
SO0009168,Z04,DC-HYD,2025-09-09,2025-09-11
SO0009169,Z10,DC-HYD,2025-09-09,2025-09-12
SO0009170,Z14,DC-MUM,2025-09-09,2025-09-12
SO0009171,Z19,DC-MUM,2025-09-09,2025-09-11
SO0009172,Z20,DC-DEL,2025-09-09,2025-09-11
SO0009173,Z22,DC-DEL,2025-09-09,2025-09-12
SO0009174,Z23,DC-DEL,2025-09-09,2025-09-11
SO0009175,Z30,DC-KOL,2025-09-09,2025-09-12
SO0009176,Z34,DC-KOL,2025-09-09,2025-09-12
SO0009177,Z01,DC-HYD,2025-09-10,2025-09-12
SO0009178,Z06,DC-HYD,2025-09-10,2025-09-13
SO0009179,Z09,DC-HYD,2025-09-10,2025-09-14
SO0009180,Z16,DC-MUM,2025-09-10,2025-09-12
SO0009181,Z21,DC-DEL,2025-09-10,2025-09-12
SO0009182,Z24,DC-DEL,2025-09-10,2025-09-12
SO0009183,Z25,DC-DEL,2025-09-10,2025-09-12
SO0009184,Z26,DC-DEL,2025-09-10,2025-09-13
SO0009185,Z27,DC-DEL,2025-09-10,2025-09-12
SO0009187,Z29,DC-KOL,2025-09-10,2025-09-12
SO0009192,Z05,DC-HYD,2025-09-11,2025-09-14
SO0009193,Z07,DC-HYD,2025-09-11,2025-09-15
SO0009194,Z12,DC-MUM,2025-09-11,2025-09-13
SO0009195,Z13,DC-MUM,2025-09-11,2025-09-13
SO0009196,Z16,DC-MUM,2025-09-11,2025-09-13
SO0009197,Z18,DC-MUM,2025-09-11,2025-09-14
SO0009198,Z19,DC-MUM,2025-09-11,2025-09-13
SO0009186,Z28,DC-DEL,2025-09-10,2025-09-13
SO0009199,Z20,DC-DEL,2025-09-11,2025-09-13
SO0009200,Z27,DC-DEL,2025-09-11,2025-09-13
SO0009201,Z28,DC-DEL,2025-09-11,2025-09-14
SO0009188,Z31,DC-KOL,2025-09-10,2025-09-13
SO0009189,Z32,DC-KOL,2025-09-10,2025-09-12
SO0009190,Z33,DC-KOL,2025-09-10,2025-09-13
SO0009204,Z02,DC-HYD,2025-09-12,2025-09-14
SO0009205,Z07,DC-HYD,2025-09-12,2025-09-16
SO0009216,Z35,DC-HYD,2025-09-12,2025-09-15
SO0009206,Z11,DC-MUM,2025-09-12,2025-09-14
SO0009207,Z12,DC-MUM,2025-09-12,2025-09-14
SO0009208,Z15,DC-MUM,2025-09-12,2025-09-14
SO0009209,Z17,DC-MUM,2025-09-12,2025-09-15
SO0009210,Z21,DC-DEL,2025-09-12,2025-09-14
SO0009211,Z23,DC-DEL,2025-09-12,2025-09-14
SO0009212,Z24,DC-DEL,2025-09-12,2025-09-14
SO0009213,Z25,DC-DEL,2025-09-12,2025-09-14
SO0009191,Z36,DC-KOL,2025-09-10,2025-09-13
SO0009202,Z30,DC-KOL,2025-09-11,2025-09-14
SO0009203,Z36,DC-KOL,2025-09-11,2025-09-14
SO0009214,Z29,DC-KOL,2025-09-12,2025-09-14
SO0009217,Z03,DC-HYD,2025-09-13,2025-09-16
SO0009218,Z05,DC-HYD,2025-09-13,2025-09-16
SO0009219,Z06,DC-HYD,2025-09-13,2025-09-16
SO0009220,Z08,DC-HYD,2025-09-13,2025-09-17
SO0009221,Z09,DC-HYD,2025-09-13,2025-09-17
SO0009222,Z14,DC-MUM,2025-09-13,2025-09-16
SO0009223,Z17,DC-MUM,2025-09-13,2025-09-16
SO0009224,Z22,DC-DEL,2025-09-13,2025-09-16
SO0009215,Z32,DC-KOL,2025-09-12,2025-09-14
SO0009225,Z31,DC-KOL,2025-09-13,2025-09-16
SO0009226,Z34,DC-KOL,2025-09-13,2025-09-16
SO0009227,Z03,DC-HYD,2025-09-15,2025-09-18
SO0009228,Z04,DC-HYD,2025-09-15,2025-09-17
SO0009229,Z08,DC-HYD,2025-09-15,2025-09-19
SO0009230,Z10,DC-HYD,2025-09-15,2025-09-18
SO0009237,Z35,DC-HYD,2025-09-15,2025-09-18
SO0009231,Z11,DC-MUM,2025-09-15,2025-09-17
SO0009232,Z13,DC-MUM,2025-09-15,2025-09-17
SO0009233,Z15,DC-MUM,2025-09-15,2025-09-17
SO0009234,Z18,DC-MUM,2025-09-15,2025-09-18
SO0009235,Z26,DC-DEL,2025-09-15,2025-09-18
SO0009236,Z33,DC-KOL,2025-09-15,2025-09-18
SO0009238,Z01,DC-HYD,2025-09-16,2025-09-18
SO0009239,Z02,DC-HYD,2025-09-16,2025-09-18
SO0009240,Z04,DC-HYD,2025-09-16,2025-09-18
SO0009241,Z10,DC-HYD,2025-09-16,2025-09-19
SO0009242,Z14,DC-MUM,2025-09-16,2025-09-19
SO0009243,Z19,DC-MUM,2025-09-16,2025-09-18
SO0009244,Z20,DC-DEL,2025-09-16,2025-09-18
SO0009245,Z22,DC-DEL,2025-09-16,2025-09-19
SO0009246,Z23,DC-DEL,2025-09-16,2025-09-18
SO0009247,Z30,DC-KOL,2025-09-16,2025-09-19
SO0009248,Z34,DC-KOL,2025-09-16,2025-09-19
SO0009249,Z01,DC-HYD,2025-09-17,2025-09-19
SO0009250,Z06,DC-HYD,2025-09-17,2025-09-20
SO0009251,Z09,DC-HYD,2025-09-17,2025-09-21
SO0009252,Z16,DC-MUM,2025-09-17,2025-09-19
SO0009253,Z21,DC-DEL,2025-09-17,2025-09-19
SO0009254,Z24,DC-DEL,2025-09-17,2025-09-19
SO0009255,Z25,DC-DEL,2025-09-17,2025-09-19
SO0009256,Z26,DC-DEL,2025-09-17,2025-09-20
SO0009257,Z27,DC-DEL,2025-09-17,2025-09-19
SO0009258,Z28,DC-DEL,2025-09-17,2025-09-20
SO0009259,Z29,DC-KOL,2025-09-17,2025-09-19
SO0009264,Z05,DC-HYD,2025-09-18,2025-09-21
SO0009265,Z07,DC-HYD,2025-09-18,2025-09-22
SO0009266,Z12,DC-MUM,2025-09-18,2025-09-20
SO0009267,Z13,DC-MUM,2025-09-18,2025-09-20
SO0009268,Z16,DC-MUM,2025-09-18,2025-09-20
SO0009269,Z18,DC-MUM,2025-09-18,2025-09-21
SO0009270,Z19,DC-MUM,2025-09-18,2025-09-20
SO0009271,Z20,DC-DEL,2025-09-18,2025-09-20
SO0009272,Z27,DC-DEL,2025-09-18,2025-09-20
SO0009273,Z28,DC-DEL,2025-09-18,2025-09-21
SO0009260,Z31,DC-KOL,2025-09-17,2025-09-20
SO0009261,Z32,DC-KOL,2025-09-17,2025-09-19
SO0009262,Z33,DC-KOL,2025-09-17,2025-09-20
SO0009276,Z02,DC-HYD,2025-09-19,2025-09-21
SO0009277,Z07,DC-HYD,2025-09-19,2025-09-23
SO0009288,Z35,DC-HYD,2025-09-19,2025-09-22
SO0009278,Z11,DC-MUM,2025-09-19,2025-09-21
SO0009279,Z12,DC-MUM,2025-09-19,2025-09-21
SO0009280,Z15,DC-MUM,2025-09-19,2025-09-21
SO0009281,Z17,DC-MUM,2025-09-19,2025-09-22
SO0009282,Z21,DC-DEL,2025-09-19,2025-09-21
SO0009283,Z23,DC-DEL,2025-09-19,2025-09-21
SO0009284,Z24,DC-DEL,2025-09-19,2025-09-21
SO0009285,Z25,DC-DEL,2025-09-19,2025-09-21
SO0009263,Z36,DC-KOL,2025-09-17,2025-09-20
SO0009274,Z30,DC-KOL,2025-09-18,2025-09-21
SO0009275,Z36,DC-KOL,2025-09-18,2025-09-21
SO0009286,Z29,DC-KOL,2025-09-19,2025-09-21
SO0009287,Z32,DC-KOL,2025-09-19,2025-09-21
SO0009289,Z03,DC-HYD,2025-09-20,2025-09-23
SO0009290,Z05,DC-HYD,2025-09-20,2025-09-23
SO0009291,Z06,DC-HYD,2025-09-20,2025-09-23
SO0009292,Z08,DC-HYD,2025-09-20,2025-09-24
SO0009293,Z09,DC-HYD,2025-09-20,2025-09-24
SO0009294,Z14,DC-MUM,2025-09-20,2025-09-23
SO0009295,Z17,DC-MUM,2025-09-20,2025-09-23
SO0009296,Z22,DC-DEL,2025-09-20,2025-09-23
SO0009297,Z31,DC-KOL,2025-09-20,2025-09-23
SO0009298,Z34,DC-KOL,2025-09-20,2025-09-23
SO0009299,Z03,DC-HYD,2025-09-22,2025-09-25
SO0009300,Z04,DC-HYD,2025-09-22,2025-09-24
SO0009301,Z08,DC-HYD,2025-09-22,2025-09-26
SO0009302,Z10,DC-HYD,2025-09-22,2025-09-25
SO0009309,Z35,DC-HYD,2025-09-22,2025-09-25
SO0009303,Z11,DC-MUM,2025-09-22,2025-09-24
SO0009304,Z13,DC-MUM,2025-09-22,2025-09-24
SO0009305,Z15,DC-MUM,2025-09-22,2025-09-24
SO0009306,Z18,DC-MUM,2025-09-22,2025-09-25
SO0009307,Z26,DC-DEL,2025-09-22,2025-09-25
SO0009308,Z33,DC-KOL,2025-09-22,2025-09-25
SO0009310,Z01,DC-HYD,2025-09-23,2025-09-25
SO0009311,Z02,DC-HYD,2025-09-23,2025-09-25
SO0009312,Z04,DC-HYD,2025-09-23,2025-09-25
SO0009313,Z10,DC-HYD,2025-09-23,2025-09-26
SO0009314,Z14,DC-MUM,2025-09-23,2025-09-26
SO0009315,Z19,DC-MUM,2025-09-23,2025-09-25
SO0009316,Z20,DC-DEL,2025-09-23,2025-09-25
SO0009317,Z22,DC-DEL,2025-09-23,2025-09-26
SO0009318,Z23,DC-DEL,2025-09-23,2025-09-25
SO0009319,Z30,DC-KOL,2025-09-23,2025-09-26
SO0009320,Z34,DC-KOL,2025-09-23,2025-09-26
SO0009321,Z01,DC-HYD,2025-09-24,2025-09-26
SO0009322,Z06,DC-HYD,2025-09-24,2025-09-27
SO0009323,Z09,DC-HYD,2025-09-24,2025-09-28
SO0009324,Z16,DC-MUM,2025-09-24,2025-09-26
SO0009325,Z21,DC-DEL,2025-09-24,2025-09-26
SO0009326,Z24,DC-DEL,2025-09-24,2025-09-26
SO0009327,Z25,DC-DEL,2025-09-24,2025-09-26
SO0009328,Z26,DC-DEL,2025-09-24,2025-09-27
SO0009329,Z27,DC-DEL,2025-09-24,2025-09-26
SO0009330,Z28,DC-DEL,2025-09-24,2025-09-27
SO0009331,Z29,DC-KOL,2025-09-24,2025-09-26
SO0009336,Z05,DC-HYD,2025-09-25,2025-09-28
SO0009337,Z07,DC-HYD,2025-09-25,2025-09-29
SO0009338,Z12,DC-MUM,2025-09-25,2025-09-27
SO0009339,Z13,DC-MUM,2025-09-25,2025-09-27
SO0009340,Z16,DC-MUM,2025-09-25,2025-09-27
SO0009341,Z18,DC-MUM,2025-09-25,2025-09-28
SO0009342,Z19,DC-MUM,2025-09-25,2025-09-27
SO0009343,Z20,DC-DEL,2025-09-25,2025-09-27
SO0009344,Z27,DC-DEL,2025-09-25,2025-09-27
SO0009345,Z28,DC-DEL,2025-09-25,2025-09-28
SO0009332,Z31,DC-KOL,2025-09-24,2025-09-27
SO0009333,Z32,DC-KOL,2025-09-24,2025-09-26
SO0009334,Z33,DC-KOL,2025-09-24,2025-09-27
SO0009348,Z02,DC-HYD,2025-09-26,2025-09-28
SO0009349,Z07,DC-HYD,2025-09-26,2025-09-30
SO0009360,Z35,DC-HYD,2025-09-26,2025-09-29
SO0009350,Z11,DC-MUM,2025-09-26,2025-09-28
SO0009351,Z12,DC-MUM,2025-09-26,2025-09-28
SO0009352,Z15,DC-MUM,2025-09-26,2025-09-28
SO0009353,Z17,DC-MUM,2025-09-26,2025-09-29
SO0009354,Z21,DC-DEL,2025-09-26,2025-09-28
SO0009355,Z23,DC-DEL,2025-09-26,2025-09-28
SO0009356,Z24,DC-DEL,2025-09-26,2025-09-28
SO0009357,Z25,DC-DEL,2025-09-26,2025-09-28
SO0009335,Z36,DC-KOL,2025-09-24,2025-09-27
SO0009346,Z30,DC-KOL,2025-09-25,2025-09-28
SO0009347,Z36,DC-KOL,2025-09-25,2025-09-28
SO0009358,Z29,DC-KOL,2025-09-26,2025-09-28
SO0009359,Z32,DC-KOL,2025-09-26,2025-09-28
SO0009361,Z03,DC-HYD,2025-09-27,2025-09-30
SO0009362,Z05,DC-HYD,2025-09-27,2025-09-30
SO0009363,Z06,DC-HYD,2025-09-27,2025-09-30
SO0009364,Z08,DC-HYD,2025-09-27,2025-10-01
SO0009365,Z09,DC-HYD,2025-09-27,2025-10-01
SO0009366,Z14,DC-MUM,2025-09-27,2025-09-30
SO0009367,Z17,DC-MUM,2025-09-27,2025-09-30
SO0009368,Z22,DC-DEL,2025-09-27,2025-09-30
SO0009369,Z31,DC-KOL,2025-09-27,2025-09-30
SO0009370,Z34,DC-KOL,2025-09-27,2025-09-30
SO0009371,Z03,DC-HYD,2025-09-29,2025-10-02
SO0009372,Z04,DC-HYD,2025-09-29,2025-10-01
SO0009373,Z08,DC-HYD,2025-09-29,2025-10-03
SO0009374,Z10,DC-HYD,2025-09-29,2025-10-02
SO0009381,Z35,DC-HYD,2025-09-29,2025-10-02
SO0009375,Z11,DC-MUM,2025-09-29,2025-10-01
SO0009376,Z13,DC-MUM,2025-09-29,2025-10-01
SO0009377,Z15,DC-MUM,2025-09-29,2025-10-01
SO0009378,Z18,DC-MUM,2025-09-29,2025-10-02
SO0009379,Z26,DC-DEL,2025-09-29,2025-10-02
SO0009380,Z33,DC-KOL,2025-09-29,2025-10-02
SO0009382,Z01,DC-HYD,2025-09-30,2025-10-02
SO0009383,Z02,DC-HYD,2025-09-30,2025-10-02
SO0009384,Z04,DC-HYD,2025-09-30,2025-10-02
SO0009385,Z10,DC-HYD,2025-09-30,2025-10-03
SO0009386,Z14,DC-MUM,2025-09-30,2025-10-03
SO0009387,Z19,DC-MUM,2025-09-30,2025-10-02
SO0009388,Z20,DC-DEL,2025-09-30,2025-10-02
SO0009389,Z22,DC-DEL,2025-09-30,2025-10-03
SO0009391,Z30,DC-KOL,2025-09-30,2025-10-03
SO0009392,Z34,DC-KOL,2025-09-30,2025-10-03
SO0009393,Z01,DC-HYD,2025-10-01,2025-10-03
SO0009394,Z06,DC-HYD,2025-10-01,2025-10-04
SO0009395,Z09,DC-HYD,2025-10-01,2025-10-05
SO0009396,Z16,DC-MUM,2025-10-01,2025-10-03
SO0009390,Z23,DC-DEL,2025-09-30,2025-10-02
SO0009397,Z21,DC-DEL,2025-10-01,2025-10-03
SO0009398,Z24,DC-DEL,2025-10-01,2025-10-03
SO0009399,Z25,DC-DEL,2025-10-01,2025-10-03
SO0009400,Z26,DC-DEL,2025-10-01,2025-10-04
SO0009401,Z27,DC-DEL,2025-10-01,2025-10-03
SO0009403,Z29,DC-KOL,2025-10-01,2025-10-03
SO0009408,Z05,DC-HYD,2025-10-02,2025-10-05
SO0009409,Z07,DC-HYD,2025-10-02,2025-10-06
SO0009410,Z12,DC-MUM,2025-10-02,2025-10-04
SO0009411,Z13,DC-MUM,2025-10-02,2025-10-04
SO0009412,Z16,DC-MUM,2025-10-02,2025-10-04
SO0009413,Z18,DC-MUM,2025-10-02,2025-10-05
SO0009414,Z19,DC-MUM,2025-10-02,2025-10-04
SO0009402,Z28,DC-DEL,2025-10-01,2025-10-04
SO0009415,Z20,DC-DEL,2025-10-02,2025-10-04
SO0009416,Z27,DC-DEL,2025-10-02,2025-10-04
SO0009417,Z28,DC-DEL,2025-10-02,2025-10-05
SO0009404,Z31,DC-KOL,2025-10-01,2025-10-04
SO0009405,Z32,DC-KOL,2025-10-01,2025-10-03
SO0009406,Z33,DC-KOL,2025-10-01,2025-10-04
SO0009420,Z02,DC-HYD,2025-10-03,2025-10-05
SO0009421,Z07,DC-HYD,2025-10-03,2025-10-07
SO0009432,Z35,DC-HYD,2025-10-03,2025-10-06
SO0009422,Z11,DC-MUM,2025-10-03,2025-10-05
SO0009423,Z12,DC-MUM,2025-10-03,2025-10-05
SO0009424,Z15,DC-MUM,2025-10-03,2025-10-05
SO0009426,Z21,DC-DEL,2025-10-03,2025-10-05
SO0009427,Z23,DC-DEL,2025-10-03,2025-10-05
SO0009428,Z24,DC-DEL,2025-10-03,2025-10-05
SO0009429,Z25,DC-DEL,2025-10-03,2025-10-05
SO0009407,Z36,DC-KOL,2025-10-01,2025-10-04
SO0009418,Z30,DC-KOL,2025-10-02,2025-10-05
SO0009419,Z36,DC-KOL,2025-10-02,2025-10-05
SO0009433,Z03,DC-HYD,2025-10-04,2025-10-07
SO0009434,Z05,DC-HYD,2025-10-04,2025-10-07
SO0009435,Z06,DC-HYD,2025-10-04,2025-10-07
SO0009436,Z08,DC-HYD,2025-10-04,2025-10-08
SO0009437,Z09,DC-HYD,2025-10-04,2025-10-08
SO0009425,Z17,DC-MUM,2025-10-03,2025-10-06
SO0009438,Z14,DC-MUM,2025-10-04,2025-10-07
SO0009439,Z17,DC-MUM,2025-10-04,2025-10-07
SO0009440,Z22,DC-DEL,2025-10-04,2025-10-07
SO0009430,Z29,DC-KOL,2025-10-03,2025-10-05
SO0009431,Z32,DC-KOL,2025-10-03,2025-10-05
SO0009443,Z03,DC-HYD,2025-10-06,2025-10-09
SO0009444,Z04,DC-HYD,2025-10-06,2025-10-08
SO0009445,Z08,DC-HYD,2025-10-06,2025-10-10
SO0009446,Z10,DC-HYD,2025-10-06,2025-10-09
SO0009453,Z35,DC-HYD,2025-10-06,2025-10-09
SO0009447,Z11,DC-MUM,2025-10-06,2025-10-08
SO0009448,Z13,DC-MUM,2025-10-06,2025-10-08
SO0009449,Z15,DC-MUM,2025-10-06,2025-10-08
SO0009450,Z18,DC-MUM,2025-10-06,2025-10-09
SO0009451,Z26,DC-DEL,2025-10-06,2025-10-09
SO0009441,Z31,DC-KOL,2025-10-04,2025-10-07
SO0009442,Z34,DC-KOL,2025-10-04,2025-10-07
SO0009452,Z33,DC-KOL,2025-10-06,2025-10-09
SO0009454,Z01,DC-HYD,2025-10-07,2025-10-09
SO0009455,Z02,DC-HYD,2025-10-07,2025-10-09
SO0009456,Z04,DC-HYD,2025-10-07,2025-10-09
SO0009457,Z10,DC-HYD,2025-10-07,2025-10-10
SO0009458,Z14,DC-MUM,2025-10-07,2025-10-10
SO0009459,Z19,DC-MUM,2025-10-07,2025-10-09
SO0009460,Z20,DC-DEL,2025-10-07,2025-10-09
SO0009463,Z30,DC-KOL,2025-10-07,2025-10-10
SO0009464,Z34,DC-KOL,2025-10-07,2025-10-10
SO0009465,Z01,DC-HYD,2025-10-08,2025-10-10
SO0009466,Z06,DC-HYD,2025-10-08,2025-10-11
SO0009467,Z09,DC-HYD,2025-10-08,2025-10-12
SO0009468,Z16,DC-MUM,2025-10-08,2025-10-10
SO0009461,Z22,DC-DEL,2025-10-07,2025-10-10
SO0009462,Z23,DC-DEL,2025-10-07,2025-10-09
SO0009469,Z21,DC-DEL,2025-10-08,2025-10-10
SO0009475,Z29,DC-KOL,2025-10-08,2025-10-10
SO0009480,Z05,DC-HYD,2025-10-09,2025-10-12
SO0009481,Z07,DC-HYD,2025-10-09,2025-10-13
SO0009482,Z12,DC-MUM,2025-10-09,2025-10-11
SO0009483,Z13,DC-MUM,2025-10-09,2025-10-11
SO0009484,Z16,DC-MUM,2025-10-09,2025-10-11
SO0009485,Z18,DC-MUM,2025-10-09,2025-10-12
SO0009486,Z19,DC-MUM,2025-10-09,2025-10-11
SO0009470,Z24,DC-DEL,2025-10-08,2025-10-10
SO0009471,Z25,DC-DEL,2025-10-08,2025-10-10
SO0009472,Z26,DC-DEL,2025-10-08,2025-10-11
SO0009473,Z27,DC-DEL,2025-10-08,2025-10-10
SO0009474,Z28,DC-DEL,2025-10-08,2025-10-11
SO0009476,Z31,DC-KOL,2025-10-08,2025-10-11
SO0009477,Z32,DC-KOL,2025-10-08,2025-10-10
SO0009478,Z33,DC-KOL,2025-10-08,2025-10-11
SO0009492,Z02,DC-HYD,2025-10-10,2025-10-12
SO0009493,Z07,DC-HYD,2025-10-10,2025-10-14
SO0009504,Z35,DC-HYD,2025-10-10,2025-10-13
SO0009494,Z11,DC-MUM,2025-10-10,2025-10-12
SO0009495,Z12,DC-MUM,2025-10-10,2025-10-12
SO0009496,Z15,DC-MUM,2025-10-10,2025-10-12
SO0009487,Z20,DC-DEL,2025-10-09,2025-10-11
SO0009488,Z27,DC-DEL,2025-10-09,2025-10-11
SO0009489,Z28,DC-DEL,2025-10-09,2025-10-12
SO0009498,Z21,DC-DEL,2025-10-10,2025-10-12
SO0009499,Z23,DC-DEL,2025-10-10,2025-10-12
SO0009500,Z24,DC-DEL,2025-10-10,2025-10-12
SO0009501,Z25,DC-DEL,2025-10-10,2025-10-12
SO0009479,Z36,DC-KOL,2025-10-08,2025-10-11
SO0009490,Z30,DC-KOL,2025-10-09,2025-10-12
SO0009491,Z36,DC-KOL,2025-10-09,2025-10-12
SO0009505,Z03,DC-HYD,2025-10-11,2025-10-14
SO0009506,Z05,DC-HYD,2025-10-11,2025-10-14
SO0009507,Z06,DC-HYD,2025-10-11,2025-10-14
SO0009508,Z08,DC-HYD,2025-10-11,2025-10-15
SO0009509,Z09,DC-HYD,2025-10-11,2025-10-15
SO0009497,Z17,DC-MUM,2025-10-10,2025-10-13
SO0009510,Z14,DC-MUM,2025-10-11,2025-10-14
SO0009511,Z17,DC-MUM,2025-10-11,2025-10-14
SO0009512,Z22,DC-DEL,2025-10-11,2025-10-14
SO0009502,Z29,DC-KOL,2025-10-10,2025-10-12
SO0009503,Z32,DC-KOL,2025-10-10,2025-10-12
SO0009515,Z03,DC-HYD,2025-10-13,2025-10-16
SO0009516,Z04,DC-HYD,2025-10-13,2025-10-15
SO0009517,Z08,DC-HYD,2025-10-13,2025-10-17
SO0009518,Z10,DC-HYD,2025-10-13,2025-10-16
SO0009525,Z35,DC-HYD,2025-10-13,2025-10-16
SO0009519,Z11,DC-MUM,2025-10-13,2025-10-15
SO0009520,Z13,DC-MUM,2025-10-13,2025-10-15
SO0009521,Z15,DC-MUM,2025-10-13,2025-10-15
SO0009523,Z26,DC-DEL,2025-10-13,2025-10-16
SO0009513,Z31,DC-KOL,2025-10-11,2025-10-14
SO0009514,Z34,DC-KOL,2025-10-11,2025-10-14
SO0009526,Z01,DC-HYD,2025-10-14,2025-10-16
SO0009527,Z02,DC-HYD,2025-10-14,2025-10-16
SO0009528,Z04,DC-HYD,2025-10-14,2025-10-16
SO0009529,Z10,DC-HYD,2025-10-14,2025-10-17
SO0009522,Z18,DC-MUM,2025-10-13,2025-10-16
SO0009530,Z14,DC-MUM,2025-10-14,2025-10-17
SO0009531,Z19,DC-MUM,2025-10-14,2025-10-16
SO0009532,Z20,DC-DEL,2025-10-14,2025-10-16
SO0009524,Z33,DC-KOL,2025-10-13,2025-10-16
SO0009537,Z01,DC-HYD,2025-10-15,2025-10-17
SO0009538,Z06,DC-HYD,2025-10-15,2025-10-18
SO0009539,Z09,DC-HYD,2025-10-15,2025-10-19
SO0009540,Z16,DC-MUM,2025-10-15,2025-10-17
SO0009533,Z22,DC-DEL,2025-10-14,2025-10-17
SO0009534,Z23,DC-DEL,2025-10-14,2025-10-16
SO0009541,Z21,DC-DEL,2025-10-15,2025-10-17
SO0009535,Z30,DC-KOL,2025-10-14,2025-10-17
SO0009536,Z34,DC-KOL,2025-10-14,2025-10-17
SO0009552,Z05,DC-HYD,2025-10-16,2025-10-19
SO0009553,Z07,DC-HYD,2025-10-16,2025-10-20
SO0009554,Z12,DC-MUM,2025-10-16,2025-10-18
SO0009555,Z13,DC-MUM,2025-10-16,2025-10-18
SO0009556,Z16,DC-MUM,2025-10-16,2025-10-18
SO0009557,Z18,DC-MUM,2025-10-16,2025-10-19
SO0009558,Z19,DC-MUM,2025-10-16,2025-10-18
SO0009542,Z24,DC-DEL,2025-10-15,2025-10-17
SO0009543,Z25,DC-DEL,2025-10-15,2025-10-17
SO0009544,Z26,DC-DEL,2025-10-15,2025-10-18
SO0009545,Z27,DC-DEL,2025-10-15,2025-10-17
SO0009546,Z28,DC-DEL,2025-10-15,2025-10-18
SO0009547,Z29,DC-KOL,2025-10-15,2025-10-17
SO0009564,Z02,DC-HYD,2025-10-17,2025-10-19
SO0009565,Z07,DC-HYD,2025-10-17,2025-10-21
SO0009576,Z35,DC-HYD,2025-10-17,2025-10-20
SO0009566,Z11,DC-MUM,2025-10-17,2025-10-19
SO0009567,Z12,DC-MUM,2025-10-17,2025-10-19
SO0009568,Z15,DC-MUM,2025-10-17,2025-10-19
SO0009559,Z20,DC-DEL,2025-10-16,2025-10-18
SO0009560,Z27,DC-DEL,2025-10-16,2025-10-18
SO0009561,Z28,DC-DEL,2025-10-16,2025-10-19
SO0009570,Z21,DC-DEL,2025-10-17,2025-10-19
SO0009571,Z23,DC-DEL,2025-10-17,2025-10-19
SO0009572,Z24,DC-DEL,2025-10-17,2025-10-19
SO0009573,Z25,DC-DEL,2025-10-17,2025-10-19
SO0009548,Z31,DC-KOL,2025-10-15,2025-10-18
SO0009549,Z32,DC-KOL,2025-10-15,2025-10-17
SO0009577,Z03,DC-HYD,2025-10-18,2025-10-21
SO0009578,Z05,DC-HYD,2025-10-18,2025-10-21
SO0009579,Z06,DC-HYD,2025-10-18,2025-10-21
SO0009580,Z08,DC-HYD,2025-10-18,2025-10-22
SO0009569,Z17,DC-MUM,2025-10-17,2025-10-20
SO0009582,Z14,DC-MUM,2025-10-18,2025-10-21
SO0009583,Z17,DC-MUM,2025-10-18,2025-10-21
SO0009584,Z22,DC-DEL,2025-10-18,2025-10-21
SO0009550,Z33,DC-KOL,2025-10-15,2025-10-18
SO0009551,Z36,DC-KOL,2025-10-15,2025-10-18
SO0009562,Z30,DC-KOL,2025-10-16,2025-10-19
SO0009563,Z36,DC-KOL,2025-10-16,2025-10-19
SO0009581,Z09,DC-HYD,2025-10-18,2025-10-22
SO0009587,Z03,DC-HYD,2025-10-20,2025-10-23
SO0009588,Z04,DC-HYD,2025-10-20,2025-10-22
SO0009589,Z08,DC-HYD,2025-10-20,2025-10-24
SO0009590,Z10,DC-HYD,2025-10-20,2025-10-23
SO0009597,Z35,DC-HYD,2025-10-20,2025-10-23
SO0009591,Z11,DC-MUM,2025-10-20,2025-10-22
SO0009592,Z13,DC-MUM,2025-10-20,2025-10-22
SO0009593,Z15,DC-MUM,2025-10-20,2025-10-22
SO0009595,Z26,DC-DEL,2025-10-20,2025-10-23
SO0009574,Z29,DC-KOL,2025-10-17,2025-10-19
SO0009575,Z32,DC-KOL,2025-10-17,2025-10-19
SO0009598,Z01,DC-HYD,2025-10-21,2025-10-23
SO0009599,Z02,DC-HYD,2025-10-21,2025-10-23
SO0009600,Z04,DC-HYD,2025-10-21,2025-10-23
SO0009601,Z10,DC-HYD,2025-10-21,2025-10-24
SO0009594,Z18,DC-MUM,2025-10-20,2025-10-23
SO0009602,Z14,DC-MUM,2025-10-21,2025-10-24
SO0009603,Z19,DC-MUM,2025-10-21,2025-10-23
SO0009604,Z20,DC-DEL,2025-10-21,2025-10-23
SO0009585,Z31,DC-KOL,2025-10-18,2025-10-21
SO0009586,Z34,DC-KOL,2025-10-18,2025-10-21
SO0009609,Z01,DC-HYD,2025-10-22,2025-10-24
SO0009610,Z06,DC-HYD,2025-10-22,2025-10-25
SO0009611,Z09,DC-HYD,2025-10-22,2025-10-26
SO0009612,Z16,DC-MUM,2025-10-22,2025-10-24
SO0009605,Z22,DC-DEL,2025-10-21,2025-10-24
SO0009606,Z23,DC-DEL,2025-10-21,2025-10-23
SO0009613,Z21,DC-DEL,2025-10-22,2025-10-24
SO0009596,Z33,DC-KOL,2025-10-20,2025-10-23
SO0009607,Z30,DC-KOL,2025-10-21,2025-10-24
SO0009624,Z05,DC-HYD,2025-10-23,2025-10-26
SO0009625,Z07,DC-HYD,2025-10-23,2025-10-27
SO0009626,Z12,DC-MUM,2025-10-23,2025-10-25
SO0009627,Z13,DC-MUM,2025-10-23,2025-10-25
SO0009628,Z16,DC-MUM,2025-10-23,2025-10-25
SO0009629,Z18,DC-MUM,2025-10-23,2025-10-26
SO0009630,Z19,DC-MUM,2025-10-23,2025-10-25
SO0009614,Z24,DC-DEL,2025-10-22,2025-10-24
SO0009615,Z25,DC-DEL,2025-10-22,2025-10-24
SO0009616,Z26,DC-DEL,2025-10-22,2025-10-25
SO0009617,Z27,DC-DEL,2025-10-22,2025-10-24
SO0009618,Z28,DC-DEL,2025-10-22,2025-10-25
SO0009608,Z34,DC-KOL,2025-10-21,2025-10-24
SO0009636,Z02,DC-HYD,2025-10-24,2025-10-26
SO0009637,Z07,DC-HYD,2025-10-24,2025-10-28
SO0009648,Z35,DC-HYD,2025-10-24,2025-10-27
SO0009638,Z11,DC-MUM,2025-10-24,2025-10-26
SO0009639,Z12,DC-MUM,2025-10-24,2025-10-26
SO0009640,Z15,DC-MUM,2025-10-24,2025-10-26
SO0009631,Z20,DC-DEL,2025-10-23,2025-10-25
SO0009632,Z27,DC-DEL,2025-10-23,2025-10-25
SO0009633,Z28,DC-DEL,2025-10-23,2025-10-26
SO0009642,Z21,DC-DEL,2025-10-24,2025-10-26
SO0009643,Z23,DC-DEL,2025-10-24,2025-10-26
SO0009644,Z24,DC-DEL,2025-10-24,2025-10-26
SO0009645,Z25,DC-DEL,2025-10-24,2025-10-26
SO0009619,Z29,DC-KOL,2025-10-22,2025-10-24
SO0009649,Z03,DC-HYD,2025-10-25,2025-10-28
SO0009650,Z05,DC-HYD,2025-10-25,2025-10-28
SO0009651,Z06,DC-HYD,2025-10-25,2025-10-28
SO0009652,Z08,DC-HYD,2025-10-25,2025-10-29
SO0009653,Z09,DC-HYD,2025-10-25,2025-10-29
SO0009641,Z17,DC-MUM,2025-10-24,2025-10-27
SO0009654,Z14,DC-MUM,2025-10-25,2025-10-28
SO0009655,Z17,DC-MUM,2025-10-25,2025-10-28
SO0009656,Z22,DC-DEL,2025-10-25,2025-10-28
SO0009620,Z31,DC-KOL,2025-10-22,2025-10-25
SO0009621,Z32,DC-KOL,2025-10-22,2025-10-24
SO0009622,Z33,DC-KOL,2025-10-22,2025-10-25
SO0009659,Z03,DC-HYD,2025-10-27,2025-10-30
SO0009660,Z04,DC-HYD,2025-10-27,2025-10-29
SO0009661,Z08,DC-HYD,2025-10-27,2025-10-31
SO0009662,Z10,DC-HYD,2025-10-27,2025-10-30
SO0009669,Z35,DC-HYD,2025-10-27,2025-10-30
SO0009663,Z11,DC-MUM,2025-10-27,2025-10-29
SO0009664,Z13,DC-MUM,2025-10-27,2025-10-29
SO0009665,Z15,DC-MUM,2025-10-27,2025-10-29
SO0009666,Z18,DC-MUM,2025-10-27,2025-10-30
SO0009667,Z26,DC-DEL,2025-10-27,2025-10-30
SO0009623,Z36,DC-KOL,2025-10-22,2025-10-25
SO0009634,Z30,DC-KOL,2025-10-23,2025-10-26
SO0009635,Z36,DC-KOL,2025-10-23,2025-10-26
SO0009646,Z29,DC-KOL,2025-10-24,2025-10-26
SO0009647,Z32,DC-KOL,2025-10-24,2025-10-26
SO0009670,Z01,DC-HYD,2025-10-28,2025-10-30
SO0009671,Z02,DC-HYD,2025-10-28,2025-10-30
SO0009672,Z04,DC-HYD,2025-10-28,2025-10-30
SO0009673,Z10,DC-HYD,2025-10-28,2025-10-31
SO0009674,Z14,DC-MUM,2025-10-28,2025-10-31
SO0009675,Z19,DC-MUM,2025-10-28,2025-10-30
SO0009676,Z20,DC-DEL,2025-10-28,2025-10-30
SO0009677,Z22,DC-DEL,2025-10-28,2025-10-31
SO0009657,Z31,DC-KOL,2025-10-25,2025-10-28
SO0009658,Z34,DC-KOL,2025-10-25,2025-10-28
SO0009668,Z33,DC-KOL,2025-10-27,2025-10-30
SO0009681,Z01,DC-HYD,2025-10-29,2025-10-31
SO0009682,Z06,DC-HYD,2025-10-29,2025-11-01
SO0009683,Z09,DC-HYD,2025-10-29,2025-11-02
SO0009684,Z16,DC-MUM,2025-10-29,2025-10-31
SO0009678,Z23,DC-DEL,2025-10-28,2025-10-30
SO0009685,Z21,DC-DEL,2025-10-29,2025-10-31
SO0009686,Z24,DC-DEL,2025-10-29,2025-10-31
SO0009687,Z25,DC-DEL,2025-10-29,2025-10-31
SO0009688,Z26,DC-DEL,2025-10-29,2025-11-01
SO0009689,Z27,DC-DEL,2025-10-29,2025-10-31
SO0009679,Z30,DC-KOL,2025-10-28,2025-10-31
SO0009680,Z34,DC-KOL,2025-10-28,2025-10-31
SO0009696,Z05,DC-HYD,2025-10-30,2025-11-02
SO0009697,Z07,DC-HYD,2025-10-30,2025-11-03
SO0009698,Z12,DC-MUM,2025-10-30,2025-11-01
SO0009699,Z13,DC-MUM,2025-10-30,2025-11-01
SO0009700,Z16,DC-MUM,2025-10-30,2025-11-01
SO0009701,Z18,DC-MUM,2025-10-30,2025-11-02
SO0009702,Z19,DC-MUM,2025-10-30,2025-11-01
SO0009690,Z28,DC-DEL,2025-10-29,2025-11-01
SO0009703,Z20,DC-DEL,2025-10-30,2025-11-01
SO0009704,Z27,DC-DEL,2025-10-30,2025-11-01
SO0009705,Z28,DC-DEL,2025-10-30,2025-11-02
SO0009691,Z29,DC-KOL,2025-10-29,2025-10-31
SO0009708,Z02,DC-HYD,2025-10-31,2025-11-02
SO0009709,Z07,DC-HYD,2025-10-31,2025-11-04
SO0009720,Z35,DC-HYD,2025-10-31,2025-11-03
SO0009710,Z11,DC-MUM,2025-10-31,2025-11-02
SO0009711,Z12,DC-MUM,2025-10-31,2025-11-02
SO0009712,Z15,DC-MUM,2025-10-31,2025-11-02
SO0009714,Z21,DC-DEL,2025-10-31,2025-11-02
SO0009715,Z23,DC-DEL,2025-10-31,2025-11-02
SO0009716,Z24,DC-DEL,2025-10-31,2025-11-02
SO0009717,Z25,DC-DEL,2025-10-31,2025-11-02
SO0009692,Z31,DC-KOL,2025-10-29,2025-11-01
SO0009693,Z32,DC-KOL,2025-10-29,2025-10-31
SO0009694,Z33,DC-KOL,2025-10-29,2025-11-01
SO0009721,Z03,DC-HYD,2025-11-01,2025-11-04
SO0009722,Z05,DC-HYD,2025-11-01,2025-11-04
SO0009723,Z06,DC-HYD,2025-11-01,2025-11-04
SO0009724,Z08,DC-HYD,2025-11-01,2025-11-05
SO0009725,Z09,DC-HYD,2025-11-01,2025-11-05
SO0009713,Z17,DC-MUM,2025-10-31,2025-11-03
SO0009726,Z14,DC-MUM,2025-11-01,2025-11-04
SO0009727,Z17,DC-MUM,2025-11-01,2025-11-04
SO0009728,Z22,DC-DEL,2025-11-01,2025-11-04
SO0009695,Z36,DC-KOL,2025-10-29,2025-11-01
SO0009706,Z30,DC-KOL,2025-10-30,2025-11-02
SO0009707,Z36,DC-KOL,2025-10-30,2025-11-02
SO0009718,Z29,DC-KOL,2025-10-31,2025-11-02
SO0009731,Z03,DC-HYD,2025-11-03,2025-11-06
SO0009732,Z04,DC-HYD,2025-11-03,2025-11-05
SO0009733,Z08,DC-HYD,2025-11-03,2025-11-07
SO0009734,Z10,DC-HYD,2025-11-03,2025-11-06
SO0009741,Z35,DC-HYD,2025-11-03,2025-11-06
SO0009735,Z11,DC-MUM,2025-11-03,2025-11-05
SO0009736,Z13,DC-MUM,2025-11-03,2025-11-05
SO0009737,Z15,DC-MUM,2025-11-03,2025-11-05
SO0009738,Z18,DC-MUM,2025-11-03,2025-11-06
SO0009739,Z26,DC-DEL,2025-11-03,2025-11-06
SO0009719,Z32,DC-KOL,2025-10-31,2025-11-02
SO0009729,Z31,DC-KOL,2025-11-01,2025-11-04
SO0009730,Z34,DC-KOL,2025-11-01,2025-11-04
SO0009740,Z33,DC-KOL,2025-11-03,2025-11-06
SO0009742,Z01,DC-HYD,2025-11-04,2025-11-06
SO0009743,Z02,DC-HYD,2025-11-04,2025-11-06
SO0009744,Z04,DC-HYD,2025-11-04,2025-11-06
SO0009745,Z10,DC-HYD,2025-11-04,2025-11-07
SO0009746,Z14,DC-MUM,2025-11-04,2025-11-07
SO0009747,Z19,DC-MUM,2025-11-04,2025-11-06
SO0009748,Z20,DC-DEL,2025-11-04,2025-11-06
SO0009749,Z22,DC-DEL,2025-11-04,2025-11-07
SO0009751,Z30,DC-KOL,2025-11-04,2025-11-07
SO0009752,Z34,DC-KOL,2025-11-04,2025-11-07
SO0009753,Z01,DC-HYD,2025-11-05,2025-11-07
SO0009754,Z06,DC-HYD,2025-11-05,2025-11-08
SO0009755,Z09,DC-HYD,2025-11-05,2025-11-09
SO0009756,Z16,DC-MUM,2025-11-05,2025-11-07
SO0009750,Z23,DC-DEL,2025-11-04,2025-11-06
SO0009757,Z21,DC-DEL,2025-11-05,2025-11-07
SO0009758,Z24,DC-DEL,2025-11-05,2025-11-07
SO0009759,Z25,DC-DEL,2025-11-05,2025-11-07
SO0009760,Z26,DC-DEL,2025-11-05,2025-11-08
SO0009763,Z29,DC-KOL,2025-11-05,2025-11-07
SO0009768,Z05,DC-HYD,2025-11-06,2025-11-09
SO0009769,Z07,DC-HYD,2025-11-06,2025-11-10
SO0009770,Z12,DC-MUM,2025-11-06,2025-11-08
SO0009771,Z13,DC-MUM,2025-11-06,2025-11-08
SO0009772,Z16,DC-MUM,2025-11-06,2025-11-08
SO0009773,Z18,DC-MUM,2025-11-06,2025-11-09
SO0009774,Z19,DC-MUM,2025-11-06,2025-11-08
SO0009761,Z27,DC-DEL,2025-11-05,2025-11-07
SO0009762,Z28,DC-DEL,2025-11-05,2025-11-08
SO0009775,Z20,DC-DEL,2025-11-06,2025-11-08
SO0009776,Z27,DC-DEL,2025-11-06,2025-11-08
SO0009777,Z28,DC-DEL,2025-11-06,2025-11-09
SO0009764,Z31,DC-KOL,2025-11-05,2025-11-08
SO0009765,Z32,DC-KOL,2025-11-05,2025-11-07
SO0009766,Z33,DC-KOL,2025-11-05,2025-11-08
SO0009780,Z02,DC-HYD,2025-11-07,2025-11-09
SO0009781,Z07,DC-HYD,2025-11-07,2025-11-11
SO0009792,Z35,DC-HYD,2025-11-07,2025-11-10
SO0009782,Z11,DC-MUM,2025-11-07,2025-11-09
SO0009783,Z12,DC-MUM,2025-11-07,2025-11-09
SO0009784,Z15,DC-MUM,2025-11-07,2025-11-09
SO0009785,Z17,DC-MUM,2025-11-07,2025-11-10
SO0009786,Z21,DC-DEL,2025-11-07,2025-11-09
SO0009787,Z23,DC-DEL,2025-11-07,2025-11-09
SO0009788,Z24,DC-DEL,2025-11-07,2025-11-09
SO0009789,Z25,DC-DEL,2025-11-07,2025-11-09
SO0009767,Z36,DC-KOL,2025-11-05,2025-11-08
SO0009778,Z30,DC-KOL,2025-11-06,2025-11-09
SO0009779,Z36,DC-KOL,2025-11-06,2025-11-09
SO0009790,Z29,DC-KOL,2025-11-07,2025-11-09
SO0009793,Z03,DC-HYD,2025-11-08,2025-11-11
SO0009794,Z05,DC-HYD,2025-11-08,2025-11-11
SO0009795,Z06,DC-HYD,2025-11-08,2025-11-11
SO0009796,Z08,DC-HYD,2025-11-08,2025-11-12
SO0009797,Z09,DC-HYD,2025-11-08,2025-11-12
SO0009798,Z14,DC-MUM,2025-11-08,2025-11-11
SO0009799,Z17,DC-MUM,2025-11-08,2025-11-11
SO0009800,Z22,DC-DEL,2025-11-08,2025-11-11
SO0009791,Z32,DC-KOL,2025-11-07,2025-11-09
SO0009801,Z31,DC-KOL,2025-11-08,2025-11-11
SO0009802,Z34,DC-KOL,2025-11-08,2025-11-11
SO0009803,Z03,DC-HYD,2025-11-10,2025-11-13
SO0009804,Z04,DC-HYD,2025-11-10,2025-11-12
SO0009805,Z08,DC-HYD,2025-11-10,2025-11-14
SO0009806,Z10,DC-HYD,2025-11-10,2025-11-13
SO0009813,Z35,DC-HYD,2025-11-10,2025-11-13
SO0009807,Z11,DC-MUM,2025-11-10,2025-11-12
SO0009808,Z13,DC-MUM,2025-11-10,2025-11-12
SO0009809,Z15,DC-MUM,2025-11-10,2025-11-12
SO0009810,Z18,DC-MUM,2025-11-10,2025-11-13
SO0009811,Z26,DC-DEL,2025-11-10,2025-11-13
SO0009812,Z33,DC-KOL,2025-11-10,2025-11-13
SO0009814,Z01,DC-HYD,2025-11-11,2025-11-13
SO0009815,Z02,DC-HYD,2025-11-11,2025-11-13
SO0009816,Z04,DC-HYD,2025-11-11,2025-11-13
SO0009817,Z10,DC-HYD,2025-11-11,2025-11-14
SO0009818,Z14,DC-MUM,2025-11-11,2025-11-14
SO0009819,Z19,DC-MUM,2025-11-11,2025-11-13
SO0009820,Z20,DC-DEL,2025-11-11,2025-11-13
SO0009821,Z22,DC-DEL,2025-11-11,2025-11-14
SO0009822,Z23,DC-DEL,2025-11-11,2025-11-13
SO0009823,Z30,DC-KOL,2025-11-11,2025-11-14
SO0009824,Z34,DC-KOL,2025-11-11,2025-11-14
SO0009825,Z01,DC-HYD,2025-11-12,2025-11-14
SO0009826,Z06,DC-HYD,2025-11-12,2025-11-15
SO0009827,Z09,DC-HYD,2025-11-12,2025-11-16
SO0009828,Z16,DC-MUM,2025-11-12,2025-11-14
SO0009829,Z21,DC-DEL,2025-11-12,2025-11-14
SO0009830,Z24,DC-DEL,2025-11-12,2025-11-14
SO0009831,Z25,DC-DEL,2025-11-12,2025-11-14
SO0009832,Z26,DC-DEL,2025-11-12,2025-11-15
SO0009833,Z27,DC-DEL,2025-11-12,2025-11-14
SO0009835,Z29,DC-KOL,2025-11-12,2025-11-14
SO0009840,Z05,DC-HYD,2025-11-13,2025-11-16
SO0009841,Z07,DC-HYD,2025-11-13,2025-11-17
SO0009842,Z12,DC-MUM,2025-11-13,2025-11-15
SO0009843,Z13,DC-MUM,2025-11-13,2025-11-15
SO0009844,Z16,DC-MUM,2025-11-13,2025-11-15
SO0009845,Z18,DC-MUM,2025-11-13,2025-11-16
SO0009846,Z19,DC-MUM,2025-11-13,2025-11-15
SO0009834,Z28,DC-DEL,2025-11-12,2025-11-15
SO0009847,Z20,DC-DEL,2025-11-13,2025-11-15
SO0009848,Z27,DC-DEL,2025-11-13,2025-11-15
SO0009849,Z28,DC-DEL,2025-11-13,2025-11-16
SO0009836,Z31,DC-KOL,2025-11-12,2025-11-15
SO0009837,Z32,DC-KOL,2025-11-12,2025-11-14
SO0009838,Z33,DC-KOL,2025-11-12,2025-11-15
SO0009852,Z02,DC-HYD,2025-11-14,2025-11-16
SO0009853,Z07,DC-HYD,2025-11-14,2025-11-18
SO0009864,Z35,DC-HYD,2025-11-14,2025-11-17
SO0009854,Z11,DC-MUM,2025-11-14,2025-11-16
SO0009855,Z12,DC-MUM,2025-11-14,2025-11-16
SO0009856,Z15,DC-MUM,2025-11-14,2025-11-16
SO0009857,Z17,DC-MUM,2025-11-14,2025-11-17
SO0009858,Z21,DC-DEL,2025-11-14,2025-11-16
SO0009859,Z23,DC-DEL,2025-11-14,2025-11-16
SO0009860,Z24,DC-DEL,2025-11-14,2025-11-16
SO0009861,Z25,DC-DEL,2025-11-14,2025-11-16
SO0009839,Z36,DC-KOL,2025-11-12,2025-11-15
SO0009850,Z30,DC-KOL,2025-11-13,2025-11-16
SO0009851,Z36,DC-KOL,2025-11-13,2025-11-16
SO0009862,Z29,DC-KOL,2025-11-14,2025-11-16
SO0009863,Z32,DC-KOL,2025-11-14,2025-11-16
SO0009865,Z03,DC-HYD,2025-11-15,2025-11-18
SO0009866,Z05,DC-HYD,2025-11-15,2025-11-18
SO0009867,Z06,DC-HYD,2025-11-15,2025-11-18
SO0009868,Z08,DC-HYD,2025-11-15,2025-11-19
SO0009869,Z09,DC-HYD,2025-11-15,2025-11-19
SO0009870,Z14,DC-MUM,2025-11-15,2025-11-18
SO0009871,Z17,DC-MUM,2025-11-15,2025-11-18
SO0009872,Z22,DC-DEL,2025-11-15,2025-11-18
SO0009873,Z31,DC-KOL,2025-11-15,2025-11-18
SO0009874,Z34,DC-KOL,2025-11-15,2025-11-18
SO0009875,Z03,DC-HYD,2025-11-17,2025-11-20
SO0009876,Z04,DC-HYD,2025-11-17,2025-11-19
SO0009877,Z08,DC-HYD,2025-11-17,2025-11-21
SO0009878,Z10,DC-HYD,2025-11-17,2025-11-20
SO0009885,Z35,DC-HYD,2025-11-17,2025-11-20
SO0009879,Z11,DC-MUM,2025-11-17,2025-11-19
SO0009880,Z13,DC-MUM,2025-11-17,2025-11-19
SO0009881,Z15,DC-MUM,2025-11-17,2025-11-19
SO0009882,Z18,DC-MUM,2025-11-17,2025-11-20
SO0009883,Z26,DC-DEL,2025-11-17,2025-11-20
SO0009884,Z33,DC-KOL,2025-11-17,2025-11-20
SO0009886,Z01,DC-HYD,2025-11-18,2025-11-20
SO0009887,Z02,DC-HYD,2025-11-18,2025-11-20
SO0009888,Z04,DC-HYD,2025-11-18,2025-11-20
SO0009889,Z10,DC-HYD,2025-11-18,2025-11-21
SO0009890,Z14,DC-MUM,2025-11-18,2025-11-21
SO0009891,Z19,DC-MUM,2025-11-18,2025-11-20
SO0009892,Z20,DC-DEL,2025-11-18,2025-11-20
SO0009893,Z22,DC-DEL,2025-11-18,2025-11-21
SO0009894,Z23,DC-DEL,2025-11-18,2025-11-20
SO0009895,Z30,DC-KOL,2025-11-18,2025-11-21
SO0009896,Z34,DC-KOL,2025-11-18,2025-11-21
SO0009897,Z01,DC-HYD,2025-11-19,2025-11-21
SO0009898,Z06,DC-HYD,2025-11-19,2025-11-22
SO0009899,Z09,DC-HYD,2025-11-19,2025-11-23
SO0009900,Z16,DC-MUM,2025-11-19,2025-11-21
SO0009901,Z21,DC-DEL,2025-11-19,2025-11-21
SO0009902,Z24,DC-DEL,2025-11-19,2025-11-21
SO0009903,Z25,DC-DEL,2025-11-19,2025-11-21
SO0009904,Z26,DC-DEL,2025-11-19,2025-11-22
SO0009905,Z27,DC-DEL,2025-11-19,2025-11-21
SO0009907,Z29,DC-KOL,2025-11-19,2025-11-21
SO0009912,Z05,DC-HYD,2025-11-20,2025-11-23
SO0009913,Z07,DC-HYD,2025-11-20,2025-11-24
SO0009914,Z12,DC-MUM,2025-11-20,2025-11-22
SO0009915,Z13,DC-MUM,2025-11-20,2025-11-22
SO0009916,Z16,DC-MUM,2025-11-20,2025-11-22
SO0009917,Z18,DC-MUM,2025-11-20,2025-11-23
SO0009918,Z19,DC-MUM,2025-11-20,2025-11-22
SO0009906,Z28,DC-DEL,2025-11-19,2025-11-22
SO0009919,Z20,DC-DEL,2025-11-20,2025-11-22
SO0009920,Z27,DC-DEL,2025-11-20,2025-11-22
SO0009921,Z28,DC-DEL,2025-11-20,2025-11-23
SO0009908,Z31,DC-KOL,2025-11-19,2025-11-22
SO0009909,Z32,DC-KOL,2025-11-19,2025-11-21
SO0009910,Z33,DC-KOL,2025-11-19,2025-11-22
SO0009924,Z02,DC-HYD,2025-11-21,2025-11-23
SO0009925,Z07,DC-HYD,2025-11-21,2025-11-25
SO0009936,Z35,DC-HYD,2025-11-21,2025-11-24
SO0009926,Z11,DC-MUM,2025-11-21,2025-11-23
SO0009927,Z12,DC-MUM,2025-11-21,2025-11-23
SO0009928,Z15,DC-MUM,2025-11-21,2025-11-23
SO0009929,Z17,DC-MUM,2025-11-21,2025-11-24
SO0009930,Z21,DC-DEL,2025-11-21,2025-11-23
SO0009931,Z23,DC-DEL,2025-11-21,2025-11-23
SO0009932,Z24,DC-DEL,2025-11-21,2025-11-23
SO0009933,Z25,DC-DEL,2025-11-21,2025-11-23
SO0009911,Z36,DC-KOL,2025-11-19,2025-11-22
SO0009922,Z30,DC-KOL,2025-11-20,2025-11-23
SO0009923,Z36,DC-KOL,2025-11-20,2025-11-23
SO0009934,Z29,DC-KOL,2025-11-21,2025-11-23
SO0009935,Z32,DC-KOL,2025-11-21,2025-11-23
SO0009937,Z03,DC-HYD,2025-11-22,2025-11-25
SO0009938,Z05,DC-HYD,2025-11-22,2025-11-25
SO0009939,Z06,DC-HYD,2025-11-22,2025-11-25
SO0009940,Z08,DC-HYD,2025-11-22,2025-11-26
SO0009941,Z09,DC-HYD,2025-11-22,2025-11-26
SO0009942,Z14,DC-MUM,2025-11-22,2025-11-25
SO0009943,Z17,DC-MUM,2025-11-22,2025-11-25
SO0009944,Z22,DC-DEL,2025-11-22,2025-11-25
SO0009945,Z31,DC-KOL,2025-11-22,2025-11-25
SO0009946,Z34,DC-KOL,2025-11-22,2025-11-25
SO0009947,Z03,DC-HYD,2025-11-24,2025-11-27
SO0009948,Z04,DC-HYD,2025-11-24,2025-11-26
SO0009949,Z08,DC-HYD,2025-11-24,2025-11-28
SO0009950,Z10,DC-HYD,2025-11-24,2025-11-27
SO0009957,Z35,DC-HYD,2025-11-24,2025-11-27
SO0009951,Z11,DC-MUM,2025-11-24,2025-11-26
SO0009952,Z13,DC-MUM,2025-11-24,2025-11-26
SO0009953,Z15,DC-MUM,2025-11-24,2025-11-26
SO0009954,Z18,DC-MUM,2025-11-24,2025-11-27
SO0009955,Z26,DC-DEL,2025-11-24,2025-11-27
SO0009956,Z33,DC-KOL,2025-11-24,2025-11-27
SO0009958,Z01,DC-HYD,2025-11-25,2025-11-27
SO0009959,Z02,DC-HYD,2025-11-25,2025-11-27
SO0009960,Z04,DC-HYD,2025-11-25,2025-11-27
SO0009961,Z10,DC-HYD,2025-11-25,2025-11-28
SO0009962,Z14,DC-MUM,2025-11-25,2025-11-28
SO0009963,Z19,DC-MUM,2025-11-25,2025-11-27
SO0009964,Z20,DC-DEL,2025-11-25,2025-11-27
SO0009965,Z22,DC-DEL,2025-11-25,2025-11-28
SO0009967,Z30,DC-KOL,2025-11-25,2025-11-28
SO0009968,Z34,DC-KOL,2025-11-25,2025-11-28
SO0009969,Z01,DC-HYD,2025-11-26,2025-11-28
SO0009970,Z06,DC-HYD,2025-11-26,2025-11-29
SO0009971,Z09,DC-HYD,2025-11-26,2025-11-30
SO0009972,Z16,DC-MUM,2025-11-26,2025-11-28
SO0009966,Z23,DC-DEL,2025-11-25,2025-11-27
SO0009973,Z21,DC-DEL,2025-11-26,2025-11-28
SO0009974,Z24,DC-DEL,2025-11-26,2025-11-28
SO0009975,Z25,DC-DEL,2025-11-26,2025-11-28
SO0009976,Z26,DC-DEL,2025-11-26,2025-11-29
SO0009977,Z27,DC-DEL,2025-11-26,2025-11-28
SO0009979,Z29,DC-KOL,2025-11-26,2025-11-28
SO0009984,Z05,DC-HYD,2025-11-27,2025-11-30
SO0009985,Z07,DC-HYD,2025-11-27,2025-12-01
SO0009986,Z12,DC-MUM,2025-11-27,2025-11-29
SO0009987,Z13,DC-MUM,2025-11-27,2025-11-29
SO0009988,Z16,DC-MUM,2025-11-27,2025-11-29
SO0009989,Z18,DC-MUM,2025-11-27,2025-11-30
SO0009990,Z19,DC-MUM,2025-11-27,2025-11-29
SO0009978,Z28,DC-DEL,2025-11-26,2025-11-29
SO0009991,Z20,DC-DEL,2025-11-27,2025-11-29
SO0009992,Z27,DC-DEL,2025-11-27,2025-11-29
SO0009993,Z28,DC-DEL,2025-11-27,2025-11-30
SO0009980,Z31,DC-KOL,2025-11-26,2025-11-29
SO0009981,Z32,DC-KOL,2025-11-26,2025-11-28
SO0009982,Z33,DC-KOL,2025-11-26,2025-11-29
SO0009996,Z02,DC-HYD,2025-11-28,2025-11-30
SO0009997,Z07,DC-HYD,2025-11-28,2025-12-02
SO0010008,Z35,DC-HYD,2025-11-28,2025-12-01
SO0009998,Z11,DC-MUM,2025-11-28,2025-11-30
SO0009999,Z12,DC-MUM,2025-11-28,2025-11-30
SO0010000,Z15,DC-MUM,2025-11-28,2025-11-30
SO0010001,Z17,DC-MUM,2025-11-28,2025-12-01
SO0010002,Z21,DC-DEL,2025-11-28,2025-11-30
SO0010003,Z23,DC-DEL,2025-11-28,2025-11-30
SO0010004,Z24,DC-DEL,2025-11-28,2025-11-30
SO0010005,Z25,DC-DEL,2025-11-28,2025-11-30
SO0009983,Z36,DC-KOL,2025-11-26,2025-11-29
SO0009994,Z30,DC-KOL,2025-11-27,2025-11-30
SO0009995,Z36,DC-KOL,2025-11-27,2025-11-30
SO0010006,Z29,DC-KOL,2025-11-28,2025-11-30
SO0010007,Z32,DC-KOL,2025-11-28,2025-11-30
SO0010009,Z03,DC-HYD,2025-11-29,2025-12-02
SO0010010,Z05,DC-HYD,2025-11-29,2025-12-02
SO0010011,Z06,DC-HYD,2025-11-29,2025-12-02
SO0010012,Z08,DC-HYD,2025-11-29,2025-12-03
SO0010013,Z09,DC-HYD,2025-11-29,2025-12-03
SO0010014,Z14,DC-MUM,2025-11-29,2025-12-02
SO0010015,Z17,DC-MUM,2025-11-29,2025-12-02
SO0010016,Z22,DC-DEL,2025-11-29,2025-12-02
SO0010017,Z31,DC-KOL,2025-11-29,2025-12-02
SO0010018,Z34,DC-KOL,2025-11-29,2025-12-02
SO0010019,Z03,DC-HYD,2025-12-01,2025-12-04
SO0010020,Z04,DC-HYD,2025-12-01,2025-12-03
SO0010021,Z08,DC-HYD,2025-12-01,2025-12-05
SO0010022,Z10,DC-HYD,2025-12-01,2025-12-04
SO0010029,Z35,DC-HYD,2025-12-01,2025-12-04
SO0010023,Z11,DC-MUM,2025-12-01,2025-12-03
SO0010024,Z13,DC-MUM,2025-12-01,2025-12-03
SO0010025,Z15,DC-MUM,2025-12-01,2025-12-03
SO0010026,Z18,DC-MUM,2025-12-01,2025-12-04
SO0010027,Z26,DC-DEL,2025-12-01,2025-12-04
SO0010028,Z33,DC-KOL,2025-12-01,2025-12-04
SO0010030,Z01,DC-HYD,2025-12-02,2025-12-04
SO0010031,Z02,DC-HYD,2025-12-02,2025-12-04
SO0010032,Z04,DC-HYD,2025-12-02,2025-12-04
SO0010033,Z10,DC-HYD,2025-12-02,2025-12-05
SO0010034,Z14,DC-MUM,2025-12-02,2025-12-05
SO0010035,Z19,DC-MUM,2025-12-02,2025-12-04
SO0010036,Z20,DC-DEL,2025-12-02,2025-12-04
SO0010037,Z22,DC-DEL,2025-12-02,2025-12-05
SO0010039,Z30,DC-KOL,2025-12-02,2025-12-05
SO0010040,Z34,DC-KOL,2025-12-02,2025-12-05
SO0010041,Z01,DC-HYD,2025-12-03,2025-12-05
SO0010042,Z06,DC-HYD,2025-12-03,2025-12-06
SO0010043,Z09,DC-HYD,2025-12-03,2025-12-07
SO0010044,Z16,DC-MUM,2025-12-03,2025-12-05
SO0010038,Z23,DC-DEL,2025-12-02,2025-12-04
SO0010045,Z21,DC-DEL,2025-12-03,2025-12-05
SO0010046,Z24,DC-DEL,2025-12-03,2025-12-05
SO0010047,Z25,DC-DEL,2025-12-03,2025-12-05
SO0010048,Z26,DC-DEL,2025-12-03,2025-12-06
SO0010049,Z27,DC-DEL,2025-12-03,2025-12-05
SO0010051,Z29,DC-KOL,2025-12-03,2025-12-05
SO0010056,Z05,DC-HYD,2025-12-04,2025-12-07
SO0010057,Z07,DC-HYD,2025-12-04,2025-12-08
SO0010058,Z12,DC-MUM,2025-12-04,2025-12-06
SO0010059,Z13,DC-MUM,2025-12-04,2025-12-06
SO0010060,Z16,DC-MUM,2025-12-04,2025-12-06
SO0010061,Z18,DC-MUM,2025-12-04,2025-12-07
SO0010062,Z19,DC-MUM,2025-12-04,2025-12-06
SO0010050,Z28,DC-DEL,2025-12-03,2025-12-06
SO0010063,Z20,DC-DEL,2025-12-04,2025-12-06
SO0010064,Z27,DC-DEL,2025-12-04,2025-12-06
SO0010065,Z28,DC-DEL,2025-12-04,2025-12-07
SO0010052,Z31,DC-KOL,2025-12-03,2025-12-06
SO0010053,Z32,DC-KOL,2025-12-03,2025-12-05
SO0010054,Z33,DC-KOL,2025-12-03,2025-12-06
SO0010068,Z02,DC-HYD,2025-12-05,2025-12-07
SO0010069,Z07,DC-HYD,2025-12-05,2025-12-09
SO0010080,Z35,DC-HYD,2025-12-05,2025-12-08
SO0010070,Z11,DC-MUM,2025-12-05,2025-12-07
SO0010071,Z12,DC-MUM,2025-12-05,2025-12-07
SO0010072,Z15,DC-MUM,2025-12-05,2025-12-07
SO0010073,Z17,DC-MUM,2025-12-05,2025-12-08
SO0010074,Z21,DC-DEL,2025-12-05,2025-12-07
SO0010075,Z23,DC-DEL,2025-12-05,2025-12-07
SO0010076,Z24,DC-DEL,2025-12-05,2025-12-07
SO0010077,Z25,DC-DEL,2025-12-05,2025-12-07
SO0010055,Z36,DC-KOL,2025-12-03,2025-12-06
SO0010066,Z30,DC-KOL,2025-12-04,2025-12-07
SO0010067,Z36,DC-KOL,2025-12-04,2025-12-07
SO0010078,Z29,DC-KOL,2025-12-05,2025-12-07
SO0010081,Z03,DC-HYD,2025-12-06,2025-12-09
SO0010082,Z05,DC-HYD,2025-12-06,2025-12-09
SO0010083,Z06,DC-HYD,2025-12-06,2025-12-09
SO0010084,Z08,DC-HYD,2025-12-06,2025-12-10
SO0010085,Z09,DC-HYD,2025-12-06,2025-12-10
SO0010086,Z14,DC-MUM,2025-12-06,2025-12-09
SO0010087,Z17,DC-MUM,2025-12-06,2025-12-09
SO0010088,Z22,DC-DEL,2025-12-06,2025-12-09
SO0010079,Z32,DC-KOL,2025-12-05,2025-12-07
SO0010089,Z31,DC-KOL,2025-12-06,2025-12-09
SO0010090,Z34,DC-KOL,2025-12-06,2025-12-09
SO0010091,Z03,DC-HYD,2025-12-08,2025-12-11
SO0010092,Z04,DC-HYD,2025-12-08,2025-12-10
SO0010093,Z08,DC-HYD,2025-12-08,2025-12-12
SO0010094,Z10,DC-HYD,2025-12-08,2025-12-11
SO0010101,Z35,DC-HYD,2025-12-08,2025-12-11
SO0010095,Z11,DC-MUM,2025-12-08,2025-12-10
SO0010096,Z13,DC-MUM,2025-12-08,2025-12-10
SO0010097,Z15,DC-MUM,2025-12-08,2025-12-10
SO0010098,Z18,DC-MUM,2025-12-08,2025-12-11
SO0010099,Z26,DC-DEL,2025-12-08,2025-12-11
SO0010100,Z33,DC-KOL,2025-12-08,2025-12-11
SO0010102,Z01,DC-HYD,2025-12-09,2025-12-11
SO0010103,Z02,DC-HYD,2025-12-09,2025-12-11
SO0010104,Z04,DC-HYD,2025-12-09,2025-12-11
SO0010105,Z10,DC-HYD,2025-12-09,2025-12-12
SO0010106,Z14,DC-MUM,2025-12-09,2025-12-12
SO0010107,Z19,DC-MUM,2025-12-09,2025-12-11
SO0010108,Z20,DC-DEL,2025-12-09,2025-12-11
SO0010109,Z22,DC-DEL,2025-12-09,2025-12-12
SO0010110,Z23,DC-DEL,2025-12-09,2025-12-11
SO0010111,Z30,DC-KOL,2025-12-09,2025-12-12
SO0010112,Z34,DC-KOL,2025-12-09,2025-12-12
SO0010113,Z01,DC-HYD,2025-12-10,2025-12-12
SO0010114,Z06,DC-HYD,2025-12-10,2025-12-13
SO0010115,Z09,DC-HYD,2025-12-10,2025-12-14
SO0010116,Z16,DC-MUM,2025-12-10,2025-12-12
SO0010117,Z21,DC-DEL,2025-12-10,2025-12-12
SO0010118,Z24,DC-DEL,2025-12-10,2025-12-12
SO0010119,Z25,DC-DEL,2025-12-10,2025-12-12
SO0010120,Z26,DC-DEL,2025-12-10,2025-12-13
SO0010121,Z27,DC-DEL,2025-12-10,2025-12-12
SO0010123,Z29,DC-KOL,2025-12-10,2025-12-12
SO0010128,Z05,DC-HYD,2025-12-11,2025-12-14
SO0010129,Z07,DC-HYD,2025-12-11,2025-12-15
SO0010130,Z12,DC-MUM,2025-12-11,2025-12-13
SO0010131,Z13,DC-MUM,2025-12-11,2025-12-13
SO0010132,Z16,DC-MUM,2025-12-11,2025-12-13
SO0010133,Z18,DC-MUM,2025-12-11,2025-12-14
SO0010134,Z19,DC-MUM,2025-12-11,2025-12-13
SO0010122,Z28,DC-DEL,2025-12-10,2025-12-13
SO0010135,Z20,DC-DEL,2025-12-11,2025-12-13
SO0010136,Z27,DC-DEL,2025-12-11,2025-12-13
SO0010137,Z28,DC-DEL,2025-12-11,2025-12-14
SO0010124,Z31,DC-KOL,2025-12-10,2025-12-13
SO0010125,Z32,DC-KOL,2025-12-10,2025-12-12
SO0010126,Z33,DC-KOL,2025-12-10,2025-12-13
SO0010140,Z02,DC-HYD,2025-12-12,2025-12-14
SO0010141,Z07,DC-HYD,2025-12-12,2025-12-16
SO0010152,Z35,DC-HYD,2025-12-12,2025-12-15
SO0010142,Z11,DC-MUM,2025-12-12,2025-12-14
SO0010143,Z12,DC-MUM,2025-12-12,2025-12-14
SO0010144,Z15,DC-MUM,2025-12-12,2025-12-14
SO0010145,Z17,DC-MUM,2025-12-12,2025-12-15
SO0010146,Z21,DC-DEL,2025-12-12,2025-12-14
SO0010147,Z23,DC-DEL,2025-12-12,2025-12-14
SO0010148,Z24,DC-DEL,2025-12-12,2025-12-14
SO0010149,Z25,DC-DEL,2025-12-12,2025-12-14
SO0010127,Z36,DC-KOL,2025-12-10,2025-12-13
SO0010138,Z30,DC-KOL,2025-12-11,2025-12-14
SO0010139,Z36,DC-KOL,2025-12-11,2025-12-14
SO0010150,Z29,DC-KOL,2025-12-12,2025-12-14
SO0010151,Z32,DC-KOL,2025-12-12,2025-12-14
SO0010153,Z03,DC-HYD,2025-12-13,2025-12-16
SO0010154,Z05,DC-HYD,2025-12-13,2025-12-16
SO0010155,Z06,DC-HYD,2025-12-13,2025-12-16
SO0010156,Z08,DC-HYD,2025-12-13,2025-12-17
SO0010157,Z09,DC-HYD,2025-12-13,2025-12-17
SO0010158,Z14,DC-MUM,2025-12-13,2025-12-16
SO0010159,Z17,DC-MUM,2025-12-13,2025-12-16
SO0010160,Z22,DC-DEL,2025-12-13,2025-12-16
SO0010161,Z31,DC-KOL,2025-12-13,2025-12-16
SO0010162,Z34,DC-KOL,2025-12-13,2025-12-16
SO0010163,Z03,DC-HYD,2025-12-15,2025-12-18
SO0010164,Z04,DC-HYD,2025-12-15,2025-12-17
SO0010165,Z08,DC-HYD,2025-12-15,2025-12-19
SO0010166,Z10,DC-HYD,2025-12-15,2025-12-18
SO0010173,Z35,DC-HYD,2025-12-15,2025-12-18
SO0010167,Z11,DC-MUM,2025-12-15,2025-12-17
SO0010168,Z13,DC-MUM,2025-12-15,2025-12-17
SO0010169,Z15,DC-MUM,2025-12-15,2025-12-17
SO0010170,Z18,DC-MUM,2025-12-15,2025-12-18
SO0010171,Z26,DC-DEL,2025-12-15,2025-12-18
SO0010172,Z33,DC-KOL,2025-12-15,2025-12-18
SO0010174,Z01,DC-HYD,2025-12-16,2025-12-18
SO0010175,Z02,DC-HYD,2025-12-16,2025-12-18
SO0010176,Z04,DC-HYD,2025-12-16,2025-12-18
SO0010177,Z10,DC-HYD,2025-12-16,2025-12-19
SO0010178,Z14,DC-MUM,2025-12-16,2025-12-19
SO0010179,Z19,DC-MUM,2025-12-16,2025-12-18
SO0010180,Z20,DC-DEL,2025-12-16,2025-12-18
SO0010183,Z30,DC-KOL,2025-12-16,2025-12-19
SO0010184,Z34,DC-KOL,2025-12-16,2025-12-19
SO0010185,Z01,DC-HYD,2025-12-17,2025-12-19
SO0010186,Z06,DC-HYD,2025-12-17,2025-12-20
SO0010187,Z09,DC-HYD,2025-12-17,2025-12-21
SO0010188,Z16,DC-MUM,2025-12-17,2025-12-19
SO0010181,Z22,DC-DEL,2025-12-16,2025-12-19
SO0010182,Z23,DC-DEL,2025-12-16,2025-12-18
SO0010189,Z21,DC-DEL,2025-12-17,2025-12-19
SO0010190,Z24,DC-DEL,2025-12-17,2025-12-19
SO0010191,Z25,DC-DEL,2025-12-17,2025-12-19
SO0010195,Z29,DC-KOL,2025-12-17,2025-12-19
SO0010200,Z05,DC-HYD,2025-12-18,2025-12-21
SO0010201,Z07,DC-HYD,2025-12-18,2025-12-22
SO0010202,Z12,DC-MUM,2025-12-18,2025-12-20
SO0010203,Z13,DC-MUM,2025-12-18,2025-12-20
SO0010204,Z16,DC-MUM,2025-12-18,2025-12-20
SO0010205,Z18,DC-MUM,2025-12-18,2025-12-21
SO0010206,Z19,DC-MUM,2025-12-18,2025-12-20
SO0010192,Z26,DC-DEL,2025-12-17,2025-12-20
SO0010193,Z27,DC-DEL,2025-12-17,2025-12-19
SO0010194,Z28,DC-DEL,2025-12-17,2025-12-20
SO0010207,Z20,DC-DEL,2025-12-18,2025-12-20
SO0010208,Z27,DC-DEL,2025-12-18,2025-12-20
SO0010209,Z28,DC-DEL,2025-12-18,2025-12-21
SO0010196,Z31,DC-KOL,2025-12-17,2025-12-20
SO0010197,Z32,DC-KOL,2025-12-17,2025-12-19
SO0010198,Z33,DC-KOL,2025-12-17,2025-12-20
SO0010212,Z02,DC-HYD,2025-12-19,2025-12-21
SO0010213,Z07,DC-HYD,2025-12-19,2025-12-23
SO0010224,Z35,DC-HYD,2025-12-19,2025-12-22
SO0010214,Z11,DC-MUM,2025-12-19,2025-12-21
SO0010215,Z12,DC-MUM,2025-12-19,2025-12-21
SO0010216,Z15,DC-MUM,2025-12-19,2025-12-21
SO0010217,Z17,DC-MUM,2025-12-19,2025-12-22
SO0010218,Z21,DC-DEL,2025-12-19,2025-12-21
SO0010219,Z23,DC-DEL,2025-12-19,2025-12-21
SO0010220,Z24,DC-DEL,2025-12-19,2025-12-21
SO0010221,Z25,DC-DEL,2025-12-19,2025-12-21
SO0010199,Z36,DC-KOL,2025-12-17,2025-12-20
SO0010210,Z30,DC-KOL,2025-12-18,2025-12-21
SO0010211,Z36,DC-KOL,2025-12-18,2025-12-21
SO0010222,Z29,DC-KOL,2025-12-19,2025-12-21
SO0010223,Z32,DC-KOL,2025-12-19,2025-12-21
SO0010225,Z03,DC-HYD,2025-12-20,2025-12-23
SO0010226,Z05,DC-HYD,2025-12-20,2025-12-23
SO0010227,Z06,DC-HYD,2025-12-20,2025-12-23
SO0010228,Z08,DC-HYD,2025-12-20,2025-12-24
SO0010229,Z09,DC-HYD,2025-12-20,2025-12-24
SO0010230,Z14,DC-MUM,2025-12-20,2025-12-23
SO0010231,Z17,DC-MUM,2025-12-20,2025-12-23
SO0010232,Z22,DC-DEL,2025-12-20,2025-12-23
SO0010233,Z31,DC-KOL,2025-12-20,2025-12-23
SO0010234,Z34,DC-KOL,2025-12-20,2025-12-23
SO0010235,Z03,DC-HYD,2025-12-22,2025-12-25
SO0010236,Z04,DC-HYD,2025-12-22,2025-12-24
SO0010237,Z08,DC-HYD,2025-12-22,2025-12-26
SO0010238,Z10,DC-HYD,2025-12-22,2025-12-25
SO0010245,Z35,DC-HYD,2025-12-22,2025-12-25
SO0010239,Z11,DC-MUM,2025-12-22,2025-12-24
SO0010240,Z13,DC-MUM,2025-12-22,2025-12-24
SO0010241,Z15,DC-MUM,2025-12-22,2025-12-24
SO0010242,Z18,DC-MUM,2025-12-22,2025-12-25
SO0010243,Z26,DC-DEL,2025-12-22,2025-12-25
SO0010244,Z33,DC-KOL,2025-12-22,2025-12-25
SO0010246,Z01,DC-HYD,2025-12-23,2025-12-25
SO0010247,Z02,DC-HYD,2025-12-23,2025-12-25
SO0010248,Z04,DC-HYD,2025-12-23,2025-12-25
SO0010249,Z10,DC-HYD,2025-12-23,2025-12-26
SO0010250,Z14,DC-MUM,2025-12-23,2025-12-26
SO0010251,Z19,DC-MUM,2025-12-23,2025-12-25
SO0010252,Z20,DC-DEL,2025-12-23,2025-12-25
SO0010253,Z22,DC-DEL,2025-12-23,2025-12-26
SO0010255,Z30,DC-KOL,2025-12-23,2025-12-26
SO0010256,Z34,DC-KOL,2025-12-23,2025-12-26
SO0010257,Z01,DC-HYD,2025-12-24,2025-12-26
SO0010258,Z06,DC-HYD,2025-12-24,2025-12-27
SO0010259,Z09,DC-HYD,2025-12-24,2025-12-28
SO0010260,Z16,DC-MUM,2025-12-24,2025-12-26
SO0010254,Z23,DC-DEL,2025-12-23,2025-12-25
SO0010261,Z21,DC-DEL,2025-12-24,2025-12-26
SO0010262,Z24,DC-DEL,2025-12-24,2025-12-26
SO0010263,Z25,DC-DEL,2025-12-24,2025-12-26
SO0010264,Z26,DC-DEL,2025-12-24,2025-12-27
SO0010267,Z29,DC-KOL,2025-12-24,2025-12-26
SO0010272,Z05,DC-HYD,2025-12-25,2025-12-28
SO0010273,Z07,DC-HYD,2025-12-25,2025-12-29
SO0010274,Z12,DC-MUM,2025-12-25,2025-12-27
SO0010275,Z13,DC-MUM,2025-12-25,2025-12-27
SO0010276,Z16,DC-MUM,2025-12-25,2025-12-27
SO0010277,Z18,DC-MUM,2025-12-25,2025-12-28
SO0010278,Z19,DC-MUM,2025-12-25,2025-12-27
SO0010265,Z27,DC-DEL,2025-12-24,2025-12-26
SO0010266,Z28,DC-DEL,2025-12-24,2025-12-27
SO0010279,Z20,DC-DEL,2025-12-25,2025-12-27
SO0010280,Z27,DC-DEL,2025-12-25,2025-12-27
SO0010281,Z28,DC-DEL,2025-12-25,2025-12-28
SO0010268,Z31,DC-KOL,2025-12-24,2025-12-27
SO0010269,Z32,DC-KOL,2025-12-24,2025-12-26
SO0010270,Z33,DC-KOL,2025-12-24,2025-12-27
SO0010284,Z02,DC-HYD,2025-12-26,2025-12-28
SO0010285,Z07,DC-HYD,2025-12-26,2025-12-30
SO0010296,Z35,DC-HYD,2025-12-26,2025-12-29
SO0010286,Z11,DC-MUM,2025-12-26,2025-12-28
SO0010287,Z12,DC-MUM,2025-12-26,2025-12-28
SO0010288,Z15,DC-MUM,2025-12-26,2025-12-28
SO0010289,Z17,DC-MUM,2025-12-26,2025-12-29
SO0010290,Z21,DC-DEL,2025-12-26,2025-12-28
SO0010291,Z23,DC-DEL,2025-12-26,2025-12-28
SO0010292,Z24,DC-DEL,2025-12-26,2025-12-28
SO0010293,Z25,DC-DEL,2025-12-26,2025-12-28
SO0010271,Z36,DC-KOL,2025-12-24,2025-12-27
SO0010282,Z30,DC-KOL,2025-12-25,2025-12-28
SO0010283,Z36,DC-KOL,2025-12-25,2025-12-28
SO0010294,Z29,DC-KOL,2025-12-26,2025-12-28
SO0010295,Z32,DC-KOL,2025-12-26,2025-12-28
SO0010297,Z03,DC-HYD,2025-12-27,2025-12-30
SO0010298,Z05,DC-HYD,2025-12-27,2025-12-30
SO0010299,Z06,DC-HYD,2025-12-27,2025-12-30
SO0010300,Z08,DC-HYD,2025-12-27,2025-12-31
SO0010301,Z09,DC-HYD,2025-12-27,2025-12-31
SO0010302,Z14,DC-MUM,2025-12-27,2025-12-30
SO0010303,Z17,DC-MUM,2025-12-27,2025-12-30
SO0010304,Z22,DC-DEL,2025-12-27,2025-12-30
SO0010305,Z31,DC-KOL,2025-12-27,2025-12-30
SO0010306,Z34,DC-KOL,2025-12-27,2025-12-30
SO0010307,Z03,DC-HYD,2025-12-29,2026-01-01
SO0010308,Z04,DC-HYD,2025-12-29,2025-12-31
SO0010309,Z08,DC-HYD,2025-12-29,2026-01-02
SO0010310,Z10,DC-HYD,2025-12-29,2026-01-01
SO0010317,Z35,DC-HYD,2025-12-29,2026-01-01
SO0010311,Z11,DC-MUM,2025-12-29,2025-12-31
SO0010312,Z13,DC-MUM,2025-12-29,2025-12-31
SO0010313,Z15,DC-MUM,2025-12-29,2025-12-31
SO0010314,Z18,DC-MUM,2025-12-29,2026-01-01
SO0010315,Z26,DC-DEL,2025-12-29,2026-01-01
SO0010316,Z33,DC-KOL,2025-12-29,2026-01-01
SO0010318,Z01,DC-HYD,2025-12-30,2026-01-01
SO0010319,Z02,DC-HYD,2025-12-30,2026-01-01
SO0010320,Z04,DC-HYD,2025-12-30,2026-01-01
SO0010321,Z10,DC-HYD,2025-12-30,2026-01-02
SO0010322,Z14,DC-MUM,2025-12-30,2026-01-02
SO0010323,Z19,DC-MUM,2025-12-30,2026-01-01
SO0010324,Z20,DC-DEL,2025-12-30,2026-01-01
SO0010325,Z22,DC-DEL,2025-12-30,2026-01-02
SO0010326,Z23,DC-DEL,2025-12-30,2026-01-01
SO0010327,Z30,DC-KOL,2025-12-30,2026-01-02
SO0010328,Z34,DC-KOL,2025-12-30,2026-01-02
SO0010329,Z01,DC-HYD,2025-12-31,2026-01-02
SO0010330,Z06,DC-HYD,2025-12-31,2026-01-03
SO0010331,Z09,DC-HYD,2025-12-31,2026-01-04
SO0010332,Z16,DC-MUM,2025-12-31,2026-01-02
SO0010333,Z21,DC-DEL,2025-12-31,2026-01-02
SO0010334,Z24,DC-DEL,2025-12-31,2026-01-02
SO0010335,Z25,DC-DEL,2025-12-31,2026-01-02
SO0010336,Z26,DC-DEL,2025-12-31,2026-01-03
SO0010337,Z27,DC-DEL,2025-12-31,2026-01-02
SO0010339,Z29,DC-KOL,2025-12-31,2026-01-02
SO0010344,Z05,DC-HYD,2026-01-01,2026-01-04
SO0010345,Z07,DC-HYD,2026-01-01,2026-01-05
SO0010346,Z12,DC-MUM,2026-01-01,2026-01-03
SO0010347,Z13,DC-MUM,2026-01-01,2026-01-03
SO0010348,Z16,DC-MUM,2026-01-01,2026-01-03
SO0010349,Z18,DC-MUM,2026-01-01,2026-01-04
SO0010350,Z19,DC-MUM,2026-01-01,2026-01-03
SO0010338,Z28,DC-DEL,2025-12-31,2026-01-03
SO0010351,Z20,DC-DEL,2026-01-01,2026-01-03
SO0010352,Z27,DC-DEL,2026-01-01,2026-01-03
SO0010353,Z28,DC-DEL,2026-01-01,2026-01-04
SO0010340,Z31,DC-KOL,2025-12-31,2026-01-03
SO0010341,Z32,DC-KOL,2025-12-31,2026-01-02
SO0010342,Z33,DC-KOL,2025-12-31,2026-01-03
SO0010343,Z36,DC-KOL,2025-12-31,2026-01-03
SO0010356,Z02,DC-HYD,2026-01-02,2026-01-04
SO0010357,Z07,DC-HYD,2026-01-02,2026-01-06
SO0010368,Z35,DC-HYD,2026-01-02,2026-01-05
SO0010358,Z11,DC-MUM,2026-01-02,2026-01-04
SO0010359,Z12,DC-MUM,2026-01-02,2026-01-04
SO0010360,Z15,DC-MUM,2026-01-02,2026-01-04
SO0010361,Z17,DC-MUM,2026-01-02,2026-01-05
SO0010362,Z21,DC-DEL,2026-01-02,2026-01-04
SO0010363,Z23,DC-DEL,2026-01-02,2026-01-04
SO0010364,Z24,DC-DEL,2026-01-02,2026-01-04
SO0010365,Z25,DC-DEL,2026-01-02,2026-01-04
SO0010354,Z30,DC-KOL,2026-01-01,2026-01-04
SO0010355,Z36,DC-KOL,2026-01-01,2026-01-04
SO0010366,Z29,DC-KOL,2026-01-02,2026-01-04
SO0010367,Z32,DC-KOL,2026-01-02,2026-01-04
SO0010369,Z03,DC-HYD,2026-01-03,2026-01-06
SO0010370,Z05,DC-HYD,2026-01-03,2026-01-06
SO0010371,Z06,DC-HYD,2026-01-03,2026-01-06
SO0010372,Z08,DC-HYD,2026-01-03,2026-01-07
SO0010373,Z09,DC-HYD,2026-01-03,2026-01-07
SO0010374,Z14,DC-MUM,2026-01-03,2026-01-06
SO0010375,Z17,DC-MUM,2026-01-03,2026-01-06
SO0010376,Z22,DC-DEL,2026-01-03,2026-01-06
SO0010377,Z31,DC-KOL,2026-01-03,2026-01-06
SO0010378,Z34,DC-KOL,2026-01-03,2026-01-06
SO0010379,Z03,DC-HYD,2026-01-05,2026-01-08
SO0010380,Z04,DC-HYD,2026-01-05,2026-01-07
SO0010381,Z08,DC-HYD,2026-01-05,2026-01-09
SO0010382,Z10,DC-HYD,2026-01-05,2026-01-08
SO0010389,Z35,DC-HYD,2026-01-05,2026-01-08
SO0010383,Z11,DC-MUM,2026-01-05,2026-01-07
SO0010384,Z13,DC-MUM,2026-01-05,2026-01-07
SO0010385,Z15,DC-MUM,2026-01-05,2026-01-07
SO0010386,Z18,DC-MUM,2026-01-05,2026-01-08
SO0010387,Z26,DC-DEL,2026-01-05,2026-01-08
SO0010388,Z33,DC-KOL,2026-01-05,2026-01-08
SO0010390,Z01,DC-HYD,2026-01-06,2026-01-08
SO0010391,Z02,DC-HYD,2026-01-06,2026-01-08
SO0010392,Z04,DC-HYD,2026-01-06,2026-01-08
SO0010393,Z10,DC-HYD,2026-01-06,2026-01-09
SO0010394,Z14,DC-MUM,2026-01-06,2026-01-09
SO0010395,Z19,DC-MUM,2026-01-06,2026-01-08
SO0010396,Z20,DC-DEL,2026-01-06,2026-01-08
SO0010397,Z22,DC-DEL,2026-01-06,2026-01-09
SO0010398,Z23,DC-DEL,2026-01-06,2026-01-08
SO0010399,Z30,DC-KOL,2026-01-06,2026-01-09
SO0010400,Z34,DC-KOL,2026-01-06,2026-01-09
SO0010401,Z01,DC-HYD,2026-01-07,2026-01-09
SO0010402,Z06,DC-HYD,2026-01-07,2026-01-10
SO0010403,Z09,DC-HYD,2026-01-07,2026-01-11
SO0010404,Z16,DC-MUM,2026-01-07,2026-01-09
SO0010405,Z21,DC-DEL,2026-01-07,2026-01-09
SO0010406,Z24,DC-DEL,2026-01-07,2026-01-09
SO0010407,Z25,DC-DEL,2026-01-07,2026-01-09
SO0010408,Z26,DC-DEL,2026-01-07,2026-01-10
SO0010409,Z27,DC-DEL,2026-01-07,2026-01-09
SO0010411,Z29,DC-KOL,2026-01-07,2026-01-09
SO0010416,Z05,DC-HYD,2026-01-08,2026-01-11
SO0010417,Z07,DC-HYD,2026-01-08,2026-01-12
SO0010418,Z12,DC-MUM,2026-01-08,2026-01-10
SO0010419,Z13,DC-MUM,2026-01-08,2026-01-10
SO0010420,Z16,DC-MUM,2026-01-08,2026-01-10
SO0010421,Z18,DC-MUM,2026-01-08,2026-01-11
SO0010422,Z19,DC-MUM,2026-01-08,2026-01-10
SO0010410,Z28,DC-DEL,2026-01-07,2026-01-10
SO0010423,Z20,DC-DEL,2026-01-08,2026-01-10
SO0010424,Z27,DC-DEL,2026-01-08,2026-01-10
SO0010425,Z28,DC-DEL,2026-01-08,2026-01-11
SO0010412,Z31,DC-KOL,2026-01-07,2026-01-10
SO0010413,Z32,DC-KOL,2026-01-07,2026-01-09
SO0010414,Z33,DC-KOL,2026-01-07,2026-01-10
SO0010428,Z02,DC-HYD,2026-01-09,2026-01-11
SO0010429,Z07,DC-HYD,2026-01-09,2026-01-13
SO0010440,Z35,DC-HYD,2026-01-09,2026-01-12
SO0010430,Z11,DC-MUM,2026-01-09,2026-01-11
SO0010431,Z12,DC-MUM,2026-01-09,2026-01-11
SO0010432,Z15,DC-MUM,2026-01-09,2026-01-11
SO0010434,Z21,DC-DEL,2026-01-09,2026-01-11
SO0010435,Z23,DC-DEL,2026-01-09,2026-01-11
SO0010436,Z24,DC-DEL,2026-01-09,2026-01-11
SO0010437,Z25,DC-DEL,2026-01-09,2026-01-11
SO0010415,Z36,DC-KOL,2026-01-07,2026-01-10
SO0010426,Z30,DC-KOL,2026-01-08,2026-01-11
SO0010427,Z36,DC-KOL,2026-01-08,2026-01-11
SO0010438,Z29,DC-KOL,2026-01-09,2026-01-11
SO0010439,Z32,DC-KOL,2026-01-09,2026-01-11
SO0010441,Z03,DC-HYD,2026-01-10,2026-01-13
SO0010442,Z05,DC-HYD,2026-01-10,2026-01-13
SO0010443,Z06,DC-HYD,2026-01-10,2026-01-13
SO0010444,Z08,DC-HYD,2026-01-10,2026-01-14
SO0010445,Z09,DC-HYD,2026-01-10,2026-01-14
SO0010433,Z17,DC-MUM,2026-01-09,2026-01-12
SO0010446,Z14,DC-MUM,2026-01-10,2026-01-13
SO0010447,Z17,DC-MUM,2026-01-10,2026-01-13
SO0010448,Z22,DC-DEL,2026-01-10,2026-01-13
SO0010449,Z31,DC-KOL,2026-01-10,2026-01-13
SO0010450,Z34,DC-KOL,2026-01-10,2026-01-13
SO0010451,Z03,DC-HYD,2026-01-12,2026-01-15
SO0010452,Z04,DC-HYD,2026-01-12,2026-01-14
SO0010453,Z08,DC-HYD,2026-01-12,2026-01-16
SO0010454,Z10,DC-HYD,2026-01-12,2026-01-15
SO0010461,Z35,DC-HYD,2026-01-12,2026-01-15
SO0010455,Z11,DC-MUM,2026-01-12,2026-01-14
SO0010456,Z13,DC-MUM,2026-01-12,2026-01-14
SO0010457,Z15,DC-MUM,2026-01-12,2026-01-14
SO0010458,Z18,DC-MUM,2026-01-12,2026-01-15
SO0010459,Z26,DC-DEL,2026-01-12,2026-01-15
SO0010460,Z33,DC-KOL,2026-01-12,2026-01-15
SO0010462,Z01,DC-HYD,2026-01-13,2026-01-15
SO0010463,Z02,DC-HYD,2026-01-13,2026-01-15
SO0010464,Z04,DC-HYD,2026-01-13,2026-01-15
SO0010465,Z10,DC-HYD,2026-01-13,2026-01-16
SO0010466,Z14,DC-MUM,2026-01-13,2026-01-16
SO0010467,Z19,DC-MUM,2026-01-13,2026-01-15
SO0010468,Z20,DC-DEL,2026-01-13,2026-01-15
SO0010469,Z22,DC-DEL,2026-01-13,2026-01-16
SO0010471,Z30,DC-KOL,2026-01-13,2026-01-16
SO0010472,Z34,DC-KOL,2026-01-13,2026-01-16
SO0010473,Z01,DC-HYD,2026-01-14,2026-01-16
SO0010474,Z06,DC-HYD,2026-01-14,2026-01-17
SO0010475,Z09,DC-HYD,2026-01-14,2026-01-18
SO0010476,Z16,DC-MUM,2026-01-14,2026-01-16
SO0010470,Z23,DC-DEL,2026-01-13,2026-01-15
SO0010477,Z21,DC-DEL,2026-01-14,2026-01-16
SO0010478,Z24,DC-DEL,2026-01-14,2026-01-16
SO0010479,Z25,DC-DEL,2026-01-14,2026-01-16
SO0010480,Z26,DC-DEL,2026-01-14,2026-01-17
SO0010481,Z27,DC-DEL,2026-01-14,2026-01-16
SO0010483,Z29,DC-KOL,2026-01-14,2026-01-16
SO0010488,Z05,DC-HYD,2026-01-15,2026-01-18
SO0010489,Z07,DC-HYD,2026-01-15,2026-01-19
SO0010490,Z12,DC-MUM,2026-01-15,2026-01-17
SO0010491,Z13,DC-MUM,2026-01-15,2026-01-17
SO0010492,Z16,DC-MUM,2026-01-15,2026-01-17
SO0010493,Z18,DC-MUM,2026-01-15,2026-01-18
SO0010494,Z19,DC-MUM,2026-01-15,2026-01-17
SO0010482,Z28,DC-DEL,2026-01-14,2026-01-17
SO0010495,Z20,DC-DEL,2026-01-15,2026-01-17
SO0010496,Z27,DC-DEL,2026-01-15,2026-01-17
SO0010497,Z28,DC-DEL,2026-01-15,2026-01-18
SO0010484,Z31,DC-KOL,2026-01-14,2026-01-17
SO0010485,Z32,DC-KOL,2026-01-14,2026-01-16
SO0010486,Z33,DC-KOL,2026-01-14,2026-01-17
SO0010500,Z02,DC-HYD,2026-01-16,2026-01-18
SO0010501,Z07,DC-HYD,2026-01-16,2026-01-20
SO0010512,Z35,DC-HYD,2026-01-16,2026-01-19
SO0010502,Z11,DC-MUM,2026-01-16,2026-01-18
SO0010503,Z12,DC-MUM,2026-01-16,2026-01-18
SO0010504,Z15,DC-MUM,2026-01-16,2026-01-18
SO0010505,Z17,DC-MUM,2026-01-16,2026-01-19
SO0010506,Z21,DC-DEL,2026-01-16,2026-01-18
SO0010507,Z23,DC-DEL,2026-01-16,2026-01-18
SO0010508,Z24,DC-DEL,2026-01-16,2026-01-18
SO0010509,Z25,DC-DEL,2026-01-16,2026-01-18
SO0010487,Z36,DC-KOL,2026-01-14,2026-01-17
SO0010498,Z30,DC-KOL,2026-01-15,2026-01-18
SO0010499,Z36,DC-KOL,2026-01-15,2026-01-18
SO0010510,Z29,DC-KOL,2026-01-16,2026-01-18
SO0010511,Z32,DC-KOL,2026-01-16,2026-01-18
SO0010513,Z03,DC-HYD,2026-01-17,2026-01-20
SO0010514,Z05,DC-HYD,2026-01-17,2026-01-20
SO0010515,Z06,DC-HYD,2026-01-17,2026-01-20
SO0010516,Z08,DC-HYD,2026-01-17,2026-01-21
SO0010517,Z09,DC-HYD,2026-01-17,2026-01-21
SO0010518,Z14,DC-MUM,2026-01-17,2026-01-20
SO0010519,Z17,DC-MUM,2026-01-17,2026-01-20
SO0010520,Z22,DC-DEL,2026-01-17,2026-01-20
SO0010521,Z31,DC-KOL,2026-01-17,2026-01-20
SO0010522,Z34,DC-KOL,2026-01-17,2026-01-20
SO0010523,Z03,DC-HYD,2026-01-19,2026-01-22
SO0010524,Z04,DC-HYD,2026-01-19,2026-01-21
SO0010525,Z08,DC-HYD,2026-01-19,2026-01-23
SO0010526,Z10,DC-HYD,2026-01-19,2026-01-22
SO0010533,Z35,DC-HYD,2026-01-19,2026-01-22
SO0010527,Z11,DC-MUM,2026-01-19,2026-01-21
SO0010528,Z13,DC-MUM,2026-01-19,2026-01-21
SO0010529,Z15,DC-MUM,2026-01-19,2026-01-21
SO0010530,Z18,DC-MUM,2026-01-19,2026-01-22
SO0010531,Z26,DC-DEL,2026-01-19,2026-01-22
SO0010532,Z33,DC-KOL,2026-01-19,2026-01-22
SO0010534,Z01,DC-HYD,2026-01-20,2026-01-22
SO0010535,Z02,DC-HYD,2026-01-20,2026-01-22
SO0010536,Z04,DC-HYD,2026-01-20,2026-01-22
SO0010537,Z10,DC-HYD,2026-01-20,2026-01-23
SO0010538,Z14,DC-MUM,2026-01-20,2026-01-23
SO0010539,Z19,DC-MUM,2026-01-20,2026-01-22
SO0010540,Z20,DC-DEL,2026-01-20,2026-01-22
SO0010541,Z22,DC-DEL,2026-01-20,2026-01-23
SO0010543,Z30,DC-KOL,2026-01-20,2026-01-23
SO0010544,Z34,DC-KOL,2026-01-20,2026-01-23
SO0010545,Z01,DC-HYD,2026-01-21,2026-01-23
SO0010546,Z06,DC-HYD,2026-01-21,2026-01-24
SO0010547,Z09,DC-HYD,2026-01-21,2026-01-25
SO0010548,Z16,DC-MUM,2026-01-21,2026-01-23
SO0010542,Z23,DC-DEL,2026-01-20,2026-01-22
SO0010549,Z21,DC-DEL,2026-01-21,2026-01-23
SO0010550,Z24,DC-DEL,2026-01-21,2026-01-23
SO0010551,Z25,DC-DEL,2026-01-21,2026-01-23
SO0010552,Z26,DC-DEL,2026-01-21,2026-01-24
SO0010553,Z27,DC-DEL,2026-01-21,2026-01-23
SO0010555,Z29,DC-KOL,2026-01-21,2026-01-23
SO0010560,Z05,DC-HYD,2026-01-22,2026-01-25
SO0010561,Z07,DC-HYD,2026-01-22,2026-01-26
SO0010562,Z12,DC-MUM,2026-01-22,2026-01-24
SO0010563,Z13,DC-MUM,2026-01-22,2026-01-24
SO0010564,Z16,DC-MUM,2026-01-22,2026-01-24
SO0010565,Z18,DC-MUM,2026-01-22,2026-01-25
SO0010566,Z19,DC-MUM,2026-01-22,2026-01-24
SO0010554,Z28,DC-DEL,2026-01-21,2026-01-24
SO0010567,Z20,DC-DEL,2026-01-22,2026-01-24
SO0010568,Z27,DC-DEL,2026-01-22,2026-01-24
SO0010569,Z28,DC-DEL,2026-01-22,2026-01-25
SO0010556,Z31,DC-KOL,2026-01-21,2026-01-24
SO0010557,Z32,DC-KOL,2026-01-21,2026-01-23
SO0010558,Z33,DC-KOL,2026-01-21,2026-01-24
SO0010572,Z02,DC-HYD,2026-01-23,2026-01-25
SO0010573,Z07,DC-HYD,2026-01-23,2026-01-27
SO0010584,Z35,DC-HYD,2026-01-23,2026-01-26
SO0010574,Z11,DC-MUM,2026-01-23,2026-01-25
SO0010575,Z12,DC-MUM,2026-01-23,2026-01-25
SO0010576,Z15,DC-MUM,2026-01-23,2026-01-25
SO0010577,Z17,DC-MUM,2026-01-23,2026-01-26
SO0010578,Z21,DC-DEL,2026-01-23,2026-01-25
SO0010579,Z23,DC-DEL,2026-01-23,2026-01-25
SO0010580,Z24,DC-DEL,2026-01-23,2026-01-25
SO0010581,Z25,DC-DEL,2026-01-23,2026-01-25
SO0010559,Z36,DC-KOL,2026-01-21,2026-01-24
SO0010570,Z30,DC-KOL,2026-01-22,2026-01-25
SO0010571,Z36,DC-KOL,2026-01-22,2026-01-25
SO0010582,Z29,DC-KOL,2026-01-23,2026-01-25
SO0010585,Z03,DC-HYD,2026-01-24,2026-01-27
SO0010586,Z05,DC-HYD,2026-01-24,2026-01-27
SO0010587,Z06,DC-HYD,2026-01-24,2026-01-27
SO0010588,Z08,DC-HYD,2026-01-24,2026-01-28
SO0010589,Z09,DC-HYD,2026-01-24,2026-01-28
SO0010590,Z14,DC-MUM,2026-01-24,2026-01-27
SO0010591,Z17,DC-MUM,2026-01-24,2026-01-27
SO0010592,Z22,DC-DEL,2026-01-24,2026-01-27
SO0010583,Z32,DC-KOL,2026-01-23,2026-01-25
SO0010593,Z31,DC-KOL,2026-01-24,2026-01-27
SO0010594,Z34,DC-KOL,2026-01-24,2026-01-27
SO0010595,Z03,DC-HYD,2026-01-26,2026-01-29
SO0010596,Z04,DC-HYD,2026-01-26,2026-01-28
SO0010597,Z08,DC-HYD,2026-01-26,2026-01-30
SO0010598,Z10,DC-HYD,2026-01-26,2026-01-29
SO0010605,Z35,DC-HYD,2026-01-26,2026-01-29
SO0010599,Z11,DC-MUM,2026-01-26,2026-01-28
SO0010600,Z13,DC-MUM,2026-01-26,2026-01-28
SO0010601,Z15,DC-MUM,2026-01-26,2026-01-28
SO0010602,Z18,DC-MUM,2026-01-26,2026-01-29
SO0010603,Z26,DC-DEL,2026-01-26,2026-01-29
SO0010604,Z33,DC-KOL,2026-01-26,2026-01-29
SO0010606,Z01,DC-HYD,2026-01-27,2026-01-29
SO0010607,Z02,DC-HYD,2026-01-27,2026-01-29
SO0010608,Z04,DC-HYD,2026-01-27,2026-01-29
SO0010609,Z10,DC-HYD,2026-01-27,2026-01-30
SO0010610,Z14,DC-MUM,2026-01-27,2026-01-30
SO0010611,Z19,DC-MUM,2026-01-27,2026-01-29
SO0010612,Z20,DC-DEL,2026-01-27,2026-01-29
SO0010613,Z22,DC-DEL,2026-01-27,2026-01-30
SO0010615,Z30,DC-KOL,2026-01-27,2026-01-30
SO0010616,Z34,DC-KOL,2026-01-27,2026-01-30
SO0010617,Z01,DC-HYD,2026-01-28,2026-01-30
SO0010618,Z06,DC-HYD,2026-01-28,2026-01-31
SO0010619,Z09,DC-HYD,2026-01-28,2026-02-01
SO0010620,Z16,DC-MUM,2026-01-28,2026-01-30
SO0010614,Z23,DC-DEL,2026-01-27,2026-01-29
SO0010621,Z21,DC-DEL,2026-01-28,2026-01-30
SO0010622,Z24,DC-DEL,2026-01-28,2026-01-30
SO0010623,Z25,DC-DEL,2026-01-28,2026-01-30
SO0010624,Z26,DC-DEL,2026-01-28,2026-01-31
SO0010625,Z27,DC-DEL,2026-01-28,2026-01-30
SO0010627,Z29,DC-KOL,2026-01-28,2026-01-30
SO0010632,Z05,DC-HYD,2026-01-29,2026-02-01
SO0010633,Z07,DC-HYD,2026-01-29,2026-02-02
SO0010634,Z12,DC-MUM,2026-01-29,2026-01-31
SO0010635,Z13,DC-MUM,2026-01-29,2026-01-31
SO0010636,Z16,DC-MUM,2026-01-29,2026-01-31
SO0010637,Z18,DC-MUM,2026-01-29,2026-02-01
SO0010638,Z19,DC-MUM,2026-01-29,2026-01-31
SO0010626,Z28,DC-DEL,2026-01-28,2026-01-31
SO0010639,Z20,DC-DEL,2026-01-29,2026-01-31
SO0010640,Z27,DC-DEL,2026-01-29,2026-01-31
SO0010641,Z28,DC-DEL,2026-01-29,2026-02-01
SO0010628,Z31,DC-KOL,2026-01-28,2026-01-31
SO0010629,Z32,DC-KOL,2026-01-28,2026-01-30
SO0010630,Z33,DC-KOL,2026-01-28,2026-01-31
SO0010644,Z02,DC-HYD,2026-01-30,2026-02-01
SO0010645,Z07,DC-HYD,2026-01-30,2026-02-03
SO0010656,Z35,DC-HYD,2026-01-30,2026-02-02
SO0010646,Z11,DC-MUM,2026-01-30,2026-02-01
SO0010647,Z12,DC-MUM,2026-01-30,2026-02-01
SO0010648,Z15,DC-MUM,2026-01-30,2026-02-01
SO0010649,Z17,DC-MUM,2026-01-30,2026-02-02
SO0010650,Z21,DC-DEL,2026-01-30,2026-02-01
SO0010651,Z23,DC-DEL,2026-01-30,2026-02-01
SO0010652,Z24,DC-DEL,2026-01-30,2026-02-01
SO0010653,Z25,DC-DEL,2026-01-30,2026-02-01
SO0010631,Z36,DC-KOL,2026-01-28,2026-01-31
SO0010642,Z30,DC-KOL,2026-01-29,2026-02-01
SO0010643,Z36,DC-KOL,2026-01-29,2026-02-01
SO0010654,Z29,DC-KOL,2026-01-30,2026-02-01
SO0010655,Z32,DC-KOL,2026-01-30,2026-02-01
SO0010657,Z03,DC-HYD,2026-01-31,2026-02-03
SO0010658,Z05,DC-HYD,2026-01-31,2026-02-03
SO0010659,Z06,DC-HYD,2026-01-31,2026-02-03
SO0010660,Z08,DC-HYD,2026-01-31,2026-02-04
SO0010661,Z09,DC-HYD,2026-01-31,2026-02-04
SO0010662,Z14,DC-MUM,2026-01-31,2026-02-03
SO0010663,Z17,DC-MUM,2026-01-31,2026-02-03
SO0010664,Z22,DC-DEL,2026-01-31,2026-02-03
SO0010665,Z31,DC-KOL,2026-01-31,2026-02-03
SO0010666,Z34,DC-KOL,2026-01-31,2026-02-03
SO0010667,Z03,DC-HYD,2026-02-02,2026-02-05
SO0010668,Z04,DC-HYD,2026-02-02,2026-02-04
SO0010669,Z08,DC-HYD,2026-02-02,2026-02-06
SO0010670,Z10,DC-HYD,2026-02-02,2026-02-05
SO0010677,Z35,DC-HYD,2026-02-02,2026-02-05
SO0010671,Z11,DC-MUM,2026-02-02,2026-02-04
SO0010672,Z13,DC-MUM,2026-02-02,2026-02-04
SO0010673,Z15,DC-MUM,2026-02-02,2026-02-04
SO0010674,Z18,DC-MUM,2026-02-02,2026-02-05
SO0010675,Z26,DC-DEL,2026-02-02,2026-02-05
SO0010676,Z33,DC-KOL,2026-02-02,2026-02-05
SO0010678,Z01,DC-HYD,2026-02-03,2026-02-05
SO0010679,Z02,DC-HYD,2026-02-03,2026-02-05
SO0010680,Z04,DC-HYD,2026-02-03,2026-02-05
SO0010681,Z10,DC-HYD,2026-02-03,2026-02-06
SO0010682,Z14,DC-MUM,2026-02-03,2026-02-06
SO0010683,Z19,DC-MUM,2026-02-03,2026-02-05
SO0010684,Z20,DC-DEL,2026-02-03,2026-02-05
SO0010685,Z22,DC-DEL,2026-02-03,2026-02-06
SO0010686,Z23,DC-DEL,2026-02-03,2026-02-05
SO0010687,Z30,DC-KOL,2026-02-03,2026-02-06
SO0010688,Z34,DC-KOL,2026-02-03,2026-02-06
SO0010689,Z01,DC-HYD,2026-02-04,2026-02-06
SO0010690,Z06,DC-HYD,2026-02-04,2026-02-07
SO0010691,Z09,DC-HYD,2026-02-04,2026-02-08
SO0010692,Z16,DC-MUM,2026-02-04,2026-02-06
SO0010693,Z21,DC-DEL,2026-02-04,2026-02-06
SO0010694,Z24,DC-DEL,2026-02-04,2026-02-06
SO0010695,Z25,DC-DEL,2026-02-04,2026-02-06
SO0010696,Z26,DC-DEL,2026-02-04,2026-02-07
SO0010697,Z27,DC-DEL,2026-02-04,2026-02-06
SO0010699,Z29,DC-KOL,2026-02-04,2026-02-06
SO0010704,Z05,DC-HYD,2026-02-05,2026-02-08
SO0010705,Z07,DC-HYD,2026-02-05,2026-02-09
SO0010706,Z12,DC-MUM,2026-02-05,2026-02-07
SO0010707,Z13,DC-MUM,2026-02-05,2026-02-07
SO0010708,Z16,DC-MUM,2026-02-05,2026-02-07
SO0010709,Z18,DC-MUM,2026-02-05,2026-02-08
SO0010710,Z19,DC-MUM,2026-02-05,2026-02-07
SO0010698,Z28,DC-DEL,2026-02-04,2026-02-07
SO0010711,Z20,DC-DEL,2026-02-05,2026-02-07
SO0010712,Z27,DC-DEL,2026-02-05,2026-02-07
SO0010713,Z28,DC-DEL,2026-02-05,2026-02-08
SO0010700,Z31,DC-KOL,2026-02-04,2026-02-07
SO0010701,Z32,DC-KOL,2026-02-04,2026-02-06
SO0010702,Z33,DC-KOL,2026-02-04,2026-02-07
SO0010716,Z02,DC-HYD,2026-02-06,2026-02-08
SO0010717,Z07,DC-HYD,2026-02-06,2026-02-10
SO0010728,Z35,DC-HYD,2026-02-06,2026-02-09
SO0010718,Z11,DC-MUM,2026-02-06,2026-02-08
SO0010719,Z12,DC-MUM,2026-02-06,2026-02-08
SO0010720,Z15,DC-MUM,2026-02-06,2026-02-08
SO0010721,Z17,DC-MUM,2026-02-06,2026-02-09
SO0010722,Z21,DC-DEL,2026-02-06,2026-02-08
SO0010723,Z23,DC-DEL,2026-02-06,2026-02-08
SO0010724,Z24,DC-DEL,2026-02-06,2026-02-08
SO0010725,Z25,DC-DEL,2026-02-06,2026-02-08
SO0010703,Z36,DC-KOL,2026-02-04,2026-02-07
SO0010714,Z30,DC-KOL,2026-02-05,2026-02-08
SO0010715,Z36,DC-KOL,2026-02-05,2026-02-08
SO0010726,Z29,DC-KOL,2026-02-06,2026-02-08
SO0010727,Z32,DC-KOL,2026-02-06,2026-02-08
SO0010729,Z03,DC-HYD,2026-02-07,2026-02-10
SO0010730,Z05,DC-HYD,2026-02-07,2026-02-10
SO0010731,Z06,DC-HYD,2026-02-07,2026-02-10
SO0010732,Z08,DC-HYD,2026-02-07,2026-02-11
SO0010733,Z09,DC-HYD,2026-02-07,2026-02-11
SO0010734,Z14,DC-MUM,2026-02-07,2026-02-10
SO0010735,Z17,DC-MUM,2026-02-07,2026-02-10
SO0010736,Z22,DC-DEL,2026-02-07,2026-02-10
SO0010737,Z31,DC-KOL,2026-02-07,2026-02-10
SO0010738,Z34,DC-KOL,2026-02-07,2026-02-10
SO0010739,Z03,DC-HYD,2026-02-09,2026-02-12
SO0010740,Z04,DC-HYD,2026-02-09,2026-02-11
SO0010741,Z08,DC-HYD,2026-02-09,2026-02-13
SO0010742,Z10,DC-HYD,2026-02-09,2026-02-12
SO0010749,Z35,DC-HYD,2026-02-09,2026-02-12
SO0010743,Z11,DC-MUM,2026-02-09,2026-02-11
SO0010744,Z13,DC-MUM,2026-02-09,2026-02-11
SO0010745,Z15,DC-MUM,2026-02-09,2026-02-11
SO0010746,Z18,DC-MUM,2026-02-09,2026-02-12
SO0010747,Z26,DC-DEL,2026-02-09,2026-02-12
SO0010748,Z33,DC-KOL,2026-02-09,2026-02-12
SO0010750,Z01,DC-HYD,2026-02-10,2026-02-12
SO0010751,Z02,DC-HYD,2026-02-10,2026-02-12
SO0010752,Z04,DC-HYD,2026-02-10,2026-02-12
SO0010753,Z10,DC-HYD,2026-02-10,2026-02-13
SO0010754,Z14,DC-MUM,2026-02-10,2026-02-13
SO0010755,Z19,DC-MUM,2026-02-10,2026-02-12
SO0010756,Z20,DC-DEL,2026-02-10,2026-02-12
SO0010757,Z22,DC-DEL,2026-02-10,2026-02-13
SO0010758,Z23,DC-DEL,2026-02-10,2026-02-12
SO0010759,Z30,DC-KOL,2026-02-10,2026-02-13
SO0010760,Z34,DC-KOL,2026-02-10,2026-02-13
SO0010761,Z01,DC-HYD,2026-02-11,2026-02-13
SO0010762,Z06,DC-HYD,2026-02-11,2026-02-14
SO0010763,Z09,DC-HYD,2026-02-11,2026-02-15
SO0010764,Z16,DC-MUM,2026-02-11,2026-02-13
SO0010765,Z21,DC-DEL,2026-02-11,2026-02-13
SO0010766,Z24,DC-DEL,2026-02-11,2026-02-13
SO0010767,Z25,DC-DEL,2026-02-11,2026-02-13
SO0010768,Z26,DC-DEL,2026-02-11,2026-02-14
SO0010769,Z27,DC-DEL,2026-02-11,2026-02-13
SO0010771,Z29,DC-KOL,2026-02-11,2026-02-13
SO0010776,Z05,DC-HYD,2026-02-12,2026-02-15
SO0010777,Z07,DC-HYD,2026-02-12,2026-02-16
SO0010778,Z12,DC-MUM,2026-02-12,2026-02-14
SO0010779,Z13,DC-MUM,2026-02-12,2026-02-14
SO0010780,Z16,DC-MUM,2026-02-12,2026-02-14
SO0010781,Z18,DC-MUM,2026-02-12,2026-02-15
SO0010782,Z19,DC-MUM,2026-02-12,2026-02-14
SO0010770,Z28,DC-DEL,2026-02-11,2026-02-14
SO0010783,Z20,DC-DEL,2026-02-12,2026-02-14
SO0010784,Z27,DC-DEL,2026-02-12,2026-02-14
SO0010785,Z28,DC-DEL,2026-02-12,2026-02-15
SO0010772,Z31,DC-KOL,2026-02-11,2026-02-14
SO0010773,Z32,DC-KOL,2026-02-11,2026-02-13
SO0010774,Z33,DC-KOL,2026-02-11,2026-02-14
SO0010788,Z02,DC-HYD,2026-02-13,2026-02-15
SO0010789,Z07,DC-HYD,2026-02-13,2026-02-17
SO0010800,Z35,DC-HYD,2026-02-13,2026-02-16
SO0010790,Z11,DC-MUM,2026-02-13,2026-02-15
SO0010791,Z12,DC-MUM,2026-02-13,2026-02-15
SO0010792,Z15,DC-MUM,2026-02-13,2026-02-15
SO0010793,Z17,DC-MUM,2026-02-13,2026-02-16
SO0010794,Z21,DC-DEL,2026-02-13,2026-02-15
SO0010795,Z23,DC-DEL,2026-02-13,2026-02-15
SO0010796,Z24,DC-DEL,2026-02-13,2026-02-15
SO0010797,Z25,DC-DEL,2026-02-13,2026-02-15
SO0010775,Z36,DC-KOL,2026-02-11,2026-02-14
SO0010786,Z30,DC-KOL,2026-02-12,2026-02-15
SO0010787,Z36,DC-KOL,2026-02-12,2026-02-15
SO0010801,Z03,DC-HYD,2026-02-14,2026-02-17
SO0010802,Z05,DC-HYD,2026-02-14,2026-02-17
SO0010803,Z06,DC-HYD,2026-02-14,2026-02-17
SO0010804,Z08,DC-HYD,2026-02-14,2026-02-18
SO0010805,Z09,DC-HYD,2026-02-14,2026-02-18
SO0010806,Z14,DC-MUM,2026-02-14,2026-02-17
SO0010807,Z17,DC-MUM,2026-02-14,2026-02-17
SO0010808,Z22,DC-DEL,2026-02-14,2026-02-17
SO0010798,Z29,DC-KOL,2026-02-13,2026-02-15
SO0010799,Z32,DC-KOL,2026-02-13,2026-02-15
SO0010809,Z31,DC-KOL,2026-02-14,2026-02-17
SO0010811,Z03,DC-HYD,2026-02-16,2026-02-19
SO0010812,Z04,DC-HYD,2026-02-16,2026-02-18
SO0010813,Z08,DC-HYD,2026-02-16,2026-02-20
SO0010814,Z10,DC-HYD,2026-02-16,2026-02-19
SO0010821,Z35,DC-HYD,2026-02-16,2026-02-19
SO0010815,Z11,DC-MUM,2026-02-16,2026-02-18
SO0010816,Z13,DC-MUM,2026-02-16,2026-02-18
SO0010817,Z15,DC-MUM,2026-02-16,2026-02-18
SO0010818,Z18,DC-MUM,2026-02-16,2026-02-19
SO0010819,Z26,DC-DEL,2026-02-16,2026-02-19
SO0010810,Z34,DC-KOL,2026-02-14,2026-02-17
SO0010820,Z33,DC-KOL,2026-02-16,2026-02-19
SO0010822,Z01,DC-HYD,2026-02-17,2026-02-19
SO0010823,Z02,DC-HYD,2026-02-17,2026-02-19
SO0010824,Z04,DC-HYD,2026-02-17,2026-02-19
SO0010825,Z10,DC-HYD,2026-02-17,2026-02-20
SO0010826,Z14,DC-MUM,2026-02-17,2026-02-20
SO0010827,Z19,DC-MUM,2026-02-17,2026-02-19
SO0010828,Z20,DC-DEL,2026-02-17,2026-02-19
SO0010829,Z22,DC-DEL,2026-02-17,2026-02-20
SO0010830,Z23,DC-DEL,2026-02-17,2026-02-19
SO0010831,Z30,DC-KOL,2026-02-17,2026-02-20
SO0010832,Z34,DC-KOL,2026-02-17,2026-02-20
SO0010833,Z01,DC-HYD,2026-02-18,2026-02-20
SO0010834,Z06,DC-HYD,2026-02-18,2026-02-21
SO0010835,Z09,DC-HYD,2026-02-18,2026-02-22
SO0010836,Z16,DC-MUM,2026-02-18,2026-02-20
SO0010837,Z21,DC-DEL,2026-02-18,2026-02-20
SO0010838,Z24,DC-DEL,2026-02-18,2026-02-20
SO0010839,Z25,DC-DEL,2026-02-18,2026-02-20
SO0010840,Z26,DC-DEL,2026-02-18,2026-02-21
SO0010841,Z27,DC-DEL,2026-02-18,2026-02-20
SO0010843,Z29,DC-KOL,2026-02-18,2026-02-20
SO0010848,Z05,DC-HYD,2026-02-19,2026-02-22
SO0010849,Z07,DC-HYD,2026-02-19,2026-02-23
SO0010850,Z12,DC-MUM,2026-02-19,2026-02-21
SO0010851,Z13,DC-MUM,2026-02-19,2026-02-21
SO0010852,Z16,DC-MUM,2026-02-19,2026-02-21
SO0010853,Z18,DC-MUM,2026-02-19,2026-02-22
SO0010854,Z19,DC-MUM,2026-02-19,2026-02-21
SO0010842,Z28,DC-DEL,2026-02-18,2026-02-21
SO0010855,Z20,DC-DEL,2026-02-19,2026-02-21
SO0010856,Z27,DC-DEL,2026-02-19,2026-02-21
SO0010857,Z28,DC-DEL,2026-02-19,2026-02-22
SO0010844,Z31,DC-KOL,2026-02-18,2026-02-21
SO0010845,Z32,DC-KOL,2026-02-18,2026-02-20
SO0010846,Z33,DC-KOL,2026-02-18,2026-02-21
SO0010847,Z36,DC-KOL,2026-02-18,2026-02-21
SO0010860,Z02,DC-HYD,2026-02-20,2026-02-22
SO0010861,Z07,DC-HYD,2026-02-20,2026-02-24
SO0010872,Z35,DC-HYD,2026-02-20,2026-02-23
SO0010862,Z11,DC-MUM,2026-02-20,2026-02-22
SO0010863,Z12,DC-MUM,2026-02-20,2026-02-22
SO0010864,Z15,DC-MUM,2026-02-20,2026-02-22
SO0010865,Z17,DC-MUM,2026-02-20,2026-02-23
SO0010866,Z21,DC-DEL,2026-02-20,2026-02-22
SO0010867,Z23,DC-DEL,2026-02-20,2026-02-22
SO0010868,Z24,DC-DEL,2026-02-20,2026-02-22
SO0010869,Z25,DC-DEL,2026-02-20,2026-02-22
SO0010858,Z30,DC-KOL,2026-02-19,2026-02-22
SO0010859,Z36,DC-KOL,2026-02-19,2026-02-22
SO0010870,Z29,DC-KOL,2026-02-20,2026-02-22
SO0010871,Z32,DC-KOL,2026-02-20,2026-02-22
SO0010873,Z03,DC-HYD,2026-02-21,2026-02-24
SO0010874,Z05,DC-HYD,2026-02-21,2026-02-24
SO0010875,Z06,DC-HYD,2026-02-21,2026-02-24
SO0010876,Z08,DC-HYD,2026-02-21,2026-02-25
SO0010877,Z09,DC-HYD,2026-02-21,2026-02-25
SO0010878,Z14,DC-MUM,2026-02-21,2026-02-24
SO0010879,Z17,DC-MUM,2026-02-21,2026-02-24
SO0010880,Z22,DC-DEL,2026-02-21,2026-02-24
SO0010881,Z31,DC-KOL,2026-02-21,2026-02-24
SO0010882,Z34,DC-KOL,2026-02-21,2026-02-24
SO0010883,Z03,DC-HYD,2026-02-23,2026-02-26
SO0010884,Z04,DC-HYD,2026-02-23,2026-02-25
SO0010885,Z08,DC-HYD,2026-02-23,2026-02-27
SO0010886,Z10,DC-HYD,2026-02-23,2026-02-26
SO0010893,Z35,DC-HYD,2026-02-23,2026-02-26
SO0010887,Z11,DC-MUM,2026-02-23,2026-02-25
SO0010888,Z13,DC-MUM,2026-02-23,2026-02-25
SO0010889,Z15,DC-MUM,2026-02-23,2026-02-25
SO0010890,Z18,DC-MUM,2026-02-23,2026-02-26
SO0010891,Z26,DC-DEL,2026-02-23,2026-02-26
SO0010892,Z33,DC-KOL,2026-02-23,2026-02-26
SO0010894,Z01,DC-HYD,2026-02-24,2026-02-26
SO0010895,Z02,DC-HYD,2026-02-24,2026-02-26
SO0010896,Z04,DC-HYD,2026-02-24,2026-02-26
SO0010897,Z10,DC-HYD,2026-02-24,2026-02-27
SO0010898,Z14,DC-MUM,2026-02-24,2026-02-27
SO0010899,Z19,DC-MUM,2026-02-24,2026-02-26
SO0010900,Z20,DC-DEL,2026-02-24,2026-02-26
SO0010901,Z22,DC-DEL,2026-02-24,2026-02-27
SO0010902,Z23,DC-DEL,2026-02-24,2026-02-26
SO0010903,Z30,DC-KOL,2026-02-24,2026-02-27
SO0010904,Z34,DC-KOL,2026-02-24,2026-02-27
SO0010905,Z01,DC-HYD,2026-02-25,2026-02-27
SO0010906,Z06,DC-HYD,2026-02-25,2026-02-28
SO0010907,Z09,DC-HYD,2026-02-25,2026-03-01
SO0010908,Z16,DC-MUM,2026-02-25,2026-02-27
SO0010909,Z21,DC-DEL,2026-02-25,2026-02-27
SO0010910,Z24,DC-DEL,2026-02-25,2026-02-27
SO0010911,Z25,DC-DEL,2026-02-25,2026-02-27
SO0010912,Z26,DC-DEL,2026-02-25,2026-02-28
SO0010913,Z27,DC-DEL,2026-02-25,2026-02-27
SO0010915,Z29,DC-KOL,2026-02-25,2026-02-27
SO0010920,Z05,DC-HYD,2026-02-26,2026-03-01
SO0010921,Z07,DC-HYD,2026-02-26,2026-03-02
SO0010922,Z12,DC-MUM,2026-02-26,2026-02-28
SO0010923,Z13,DC-MUM,2026-02-26,2026-02-28
SO0010924,Z16,DC-MUM,2026-02-26,2026-02-28
SO0010925,Z18,DC-MUM,2026-02-26,2026-03-01
SO0010926,Z19,DC-MUM,2026-02-26,2026-02-28
SO0010914,Z28,DC-DEL,2026-02-25,2026-02-28
SO0010927,Z20,DC-DEL,2026-02-26,2026-02-28
SO0010928,Z27,DC-DEL,2026-02-26,2026-02-28
SO0010929,Z28,DC-DEL,2026-02-26,2026-03-01
SO0010916,Z31,DC-KOL,2026-02-25,2026-02-28
SO0010917,Z32,DC-KOL,2026-02-25,2026-02-27
SO0010918,Z33,DC-KOL,2026-02-25,2026-02-28
SO0010932,Z02,DC-HYD,2026-02-27,2026-03-01
SO0010933,Z07,DC-HYD,2026-02-27,2026-03-03
SO0010944,Z35,DC-HYD,2026-02-27,2026-03-02
SO0010934,Z11,DC-MUM,2026-02-27,2026-03-01
SO0010935,Z12,DC-MUM,2026-02-27,2026-03-01
SO0010936,Z15,DC-MUM,2026-02-27,2026-03-01
SO0010937,Z17,DC-MUM,2026-02-27,2026-03-02
SO0010938,Z21,DC-DEL,2026-02-27,2026-03-01
SO0010939,Z23,DC-DEL,2026-02-27,2026-03-01
SO0010940,Z24,DC-DEL,2026-02-27,2026-03-01
SO0010941,Z25,DC-DEL,2026-02-27,2026-03-01
SO0010919,Z36,DC-KOL,2026-02-25,2026-02-28
SO0010930,Z30,DC-KOL,2026-02-26,2026-03-01
SO0010931,Z36,DC-KOL,2026-02-26,2026-03-01
SO0010942,Z29,DC-KOL,2026-02-27,2026-03-01
SO0010945,Z03,DC-HYD,2026-02-28,2026-03-03
SO0010946,Z05,DC-HYD,2026-02-28,2026-03-03
SO0010947,Z06,DC-HYD,2026-02-28,2026-03-03
SO0010948,Z08,DC-HYD,2026-02-28,2026-03-04
SO0010949,Z09,DC-HYD,2026-02-28,2026-03-04
SO0010950,Z14,DC-MUM,2026-02-28,2026-03-03
SO0010951,Z17,DC-MUM,2026-02-28,2026-03-03
SO0010952,Z22,DC-DEL,2026-02-28,2026-03-03
SO0010943,Z32,DC-KOL,2026-02-27,2026-03-01
SO0010953,Z31,DC-KOL,2026-02-28,2026-03-03
SO0010954,Z34,DC-KOL,2026-02-28,2026-03-03
SO0010955,Z03,DC-HYD,2026-03-02,2026-03-05
SO0010956,Z04,DC-HYD,2026-03-02,2026-03-04
SO0010957,Z08,DC-HYD,2026-03-02,2026-03-06
SO0010958,Z10,DC-HYD,2026-03-02,2026-03-05
SO0010965,Z35,DC-HYD,2026-03-02,2026-03-05
SO0010959,Z11,DC-MUM,2026-03-02,2026-03-04
SO0010960,Z13,DC-MUM,2026-03-02,2026-03-04
SO0010961,Z15,DC-MUM,2026-03-02,2026-03-04
SO0010962,Z18,DC-MUM,2026-03-02,2026-03-05
SO0010963,Z26,DC-DEL,2026-03-02,2026-03-05
SO0010964,Z33,DC-KOL,2026-03-02,2026-03-05
SO0010966,Z01,DC-HYD,2026-03-03,2026-03-05
SO0010967,Z02,DC-HYD,2026-03-03,2026-03-05
SO0010968,Z04,DC-HYD,2026-03-03,2026-03-05
SO0010969,Z10,DC-HYD,2026-03-03,2026-03-06
SO0010970,Z14,DC-MUM,2026-03-03,2026-03-06
SO0010971,Z19,DC-MUM,2026-03-03,2026-03-05
SO0010972,Z20,DC-DEL,2026-03-03,2026-03-05
SO0010973,Z22,DC-DEL,2026-03-03,2026-03-06
SO0010974,Z23,DC-DEL,2026-03-03,2026-03-05
SO0010975,Z30,DC-KOL,2026-03-03,2026-03-06
SO0010976,Z34,DC-KOL,2026-03-03,2026-03-06
SO0010977,Z01,DC-HYD,2026-03-04,2026-03-06
SO0010978,Z06,DC-HYD,2026-03-04,2026-03-07
SO0010979,Z09,DC-HYD,2026-03-04,2026-03-08
SO0010980,Z16,DC-MUM,2026-03-04,2026-03-06
SO0010981,Z21,DC-DEL,2026-03-04,2026-03-06
SO0010982,Z24,DC-DEL,2026-03-04,2026-03-06
SO0010983,Z25,DC-DEL,2026-03-04,2026-03-06
SO0010984,Z26,DC-DEL,2026-03-04,2026-03-07
SO0010985,Z27,DC-DEL,2026-03-04,2026-03-06
SO0010987,Z29,DC-KOL,2026-03-04,2026-03-06
SO0010992,Z05,DC-HYD,2026-03-05,2026-03-08
SO0010993,Z07,DC-HYD,2026-03-05,2026-03-09
SO0010994,Z12,DC-MUM,2026-03-05,2026-03-07
SO0010995,Z13,DC-MUM,2026-03-05,2026-03-07
SO0010996,Z16,DC-MUM,2026-03-05,2026-03-07
SO0010997,Z18,DC-MUM,2026-03-05,2026-03-08
SO0010998,Z19,DC-MUM,2026-03-05,2026-03-07
SO0010986,Z28,DC-DEL,2026-03-04,2026-03-07
SO0010999,Z20,DC-DEL,2026-03-05,2026-03-07
SO0011000,Z27,DC-DEL,2026-03-05,2026-03-07
SO0011001,Z28,DC-DEL,2026-03-05,2026-03-08
SO0010988,Z31,DC-KOL,2026-03-04,2026-03-07
SO0010989,Z32,DC-KOL,2026-03-04,2026-03-06
SO0010990,Z33,DC-KOL,2026-03-04,2026-03-07
SO0011004,Z02,DC-HYD,2026-03-06,2026-03-08
SO0011005,Z07,DC-HYD,2026-03-06,2026-03-10
SO0011016,Z35,DC-HYD,2026-03-06,2026-03-09
SO0011006,Z11,DC-MUM,2026-03-06,2026-03-08
SO0011007,Z12,DC-MUM,2026-03-06,2026-03-08
SO0011008,Z15,DC-MUM,2026-03-06,2026-03-08
SO0011009,Z17,DC-MUM,2026-03-06,2026-03-09
SO0011010,Z21,DC-DEL,2026-03-06,2026-03-08
SO0011011,Z23,DC-DEL,2026-03-06,2026-03-08
SO0011012,Z24,DC-DEL,2026-03-06,2026-03-08
SO0011013,Z25,DC-DEL,2026-03-06,2026-03-08
SO0010991,Z36,DC-KOL,2026-03-04,2026-03-07
SO0011002,Z30,DC-KOL,2026-03-05,2026-03-08
SO0011003,Z36,DC-KOL,2026-03-05,2026-03-08
SO0011014,Z29,DC-KOL,2026-03-06,2026-03-08
SO0011015,Z32,DC-KOL,2026-03-06,2026-03-08
SO0011017,Z03,DC-HYD,2026-03-07,2026-03-10
SO0011018,Z05,DC-HYD,2026-03-07,2026-03-10
SO0011019,Z06,DC-HYD,2026-03-07,2026-03-10
SO0011020,Z08,DC-HYD,2026-03-07,2026-03-11
SO0011021,Z09,DC-HYD,2026-03-07,2026-03-11
SO0011022,Z14,DC-MUM,2026-03-07,2026-03-10
SO0011023,Z17,DC-MUM,2026-03-07,2026-03-10
SO0011024,Z22,DC-DEL,2026-03-07,2026-03-10
SO0011025,Z31,DC-KOL,2026-03-07,2026-03-10
SO0011026,Z34,DC-KOL,2026-03-07,2026-03-10
SO0011027,Z03,DC-HYD,2026-03-09,2026-03-12
SO0011028,Z04,DC-HYD,2026-03-09,2026-03-11
SO0011029,Z08,DC-HYD,2026-03-09,2026-03-13
SO0011030,Z10,DC-HYD,2026-03-09,2026-03-12
SO0011037,Z35,DC-HYD,2026-03-09,2026-03-12
SO0011031,Z11,DC-MUM,2026-03-09,2026-03-11
SO0011032,Z13,DC-MUM,2026-03-09,2026-03-11
SO0011033,Z15,DC-MUM,2026-03-09,2026-03-11
SO0011034,Z18,DC-MUM,2026-03-09,2026-03-12
SO0011035,Z26,DC-DEL,2026-03-09,2026-03-12
SO0011036,Z33,DC-KOL,2026-03-09,2026-03-12
SO0011038,Z01,DC-HYD,2026-03-10,2026-03-12
SO0011039,Z02,DC-HYD,2026-03-10,2026-03-12
SO0011040,Z04,DC-HYD,2026-03-10,2026-03-12
SO0011041,Z10,DC-HYD,2026-03-10,2026-03-13
SO0011042,Z14,DC-MUM,2026-03-10,2026-03-13
SO0011043,Z19,DC-MUM,2026-03-10,2026-03-12
SO0011044,Z20,DC-DEL,2026-03-10,2026-03-12
SO0011045,Z22,DC-DEL,2026-03-10,2026-03-13
SO0011046,Z23,DC-DEL,2026-03-10,2026-03-12
SO0011047,Z30,DC-KOL,2026-03-10,2026-03-13
SO0011048,Z34,DC-KOL,2026-03-10,2026-03-13
SO0011049,Z01,DC-HYD,2026-03-11,2026-03-13
SO0011050,Z06,DC-HYD,2026-03-11,2026-03-14
SO0011051,Z09,DC-HYD,2026-03-11,2026-03-15
SO0011052,Z16,DC-MUM,2026-03-11,2026-03-13
SO0011053,Z21,DC-DEL,2026-03-11,2026-03-13
SO0011054,Z24,DC-DEL,2026-03-11,2026-03-13
SO0011055,Z25,DC-DEL,2026-03-11,2026-03-13
SO0011056,Z26,DC-DEL,2026-03-11,2026-03-14
SO0011057,Z27,DC-DEL,2026-03-11,2026-03-13
SO0011058,Z28,DC-DEL,2026-03-11,2026-03-14
SO0011059,Z29,DC-KOL,2026-03-11,2026-03-13
SO0011064,Z05,DC-HYD,2026-03-12,2026-03-15
SO0011065,Z07,DC-HYD,2026-03-12,2026-03-16
SO0011066,Z12,DC-MUM,2026-03-12,2026-03-14
SO0011067,Z13,DC-MUM,2026-03-12,2026-03-14
SO0011068,Z16,DC-MUM,2026-03-12,2026-03-14
SO0011069,Z18,DC-MUM,2026-03-12,2026-03-15
SO0011070,Z19,DC-MUM,2026-03-12,2026-03-14
SO0011071,Z20,DC-DEL,2026-03-12,2026-03-14
SO0011072,Z27,DC-DEL,2026-03-12,2026-03-14
SO0011073,Z28,DC-DEL,2026-03-12,2026-03-15
SO0011060,Z31,DC-KOL,2026-03-11,2026-03-14
SO0011061,Z32,DC-KOL,2026-03-11,2026-03-13
SO0011062,Z33,DC-KOL,2026-03-11,2026-03-14
SO0011076,Z02,DC-HYD,2026-03-13,2026-03-15
SO0011077,Z07,DC-HYD,2026-03-13,2026-03-17
SO0011088,Z35,DC-HYD,2026-03-13,2026-03-16
SO0011078,Z11,DC-MUM,2026-03-13,2026-03-15
SO0011079,Z12,DC-MUM,2026-03-13,2026-03-15
SO0011080,Z15,DC-MUM,2026-03-13,2026-03-15
SO0011081,Z17,DC-MUM,2026-03-13,2026-03-16
SO0011082,Z21,DC-DEL,2026-03-13,2026-03-15
SO0011083,Z23,DC-DEL,2026-03-13,2026-03-15
SO0011084,Z24,DC-DEL,2026-03-13,2026-03-15
SO0011085,Z25,DC-DEL,2026-03-13,2026-03-15
SO0011063,Z36,DC-KOL,2026-03-11,2026-03-14
SO0011074,Z30,DC-KOL,2026-03-12,2026-03-15
SO0011075,Z36,DC-KOL,2026-03-12,2026-03-15
SO0011086,Z29,DC-KOL,2026-03-13,2026-03-15
SO0011087,Z32,DC-KOL,2026-03-13,2026-03-15
SO0011089,Z03,DC-HYD,2026-03-14,2026-03-17
SO0011090,Z05,DC-HYD,2026-03-14,2026-03-17
SO0011091,Z06,DC-HYD,2026-03-14,2026-03-17
SO0011092,Z08,DC-HYD,2026-03-14,2026-03-18
SO0011093,Z09,DC-HYD,2026-03-14,2026-03-18
SO0011094,Z14,DC-MUM,2026-03-14,2026-03-17
SO0011095,Z17,DC-MUM,2026-03-14,2026-03-17
SO0011096,Z22,DC-DEL,2026-03-14,2026-03-17
SO0011097,Z31,DC-KOL,2026-03-14,2026-03-17
SO0011098,Z34,DC-KOL,2026-03-14,2026-03-17
SO0011099,Z03,DC-HYD,2026-03-16,2026-03-19
SO0011100,Z04,DC-HYD,2026-03-16,2026-03-18
SO0011101,Z08,DC-HYD,2026-03-16,2026-03-20
SO0011102,Z10,DC-HYD,2026-03-16,2026-03-19
SO0011109,Z35,DC-HYD,2026-03-16,2026-03-19
SO0011103,Z11,DC-MUM,2026-03-16,2026-03-18
SO0011104,Z13,DC-MUM,2026-03-16,2026-03-18
SO0011105,Z15,DC-MUM,2026-03-16,2026-03-18
SO0011106,Z18,DC-MUM,2026-03-16,2026-03-19
SO0011107,Z26,DC-DEL,2026-03-16,2026-03-19
SO0011108,Z33,DC-KOL,2026-03-16,2026-03-19
SO0011110,Z01,DC-HYD,2026-03-17,2026-03-19
SO0011111,Z02,DC-HYD,2026-03-17,2026-03-19
SO0011112,Z04,DC-HYD,2026-03-17,2026-03-19
SO0011113,Z10,DC-HYD,2026-03-17,2026-03-20
SO0011114,Z14,DC-MUM,2026-03-17,2026-03-20
SO0011115,Z19,DC-MUM,2026-03-17,2026-03-19
SO0011116,Z20,DC-DEL,2026-03-17,2026-03-19
SO0011117,Z22,DC-DEL,2026-03-17,2026-03-20
SO0011118,Z23,DC-DEL,2026-03-17,2026-03-19
SO0011119,Z30,DC-KOL,2026-03-17,2026-03-20
SO0011120,Z34,DC-KOL,2026-03-17,2026-03-20
SO0011121,Z01,DC-HYD,2026-03-18,2026-03-20
SO0011122,Z06,DC-HYD,2026-03-18,2026-03-21
SO0011123,Z09,DC-HYD,2026-03-18,2026-03-22
SO0011124,Z16,DC-MUM,2026-03-18,2026-03-20
SO0011125,Z21,DC-DEL,2026-03-18,2026-03-20
SO0011126,Z24,DC-DEL,2026-03-18,2026-03-20
SO0011127,Z25,DC-DEL,2026-03-18,2026-03-20
SO0011128,Z26,DC-DEL,2026-03-18,2026-03-21
SO0011129,Z27,DC-DEL,2026-03-18,2026-03-20
SO0011131,Z29,DC-KOL,2026-03-18,2026-03-20
SO0011136,Z05,DC-HYD,2026-03-19,2026-03-22
SO0011137,Z07,DC-HYD,2026-03-19,2026-03-23
SO0011138,Z12,DC-MUM,2026-03-19,2026-03-21
SO0011139,Z13,DC-MUM,2026-03-19,2026-03-21
SO0011140,Z16,DC-MUM,2026-03-19,2026-03-21
SO0011141,Z18,DC-MUM,2026-03-19,2026-03-22
SO0011142,Z19,DC-MUM,2026-03-19,2026-03-21
SO0011130,Z28,DC-DEL,2026-03-18,2026-03-21
SO0011143,Z20,DC-DEL,2026-03-19,2026-03-21
SO0011144,Z27,DC-DEL,2026-03-19,2026-03-21
SO0011145,Z28,DC-DEL,2026-03-19,2026-03-22
SO0011132,Z31,DC-KOL,2026-03-18,2026-03-21
SO0011133,Z32,DC-KOL,2026-03-18,2026-03-20
SO0011134,Z33,DC-KOL,2026-03-18,2026-03-21
SO0011148,Z02,DC-HYD,2026-03-20,2026-03-22
SO0011149,Z07,DC-HYD,2026-03-20,2026-03-24
SO0011160,Z35,DC-HYD,2026-03-20,2026-03-23
SO0011150,Z11,DC-MUM,2026-03-20,2026-03-22
SO0011151,Z12,DC-MUM,2026-03-20,2026-03-22
SO0011152,Z15,DC-MUM,2026-03-20,2026-03-22
SO0011154,Z21,DC-DEL,2026-03-20,2026-03-22
SO0011155,Z23,DC-DEL,2026-03-20,2026-03-22
SO0011156,Z24,DC-DEL,2026-03-20,2026-03-22
SO0011157,Z25,DC-DEL,2026-03-20,2026-03-22
SO0011135,Z36,DC-KOL,2026-03-18,2026-03-21
SO0011146,Z30,DC-KOL,2026-03-19,2026-03-22
SO0011147,Z36,DC-KOL,2026-03-19,2026-03-22
SO0011158,Z29,DC-KOL,2026-03-20,2026-03-22
SO0011159,Z32,DC-KOL,2026-03-20,2026-03-22
SO0011161,Z03,DC-HYD,2026-03-21,2026-03-24
SO0011162,Z05,DC-HYD,2026-03-21,2026-03-24
SO0011163,Z06,DC-HYD,2026-03-21,2026-03-24
SO0011164,Z08,DC-HYD,2026-03-21,2026-03-25
SO0011165,Z09,DC-HYD,2026-03-21,2026-03-25
SO0011153,Z17,DC-MUM,2026-03-20,2026-03-23
SO0011166,Z14,DC-MUM,2026-03-21,2026-03-24
SO0011167,Z17,DC-MUM,2026-03-21,2026-03-24
SO0011168,Z22,DC-DEL,2026-03-21,2026-03-24
SO0011169,Z31,DC-KOL,2026-03-21,2026-03-24
SO0011170,Z34,DC-KOL,2026-03-21,2026-03-24
SO0011171,Z03,DC-HYD,2026-03-23,2026-03-26
SO0011172,Z04,DC-HYD,2026-03-23,2026-03-25
SO0011173,Z08,DC-HYD,2026-03-23,2026-03-27
SO0011174,Z10,DC-HYD,2026-03-23,2026-03-26
SO0011181,Z35,DC-HYD,2026-03-23,2026-03-26
SO0011175,Z11,DC-MUM,2026-03-23,2026-03-25
SO0011176,Z13,DC-MUM,2026-03-23,2026-03-25
SO0011177,Z15,DC-MUM,2026-03-23,2026-03-25
SO0011178,Z18,DC-MUM,2026-03-23,2026-03-26
SO0011179,Z26,DC-DEL,2026-03-23,2026-03-26
SO0011180,Z33,DC-KOL,2026-03-23,2026-03-26
SO0011182,Z01,DC-HYD,2026-03-24,2026-03-26
SO0011183,Z02,DC-HYD,2026-03-24,2026-03-26
SO0011184,Z04,DC-HYD,2026-03-24,2026-03-26
SO0011185,Z10,DC-HYD,2026-03-24,2026-03-27
SO0011186,Z14,DC-MUM,2026-03-24,2026-03-27
SO0011187,Z19,DC-MUM,2026-03-24,2026-03-26
SO0011188,Z20,DC-DEL,2026-03-24,2026-03-26
SO0011189,Z22,DC-DEL,2026-03-24,2026-03-27
SO0011190,Z23,DC-DEL,2026-03-24,2026-03-26
SO0011191,Z30,DC-KOL,2026-03-24,2026-03-27
SO0011192,Z34,DC-KOL,2026-03-24,2026-03-27
SO0011193,Z01,DC-HYD,2026-03-25,2026-03-27
SO0011194,Z06,DC-HYD,2026-03-25,2026-03-28
SO0011195,Z09,DC-HYD,2026-03-25,2026-03-29
SO0011196,Z16,DC-MUM,2026-03-25,2026-03-27
SO0011197,Z21,DC-DEL,2026-03-25,2026-03-27
SO0011198,Z24,DC-DEL,2026-03-25,2026-03-27
SO0011199,Z25,DC-DEL,2026-03-25,2026-03-27
SO0011200,Z26,DC-DEL,2026-03-25,2026-03-28
SO0011201,Z27,DC-DEL,2026-03-25,2026-03-27
SO0011203,Z29,DC-KOL,2026-03-25,2026-03-27
SO0011208,Z05,DC-HYD,2026-03-26,2026-03-29
SO0011209,Z07,DC-HYD,2026-03-26,2026-03-30
SO0011210,Z12,DC-MUM,2026-03-26,2026-03-28
SO0011211,Z13,DC-MUM,2026-03-26,2026-03-28
SO0011212,Z16,DC-MUM,2026-03-26,2026-03-28
SO0011213,Z18,DC-MUM,2026-03-26,2026-03-29
SO0011214,Z19,DC-MUM,2026-03-26,2026-03-28
SO0011202,Z28,DC-DEL,2026-03-25,2026-03-28
SO0011215,Z20,DC-DEL,2026-03-26,2026-03-28
SO0011216,Z27,DC-DEL,2026-03-26,2026-03-28
SO0011217,Z28,DC-DEL,2026-03-26,2026-03-29
SO0011204,Z31,DC-KOL,2026-03-25,2026-03-28
SO0011205,Z32,DC-KOL,2026-03-25,2026-03-27
SO0011206,Z33,DC-KOL,2026-03-25,2026-03-28
SO0011220,Z02,DC-HYD,2026-03-27,2026-03-29
SO0011221,Z07,DC-HYD,2026-03-27,2026-03-31
SO0011232,Z35,DC-HYD,2026-03-27,2026-03-30
SO0011222,Z11,DC-MUM,2026-03-27,2026-03-29
SO0011223,Z12,DC-MUM,2026-03-27,2026-03-29
SO0011224,Z15,DC-MUM,2026-03-27,2026-03-29
SO0011225,Z17,DC-MUM,2026-03-27,2026-03-30
SO0011226,Z21,DC-DEL,2026-03-27,2026-03-29
SO0011227,Z23,DC-DEL,2026-03-27,2026-03-29
SO0011228,Z24,DC-DEL,2026-03-27,2026-03-29
SO0011229,Z25,DC-DEL,2026-03-27,2026-03-29
SO0011207,Z36,DC-KOL,2026-03-25,2026-03-28
SO0011218,Z30,DC-KOL,2026-03-26,2026-03-29
SO0011219,Z36,DC-KOL,2026-03-26,2026-03-29
SO0011230,Z29,DC-KOL,2026-03-27,2026-03-29
SO0011233,Z03,DC-HYD,2026-03-28,2026-03-31
SO0011234,Z05,DC-HYD,2026-03-28,2026-03-31
SO0011235,Z06,DC-HYD,2026-03-28,2026-03-31
SO0011236,Z08,DC-HYD,2026-03-28,2026-04-01
SO0011237,Z09,DC-HYD,2026-03-28,2026-04-01
SO0011238,Z14,DC-MUM,2026-03-28,2026-03-31
SO0011239,Z17,DC-MUM,2026-03-28,2026-03-31
SO0011240,Z22,DC-DEL,2026-03-28,2026-03-31
SO0011231,Z32,DC-KOL,2026-03-27,2026-03-29
SO0011241,Z31,DC-KOL,2026-03-28,2026-03-31
SO0011242,Z34,DC-KOL,2026-03-28,2026-03-31
SO0011243,Z03,DC-HYD,2026-03-30,2026-04-02
SO0011244,Z04,DC-HYD,2026-03-30,2026-04-01
SO0011245,Z08,DC-HYD,2026-03-30,2026-04-03
SO0011246,Z10,DC-HYD,2026-03-30,2026-04-02
SO0011253,Z35,DC-HYD,2026-03-30,2026-04-02
SO0011247,Z11,DC-MUM,2026-03-30,2026-04-01
SO0011248,Z13,DC-MUM,2026-03-30,2026-04-01
SO0011249,Z15,DC-MUM,2026-03-30,2026-04-01
SO0011250,Z18,DC-MUM,2026-03-30,2026-04-02
SO0011251,Z26,DC-DEL,2026-03-30,2026-04-02
SO0011252,Z33,DC-KOL,2026-03-30,2026-04-02
SO0011254,Z01,DC-HYD,2026-03-31,2026-04-02
SO0011255,Z02,DC-HYD,2026-03-31,2026-04-02
SO0011256,Z04,DC-HYD,2026-03-31,2026-04-02
SO0011257,Z10,DC-HYD,2026-03-31,2026-04-03
SO0011258,Z14,DC-MUM,2026-03-31,2026-04-03
SO0011259,Z19,DC-MUM,2026-03-31,2026-04-02
SO0011260,Z20,DC-DEL,2026-03-31,2026-04-02
SO0011261,Z22,DC-DEL,2026-03-31,2026-04-03
SO0011262,Z23,DC-DEL,2026-03-31,2026-04-02
SO0011263,Z30,DC-KOL,2026-03-31,2026-04-03
SO0011264,Z34,DC-KOL,2026-03-31,2026-04-03
