order_id,ship_date,delivered_date,carrier
SO0000001,2023-04-01,2023-04-03,Sahyadri Roadlines
SO0000002,2023-04-01,2023-04-03,Ganga Freight
SO0000003,2023-04-01,2023-04-03,Sahyadri Roadlines
SO0000004,2023-04-01,2023-04-04,Sahyadri Roadlines
SO0000005,2023-04-01,2023-04-04,Ganga Freight
SO0000006,2023-04-01,2023-04-04,Sahyadri Roadlines
SO0000007,2023-04-01,2023-04-04,Ganga Freight
SO0000008,2023-04-01,2023-04-04,Ganga Freight
SO0000009,2023-04-01,2023-04-03,Sahyadri Roadlines
SO0000010,2023-04-01,2023-04-03,Ganga Freight
SO0000011,2023-04-03,2023-04-05,Ganga Freight
SO0000012,2023-04-03,2023-04-06,Deccan Express Logistics
SO0000013,2023-04-03,2023-04-07,Sahyadri Roadlines
SO0000014,2023-04-03,2023-04-05,Deccan Express Logistics
SO0000021,2023-04-03,2023-04-05,Sahyadri Roadlines
SO0000015,2023-04-03,2023-04-04,Ganga Freight
SO0000016,2023-04-03,2023-04-04,Sahyadri Roadlines
SO0000019,2023-04-03,2023-04-06,Sahyadri Roadlines
SO0000020,2023-04-03,2023-04-06,Ganga Freight
SO0000022,2023-04-04,2023-04-05,Sahyadri Roadlines
SO0000023,2023-04-04,2023-04-05,Sahyadri Roadlines
SO0000024,2023-04-04,2023-04-05,Deccan Express Logistics
SO0000025,2023-04-04,2023-04-06,Ganga Freight
SO0000017,2023-04-04,2023-04-05,Deccan Express Logistics
SO0000018,2023-04-04,2023-04-06,Ganga Freight
SO0000026,2023-04-04,2023-04-07,Deccan Express Logistics
SO0000027,2023-04-04,2023-04-05,Sahyadri Roadlines
SO0000028,2023-04-04,2023-04-06,Sahyadri Roadlines
SO0000029,2023-04-04,2023-04-06,Sahyadri Roadlines
SO0000031,2023-04-04,2023-04-07,Ganga Freight
SO0000032,2023-04-04,2023-04-06,Sahyadri Roadlines
SO0000033,2023-04-05,2023-04-07,Ganga Freight
SO0000034,2023-04-05,2023-04-07,Sahyadri Roadlines
SO0000035,2023-04-05,2023-04-09,Sahyadri Roadlines
SO0000036,2023-04-05,2023-04-06,Sahyadri Roadlines
SO0000030,2023-04-05,2023-04-06,Sahyadri Roadlines
SO0000037,2023-04-05,2023-04-06,Deccan Express Logistics
SO0000043,2023-04-05,2023-04-07,Deccan Express Logistics
SO0000048,2023-04-06,2023-04-08,Sahyadri Roadlines
SO0000049,2023-04-06,2023-04-10,Ganga Freight
SO0000050,2023-04-06,2023-04-07,Deccan Express Logistics
SO0000051,2023-04-06,2023-04-07,Ganga Freight
SO0000052,2023-04-06,2023-04-08,Deccan Express Logistics
SO0000053,2023-04-06,2023-04-08,Sahyadri Roadlines
SO0000038,2023-04-06,2023-04-07,Deccan Express Logistics
SO0000039,2023-04-06,2023-04-07,Sahyadri Roadlines
SO0000040,2023-04-06,2023-04-08,Ganga Freight
SO0000041,2023-04-06,2023-04-07,Deccan Express Logistics
SO0000042,2023-04-06,2023-04-08,Deccan Express Logistics
SO0000044,2023-04-06,2023-04-08,Deccan Express Logistics
SO0000045,2023-04-06,2023-04-07,Sahyadri Roadlines
SO0000046,2023-04-06,2023-04-09,Ganga Freight
SO0000060,2023-04-07,2023-04-09,Deccan Express Logistics
SO0000061,2023-04-07,2023-04-10,Ganga Freight
SO0000072,2023-04-07,2023-04-09,Deccan Express Logistics
SO0000054,2023-04-07,2023-04-08,Deccan Express Logistics
SO0000062,2023-04-07,2023-04-08,Deccan Express Logistics
SO0000063,2023-04-07,2023-04-09,Sahyadri Roadlines
SO0000064,2023-04-07,2023-04-09,Sahyadri Roadlines
SO0000065,2023-04-07,2023-04-09,Ganga Freight
SO0000055,2023-04-07,2023-04-09,Deccan Express Logistics
SO0000056,2023-04-07,2023-04-09,Deccan Express Logistics
SO0000057,2023-04-07,2023-04-09,Deccan Express Logistics
SO0000066,2023-04-07,2023-04-08,Sahyadri Roadlines
SO0000067,2023-04-07,2023-04-08,Ganga Freight
SO0000068,2023-04-07,2023-04-09,Sahyadri Roadlines
SO0000069,2023-04-07,2023-04-09,Sahyadri Roadlines
SO0000047,2023-04-07,2023-04-09,Ganga Freight
SO0000058,2023-04-07,2023-04-09,Sahyadri Roadlines
SO0000059,2023-04-07,2023-04-09,Sahyadri Roadlines
SO0000073,2023-04-08,2023-04-10,Ganga Freight
SO0000074,2023-04-08,2023-04-10,Ganga Freight
SO0000075,2023-04-08,2023-04-10,Ganga Freight
SO0000076,2023-04-08,2023-04-11,Sahyadri Roadlines
SO0000077,2023-04-08,2023-04-12,Sahyadri Roadlines
SO0000078,2023-04-08,2023-04-11,Deccan Express Logistics
SO0000079,2023-04-08,2023-04-10,Sahyadri Roadlines
SO0000080,2023-04-08,2023-04-10,Ganga Freight
SO0000070,2023-04-08,2023-04-09,Deccan Express Logistics
SO0000071,2023-04-08,2023-04-09,Sahyadri Roadlines
SO0000081,2023-04-08,2023-04-10,Deccan Express Logistics
SO0000083,2023-04-10,2023-04-13,Deccan Express Logistics
SO0000084,2023-04-10,2023-04-11,Sahyadri Roadlines
SO0000085,2023-04-10,2023-04-13,Sahyadri Roadlines
SO0000086,2023-04-10,2023-04-13,Sahyadri Roadlines
SO0000093,2023-04-10,2023-04-12,Sahyadri Roadlines
SO0000087,2023-04-10,2023-04-12,Ganga Freight
SO0000088,2023-04-10,2023-04-13,Sahyadri Roadlines
SO0000089,2023-04-10,2023-04-11,Sahyadri Roadlines
SO0000090,2023-04-10,2023-04-13,Deccan Express Logistics
SO0000091,2023-04-10,2023-04-12,Ganga Freight
SO0000082,2023-04-10,2023-04-12,Ganga Freight
SO0000092,2023-04-10,2023-04-12,Ganga Freight
SO0000094,2023-04-11,2023-04-12,Sahyadri Roadlines
SO0000095,2023-04-11,2023-04-13,Deccan Express Logistics
SO0000096,2023-04-11,2023-04-12,Deccan Express Logistics
SO0000097,2023-04-11,2023-04-14,Deccan Express Logistics
SO0000098,2023-04-11,2023-04-15,Deccan Express Logistics
SO0000099,2023-04-11,2023-04-13,Deccan Express Logistics
SO0000100,2023-04-11,2023-04-12,Ganga Freight
SO0000101,2023-04-11,2023-04-13,Sahyadri Roadlines
SO0000103,2023-04-11,2023-04-13,Deccan Express Logistics
SO0000104,2023-04-11,2023-04-13,Ganga Freight
SO0000105,2023-04-12,2023-04-13,Sahyadri Roadlines
SO0000106,2023-04-12,2023-04-14,Sahyadri Roadlines
SO0000107,2023-04-12,2023-04-15,Sahyadri Roadlines
SO0000108,2023-04-12,2023-04-13,Ganga Freight
SO0000102,2023-04-12,2023-04-13,Deccan Express Logistics
SO0000109,2023-04-12,2023-04-14,Sahyadri Roadlines
SO0000110,2023-04-12,2023-04-13,Ganga Freight
SO0000111,2023-04-12,2023-04-14,Ganga Freight
SO0000112,2023-04-12,2023-04-14,Deccan Express Logistics
SO0000115,2023-04-12,2023-04-13,Sahyadri Roadlines
SO0000120,2023-04-13,2023-04-15,Sahyadri Roadlines
SO0000121,2023-04-13,2023-04-16,Sahyadri Roadlines
SO0000122,2023-04-13,2023-04-14,Deccan Express Logistics
SO0000123,2023-04-13,2023-04-14,Sahyadri Roadlines
SO0000124,2023-04-13,2023-04-14,Deccan Express Logistics
SO0000125,2023-04-13,2023-04-15,Ganga Freight
SO0000126,2023-04-13,2023-04-14,Ganga Freight
SO0000113,2023-04-13,2023-04-14,Deccan Express Logistics
SO0000114,2023-04-13,2023-04-16,Deccan Express Logistics
SO0000127,2023-04-13,2023-04-15,Ganga Freight
SO0000128,2023-04-13,2023-04-14,Deccan Express Logistics
SO0000129,2023-04-13,2023-04-15,Sahyadri Roadlines
SO0000116,2023-04-13,2023-04-16,Deccan Express Logistics
SO0000117,2023-04-13,2023-04-14,Ganga Freight
SO0000118,2023-04-13,2023-04-15,Deccan Express Logistics
SO0000132,2023-04-14,2023-04-15,Sahyadri Roadlines
SO0000133,2023-04-14,2023-04-18,Deccan Express Logistics
SO0000144,2023-04-14,2023-04-16,Ganga Freight
SO0000134,2023-04-14,2023-04-16,Deccan Express Logistics
SO0000135,2023-04-14,2023-04-16,Ganga Freight
SO0000136,2023-04-14,2023-04-16,Ganga Freight
SO0000137,2023-04-14,2023-04-16,Deccan Express Logistics
SO0000138,2023-04-14,2023-04-15,Sahyadri Roadlines
SO0000139,2023-04-14,2023-04-15,Ganga Freight
SO0000140,2023-04-14,2023-04-15,Ganga Freight
SO0000141,2023-04-14,2023-04-15,Deccan Express Logistics
SO0000119,2023-04-14,2023-04-16,Sahyadri Roadlines
SO0000130,2023-04-14,2023-04-16,Deccan Express Logistics
SO0000131,2023-04-14,2023-04-17,Deccan Express Logistics
SO0000142,2023-04-14,2023-04-15,Deccan Express Logistics
SO0000143,2023-04-14,2023-04-15,Sahyadri Roadlines
SO0000145,2023-04-15,2023-04-17,Deccan Express Logistics
SO0000146,2023-04-15,2023-04-17,Sahyadri Roadlines
SO0000147,2023-04-15,2023-04-17,Ganga Freight
SO0000148,2023-04-15,2023-04-18,Ganga Freight
SO0000149,2023-04-15,2023-04-18,Ganga Freight
SO0000150,2023-04-15,2023-04-17,Ganga Freight
SO0000151,2023-04-15,2023-04-17,Ganga Freight
SO0000152,2023-04-15,2023-04-17,Ganga Freight
SO0000153,2023-04-15,2023-04-18,Deccan Express Logistics
SO0000154,2023-04-15,2023-04-18,Sahyadri Roadlines
SO0000155,2023-04-17,2023-04-19,Sahyadri Roadlines
SO0000156,2023-04-17,2023-04-20,Sahyadri Roadlines
SO0000157,2023-04-17,2023-04-20,Deccan Express Logistics
SO0000158,2023-04-17,2023-04-20,Ganga Freight
SO0000165,2023-04-17,2023-04-19,Ganga Freight
SO0000159,2023-04-17,2023-04-18,Ganga Freight
SO0000160,2023-04-17,2023-04-18,Deccan Express Logistics
SO0000161,2023-04-17,2023-04-18,Deccan Express Logistics
SO0000162,2023-04-17,2023-04-19,Sahyadri Roadlines
SO0000163,2023-04-17,2023-04-19,Ganga Freight
SO0000164,2023-04-17,2023-04-20,Sahyadri Roadlines
SO0000166,2023-04-18,2023-04-19,Deccan Express Logistics
SO0000167,2023-04-18,2023-04-19,Sahyadri Roadlines
SO0000168,2023-04-18,2023-04-19,Sahyadri Roadlines
SO0000169,2023-04-18,2023-04-20,Sahyadri Roadlines
SO0000170,2023-04-18,2023-04-20,Sahyadri Roadlines
SO0000171,2023-04-18,2023-04-19,Sahyadri Roadlines
SO0000172,2023-04-18,2023-04-20,Deccan Express Logistics
SO0000173,2023-04-18,2023-04-20,Sahyadri Roadlines
SO0000174,2023-04-18,2023-04-20,Ganga Freight
SO0000175,2023-04-18,2023-04-20,Ganga Freight
SO0000176,2023-04-18,2023-04-21,Sahyadri Roadlines
SO0000177,2023-04-19,2023-04-21,Ganga Freight
SO0000178,2023-04-19,2023-04-22,Deccan Express Logistics
SO0000179,2023-04-19,2023-04-22,Ganga Freight
SO0000180,2023-04-19,2023-04-20,Ganga Freight
SO0000181,2023-04-19,2023-04-20,Sahyadri Roadlines
SO0000182,2023-04-19,2023-04-21,Deccan Express Logistics
SO0000183,2023-04-19,2023-04-21,Ganga Freight
SO0000184,2023-04-19,2023-04-23,Deccan Express Logistics
SO0000185,2023-04-19,2023-04-20,Sahyadri Roadlines
SO0000187,2023-04-19,2023-04-21,Ganga Freight
SO0000192,2023-04-20,2023-04-23,Deccan Express Logistics
SO0000193,2023-04-20,2023-04-23,Ganga Freight
SO0000194,2023-04-20,2023-04-21,Deccan Express Logistics
SO0000195,2023-04-20,2023-04-22,Deccan Express Logistics
SO0000196,2023-04-20,2023-04-21,Ganga Freight
SO0000197,2023-04-20,2023-04-22,Ganga Freight
SO0000198,2023-04-20,2023-04-22,Ganga Freight
SO0000186,2023-04-20,2023-04-22,Deccan Express Logistics
SO0000199,2023-04-20,2023-04-22,Sahyadri Roadlines
SO0000200,2023-04-20,2023-04-21,Sahyadri Roadlines
SO0000201,2023-04-20,2023-04-22,Ganga Freight
SO0000188,2023-04-20,2023-04-22,Sahyadri Roadlines
SO0000189,2023-04-20,2023-04-21,Sahyadri Roadlines
SO0000190,2023-04-20,2023-04-22,Deccan Express Logistics
SO0000204,2023-04-21,2023-04-22,Sahyadri Roadlines
SO0000205,2023-04-21,2023-04-24,Ganga Freight
SO0000216,2023-04-21,2023-04-23,Ganga Freight
SO0000206,2023-04-21,2023-04-23,Sahyadri Roadlines
SO0000207,2023-04-21,2023-04-24,Sahyadri Roadlines
SO0000210,2023-04-21,2023-04-22,Deccan Express Logistics
SO0000211,2023-04-21,2023-04-22,Deccan Express Logistics
SO0000212,2023-04-21,2023-04-22,Ganga Freight
SO0000213,2023-04-21,2023-04-23,Ganga Freight
SO0000191,2023-04-21,2023-04-24,Sahyadri Roadlines
SO0000202,2023-04-21,2023-04-25,Deccan Express Logistics
SO0000203,2023-04-21,2023-04-23,Deccan Express Logistics
SO0000214,2023-04-21,2023-04-22,Deccan Express Logistics
SO0000217,2023-04-22,2023-04-24,Sahyadri Roadlines
SO0000218,2023-04-22,2023-04-24,Deccan Express Logistics
SO0000219,2023-04-22,2023-04-24,Deccan Express Logistics
SO0000220,2023-04-22,2023-04-25,Deccan Express Logistics
SO0000221,2023-04-22,2023-04-25,Ganga Freight
SO0000208,2023-04-22,2023-04-25,Sahyadri Roadlines
SO0000209,2023-04-22,2023-04-24,Deccan Express Logistics
SO0000222,2023-04-22,2023-04-24,Ganga Freight
SO0000223,2023-04-22,2023-04-24,Deccan Express Logistics
SO0000224,2023-04-22,2023-04-24,Ganga Freight
SO0000215,2023-04-22,2023-04-25,Deccan Express Logistics
SO0000225,2023-04-22,2023-04-24,Deccan Express Logistics
SO0000226,2023-04-22,2023-04-24,Ganga Freight
SO0000227,2023-04-24,2023-04-26,Sahyadri Roadlines
SO0000228,2023-04-24,2023-04-25,Sahyadri Roadlines
SO0000229,2023-04-24,2023-04-27,Sahyadri Roadlines
SO0000230,2023-04-24,2023-04-27,Deccan Express Logistics
SO0000237,2023-04-24,2023-04-26,Ganga Freight
SO0000231,2023-04-24,2023-04-26,Deccan Express Logistics
SO0000232,2023-04-24,2023-04-25,Sahyadri Roadlines
SO0000233,2023-04-24,2023-04-25,Sahyadri Roadlines
SO0000234,2023-04-24,2023-04-26,Deccan Express Logistics
SO0000235,2023-04-24,2023-04-26,Ganga Freight
SO0000236,2023-04-24,2023-04-27,Deccan Express Logistics
SO0000238,2023-04-25,2023-04-26,Ganga Freight
SO0000239,2023-04-25,2023-04-26,Sahyadri Roadlines
SO0000240,2023-04-25,2023-04-28,Ganga Freight
SO0000241,2023-04-25,2023-04-27,Ganga Freight
SO0000242,2023-04-25,2023-04-27,Sahyadri Roadlines
SO0000243,2023-04-25,2023-04-27,Deccan Express Logistics
SO0000244,2023-04-25,2023-04-26,Sahyadri Roadlines
SO0000245,2023-04-25,2023-04-29,Sahyadri Roadlines
SO0000247,2023-04-25,2023-04-29,Sahyadri Roadlines
SO0000248,2023-04-25,2023-04-28,Sahyadri Roadlines
SO0000249,2023-04-26,2023-04-27,Ganga Freight
SO0000250,2023-04-26,2023-04-30,Sahyadri Roadlines
SO0000251,2023-04-26,2023-04-29,Deccan Express Logistics
SO0000252,2023-04-26,2023-04-27,Ganga Freight
SO0000246,2023-04-26,2023-04-27,Ganga Freight
SO0000253,2023-04-26,2023-04-29,Deccan Express Logistics
SO0000254,2023-04-26,2023-04-27,Deccan Express Logistics
SO0000255,2023-04-26,2023-04-27,Ganga Freight
SO0000259,2023-04-26,2023-04-28,Ganga Freight
SO0000264,2023-04-27,2023-04-29,Sahyadri Roadlines
SO0000265,2023-04-27,2023-04-30,Ganga Freight
SO0000266,2023-04-27,2023-04-30,Sahyadri Roadlines
SO0000267,2023-04-27,2023-04-28,Deccan Express Logistics
SO0000268,2023-04-27,2023-05-01,Sahyadri Roadlines
SO0000269,2023-04-27,2023-04-29,Sahyadri Roadlines
SO0000270,2023-04-27,2023-04-28,Deccan Express Logistics
SO0000256,2023-04-27,2023-04-29,Ganga Freight
SO0000257,2023-04-27,2023-04-29,Deccan Express Logistics
SO0000258,2023-04-27,2023-04-29,Deccan Express Logistics
SO0000271,2023-04-27,2023-04-28,Sahyadri Roadlines
SO0000272,2023-04-27,2023-04-28,Sahyadri Roadlines
SO0000273,2023-04-27,2023-04-29,Ganga Freight
SO0000260,2023-04-27,2023-04-30,Ganga Freight
SO0000261,2023-04-27,2023-04-28,Ganga Freight
SO0000262,2023-04-27,2023-04-29,Ganga Freight
SO0000276,2023-04-28,2023-04-29,Deccan Express Logistics
SO0000277,2023-04-28,2023-05-01,Ganga Freight
SO0000288,2023-04-28,2023-04-30,Ganga Freight
SO0000278,2023-04-28,2023-04-29,Deccan Express Logistics
SO0000279,2023-04-28,2023-04-30,Sahyadri Roadlines
SO0000280,2023-04-28,2023-04-30,Deccan Express Logistics
SO0000281,2023-04-28,2023-04-30,Ganga Freight
SO0000282,2023-04-28,2023-04-30,Ganga Freight
SO0000283,2023-04-28,2023-04-30,Deccan Express Logistics
SO0000284,2023-04-28,2023-04-29,Ganga Freight
SO0000285,2023-04-28,2023-04-29,Sahyadri Roadlines
SO0000263,2023-04-28,2023-05-01,Sahyadri Roadlines
SO0000274,2023-04-28,2023-05-01,Deccan Express Logistics
SO0000275,2023-04-28,2023-04-30,Sahyadri Roadlines
SO0000286,2023-04-28,2023-04-29,Ganga Freight
SO0000287,2023-04-28,2023-04-30,Ganga Freight
SO0000289,2023-04-29,2023-05-01,Ganga Freight
SO0000290,2023-04-29,2023-05-02,Ganga Freight
SO0000291,2023-04-29,2023-05-01,Deccan Express Logistics
SO0000292,2023-04-29,2023-05-02,Deccan Express Logistics
SO0000293,2023-04-29,2023-05-02,Ganga Freight
SO0000294,2023-04-29,2023-05-02,Deccan Express Logistics
SO0000295,2023-04-29,2023-05-02,Sahyadri Roadlines
SO0000296,2023-04-29,2023-05-01,Deccan Express Logistics
SO0000297,2023-04-29,2023-05-01,Sahyadri Roadlines
SO0000298,2023-04-29,2023-05-03,Sahyadri Roadlines
SO0000299,2023-05-01,2023-05-03,Ganga Freight
SO0000300,2023-05-01,2023-05-02,Ganga Freight
SO0000301,2023-05-01,2023-05-04,Sahyadri Roadlines
SO0000302,2023-05-01,2023-05-04,Sahyadri Roadlines
SO0000309,2023-05-01,2023-05-05,Deccan Express Logistics
SO0000303,2023-05-01,2023-05-03,Deccan Express Logistics
SO0000304,2023-05-01,2023-05-02,Ganga Freight
SO0000305,2023-05-01,2023-05-03,Deccan Express Logistics
SO0000306,2023-05-01,2023-05-03,Ganga Freight
SO0000307,2023-05-01,2023-05-03,Deccan Express Logistics
SO0000308,2023-05-01,2023-05-03,Deccan Express Logistics
SO0000310,2023-05-02,2023-05-04,Deccan Express Logistics
SO0000311,2023-05-02,2023-05-03,Ganga Freight
SO0000312,2023-05-02,2023-05-03,Sahyadri Roadlines
SO0000313,2023-05-02,2023-05-06,Ganga Freight
SO0000314,2023-05-02,2023-05-04,Deccan Express Logistics
SO0000315,2023-05-02,2023-05-03,Deccan Express Logistics
SO0000316,2023-05-02,2023-05-03,Ganga Freight
SO0000317,2023-05-02,2023-05-05,Deccan Express Logistics
SO0000319,2023-05-02,2023-05-04,Sahyadri Roadlines
SO0000320,2023-05-02,2023-05-04,Sahyadri Roadlines
SO0000321,2023-05-03,2023-05-04,Sahyadri Roadlines
SO0000322,2023-05-03,2023-05-05,Ganga Freight
SO0000323,2023-05-03,2023-05-07,Ganga Freight
SO0000324,2023-05-03,2023-05-04,Deccan Express Logistics
SO0000318,2023-05-03,2023-05-04,Sahyadri Roadlines
SO0000325,2023-05-03,2023-05-04,Deccan Express Logistics
SO0000326,2023-05-03,2023-05-05,Deccan Express Logistics
SO0000327,2023-05-03,2023-05-04,Ganga Freight
SO0000328,2023-05-03,2023-05-05,Deccan Express Logistics
SO0000331,2023-05-03,2023-05-04,Deccan Express Logistics
SO0000336,2023-05-04,2023-05-08,Deccan Express Logistics
SO0000337,2023-05-04,2023-05-07,Deccan Express Logistics
SO0000338,2023-05-04,2023-05-06,Deccan Express Logistics
SO0000339,2023-05-04,2023-05-05,Deccan Express Logistics
SO0000340,2023-05-04,2023-05-05,Ganga Freight
SO0000341,2023-05-04,2023-05-06,Sahyadri Roadlines
SO0000342,2023-05-04,2023-05-06,Ganga Freight
SO0000329,2023-05-04,2023-05-06,Deccan Express Logistics
SO0000330,2023-05-04,2023-05-06,Ganga Freight
SO0000343,2023-05-04,2023-05-05,Sahyadri Roadlines
SO0000344,2023-05-04,2023-05-06,Sahyadri Roadlines
SO0000345,2023-05-04,2023-05-07,Ganga Freight
SO0000332,2023-05-04,2023-05-06,Ganga Freight
SO0000333,2023-05-04,2023-05-05,Ganga Freight
SO0000334,2023-05-04,2023-05-06,Sahyadri Roadlines
SO0000348,2023-05-05,2023-05-06,Sahyadri Roadlines
SO0000349,2023-05-05,2023-05-09,Ganga Freight
SO0000360,2023-05-05,2023-05-07,Ganga Freight
SO0000350,2023-05-05,2023-05-07,Deccan Express Logistics
SO0000351,2023-05-05,2023-05-06,Ganga Freight
SO0000352,2023-05-05,2023-05-08,Deccan Express Logistics
SO0000354,2023-05-05,2023-05-06,Ganga Freight
SO0000355,2023-05-05,2023-05-06,Ganga Freight
SO0000356,2023-05-05,2023-05-06,Deccan Express Logistics
SO0000357,2023-05-05,2023-05-07,Ganga Freight
SO0000335,2023-05-05,2023-05-08,Ganga Freight
SO0000346,2023-05-05,2023-05-07,Ganga Freight
SO0000347,2023-05-05,2023-05-07,Ganga Freight
SO0000358,2023-05-05,2023-05-07,Deccan Express Logistics
SO0000361,2023-05-06,2023-05-09,Ganga Freight
SO0000362,2023-05-06,2023-05-08,Ganga Freight
SO0000363,2023-05-06,2023-05-09,Sahyadri Roadlines
SO0000364,2023-05-06,2023-05-09,Ganga Freight
SO0000365,2023-05-06,2023-05-09,Deccan Express Logistics
SO0000353,2023-05-06,2023-05-10,Ganga Freight
SO0000366,2023-05-06,2023-05-08,Deccan Express Logistics
SO0000367,2023-05-06,2023-05-09,Ganga Freight
SO0000368,2023-05-06,2023-05-08,Deccan Express Logistics
SO0000359,2023-05-06,2023-05-07,Deccan Express Logistics
SO0000369,2023-05-06,2023-05-08,Deccan Express Logistics
SO0000370,2023-05-06,2023-05-09,Sahyadri Roadlines
SO0000371,2023-05-08,2023-05-10,Sahyadri Roadlines
SO0000372,2023-05-08,2023-05-09,Deccan Express Logistics
SO0000373,2023-05-08,2023-05-12,Sahyadri Roadlines
SO0000374,2023-05-08,2023-05-10,Sahyadri Roadlines
SO0000381,2023-05-08,2023-05-10,Deccan Express Logistics
SO0000375,2023-05-08,2023-05-10,Deccan Express Logistics
SO0000376,2023-05-08,2023-05-09,Sahyadri Roadlines
SO0000377,2023-05-08,2023-05-09,Ganga Freight
SO0000378,2023-05-08,2023-05-10,Sahyadri Roadlines
SO0000379,2023-05-08,2023-05-10,Deccan Express Logistics
SO0000380,2023-05-08,2023-05-10,Sahyadri Roadlines
SO0000382,2023-05-09,2023-05-10,Ganga Freight
SO0000383,2023-05-09,2023-05-11,Sahyadri Roadlines
SO0000384,2023-05-09,2023-05-10,Deccan Express Logistics
SO0000385,2023-05-09,2023-05-11,Ganga Freight
SO0000386,2023-05-09,2023-05-12,Ganga Freight
SO0000387,2023-05-09,2023-05-10,Ganga Freight
SO0000388,2023-05-09,2023-05-11,Ganga Freight
SO0000391,2023-05-09,2023-05-11,Ganga Freight
SO0000392,2023-05-09,2023-05-11,Ganga Freight
SO0000393,2023-05-10,2023-05-12,Sahyadri Roadlines
SO0000394,2023-05-10,2023-05-12,Ganga Freight
SO0000395,2023-05-10,2023-05-13,Ganga Freight
SO0000396,2023-05-10,2023-05-11,Deccan Express Logistics
SO0000389,2023-05-10,2023-05-12,Ganga Freight
SO0000390,2023-05-10,2023-05-11,Ganga Freight
SO0000397,2023-05-10,2023-05-12,Deccan Express Logistics
SO0000398,2023-05-10,2023-05-12,Ganga Freight
SO0000403,2023-05-10,2023-05-12,Ganga Freight
SO0000408,2023-05-11,2023-05-14,Sahyadri Roadlines
SO0000409,2023-05-11,2023-05-14,Ganga Freight
SO0000410,2023-05-11,2023-05-12,Sahyadri Roadlines
SO0000411,2023-05-11,2023-05-13,Deccan Express Logistics
SO0000412,2023-05-11,2023-05-12,Ganga Freight
SO0000413,2023-05-11,2023-05-14,Ganga Freight
SO0000414,2023-05-11,2023-05-13,Ganga Freight
SO0000399,2023-05-11,2023-05-12,Sahyadri Roadlines
SO0000400,2023-05-11,2023-05-13,Sahyadri Roadlines
SO0000401,2023-05-11,2023-05-12,Deccan Express Logistics
SO0000402,2023-05-11,2023-05-13,Ganga Freight
SO0000404,2023-05-11,2023-05-14,Ganga Freight
SO0000405,2023-05-11,2023-05-12,Ganga Freight
SO0000406,2023-05-11,2023-05-13,Ganga Freight
SO0000420,2023-05-12,2023-05-14,Deccan Express Logistics
SO0000421,2023-05-12,2023-05-15,Deccan Express Logistics
SO0000432,2023-05-12,2023-05-14,Deccan Express Logistics
SO0000422,2023-05-12,2023-05-13,Ganga Freight
SO0000423,2023-05-12,2023-05-13,Deccan Express Logistics
SO0000424,2023-05-12,2023-05-13,Sahyadri Roadlines
SO0000425,2023-05-12,2023-05-15,Sahyadri Roadlines
SO0000415,2023-05-12,2023-05-14,Deccan Express Logistics
SO0000416,2023-05-12,2023-05-13,Sahyadri Roadlines
SO0000417,2023-05-12,2023-05-15,Ganga Freight
SO0000426,2023-05-12,2023-05-13,Ganga Freight
SO0000427,2023-05-12,2023-05-14,Sahyadri Roadlines
SO0000428,2023-05-12,2023-05-13,Deccan Express Logistics
SO0000429,2023-05-12,2023-05-13,Sahyadri Roadlines
SO0000407,2023-05-12,2023-05-15,Sahyadri Roadlines
SO0000418,2023-05-12,2023-05-15,Sahyadri Roadlines
SO0000419,2023-05-12,2023-05-14,Deccan Express Logistics
SO0000433,2023-05-13,2023-05-15,Ganga Freight
SO0000434,2023-05-13,2023-05-15,Ganga Freight
SO0000435,2023-05-13,2023-05-16,Sahyadri Roadlines
SO0000436,2023-05-13,2023-05-16,Sahyadri Roadlines
SO0000437,2023-05-13,2023-05-16,Deccan Express Logistics
SO0000438,2023-05-13,2023-05-16,Ganga Freight
SO0000439,2023-05-13,2023-05-15,Ganga Freight
SO0000440,2023-05-13,2023-05-15,Sahyadri Roadlines
SO0000430,2023-05-13,2023-05-14,Deccan Express Logistics
SO0000431,2023-05-13,2023-05-15,Deccan Express Logistics
SO0000441,2023-05-13,2023-05-15,Deccan Express Logistics
SO0000442,2023-05-13,2023-05-15,Deccan Express Logistics
SO0000443,2023-05-15,2023-05-17,Ganga Freight
SO0000444,2023-05-15,2023-05-16,Sahyadri Roadlines
SO0000445,2023-05-15,2023-05-19,Ganga Freight
SO0000446,2023-05-15,2023-05-17,Ganga Freight
SO0000453,2023-05-15,2023-05-17,Sahyadri Roadlines
SO0000447,2023-05-15,2023-05-16,Sahyadri Roadlines
SO0000448,2023-05-15,2023-05-16,Ganga Freight
SO0000449,2023-05-15,2023-05-16,Ganga Freight
SO0000450,2023-05-15,2023-05-17,Deccan Express Logistics
SO0000451,2023-05-15,2023-05-18,Deccan Express Logistics
SO0000452,2023-05-15,2023-05-17,Sahyadri Roadlines
SO0000454,2023-05-16,2023-05-17,Deccan Express Logistics
SO0000455,2023-05-16,2023-05-18,Deccan Express Logistics
SO0000456,2023-05-16,2023-05-17,Sahyadri Roadlines
SO0000457,2023-05-16,2023-05-19,Sahyadri Roadlines
SO0000458,2023-05-16,2023-05-18,Sahyadri Roadlines
SO0000459,2023-05-16,2023-05-18,Sahyadri Roadlines
SO0000460,2023-05-16,2023-05-17,Deccan Express Logistics
SO0000461,2023-05-16,2023-05-18,Sahyadri Roadlines
SO0000463,2023-05-16,2023-05-19,Deccan Express Logistics
SO0000464,2023-05-16,2023-05-19,Deccan Express Logistics
SO0000465,2023-05-17,2023-05-20,Sahyadri Roadlines
SO0000466,2023-05-17,2023-05-19,Ganga Freight
SO0000467,2023-05-17,2023-05-20,Deccan Express Logistics
SO0000468,2023-05-17,2023-05-18,Sahyadri Roadlines
SO0000462,2023-05-17,2023-05-19,Deccan Express Logistics
SO0000469,2023-05-17,2023-05-18,Deccan Express Logistics
SO0000470,2023-05-17,2023-05-18,Deccan Express Logistics
SO0000471,2023-05-17,2023-05-19,Ganga Freight
SO0000472,2023-05-17,2023-05-19,Ganga Freight
SO0000473,2023-05-17,2023-05-18,Sahyadri Roadlines
SO0000475,2023-05-17,2023-05-19,Sahyadri Roadlines
SO0000480,2023-05-18,2023-05-20,Deccan Express Logistics
SO0000481,2023-05-18,2023-05-21,Ganga Freight
SO0000482,2023-05-18,2023-05-19,Deccan Express Logistics
SO0000483,2023-05-18,2023-05-19,Deccan Express Logistics
SO0000484,2023-05-18,2023-05-19,Sahyadri Roadlines
SO0000485,2023-05-18,2023-05-20,Ganga Freight
SO0000486,2023-05-18,2023-05-19,Sahyadri Roadlines
SO0000474,2023-05-18,2023-05-20,Deccan Express Logistics
SO0000487,2023-05-18,2023-05-19,Ganga Freight
SO0000488,2023-05-18,2023-05-21,Ganga Freight
SO0000489,2023-05-18,2023-05-20,Ganga Freight
SO0000476,2023-05-18,2023-05-21,Sahyadri Roadlines
SO0000477,2023-05-18,2023-05-19,Sahyadri Roadlines
SO0000478,2023-05-18,2023-05-20,Deccan Express Logistics
SO0000492,2023-05-19,2023-05-20,Ganga Freight
SO0000493,2023-05-19,2023-05-22,Deccan Express Logistics
SO0000504,2023-05-19,2023-05-21,Deccan Express Logistics
SO0000494,2023-05-19,2023-05-21,Deccan Express Logistics
SO0000495,2023-05-19,2023-05-20,Deccan Express Logistics
SO0000496,2023-05-19,2023-05-20,Deccan Express Logistics
SO0000497,2023-05-19,2023-05-21,Sahyadri Roadlines
SO0000498,2023-05-19,2023-05-21,Sahyadri Roadlines
SO0000499,2023-05-19,2023-05-20,Deccan Express Logistics
SO0000500,2023-05-19,2023-05-20,Sahyadri Roadlines
SO0000501,2023-05-19,2023-05-20,Deccan Express Logistics
SO0000479,2023-05-19,2023-05-21,Ganga Freight
SO0000490,2023-05-19,2023-05-22,Sahyadri Roadlines
SO0000491,2023-05-19,2023-05-21,Sahyadri Roadlines
SO0000505,2023-05-20,2023-05-22,Sahyadri Roadlines
SO0000506,2023-05-20,2023-05-22,Sahyadri Roadlines
SO0000507,2023-05-20,2023-05-22,Deccan Express Logistics
SO0000508,2023-05-20,2023-05-23,Sahyadri Roadlines
SO0000509,2023-05-20,2023-05-23,Sahyadri Roadlines
SO0000510,2023-05-20,2023-05-22,Sahyadri Roadlines
SO0000511,2023-05-20,2023-05-23,Sahyadri Roadlines
SO0000512,2023-05-20,2023-05-22,Ganga Freight
SO0000502,2023-05-20,2023-05-22,Deccan Express Logistics
SO0000503,2023-05-20,2023-05-22,Deccan Express Logistics
SO0000513,2023-05-20,2023-05-22,Ganga Freight
SO0000515,2023-05-22,2023-05-25,Ganga Freight
SO0000516,2023-05-22,2023-05-23,Sahyadri Roadlines
SO0000517,2023-05-22,2023-05-26,Ganga Freight
SO0000518,2023-05-22,2023-05-25,Sahyadri Roadlines
SO0000525,2023-05-22,2023-05-24,Deccan Express Logistics
SO0000519,2023-05-22,2023-05-23,Sahyadri Roadlines
SO0000520,2023-05-22,2023-05-23,Deccan Express Logistics
SO0000521,2023-05-22,2023-05-23,Deccan Express Logistics
SO0000522,2023-05-22,2023-05-24,Ganga Freight
SO0000523,2023-05-22,2023-05-24,Deccan Express Logistics
SO0000514,2023-05-22,2023-05-24,Sahyadri Roadlines
SO0000524,2023-05-22,2023-05-25,Sahyadri Roadlines
SO0000526,2023-05-23,2023-05-27,Deccan Express Logistics
SO0000527,2023-05-23,2023-05-24,Deccan Express Logistics
SO0000528,2023-05-23,2023-05-24,Sahyadri Roadlines
SO0000529,2023-05-23,2023-05-25,Ganga Freight
SO0000530,2023-05-23,2023-05-25,Ganga Freight
SO0000531,2023-05-23,2023-05-24,Deccan Express Logistics
SO0000532,2023-05-23,2023-05-25,Deccan Express Logistics
SO0000533,2023-05-23,2023-05-26,Ganga Freight
SO0000534,2023-05-23,2023-05-25,Sahyadri Roadlines
SO0000535,2023-05-23,2023-05-25,Sahyadri Roadlines
SO0000536,2023-05-23,2023-05-25,Deccan Express Logistics
SO0000537,2023-05-24,2023-05-26,Ganga Freight
SO0000538,2023-05-24,2023-05-26,Ganga Freight
SO0000539,2023-05-24,2023-05-28,Sahyadri Roadlines
SO0000540,2023-05-24,2023-05-26,Sahyadri Roadlines
SO0000541,2023-05-24,2023-05-26,Deccan Express Logistics
SO0000542,2023-05-24,2023-05-26,Ganga Freight
SO0000543,2023-05-24,2023-05-26,Sahyadri Roadlines
SO0000544,2023-05-24,2023-05-26,Ganga Freight
SO0000545,2023-05-24,2023-05-26,Sahyadri Roadlines
SO0000547,2023-05-24,2023-05-25,Ganga Freight
SO0000552,2023-05-25,2023-05-28,Sahyadri Roadlines
SO0000553,2023-05-25,2023-05-29,Deccan Express Logistics
SO0000554,2023-05-25,2023-05-27,Deccan Express Logistics
SO0000555,2023-05-25,2023-05-26,Deccan Express Logistics
SO0000556,2023-05-25,2023-05-26,Sahyadri Roadlines
SO0000557,2023-05-25,2023-05-27,Ganga Freight
SO0000558,2023-05-25,2023-05-27,Deccan Express Logistics
SO0000546,2023-05-25,2023-05-29,Ganga Freight
SO0000559,2023-05-25,2023-05-26,Sahyadri Roadlines
SO0000560,2023-05-25,2023-05-26,Ganga Freight
SO0000561,2023-05-25,2023-05-27,Deccan Express Logistics
SO0000548,2023-05-25,2023-05-27,Deccan Express Logistics
SO0000549,2023-05-25,2023-05-26,Sahyadri Roadlines
SO0000550,2023-05-25,2023-05-27,Ganga Freight
SO0000564,2023-05-26,2023-05-27,Sahyadri Roadlines
SO0000565,2023-05-26,2023-05-30,Sahyadri Roadlines
SO0000576,2023-05-26,2023-05-29,Ganga Freight
SO0000566,2023-05-26,2023-05-27,Ganga Freight
SO0000567,2023-05-26,2023-05-27,Ganga Freight
SO0000568,2023-05-26,2023-05-27,Ganga Freight
SO0000570,2023-05-26,2023-05-28,Sahyadri Roadlines
SO0000571,2023-05-26,2023-05-27,Sahyadri Roadlines
SO0000572,2023-05-26,2023-05-27,Deccan Express Logistics
SO0000573,2023-05-26,2023-05-28,Sahyadri Roadlines
SO0000551,2023-05-26,2023-05-30,Ganga Freight
SO0000562,2023-05-26,2023-05-29,Ganga Freight
SO0000563,2023-05-26,2023-05-29,Deccan Express Logistics
SO0000574,2023-05-26,2023-05-28,Ganga Freight
SO0000575,2023-05-26,2023-05-29,Sahyadri Roadlines
SO0000577,2023-05-27,2023-05-30,Deccan Express Logistics
SO0000578,2023-05-27,2023-05-30,Ganga Freight
SO0000579,2023-05-27,2023-05-29,Deccan Express Logistics
SO0000580,2023-05-27,2023-05-30,Sahyadri Roadlines
SO0000581,2023-05-27,2023-05-31,Deccan Express Logistics
SO0000569,2023-05-27,2023-05-29,Deccan Express Logistics
SO0000582,2023-05-27,2023-05-31,Sahyadri Roadlines
SO0000583,2023-05-27,2023-05-29,Ganga Freight
SO0000584,2023-05-27,2023-05-29,Deccan Express Logistics
SO0000585,2023-05-27,2023-05-29,Ganga Freight
SO0000586,2023-05-27,2023-05-29,Ganga Freight
SO0000587,2023-05-29,2023-06-01,Deccan Express Logistics
SO0000588,2023-05-29,2023-05-30,Deccan Express Logistics
SO0000589,2023-05-29,2023-06-01,Deccan Express Logistics
SO0000590,2023-05-29,2023-05-31,Sahyadri Roadlines
SO0000597,2023-05-29,2023-05-31,Deccan Express Logistics
SO0000591,2023-05-29,2023-05-31,Ganga Freight
SO0000592,2023-05-29,2023-05-30,Sahyadri Roadlines
SO0000593,2023-05-29,2023-05-31,Sahyadri Roadlines
SO0000594,2023-05-29,2023-05-31,Ganga Freight
SO0000595,2023-05-29,2023-05-31,Deccan Express Logistics
SO0000596,2023-05-29,2023-05-31,Deccan Express Logistics
SO0000598,2023-05-30,2023-06-01,Ganga Freight
SO0000599,2023-05-30,2023-05-31,Deccan Express Logistics
SO0000600,2023-05-30,2023-06-02,Ganga Freight
SO0000601,2023-05-30,2023-06-01,Ganga Freight
SO0000602,2023-05-30,2023-06-02,Deccan Express Logistics
SO0000603,2023-05-30,2023-06-02,Sahyadri Roadlines
SO0000604,2023-05-30,2023-05-31,Sahyadri Roadlines
SO0000605,2023-05-30,2023-06-02,Sahyadri Roadlines
SO0000607,2023-05-30,2023-06-01,Deccan Express Logistics
SO0000608,2023-05-30,2023-06-01,Sahyadri Roadlines
SO0000609,2023-05-31,2023-06-01,Deccan Express Logistics
SO0000610,2023-05-31,2023-06-02,Ganga Freight
SO0000611,2023-05-31,2023-06-04,Ganga Freight
SO0000612,2023-05-31,2023-06-01,Deccan Express Logistics
SO0000606,2023-05-31,2023-06-01,Sahyadri Roadlines
SO0000613,2023-05-31,2023-06-02,Deccan Express Logistics
SO0000614,2023-05-31,2023-06-01,Sahyadri Roadlines
SO0000615,2023-05-31,2023-06-01,Sahyadri Roadlines
SO0000616,2023-05-31,2023-06-02,Sahyadri Roadlines
SO0000619,2023-05-31,2023-06-02,Deccan Express Logistics
SO0000624,2023-06-01,2023-06-03,Deccan Express Logistics
SO0000625,2023-06-01,2023-06-04,Deccan Express Logistics
SO0000626,2023-06-01,2023-06-02,Sahyadri Roadlines
SO0000627,2023-06-01,2023-06-02,Deccan Express Logistics
SO0000628,2023-06-01,2023-06-02,Ganga Freight
SO0000629,2023-06-01,2023-06-04,Deccan Express Logistics
SO0000630,2023-06-01,2023-06-04,Deccan Express Logistics
SO0000617,2023-06-01,2023-06-02,Sahyadri Roadlines
SO0000618,2023-06-01,2023-06-04,Deccan Express Logistics
SO0000631,2023-06-01,2023-06-03,Deccan Express Logistics
SO0000632,2023-06-01,2023-06-03,Sahyadri Roadlines
SO0000633,2023-06-01,2023-06-03,Deccan Express Logistics
SO0000620,2023-06-01,2023-06-04,Deccan Express Logistics
SO0000621,2023-06-01,2023-06-02,Deccan Express Logistics
SO0000622,2023-06-01,2023-06-03,Ganga Freight
SO0000636,2023-06-02,2023-06-03,Sahyadri Roadlines
SO0000637,2023-06-02,2023-06-05,Deccan Express Logistics
SO0000648,2023-06-02,2023-06-05,Sahyadri Roadlines
SO0000638,2023-06-02,2023-06-04,Deccan Express Logistics
SO0000639,2023-06-02,2023-06-04,Deccan Express Logistics
SO0000640,2023-06-02,2023-06-03,Ganga Freight
SO0000641,2023-06-02,2023-06-06,Ganga Freight
SO0000642,2023-06-02,2023-06-03,Deccan Express Logistics
SO0000643,2023-06-02,2023-06-03,Ganga Freight
SO0000644,2023-06-02,2023-06-03,Sahyadri Roadlines
SO0000645,2023-06-02,2023-06-03,Ganga Freight
SO0000623,2023-06-02,2023-06-04,Sahyadri Roadlines
SO0000634,2023-06-02,2023-06-04,Ganga Freight
SO0000635,2023-06-02,2023-06-05,Ganga Freight
SO0000649,2023-06-03,2023-06-06,Deccan Express Logistics
SO0000650,2023-06-03,2023-06-06,Sahyadri Roadlines
SO0000651,2023-06-03,2023-06-06,Ganga Freight
SO0000652,2023-06-03,2023-06-06,Deccan Express Logistics
SO0000653,2023-06-03,2023-06-07,Ganga Freight
SO0000654,2023-06-03,2023-06-05,Deccan Express Logistics
SO0000655,2023-06-03,2023-06-05,Ganga Freight
SO0000656,2023-06-03,2023-06-06,Deccan Express Logistics
SO0000646,2023-06-03,2023-06-04,Sahyadri Roadlines
SO0000647,2023-06-03,2023-06-04,Ganga Freight
SO0000657,2023-06-03,2023-06-06,Sahyadri Roadlines
SO0000659,2023-06-05,2023-06-07,Deccan Express Logistics
SO0000660,2023-06-05,2023-06-06,Deccan Express Logistics
SO0000661,2023-06-05,2023-06-08,Deccan Express Logistics
SO0000662,2023-06-05,2023-06-07,Sahyadri Roadlines
SO0000669,2023-06-05,2023-06-07,Ganga Freight
SO0000663,2023-06-05,2023-06-08,Sahyadri Roadlines
SO0000664,2023-06-05,2023-06-07,Deccan Express Logistics
SO0000665,2023-06-05,2023-06-06,Sahyadri Roadlines
SO0000666,2023-06-05,2023-06-08,Ganga Freight
SO0000667,2023-06-05,2023-06-07,Ganga Freight
SO0000658,2023-06-05,2023-06-07,Ganga Freight
SO0000668,2023-06-05,2023-06-08,Sahyadri Roadlines
SO0000670,2023-06-06,2023-06-07,Ganga Freight
SO0000671,2023-06-06,2023-06-07,Sahyadri Roadlines
SO0000672,2023-06-06,2023-06-07,Ganga Freight
SO0000673,2023-06-06,2023-06-08,Deccan Express Logistics
SO0000674,2023-06-06,2023-06-08,Ganga Freight
SO0000675,2023-06-06,2023-06-07,Ganga Freight
SO0000676,2023-06-06,2023-06-07,Ganga Freight
SO0000677,2023-06-06,2023-06-09,Deccan Express Logistics
SO0000679,2023-06-06,2023-06-10,Deccan Express Logistics
SO0000680,2023-06-06,2023-06-08,Ganga Freight
SO0000681,2023-06-07,2023-06-10,Ganga Freight
SO0000682,2023-06-07,2023-06-09,Deccan Express Logistics
SO0000683,2023-06-07,2023-06-10,Ganga Freight
SO0000684,2023-06-07,2023-06-09,Ganga Freight
SO0000678,2023-06-07,2023-06-08,Deccan Express Logistics
SO0000685,2023-06-07,2023-06-08,Sahyadri Roadlines
SO0000686,2023-06-07,2023-06-08,Sahyadri Roadlines
SO0000687,2023-06-07,2023-06-08,Sahyadri Roadlines
SO0000688,2023-06-07,2023-06-10,Deccan Express Logistics
SO0000691,2023-06-07,2023-06-09,Deccan Express Logistics
SO0000696,2023-06-08,2023-06-10,Ganga Freight
SO0000697,2023-06-08,2023-06-11,Ganga Freight
SO0000698,2023-06-08,2023-06-10,Ganga Freight
SO0000699,2023-06-08,2023-06-09,Ganga Freight
SO0000700,2023-06-08,2023-06-11,Ganga Freight
SO0000701,2023-06-08,2023-06-10,Sahyadri Roadlines
SO0000702,2023-06-08,2023-06-10,Deccan Express Logistics
SO0000689,2023-06-08,2023-06-09,Deccan Express Logistics
SO0000690,2023-06-08,2023-06-10,Deccan Express Logistics
SO0000703,2023-06-08,2023-06-09,Ganga Freight
SO0000704,2023-06-08,2023-06-09,Deccan Express Logistics
SO0000705,2023-06-08,2023-06-10,Sahyadri Roadlines
SO0000692,2023-06-08,2023-06-10,Ganga Freight
SO0000693,2023-06-08,2023-06-09,Ganga Freight
SO0000694,2023-06-08,2023-06-10,Sahyadri Roadlines
SO0000708,2023-06-09,2023-06-10,Sahyadri Roadlines
SO0000709,2023-06-09,2023-06-13,Deccan Express Logistics
SO0000720,2023-06-09,2023-06-12,Deccan Express Logistics
SO0000710,2023-06-09,2023-06-11,Ganga Freight
SO0000711,2023-06-09,2023-06-11,Sahyadri Roadlines
SO0000712,2023-06-09,2023-06-10,Ganga Freight
SO0000714,2023-06-09,2023-06-10,Deccan Express Logistics
SO0000715,2023-06-09,2023-06-10,Deccan Express Logistics
SO0000716,2023-06-09,2023-06-10,Ganga Freight
SO0000717,2023-06-09,2023-06-11,Deccan Express Logistics
SO0000695,2023-06-09,2023-06-12,Ganga Freight
SO0000706,2023-06-09,2023-06-11,Deccan Express Logistics
SO0000707,2023-06-09,2023-06-11,Ganga Freight
SO0000718,2023-06-09,2023-06-10,Ganga Freight
SO0000721,2023-06-10,2023-06-13,Sahyadri Roadlines
SO0000722,2023-06-10,2023-06-12,Deccan Express Logistics
SO0000723,2023-06-10,2023-06-14,Deccan Express Logistics
SO0000724,2023-06-10,2023-06-13,Sahyadri Roadlines
SO0000725,2023-06-10,2023-06-15,Ganga Freight
SO0000713,2023-06-10,2023-06-13,Sahyadri Roadlines
SO0000726,2023-06-10,2023-06-12,Ganga Freight
SO0000727,2023-06-10,2023-06-12,Sahyadri Roadlines
SO0000728,2023-06-10,2023-06-12,Ganga Freight
SO0000719,2023-06-10,2023-06-12,Sahyadri Roadlines
SO0000729,2023-06-10,2023-06-12,Deccan Express Logistics
SO0000730,2023-06-10,2023-06-12,Deccan Express Logistics
SO0000731,2023-06-12,2023-06-15,Deccan Express Logistics
SO0000732,2023-06-12,2023-06-13,Ganga Freight
SO0000733,2023-06-12,2023-06-16,Sahyadri Roadlines
SO0000734,2023-06-12,2023-06-14,Deccan Express Logistics
SO0000741,2023-06-12,2023-06-14,Ganga Freight
SO0000735,2023-06-12,2023-06-14,Deccan Express Logistics
SO0000736,2023-06-12,2023-06-14,Ganga Freight
SO0000737,2023-06-12,2023-06-14,Ganga Freight
SO0000738,2023-06-12,2023-06-14,Ganga Freight
SO0000739,2023-06-12,2023-06-14,Ganga Freight
SO0000740,2023-06-12,2023-06-14,Deccan Express Logistics
SO0000742,2023-06-13,2023-06-14,Sahyadri Roadlines
SO0000743,2023-06-13,2023-06-16,Deccan Express Logistics
SO0000744,2023-06-13,2023-06-14,Ganga Freight
SO0000745,2023-06-13,2023-06-15,Ganga Freight
SO0000746,2023-06-13,2023-06-16,Sahyadri Roadlines
SO0000747,2023-06-13,2023-06-15,Ganga Freight
SO0000748,2023-06-13,2023-06-15,Sahyadri Roadlines
SO0000749,2023-06-13,2023-06-16,Deccan Express Logistics
SO0000751,2023-06-13,2023-06-17,Deccan Express Logistics
SO0000752,2023-06-13,2023-06-16,Deccan Express Logistics
SO0000753,2023-06-14,2023-06-15,Sahyadri Roadlines
SO0000754,2023-06-14,2023-06-16,Deccan Express Logistics
SO0000755,2023-06-14,2023-06-17,Ganga Freight
SO0000756,2023-06-14,2023-06-15,Deccan Express Logistics
SO0000750,2023-06-14,2023-06-16,Deccan Express Logistics
SO0000757,2023-06-14,2023-06-15,Sahyadri Roadlines
SO0000758,2023-06-14,2023-06-15,Sahyadri Roadlines
SO0000759,2023-06-14,2023-06-15,Ganga Freight
SO0000760,2023-06-14,2023-06-16,Ganga Freight
SO0000763,2023-06-14,2023-06-17,Deccan Express Logistics
SO0000768,2023-06-15,2023-06-18,Sahyadri Roadlines
SO0000769,2023-06-15,2023-06-18,Sahyadri Roadlines
SO0000770,2023-06-15,2023-06-16,Deccan Express Logistics
SO0000771,2023-06-15,2023-06-16,Ganga Freight
SO0000772,2023-06-15,2023-06-16,Sahyadri Roadlines
SO0000773,2023-06-15,2023-06-19,Sahyadri Roadlines
SO0000774,2023-06-15,2023-06-17,Sahyadri Roadlines
SO0000761,2023-06-15,2023-06-16,Ganga Freight
SO0000762,2023-06-15,2023-06-17,Deccan Express Logistics
SO0000775,2023-06-15,2023-06-18,Deccan Express Logistics
SO0000776,2023-06-15,2023-06-17,Ganga Freight
SO0000777,2023-06-15,2023-06-17,Ganga Freight
SO0000764,2023-06-15,2023-06-18,Ganga Freight
SO0000765,2023-06-15,2023-06-17,Deccan Express Logistics
SO0000766,2023-06-15,2023-06-18,Sahyadri Roadlines
SO0000780,2023-06-16,2023-06-17,Ganga Freight
SO0000781,2023-06-16,2023-06-19,Deccan Express Logistics
SO0000792,2023-06-16,2023-06-18,Deccan Express Logistics
SO0000782,2023-06-16,2023-06-17,Sahyadri Roadlines
SO0000783,2023-06-16,2023-06-17,Deccan Express Logistics
SO0000784,2023-06-16,2023-06-17,Ganga Freight
SO0000785,2023-06-16,2023-06-19,Ganga Freight
SO0000786,2023-06-16,2023-06-17,Sahyadri Roadlines
SO0000787,2023-06-16,2023-06-17,Deccan Express Logistics
SO0000788,2023-06-16,2023-06-17,Sahyadri Roadlines
SO0000789,2023-06-16,2023-06-17,Ganga Freight
SO0000767,2023-06-16,2023-06-19,Ganga Freight
SO0000778,2023-06-16,2023-06-18,Deccan Express Logistics
SO0000779,2023-06-16,2023-06-18,Deccan Express Logistics
SO0000793,2023-06-17,2023-06-19,Deccan Express Logistics
SO0000794,2023-06-17,2023-06-19,Sahyadri Roadlines
SO0000795,2023-06-17,2023-06-20,Deccan Express Logistics
SO0000796,2023-06-17,2023-06-20,Ganga Freight
SO0000797,2023-06-17,2023-06-20,Deccan Express Logistics
SO0000798,2023-06-17,2023-06-19,Deccan Express Logistics
SO0000799,2023-06-17,2023-06-19,Sahyadri Roadlines
SO0000800,2023-06-17,2023-06-19,Sahyadri Roadlines
SO0000790,2023-06-17,2023-06-18,Deccan Express Logistics
SO0000791,2023-06-17,2023-06-18,Sahyadri Roadlines
SO0000801,2023-06-17,2023-06-19,Ganga Freight
SO0000803,2023-06-19,2023-06-21,Deccan Express Logistics
SO0000804,2023-06-19,2023-06-22,Sahyadri Roadlines
SO0000805,2023-06-19,2023-06-23,Deccan Express Logistics
SO0000806,2023-06-19,2023-06-21,Sahyadri Roadlines
SO0000813,2023-06-19,2023-06-22,Sahyadri Roadlines
SO0000807,2023-06-19,2023-06-20,Sahyadri Roadlines
SO0000808,2023-06-19,2023-06-20,Ganga Freight
SO0000809,2023-06-19,2023-06-20,Deccan Express Logistics
SO0000810,2023-06-19,2023-06-21,Deccan Express Logistics
SO0000811,2023-06-19,2023-06-21,Sahyadri Roadlines
SO0000802,2023-06-19,2023-06-21,Deccan Express Logistics
SO0000812,2023-06-19,2023-06-21,Sahyadri Roadlines
SO0000814,2023-06-20,2023-06-21,Sahyadri Roadlines
SO0000815,2023-06-20,2023-06-21,Sahyadri Roadlines
SO0000816,2023-06-20,2023-06-21,Ganga Freight
SO0000817,2023-06-20,2023-06-23,Ganga Freight
SO0000818,2023-06-20,2023-06-22,Ganga Freight
SO0000819,2023-06-20,2023-06-22,Deccan Express Logistics
SO0000820,2023-06-20,2023-06-21,Deccan Express Logistics
SO0000821,2023-06-20,2023-06-22,Deccan Express Logistics
SO0000823,2023-06-20,2023-06-22,Ganga Freight
SO0000824,2023-06-20,2023-06-22,Sahyadri Roadlines
SO0000825,2023-06-21,2023-06-22,Sahyadri Roadlines
SO0000826,2023-06-21,2023-06-24,Sahyadri Roadlines
SO0000827,2023-06-21,2023-06-24,Sahyadri Roadlines
SO0000828,2023-06-21,2023-06-23,Sahyadri Roadlines
SO0000822,2023-06-21,2023-06-23,Sahyadri Roadlines
SO0000829,2023-06-21,2023-06-22,Ganga Freight
SO0000830,2023-06-21,2023-06-23,Sahyadri Roadlines
SO0000831,2023-06-21,2023-06-22,Deccan Express Logistics
SO0000832,2023-06-21,2023-06-23,Deccan Express Logistics
SO0000835,2023-06-21,2023-06-22,Ganga Freight
SO0000840,2023-06-22,2023-06-25,Sahyadri Roadlines
SO0000841,2023-06-22,2023-06-25,Deccan Express Logistics
SO0000842,2023-06-22,2023-06-24,Sahyadri Roadlines
SO0000843,2023-06-22,2023-06-23,Ganga Freight
SO0000844,2023-06-22,2023-06-23,Ganga Freight
SO0000845,2023-06-22,2023-06-24,Deccan Express Logistics
SO0000846,2023-06-22,2023-06-23,Deccan Express Logistics
SO0000833,2023-06-22,2023-06-25,Ganga Freight
SO0000834,2023-06-22,2023-06-24,Ganga Freight
SO0000847,2023-06-22,2023-06-23,Ganga Freight
SO0000848,2023-06-22,2023-06-25,Sahyadri Roadlines
SO0000849,2023-06-22,2023-06-26,Ganga Freight
SO0000836,2023-06-22,2023-06-24,Deccan Express Logistics
SO0000837,2023-06-22,2023-06-24,Sahyadri Roadlines
SO0000838,2023-06-22,2023-06-25,Ganga Freight
SO0000852,2023-06-23,2023-06-24,Ganga Freight
SO0000853,2023-06-23,2023-06-27,Sahyadri Roadlines
SO0000864,2023-06-23,2023-06-25,Ganga Freight
SO0000854,2023-06-23,2023-06-24,Sahyadri Roadlines
SO0000855,2023-06-23,2023-06-24,Ganga Freight
SO0000856,2023-06-23,2023-06-24,Sahyadri Roadlines
SO0000858,2023-06-23,2023-06-24,Ganga Freight
SO0000859,2023-06-23,2023-06-25,Deccan Express Logistics
SO0000860,2023-06-23,2023-06-24,Sahyadri Roadlines
SO0000861,2023-06-23,2023-06-24,Ganga Freight
SO0000839,2023-06-23,2023-06-25,Ganga Freight
SO0000850,2023-06-23,2023-06-25,Deccan Express Logistics
SO0000851,2023-06-23,2023-06-25,Ganga Freight
SO0000862,2023-06-23,2023-06-26,Sahyadri Roadlines
SO0000865,2023-06-24,2023-06-26,Sahyadri Roadlines
SO0000866,2023-06-24,2023-06-26,Sahyadri Roadlines
SO0000867,2023-06-24,2023-06-26,Ganga Freight
SO0000868,2023-06-24,2023-06-27,Ganga Freight
SO0000869,2023-06-24,2023-06-27,Ganga Freight
SO0000857,2023-06-24,2023-06-27,Sahyadri Roadlines
SO0000870,2023-06-24,2023-06-26,Sahyadri Roadlines
SO0000871,2023-06-24,2023-06-28,Deccan Express Logistics
SO0000872,2023-06-24,2023-06-26,Deccan Express Logistics
SO0000863,2023-06-24,2023-06-25,Ganga Freight
SO0000873,2023-06-24,2023-06-26,Deccan Express Logistics
SO0000874,2023-06-24,2023-06-27,Deccan Express Logistics
SO0000875,2023-06-26,2023-06-28,Ganga Freight
SO0000876,2023-06-26,2023-06-27,Sahyadri Roadlines
SO0000877,2023-06-26,2023-06-29,Sahyadri Roadlines
SO0000878,2023-06-26,2023-06-29,Ganga Freight
SO0000885,2023-06-26,2023-06-28,Ganga Freight
SO0000879,2023-06-26,2023-06-27,Sahyadri Roadlines
SO0000880,2023-06-26,2023-06-28,Ganga Freight
SO0000881,2023-06-26,2023-06-27,Deccan Express Logistics
SO0000882,2023-06-26,2023-06-28,Ganga Freight
SO0000883,2023-06-26,2023-06-28,Ganga Freight
SO0000884,2023-06-26,2023-06-29,Sahyadri Roadlines
SO0000886,2023-06-27,2023-06-28,Sahyadri Roadlines
SO0000887,2023-06-27,2023-06-29,Sahyadri Roadlines
SO0000888,2023-06-27,2023-06-28,Deccan Express Logistics
SO0000889,2023-06-27,2023-06-29,Deccan Express Logistics
SO0000890,2023-06-27,2023-06-30,Ganga Freight
SO0000891,2023-06-27,2023-06-28,Ganga Freight
SO0000892,2023-06-27,2023-06-28,Ganga Freight
SO0000893,2023-06-27,2023-06-29,Deccan Express Logistics
SO0000895,2023-06-27,2023-06-30,Deccan Express Logistics
SO0000896,2023-06-27,2023-06-30,Deccan Express Logistics
SO0000897,2023-06-28,2023-06-30,Sahyadri Roadlines
SO0000898,2023-06-28,2023-06-30,Ganga Freight
SO0000899,2023-06-28,2023-07-01,Deccan Express Logistics
SO0000900,2023-06-28,2023-06-29,Ganga Freight
SO0000894,2023-06-28,2023-06-29,Sahyadri Roadlines
SO0000901,2023-06-28,2023-06-29,Deccan Express Logistics
SO0000902,2023-06-28,2023-06-29,Ganga Freight
SO0000903,2023-06-28,2023-06-29,Sahyadri Roadlines
SO0000904,2023-06-28,2023-06-30,Ganga Freight
SO0000907,2023-06-28,2023-06-29,Ganga Freight
SO0000912,2023-06-29,2023-07-01,Deccan Express Logistics
SO0000913,2023-06-29,2023-07-02,Ganga Freight
SO0000914,2023-06-29,2023-07-02,Deccan Express Logistics
SO0000915,2023-06-29,2023-07-01,Sahyadri Roadlines
SO0000916,2023-06-29,2023-06-30,Deccan Express Logistics
SO0000917,2023-06-29,2023-07-01,Sahyadri Roadlines
SO0000918,2023-06-29,2023-06-30,Ganga Freight
SO0000905,2023-06-29,2023-06-30,Sahyadri Roadlines
SO0000906,2023-06-29,2023-07-02,Sahyadri Roadlines
SO0000919,2023-06-29,2023-06-30,Sahyadri Roadlines
SO0000920,2023-06-29,2023-07-01,Deccan Express Logistics
SO0000921,2023-06-29,2023-07-01,Deccan Express Logistics
SO0000908,2023-06-29,2023-07-01,Sahyadri Roadlines
SO0000909,2023-06-29,2023-06-30,Sahyadri Roadlines
SO0000910,2023-06-29,2023-07-01,Ganga Freight
SO0000924,2023-06-30,2023-07-01,Sahyadri Roadlines
SO0000925,2023-06-30,2023-07-03,Ganga Freight
SO0000936,2023-06-30,2023-07-02,Deccan Express Logistics
SO0000926,2023-06-30,2023-07-02,Deccan Express Logistics
SO0000927,2023-06-30,2023-07-01,Sahyadri Roadlines
SO0000928,2023-06-30,2023-07-01,Ganga Freight
SO0000929,2023-06-30,2023-07-02,Ganga Freight
SO0000930,2023-06-30,2023-07-02,Ganga Freight
SO0000931,2023-06-30,2023-07-02,Ganga Freight
SO0000932,2023-06-30,2023-07-01,Deccan Express Logistics
SO0000933,2023-06-30,2023-07-02,Sahyadri Roadlines
SO0000911,2023-06-30,2023-07-02,Sahyadri Roadlines
SO0000922,2023-06-30,2023-07-02,Sahyadri Roadlines
SO0000923,2023-06-30,2023-07-03,Deccan Express Logistics
SO0000937,2023-07-01,2023-07-04,Sahyadri Roadlines
SO0000938,2023-07-01,2023-07-03,Sahyadri Roadlines
SO0000939,2023-07-01,2023-07-04,Deccan Express Logistics
SO0000940,2023-07-01,2023-07-09,Deccan Express Logistics
SO0000941,2023-07-01,2023-07-06,Ganga Freight
SO0000942,2023-07-01,2023-07-03,Ganga Freight
SO0000943,2023-07-01,2023-07-05,Sahyadri Roadlines
SO0000944,2023-07-01,2023-07-04,Ganga Freight
SO0000934,2023-07-01,2023-07-02,Deccan Express Logistics
SO0000935,2023-07-01,2023-07-04,Deccan Express Logistics
SO0000945,2023-07-01,2023-07-05,Ganga Freight
SO0000946,2023-07-01,2023-07-04,Sahyadri Roadlines
SO0000947,2023-07-03,2023-07-06,Ganga Freight
SO0000948,2023-07-03,2023-07-06,Deccan Express Logistics
SO0000949,2023-07-03,2023-07-08,Deccan Express Logistics
SO0000950,2023-07-03,2023-07-09,Ganga Freight
SO0000957,2023-07-03,2023-07-08,Sahyadri Roadlines
SO0000951,2023-07-03,2023-07-05,Deccan Express Logistics
SO0000952,2023-07-03,2023-07-04,Ganga Freight
SO0000953,2023-07-03,2023-07-05,Sahyadri Roadlines
SO0000954,2023-07-03,2023-07-07,Deccan Express Logistics
SO0000955,2023-07-03,2023-07-06,Sahyadri Roadlines
SO0000956,2023-07-03,2023-07-06,Deccan Express Logistics
SO0000958,2023-07-04,2023-07-05,Deccan Express Logistics
SO0000959,2023-07-04,2023-07-06,Ganga Freight
SO0000960,2023-07-04,2023-07-05,Sahyadri Roadlines
SO0000961,2023-07-04,2023-07-07,Deccan Express Logistics
SO0000962,2023-07-04,2023-07-07,Sahyadri Roadlines
SO0000963,2023-07-04,2023-07-07,Ganga Freight
SO0000964,2023-07-04,2023-07-05,Deccan Express Logistics
SO0000965,2023-07-04,2023-07-06,Sahyadri Roadlines
SO0000966,2023-07-04,2023-07-05,Deccan Express Logistics
SO0000967,2023-07-04,2023-07-08,Ganga Freight
SO0000968,2023-07-04,2023-07-06,Sahyadri Roadlines
SO0000969,2023-07-05,2023-07-06,Ganga Freight
SO0000970,2023-07-05,2023-07-07,Deccan Express Logistics
SO0000971,2023-07-05,2023-07-09,Sahyadri Roadlines
SO0000972,2023-07-05,2023-07-06,Deccan Express Logistics
SO0000973,2023-07-05,2023-07-06,Deccan Express Logistics
SO0000974,2023-07-05,2023-07-06,Ganga Freight
SO0000975,2023-07-05,2023-07-08,Sahyadri Roadlines
SO0000976,2023-07-05,2023-07-08,Sahyadri Roadlines
SO0000977,2023-07-05,2023-07-10,Deccan Express Logistics
SO0000979,2023-07-05,2023-07-08,Deccan Express Logistics
SO0000984,2023-07-06,2023-07-09,Deccan Express Logistics
SO0000985,2023-07-06,2023-07-09,Ganga Freight
SO0000986,2023-07-06,2023-07-07,Deccan Express Logistics
SO0000987,2023-07-06,2023-07-07,Ganga Freight
SO0000988,2023-07-06,2023-07-08,Deccan Express Logistics
SO0000989,2023-07-06,2023-07-08,Ganga Freight
SO0000990,2023-07-06,2023-07-07,Sahyadri Roadlines
SO0000978,2023-07-06,2023-07-10,Ganga Freight
SO0000991,2023-07-06,2023-07-09,Deccan Express Logistics
SO0000992,2023-07-06,2023-07-11,Ganga Freight
SO0000993,2023-07-06,2023-07-09,Ganga Freight
SO0000980,2023-07-06,2023-07-10,Ganga Freight
SO0000981,2023-07-06,2023-07-10,Ganga Freight
SO0000982,2023-07-06,2023-07-13,Sahyadri Roadlines
SO0000983,2023-07-06,2023-07-08,Ganga Freight
SO0000996,2023-07-07,2023-07-08,Sahyadri Roadlines
SO0000997,2023-07-07,2023-07-11,Sahyadri Roadlines
SO0001008,2023-07-07,2023-07-10,Sahyadri Roadlines
SO0000998,2023-07-07,2023-07-10,Ganga Freight
SO0000999,2023-07-07,2023-07-11,Deccan Express Logistics
SO0001000,2023-07-07,2023-07-08,Deccan Express Logistics
SO0001002,2023-07-07,2023-07-08,Sahyadri Roadlines
SO0001003,2023-07-07,2023-07-09,Ganga Freight
SO0001004,2023-07-07,2023-07-08,Deccan Express Logistics
SO0001005,2023-07-07,2023-07-08,Sahyadri Roadlines
SO0000994,2023-07-07,2023-07-10,Sahyadri Roadlines
SO0000995,2023-07-07,2023-07-10,Ganga Freight
SO0001006,2023-07-07,2023-07-09,Ganga Freight
SO0001007,2023-07-07,2023-07-09,Ganga Freight
SO0001009,2023-07-08,2023-07-12,Deccan Express Logistics
SO0001010,2023-07-08,2023-07-10,Ganga Freight
SO0001011,2023-07-08,2023-07-10,Deccan Express Logistics
SO0001012,2023-07-08,2023-07-17,Deccan Express Logistics
SO0001013,2023-07-08,2023-07-12,Deccan Express Logistics
SO0001001,2023-07-08,2023-07-10,Sahyadri Roadlines
SO0001014,2023-07-08,2023-07-11,Ganga Freight
SO0001015,2023-07-08,2023-07-12,Deccan Express Logistics
SO0001016,2023-07-08,2023-07-12,Sahyadri Roadlines
SO0001017,2023-07-08,2023-07-10,Sahyadri Roadlines
SO0001018,2023-07-08,2023-07-10,Deccan Express Logistics
SO0001019,2023-07-10,2023-07-13,Ganga Freight
SO0001020,2023-07-10,2023-07-12,Sahyadri Roadlines
SO0001021,2023-07-10,2023-07-14,Deccan Express Logistics
SO0001022,2023-07-10,2023-07-13,Deccan Express Logistics
SO0001029,2023-07-10,2023-07-13,Ganga Freight
SO0001023,2023-07-10,2023-07-13,Ganga Freight
SO0001024,2023-07-10,2023-07-14,Deccan Express Logistics
SO0001025,2023-07-10,2023-07-12,Deccan Express Logistics
SO0001026,2023-07-10,2023-07-13,Sahyadri Roadlines
SO0001027,2023-07-10,2023-07-13,Deccan Express Logistics
SO0001028,2023-07-10,2023-07-15,Sahyadri Roadlines
SO0001030,2023-07-11,2023-07-14,Deccan Express Logistics
SO0001031,2023-07-11,2023-07-12,Ganga Freight
SO0001032,2023-07-11,2023-07-12,Sahyadri Roadlines
SO0001033,2023-07-11,2023-07-15,Deccan Express Logistics
SO0001034,2023-07-11,2023-07-13,Ganga Freight
SO0001035,2023-07-11,2023-07-12,Ganga Freight
SO0001036,2023-07-11,2023-07-13,Ganga Freight
SO0001037,2023-07-11,2023-07-14,Ganga Freight
SO0001039,2023-07-11,2023-07-16,Ganga Freight
SO0001040,2023-07-11,2023-07-15,Ganga Freight
SO0001041,2023-07-12,2023-07-13,Sahyadri Roadlines
SO0001042,2023-07-12,2023-07-15,Deccan Express Logistics
SO0001043,2023-07-12,2023-07-16,Sahyadri Roadlines
SO0001044,2023-07-12,2023-07-14,Deccan Express Logistics
SO0001038,2023-07-12,2023-07-15,Ganga Freight
SO0001045,2023-07-12,2023-07-13,Ganga Freight
SO0001046,2023-07-12,2023-07-16,Deccan Express Logistics
SO0001047,2023-07-12,2023-07-13,Deccan Express Logistics
SO0001048,2023-07-12,2023-07-17,Ganga Freight
SO0001049,2023-07-12,2023-07-13,Sahyadri Roadlines
SO0001051,2023-07-12,2023-07-14,Sahyadri Roadlines
SO0001056,2023-07-13,2023-07-15,Ganga Freight
SO0001057,2023-07-13,2023-07-17,Ganga Freight
SO0001058,2023-07-13,2023-07-14,Deccan Express Logistics
SO0001059,2023-07-13,2023-07-15,Ganga Freight
SO0001060,2023-07-13,2023-07-15,Sahyadri Roadlines
SO0001061,2023-07-13,2023-07-16,Deccan Express Logistics
SO0001062,2023-07-13,2023-07-18,Ganga Freight
SO0001050,2023-07-13,2023-07-16,Deccan Express Logistics
SO0001063,2023-07-13,2023-07-14,Deccan Express Logistics
SO0001064,2023-07-13,2023-07-17,Ganga Freight
SO0001065,2023-07-13,2023-07-15,Deccan Express Logistics
SO0001052,2023-07-13,2023-07-19,Deccan Express Logistics
SO0001053,2023-07-13,2023-07-15,Sahyadri Roadlines
SO0001054,2023-07-13,2023-07-18,Deccan Express Logistics
SO0001068,2023-07-14,2023-07-18,Deccan Express Logistics
SO0001069,2023-07-14,2023-07-17,Ganga Freight
SO0001080,2023-07-14,2023-07-16,Sahyadri Roadlines
SO0001070,2023-07-14,2023-07-16,Sahyadri Roadlines
SO0001071,2023-07-14,2023-07-16,Deccan Express Logistics
SO0001072,2023-07-14,2023-07-16,Deccan Express Logistics
SO0001073,2023-07-14,2023-07-19,Ganga Freight
SO0001074,2023-07-14,2023-07-15,Ganga Freight
SO0001075,2023-07-14,2023-07-16,Sahyadri Roadlines
SO0001076,2023-07-14,2023-07-15,Sahyadri Roadlines
SO0001077,2023-07-14,2023-07-15,Ganga Freight
SO0001055,2023-07-14,2023-07-18,Sahyadri Roadlines
SO0001066,2023-07-14,2023-07-16,Ganga Freight
SO0001067,2023-07-14,2023-07-17,Sahyadri Roadlines
SO0001078,2023-07-14,2023-07-17,Sahyadri Roadlines
SO0001081,2023-07-15,2023-07-18,Deccan Express Logistics
SO0001082,2023-07-15,2023-07-19,Ganga Freight
SO0001083,2023-07-15,2023-07-17,Sahyadri Roadlines
SO0001084,2023-07-15,2023-07-21,Deccan Express Logistics
SO0001085,2023-07-15,2023-07-19,Ganga Freight
SO0001086,2023-07-15,2023-07-17,Ganga Freight
SO0001087,2023-07-15,2023-07-20,Sahyadri Roadlines
SO0001088,2023-07-15,2023-07-18,Sahyadri Roadlines
SO0001079,2023-07-15,2023-07-16,Deccan Express Logistics
SO0001089,2023-07-15,2023-07-20,Sahyadri Roadlines
SO0001090,2023-07-15,2023-07-19,Deccan Express Logistics
SO0001091,2023-07-17,2023-07-20,Deccan Express Logistics
SO0001092,2023-07-17,2023-07-19,Sahyadri Roadlines
SO0001093,2023-07-17,2023-07-22,Deccan Express Logistics
SO0001094,2023-07-17,2023-07-19,Ganga Freight
SO0001101,2023-07-17,2023-07-22,Sahyadri Roadlines
SO0001095,2023-07-17,2023-07-18,Deccan Express Logistics
SO0001096,2023-07-17,2023-07-18,Sahyadri Roadlines
SO0001097,2023-07-17,2023-07-18,Sahyadri Roadlines
SO0001098,2023-07-17,2023-07-20,Ganga Freight
SO0001099,2023-07-17,2023-07-19,Sahyadri Roadlines
SO0001100,2023-07-17,2023-07-20,Deccan Express Logistics
SO0001102,2023-07-18,2023-07-20,Deccan Express Logistics
SO0001103,2023-07-18,2023-07-19,Deccan Express Logistics
SO0001104,2023-07-18,2023-07-19,Ganga Freight
SO0001105,2023-07-18,2023-07-24,Deccan Express Logistics
SO0001106,2023-07-18,2023-07-20,Deccan Express Logistics
SO0001107,2023-07-18,2023-07-20,Deccan Express Logistics
SO0001108,2023-07-18,2023-07-21,Ganga Freight
SO0001109,2023-07-18,2023-07-21,Deccan Express Logistics
SO0001110,2023-07-18,2023-07-20,Ganga Freight
SO0001111,2023-07-18,2023-07-23,Ganga Freight
SO0001112,2023-07-18,2023-07-23,Ganga Freight
SO0001113,2023-07-19,2023-07-22,Deccan Express Logistics
SO0001114,2023-07-19,2023-07-21,Deccan Express Logistics
SO0001115,2023-07-19,2023-07-26,Ganga Freight
SO0001116,2023-07-19,2023-07-22,Sahyadri Roadlines
SO0001117,2023-07-19,2023-07-21,Sahyadri Roadlines
SO0001118,2023-07-19,2023-07-21,Deccan Express Logistics
SO0001119,2023-07-19,2023-07-20,Deccan Express Logistics
SO0001120,2023-07-19,2023-07-21,Ganga Freight
SO0001121,2023-07-19,2023-07-21,Ganga Freight
SO0001123,2023-07-19,2023-07-20,Ganga Freight
SO0001128,2023-07-20,2023-07-23,Ganga Freight
SO0001129,2023-07-20,2023-07-25,Sahyadri Roadlines
SO0001130,2023-07-20,2023-07-22,Ganga Freight
SO0001131,2023-07-20,2023-07-21,Sahyadri Roadlines
SO0001132,2023-07-20,2023-07-21,Deccan Express Logistics
SO0001133,2023-07-20,2023-07-23,Ganga Freight
SO0001134,2023-07-20,2023-07-21,Ganga Freight
SO0001122,2023-07-20,2023-07-25,Sahyadri Roadlines
SO0001135,2023-07-20,2023-07-25,Deccan Express Logistics
SO0001136,2023-07-20,2023-07-22,Deccan Express Logistics
SO0001137,2023-07-20,2023-07-26,Ganga Freight
SO0001124,2023-07-20,2023-07-24,Ganga Freight
SO0001125,2023-07-20,2023-07-22,Ganga Freight
SO0001126,2023-07-20,2023-07-25,Sahyadri Roadlines
SO0001127,2023-07-20,2023-07-22,Deccan Express Logistics
SO0001140,2023-07-21,2023-07-22,Sahyadri Roadlines
SO0001141,2023-07-21,2023-07-25,Sahyadri Roadlines
SO0001152,2023-07-21,2023-07-23,Ganga Freight
SO0001142,2023-07-21,2023-07-24,Sahyadri Roadlines
SO0001143,2023-07-21,2023-07-24,Ganga Freight
SO0001144,2023-07-21,2023-07-23,Sahyadri Roadlines
SO0001145,2023-07-21,2023-07-28,Ganga Freight
SO0001146,2023-07-21,2023-07-22,Ganga Freight
SO0001147,2023-07-21,2023-07-23,Deccan Express Logistics
SO0001148,2023-07-21,2023-07-22,Deccan Express Logistics
SO0001149,2023-07-21,2023-07-23,Ganga Freight
SO0001138,2023-07-21,2023-07-24,Deccan Express Logistics
SO0001139,2023-07-21,2023-07-25,Deccan Express Logistics
SO0001150,2023-07-21,2023-07-24,Deccan Express Logistics
SO0001151,2023-07-21,2023-07-23,Sahyadri Roadlines
SO0001153,2023-07-22,2023-07-25,Deccan Express Logistics
SO0001154,2023-07-22,2023-07-27,Ganga Freight
SO0001155,2023-07-22,2023-07-24,Deccan Express Logistics
SO0001156,2023-07-22,2023-07-27,Deccan Express Logistics
SO0001157,2023-07-22,2023-07-26,Sahyadri Roadlines
SO0001158,2023-07-22,2023-07-26,Ganga Freight
SO0001159,2023-07-22,2023-07-26,Deccan Express Logistics
SO0001160,2023-07-22,2023-07-26,Deccan Express Logistics
SO0001161,2023-07-22,2023-07-26,Ganga Freight
SO0001162,2023-07-22,2023-07-25,Ganga Freight
SO0001163,2023-07-24,2023-07-27,Sahyadri Roadlines
SO0001164,2023-07-24,2023-07-28,Ganga Freight
SO0001165,2023-07-24,2023-07-29,Ganga Freight
SO0001166,2023-07-24,2023-07-26,Deccan Express Logistics
SO0001173,2023-07-24,2023-07-26,Sahyadri Roadlines
SO0001167,2023-07-24,2023-07-27,Deccan Express Logistics
SO0001168,2023-07-24,2023-07-28,Sahyadri Roadlines
SO0001169,2023-07-24,2023-07-25,Deccan Express Logistics
SO0001170,2023-07-24,2023-07-26,Deccan Express Logistics
SO0001171,2023-07-24,2023-07-27,Ganga Freight
SO0001172,2023-07-24,2023-07-28,Ganga Freight
SO0001174,2023-07-25,2023-07-26,Ganga Freight
SO0001175,2023-07-25,2023-07-26,Deccan Express Logistics
SO0001176,2023-07-25,2023-07-26,Ganga Freight
SO0001177,2023-07-25,2023-07-27,Ganga Freight
SO0001178,2023-07-25,2023-07-28,Deccan Express Logistics
SO0001179,2023-07-25,2023-07-27,Ganga Freight
SO0001180,2023-07-25,2023-07-29,Sahyadri Roadlines
SO0001181,2023-07-25,2023-07-27,Ganga Freight
SO0001183,2023-07-25,2023-07-27,Deccan Express Logistics
SO0001184,2023-07-25,2023-07-28,Ganga Freight
SO0001185,2023-07-26,2023-07-28,Ganga Freight
SO0001186,2023-07-26,2023-07-29,Ganga Freight
SO0001187,2023-07-26,2023-07-29,Sahyadri Roadlines
SO0001188,2023-07-26,2023-07-28,Ganga Freight
SO0001182,2023-07-26,2023-07-27,Deccan Express Logistics
SO0001189,2023-07-26,2023-07-27,Ganga Freight
SO0001190,2023-07-26,2023-07-29,Deccan Express Logistics
SO0001191,2023-07-26,2023-07-27,Ganga Freight
SO0001192,2023-07-26,2023-07-29,Ganga Freight
SO0001193,2023-07-26,2023-07-30,Deccan Express Logistics
SO0001195,2023-07-26,2023-07-28,Sahyadri Roadlines
SO0001200,2023-07-27,2023-07-29,Sahyadri Roadlines
SO0001201,2023-07-27,2023-07-31,Sahyadri Roadlines
SO0001202,2023-07-27,2023-07-31,Ganga Freight
SO0001203,2023-07-27,2023-07-29,Ganga Freight
SO0001204,2023-07-27,2023-07-29,Ganga Freight
SO0001205,2023-07-27,2023-07-31,Deccan Express Logistics
SO0001206,2023-07-27,2023-07-28,Ganga Freight
SO0001194,2023-07-27,2023-07-29,Ganga Freight
SO0001207,2023-07-27,2023-07-29,Ganga Freight
SO0001208,2023-07-27,2023-07-30,Deccan Express Logistics
SO0001209,2023-07-27,2023-08-01,Sahyadri Roadlines
SO0001196,2023-07-27,2023-07-29,Sahyadri Roadlines
SO0001197,2023-07-27,2023-07-30,Sahyadri Roadlines
SO0001198,2023-07-27,2023-08-05,Sahyadri Roadlines
SO0001212,2023-07-28,2023-07-29,Ganga Freight
SO0001213,2023-07-28,2023-08-02,Ganga Freight
SO0001224,2023-07-28,2023-08-02,Deccan Express Logistics
SO0001214,2023-07-28,2023-07-29,Deccan Express Logistics
SO0001215,2023-07-28,2023-07-30,Ganga Freight
SO0001216,2023-07-28,2023-07-31,Deccan Express Logistics
SO0001217,2023-07-28,2023-08-01,Deccan Express Logistics
SO0001218,2023-07-28,2023-07-30,Ganga Freight
SO0001219,2023-07-28,2023-07-29,Deccan Express Logistics
SO0001220,2023-07-28,2023-07-29,Deccan Express Logistics
SO0001221,2023-07-28,2023-07-29,Deccan Express Logistics
SO0001199,2023-07-28,2023-07-31,Sahyadri Roadlines
SO0001210,2023-07-28,2023-07-30,Sahyadri Roadlines
SO0001211,2023-07-28,2023-08-01,Deccan Express Logistics
SO0001222,2023-07-28,2023-07-31,Deccan Express Logistics
SO0001225,2023-07-29,2023-08-02,Ganga Freight
SO0001226,2023-07-29,2023-08-01,Sahyadri Roadlines
SO0001227,2023-07-29,2023-07-31,Ganga Freight
SO0001228,2023-07-29,2023-08-01,Deccan Express Logistics
SO0001229,2023-07-29,2023-08-01,Sahyadri Roadlines
SO0001230,2023-07-29,2023-08-02,Ganga Freight
SO0001231,2023-07-29,2023-08-01,Sahyadri Roadlines
SO0001232,2023-07-29,2023-07-31,Ganga Freight
SO0001223,2023-07-29,2023-08-02,Ganga Freight
SO0001233,2023-07-29,2023-08-02,Sahyadri Roadlines
SO0001234,2023-07-29,2023-08-02,Sahyadri Roadlines
SO0001235,2023-07-31,2023-08-04,Deccan Express Logistics
SO0001236,2023-07-31,2023-08-02,Sahyadri Roadlines
SO0001237,2023-07-31,2023-08-05,Sahyadri Roadlines
SO0001238,2023-07-31,2023-08-03,Deccan Express Logistics
SO0001245,2023-07-31,2023-08-04,Sahyadri Roadlines
SO0001239,2023-07-31,2023-08-03,Deccan Express Logistics
SO0001240,2023-07-31,2023-08-01,Deccan Express Logistics
SO0001241,2023-07-31,2023-08-03,Ganga Freight
SO0001242,2023-07-31,2023-08-04,Deccan Express Logistics
SO0001243,2023-07-31,2023-08-02,Ganga Freight
SO0001244,2023-07-31,2023-08-04,Deccan Express Logistics
SO0001246,2023-08-01,2023-08-02,Deccan Express Logistics
SO0001247,2023-08-01,2023-08-04,Deccan Express Logistics
SO0001248,2023-08-01,2023-08-05,Sahyadri Roadlines
SO0001249,2023-08-01,2023-08-03,Deccan Express Logistics
SO0001250,2023-08-01,2023-08-03,Sahyadri Roadlines
SO0001251,2023-08-01,2023-08-03,Ganga Freight
SO0001252,2023-08-01,2023-08-04,Deccan Express Logistics
SO0001253,2023-08-01,2023-08-04,Deccan Express Logistics
SO0001254,2023-08-01,2023-08-05,Sahyadri Roadlines
SO0001255,2023-08-01,2023-08-05,Ganga Freight
SO0001256,2023-08-01,2023-08-04,Sahyadri Roadlines
SO0001257,2023-08-02,2023-08-03,Deccan Express Logistics
SO0001258,2023-08-02,2023-08-05,Deccan Express Logistics
SO0001259,2023-08-02,2023-08-07,Deccan Express Logistics
SO0001260,2023-08-02,2023-08-04,Deccan Express Logistics
SO0001261,2023-08-02,2023-08-03,Sahyadri Roadlines
SO0001262,2023-08-02,2023-08-03,Deccan Express Logistics
SO0001263,2023-08-02,2023-08-04,Ganga Freight
SO0001264,2023-08-02,2023-08-05,Deccan Express Logistics
SO0001265,2023-08-02,2023-08-03,Sahyadri Roadlines
SO0001267,2023-08-02,2023-08-04,Ganga Freight
SO0001272,2023-08-03,2023-08-05,Ganga Freight
SO0001273,2023-08-03,2023-08-06,Sahyadri Roadlines
SO0001274,2023-08-03,2023-08-07,Deccan Express Logistics
SO0001275,2023-08-03,2023-08-05,Deccan Express Logistics
SO0001276,2023-08-03,2023-08-07,Ganga Freight
SO0001277,2023-08-03,2023-08-06,Sahyadri Roadlines
SO0001278,2023-08-03,2023-08-04,Deccan Express Logistics
SO0001266,2023-08-03,2023-08-05,Deccan Express Logistics
SO0001279,2023-08-03,2023-08-04,Ganga Freight
SO0001280,2023-08-03,2023-08-07,Deccan Express Logistics
SO0001281,2023-08-03,2023-08-06,Sahyadri Roadlines
SO0001268,2023-08-03,2023-08-07,Ganga Freight
SO0001269,2023-08-03,2023-08-04,Sahyadri Roadlines
SO0001270,2023-08-03,2023-08-10,Deccan Express Logistics
SO0001284,2023-08-04,2023-08-06,Deccan Express Logistics
SO0001285,2023-08-04,2023-08-07,Deccan Express Logistics
SO0001296,2023-08-04,2023-08-07,Sahyadri Roadlines
SO0001286,2023-08-04,2023-08-07,Deccan Express Logistics
SO0001287,2023-08-04,2023-08-07,Sahyadri Roadlines
SO0001288,2023-08-04,2023-08-05,Sahyadri Roadlines
SO0001289,2023-08-04,2023-08-06,Ganga Freight
SO0001290,2023-08-04,2023-08-06,Deccan Express Logistics
SO0001291,2023-08-04,2023-08-05,Sahyadri Roadlines
SO0001292,2023-08-04,2023-08-07,Sahyadri Roadlines
SO0001293,2023-08-04,2023-08-05,Deccan Express Logistics
SO0001271,2023-08-04,2023-08-06,Ganga Freight
SO0001282,2023-08-04,2023-08-08,Ganga Freight
SO0001283,2023-08-04,2023-08-08,Deccan Express Logistics
SO0001294,2023-08-04,2023-08-06,Deccan Express Logistics
SO0001297,2023-08-05,2023-08-08,Deccan Express Logistics
SO0001298,2023-08-05,2023-08-07,Ganga Freight
SO0001299,2023-08-05,2023-08-07,Sahyadri Roadlines
SO0001300,2023-08-05,2023-08-09,Deccan Express Logistics
SO0001301,2023-08-05,2023-08-09,Ganga Freight
SO0001302,2023-08-05,2023-08-09,Sahyadri Roadlines
SO0001303,2023-08-05,2023-08-09,Deccan Express Logistics
SO0001304,2023-08-05,2023-08-07,Sahyadri Roadlines
SO0001295,2023-08-05,2023-08-06,Deccan Express Logistics
SO0001305,2023-08-05,2023-08-09,Sahyadri Roadlines
SO0001306,2023-08-05,2023-08-10,Sahyadri Roadlines
SO0001307,2023-08-07,2023-08-09,Deccan Express Logistics
SO0001308,2023-08-07,2023-08-10,Deccan Express Logistics
SO0001309,2023-08-07,2023-08-10,Deccan Express Logistics
SO0001310,2023-08-07,2023-08-11,Sahyadri Roadlines
SO0001317,2023-08-07,2023-08-10,Ganga Freight
SO0001311,2023-08-07,2023-08-08,Ganga Freight
SO0001312,2023-08-07,2023-08-09,Sahyadri Roadlines
SO0001313,2023-08-07,2023-08-09,Deccan Express Logistics
SO0001314,2023-08-07,2023-08-10,Deccan Express Logistics
SO0001315,2023-08-07,2023-08-09,Sahyadri Roadlines
SO0001316,2023-08-07,2023-08-09,Sahyadri Roadlines
SO0001318,2023-08-08,2023-08-09,Ganga Freight
SO0001319,2023-08-08,2023-08-11,Ganga Freight
SO0001320,2023-08-08,2023-08-10,Ganga Freight
SO0001321,2023-08-08,2023-08-11,Sahyadri Roadlines
SO0001322,2023-08-08,2023-08-11,Ganga Freight
SO0001323,2023-08-08,2023-08-12,Sahyadri Roadlines
SO0001324,2023-08-08,2023-08-10,Deccan Express Logistics
SO0001325,2023-08-08,2023-08-10,Deccan Express Logistics
SO0001326,2023-08-08,2023-08-10,Deccan Express Logistics
SO0001327,2023-08-08,2023-08-14,Sahyadri Roadlines
SO0001328,2023-08-08,2023-08-12,Deccan Express Logistics
SO0001329,2023-08-09,2023-08-10,Sahyadri Roadlines
SO0001330,2023-08-09,2023-08-12,Deccan Express Logistics
SO0001331,2023-08-09,2023-08-12,Sahyadri Roadlines
SO0001332,2023-08-09,2023-08-10,Ganga Freight
SO0001333,2023-08-09,2023-08-10,Deccan Express Logistics
SO0001334,2023-08-09,2023-08-11,Ganga Freight
SO0001335,2023-08-09,2023-08-10,Deccan Express Logistics
SO0001336,2023-08-09,2023-08-11,Deccan Express Logistics
SO0001337,2023-08-09,2023-08-10,Ganga Freight
SO0001339,2023-08-09,2023-08-11,Sahyadri Roadlines
SO0001344,2023-08-10,2023-08-14,Ganga Freight
SO0001345,2023-08-10,2023-08-13,Ganga Freight
SO0001346,2023-08-10,2023-08-12,Sahyadri Roadlines
SO0001347,2023-08-10,2023-08-15,Deccan Express Logistics
SO0001348,2023-08-10,2023-08-13,Sahyadri Roadlines
SO0001349,2023-08-10,2023-08-12,Sahyadri Roadlines
SO0001350,2023-08-10,2023-08-12,Deccan Express Logistics
SO0001338,2023-08-10,2023-08-13,Sahyadri Roadlines
SO0001351,2023-08-10,2023-08-11,Sahyadri Roadlines
SO0001352,2023-08-10,2023-08-13,Ganga Freight
SO0001353,2023-08-10,2023-08-12,Sahyadri Roadlines
SO0001340,2023-08-10,2023-08-13,Sahyadri Roadlines
SO0001341,2023-08-10,2023-08-18,Ganga Freight
SO0001342,2023-08-10,2023-08-14,Sahyadri Roadlines
SO0001356,2023-08-11,2023-08-12,Ganga Freight
SO0001357,2023-08-11,2023-08-14,Ganga Freight
SO0001368,2023-08-11,2023-08-13,Sahyadri Roadlines
SO0001358,2023-08-11,2023-08-14,Sahyadri Roadlines
SO0001359,2023-08-11,2023-08-13,Ganga Freight
SO0001360,2023-08-11,2023-08-13,Deccan Express Logistics
SO0001361,2023-08-11,2023-08-17,Sahyadri Roadlines
SO0001362,2023-08-11,2023-08-14,Ganga Freight
SO0001363,2023-08-11,2023-08-12,Ganga Freight
SO0001364,2023-08-11,2023-08-12,Sahyadri Roadlines
SO0001365,2023-08-11,2023-08-14,Deccan Express Logistics
SO0001343,2023-08-11,2023-08-14,Ganga Freight
SO0001354,2023-08-11,2023-08-13,Sahyadri Roadlines
SO0001355,2023-08-11,2023-08-16,Deccan Express Logistics
SO0001366,2023-08-11,2023-08-14,Ganga Freight
SO0001369,2023-08-12,2023-08-16,Sahyadri Roadlines
SO0001370,2023-08-12,2023-08-14,Deccan Express Logistics
SO0001371,2023-08-12,2023-08-14,Ganga Freight
SO0001372,2023-08-12,2023-08-17,Ganga Freight
SO0001373,2023-08-12,2023-08-16,Ganga Freight
SO0001374,2023-08-12,2023-08-15,Deccan Express Logistics
SO0001375,2023-08-12,2023-08-18,Sahyadri Roadlines
SO0001376,2023-08-12,2023-08-17,Ganga Freight
SO0001367,2023-08-12,2023-08-14,Ganga Freight
SO0001377,2023-08-12,2023-08-15,Sahyadri Roadlines
SO0001378,2023-08-12,2023-08-16,Deccan Express Logistics
SO0001379,2023-08-14,2023-08-19,Ganga Freight
SO0001380,2023-08-14,2023-08-15,Deccan Express Logistics
SO0001381,2023-08-14,2023-08-20,Sahyadri Roadlines
SO0001382,2023-08-14,2023-08-17,Ganga Freight
SO0001389,2023-08-14,2023-08-18,Sahyadri Roadlines
SO0001383,2023-08-14,2023-08-17,Sahyadri Roadlines
SO0001384,2023-08-14,2023-08-18,Ganga Freight
SO0001385,2023-08-14,2023-08-16,Ganga Freight
SO0001386,2023-08-14,2023-08-16,Sahyadri Roadlines
SO0001387,2023-08-14,2023-08-18,Sahyadri Roadlines
SO0001388,2023-08-14,2023-08-21,Ganga Freight
SO0001390,2023-08-15,2023-08-16,Deccan Express Logistics
SO0001391,2023-08-15,2023-08-17,Ganga Freight
SO0001392,2023-08-15,2023-08-16,Deccan Express Logistics
SO0001393,2023-08-15,2023-08-17,Deccan Express Logistics
SO0001394,2023-08-15,2023-08-17,Deccan Express Logistics
SO0001395,2023-08-15,2023-08-16,Sahyadri Roadlines
SO0001396,2023-08-15,2023-08-16,Ganga Freight
SO0001397,2023-08-15,2023-08-17,Deccan Express Logistics
SO0001399,2023-08-15,2023-08-18,Deccan Express Logistics
SO0001400,2023-08-15,2023-08-19,Deccan Express Logistics
SO0001401,2023-08-16,2023-08-17,Sahyadri Roadlines
SO0001402,2023-08-16,2023-08-19,Deccan Express Logistics
SO0001403,2023-08-16,2023-08-19,Ganga Freight
SO0001404,2023-08-16,2023-08-17,Deccan Express Logistics
SO0001398,2023-08-16,2023-08-18,Sahyadri Roadlines
SO0001405,2023-08-16,2023-08-17,Ganga Freight
SO0001406,2023-08-16,2023-08-20,Ganga Freight
SO0001407,2023-08-16,2023-08-17,Ganga Freight
SO0001408,2023-08-16,2023-08-18,Ganga Freight
SO0001409,2023-08-16,2023-08-19,Ganga Freight
SO0001411,2023-08-16,2023-08-17,Sahyadri Roadlines
SO0001416,2023-08-17,2023-08-19,Deccan Express Logistics
SO0001417,2023-08-17,2023-08-22,Deccan Express Logistics
SO0001418,2023-08-17,2023-08-19,Deccan Express Logistics
SO0001419,2023-08-17,2023-08-18,Deccan Express Logistics
SO0001420,2023-08-17,2023-08-18,Ganga Freight
SO0001421,2023-08-17,2023-08-21,Ganga Freight
SO0001422,2023-08-17,2023-08-19,Deccan Express Logistics
SO0001410,2023-08-17,2023-08-21,Deccan Express Logistics
SO0001423,2023-08-17,2023-08-19,Deccan Express Logistics
SO0001424,2023-08-17,2023-08-21,Ganga Freight
SO0001425,2023-08-17,2023-08-19,Deccan Express Logistics
SO0001412,2023-08-17,2023-08-22,Sahyadri Roadlines
SO0001413,2023-08-17,2023-08-19,Sahyadri Roadlines
SO0001414,2023-08-17,2023-08-22,Deccan Express Logistics
SO0001428,2023-08-18,2023-08-20,Deccan Express Logistics
SO0001429,2023-08-18,2023-08-21,Ganga Freight
SO0001440,2023-08-18,2023-08-20,Sahyadri Roadlines
SO0001430,2023-08-18,2023-08-21,Deccan Express Logistics
SO0001431,2023-08-18,2023-08-20,Deccan Express Logistics
SO0001432,2023-08-18,2023-08-20,Ganga Freight
SO0001433,2023-08-18,2023-08-21,Deccan Express Logistics
SO0001434,2023-08-18,2023-08-20,Ganga Freight
SO0001435,2023-08-18,2023-08-21,Deccan Express Logistics
SO0001436,2023-08-18,2023-08-21,Ganga Freight
SO0001437,2023-08-18,2023-08-19,Deccan Express Logistics
SO0001415,2023-08-18,2023-08-22,Deccan Express Logistics
SO0001426,2023-08-18,2023-08-21,Ganga Freight
SO0001427,2023-08-18,2023-08-21,Deccan Express Logistics
SO0001438,2023-08-18,2023-08-22,Ganga Freight
SO0001439,2023-08-18,2023-08-22,Ganga Freight
SO0001441,2023-08-19,2023-08-22,Sahyadri Roadlines
SO0001442,2023-08-19,2023-08-23,Deccan Express Logistics
SO0001443,2023-08-19,2023-08-24,Sahyadri Roadlines
SO0001444,2023-08-19,2023-08-24,Ganga Freight
SO0001445,2023-08-19,2023-08-22,Sahyadri Roadlines
SO0001446,2023-08-19,2023-08-24,Deccan Express Logistics
SO0001447,2023-08-19,2023-08-24,Ganga Freight
SO0001448,2023-08-19,2023-08-21,Sahyadri Roadlines
SO0001449,2023-08-19,2023-08-21,Deccan Express Logistics
SO0001450,2023-08-19,2023-08-25,Deccan Express Logistics
SO0001451,2023-08-21,2023-08-25,Ganga Freight
SO0001452,2023-08-21,2023-08-22,Deccan Express Logistics
SO0001453,2023-08-21,2023-08-29,Ganga Freight
SO0001454,2023-08-21,2023-08-24,Sahyadri Roadlines
SO0001461,2023-08-21,2023-08-25,Ganga Freight
SO0001455,2023-08-21,2023-08-22,Ganga Freight
SO0001456,2023-08-21,2023-08-24,Ganga Freight
SO0001457,2023-08-21,2023-08-22,Ganga Freight
SO0001458,2023-08-21,2023-08-24,Sahyadri Roadlines
SO0001459,2023-08-21,2023-08-25,Sahyadri Roadlines
SO0001460,2023-08-21,2023-08-28,Ganga Freight
SO0001462,2023-08-22,2023-08-24,Deccan Express Logistics
SO0001463,2023-08-22,2023-08-23,Sahyadri Roadlines
SO0001464,2023-08-22,2023-08-23,Ganga Freight
SO0001465,2023-08-22,2023-08-24,Deccan Express Logistics
SO0001466,2023-08-22,2023-08-26,Sahyadri Roadlines
SO0001467,2023-08-22,2023-08-23,Deccan Express Logistics
SO0001468,2023-08-22,2023-08-25,Deccan Express Logistics
SO0001469,2023-08-22,2023-08-25,Ganga Freight
SO0001470,2023-08-22,2023-08-24,Sahyadri Roadlines
SO0001471,2023-08-22,2023-08-24,Deccan Express Logistics
SO0001472,2023-08-22,2023-08-27,Ganga Freight
SO0001473,2023-08-23,2023-08-25,Deccan Express Logistics
SO0001474,2023-08-23,2023-08-25,Deccan Express Logistics
SO0001475,2023-08-23,2023-08-28,Deccan Express Logistics
SO0001476,2023-08-23,2023-08-26,Deccan Express Logistics
SO0001477,2023-08-23,2023-08-25,Deccan Express Logistics
SO0001478,2023-08-23,2023-08-26,Ganga Freight
SO0001479,2023-08-23,2023-08-25,Deccan Express Logistics
SO0001480,2023-08-23,2023-08-28,Deccan Express Logistics
SO0001481,2023-08-23,2023-08-24,Sahyadri Roadlines
SO0001483,2023-08-23,2023-08-24,Ganga Freight
SO0001488,2023-08-24,2023-08-27,Deccan Express Logistics
SO0001489,2023-08-24,2023-08-27,Ganga Freight
SO0001490,2023-08-24,2023-08-25,Sahyadri Roadlines
SO0001491,2023-08-24,2023-08-25,Deccan Express Logistics
SO0001492,2023-08-24,2023-08-26,Ganga Freight
SO0001493,2023-08-24,2023-08-27,Ganga Freight
SO0001494,2023-08-24,2023-08-26,Ganga Freight
SO0001482,2023-08-24,2023-08-27,Deccan Express Logistics
SO0001495,2023-08-24,2023-08-27,Sahyadri Roadlines
SO0001496,2023-08-24,2023-08-27,Sahyadri Roadlines
SO0001497,2023-08-24,2023-08-26,Sahyadri Roadlines
SO0001484,2023-08-24,2023-08-26,Sahyadri Roadlines
SO0001485,2023-08-24,2023-08-27,Deccan Express Logistics
SO0001486,2023-08-24,2023-08-29,Deccan Express Logistics
SO0001500,2023-08-25,2023-08-30,Ganga Freight
SO0001501,2023-08-25,2023-08-29,Ganga Freight
SO0001512,2023-08-25,2023-08-28,Deccan Express Logistics
SO0001502,2023-08-25,2023-08-26,Ganga Freight
SO0001503,2023-08-25,2023-08-27,Ganga Freight
SO0001504,2023-08-25,2023-08-27,Ganga Freight
SO0001506,2023-08-25,2023-08-26,Sahyadri Roadlines
SO0001507,2023-08-25,2023-08-27,Sahyadri Roadlines
SO0001508,2023-08-25,2023-08-26,Deccan Express Logistics
SO0001509,2023-08-25,2023-08-26,Deccan Express Logistics
SO0001487,2023-08-25,2023-08-28,Sahyadri Roadlines
SO0001498,2023-08-25,2023-08-29,Sahyadri Roadlines
SO0001499,2023-08-25,2023-08-27,Deccan Express Logistics
SO0001510,2023-08-25,2023-08-28,Sahyadri Roadlines
SO0001511,2023-08-25,2023-08-27,Ganga Freight
SO0001513,2023-08-26,2023-08-29,Ganga Freight
SO0001514,2023-08-26,2023-08-28,Ganga Freight
SO0001515,2023-08-26,2023-08-31,Ganga Freight
SO0001516,2023-08-26,2023-08-31,Sahyadri Roadlines
SO0001517,2023-08-26,2023-08-29,Sahyadri Roadlines
SO0001505,2023-08-26,2023-08-29,Deccan Express Logistics
SO0001518,2023-08-26,2023-08-28,Deccan Express Logistics
SO0001519,2023-08-26,2023-08-30,Deccan Express Logistics
SO0001520,2023-08-26,2023-08-29,Ganga Freight
SO0001521,2023-08-26,2023-08-30,Ganga Freight
SO0001522,2023-08-26,2023-08-31,Deccan Express Logistics
SO0001523,2023-08-28,2023-08-30,Deccan Express Logistics
SO0001524,2023-08-28,2023-08-30,Ganga Freight
SO0001525,2023-08-28,2023-09-04,Deccan Express Logistics
SO0001526,2023-08-28,2023-08-31,Ganga Freight
SO0001533,2023-08-28,2023-09-01,Sahyadri Roadlines
SO0001527,2023-08-28,2023-08-29,Sahyadri Roadlines
SO0001528,2023-08-28,2023-08-30,Sahyadri Roadlines
SO0001529,2023-08-28,2023-08-29,Sahyadri Roadlines
SO0001530,2023-08-28,2023-08-30,Ganga Freight
SO0001531,2023-08-28,2023-09-01,Sahyadri Roadlines
SO0001532,2023-08-28,2023-09-05,Ganga Freight
SO0001534,2023-08-29,2023-08-30,Deccan Express Logistics
SO0001535,2023-08-29,2023-08-31,Deccan Express Logistics
SO0001536,2023-08-29,2023-09-03,Deccan Express Logistics
SO0001537,2023-08-29,2023-08-31,Ganga Freight
SO0001538,2023-08-29,2023-09-02,Deccan Express Logistics
SO0001539,2023-08-29,2023-09-01,Sahyadri Roadlines
SO0001540,2023-08-29,2023-08-30,Sahyadri Roadlines
SO0001541,2023-08-29,2023-09-01,Deccan Express Logistics
SO0001542,2023-08-29,2023-08-31,Deccan Express Logistics
SO0001543,2023-08-29,2023-09-02,Ganga Freight
SO0001544,2023-08-29,2023-09-04,Deccan Express Logistics
SO0001545,2023-08-30,2023-08-31,Ganga Freight
SO0001546,2023-08-30,2023-09-02,Deccan Express Logistics
SO0001547,2023-08-30,2023-09-05,Ganga Freight
SO0001548,2023-08-30,2023-08-31,Deccan Express Logistics
SO0001549,2023-08-30,2023-08-31,Deccan Express Logistics
SO0001550,2023-08-30,2023-09-02,Deccan Express Logistics
SO0001551,2023-08-30,2023-08-31,Ganga Freight
SO0001552,2023-08-30,2023-09-02,Sahyadri Roadlines
SO0001553,2023-08-30,2023-09-04,Ganga Freight
SO0001554,2023-08-30,2023-09-03,Ganga Freight
SO0001555,2023-08-30,2023-09-01,Ganga Freight
SO0001560,2023-08-31,2023-09-02,Ganga Freight
SO0001561,2023-08-31,2023-09-03,Ganga Freight
SO0001562,2023-08-31,2023-09-02,Ganga Freight
SO0001563,2023-08-31,2023-09-01,Ganga Freight
SO0001564,2023-08-31,2023-09-01,Sahyadri Roadlines
SO0001565,2023-08-31,2023-09-04,Ganga Freight
SO0001566,2023-08-31,2023-09-02,Ganga Freight
SO0001567,2023-08-31,2023-09-03,Ganga Freight
SO0001568,2023-08-31,2023-09-04,Deccan Express Logistics
SO0001569,2023-08-31,2023-09-02,Deccan Express Logistics
SO0001556,2023-08-31,2023-09-03,Sahyadri Roadlines
SO0001557,2023-08-31,2023-09-02,Ganga Freight
SO0001558,2023-08-31,2023-09-07,Sahyadri Roadlines
SO0001572,2023-09-01,2023-09-03,Deccan Express Logistics
SO0001573,2023-09-01,2023-09-04,Deccan Express Logistics
SO0001584,2023-09-01,2023-09-05,Sahyadri Roadlines
SO0001574,2023-09-01,2023-09-04,Ganga Freight
SO0001575,2023-09-01,2023-09-03,Sahyadri Roadlines
SO0001576,2023-09-01,2023-09-04,Deccan Express Logistics
SO0001577,2023-09-01,2023-09-03,Deccan Express Logistics
SO0001578,2023-09-01,2023-09-03,Deccan Express Logistics
SO0001579,2023-09-01,2023-09-02,Sahyadri Roadlines
SO0001580,2023-09-01,2023-09-03,Deccan Express Logistics
SO0001581,2023-09-01,2023-09-03,Ganga Freight
SO0001559,2023-09-01,2023-09-05,Deccan Express Logistics
SO0001570,2023-09-01,2023-09-04,Ganga Freight
SO0001571,2023-09-01,2023-09-03,Sahyadri Roadlines
SO0001582,2023-09-01,2023-09-02,Deccan Express Logistics
SO0001585,2023-09-02,2023-09-04,Ganga Freight
SO0001586,2023-09-02,2023-09-04,Sahyadri Roadlines
SO0001587,2023-09-02,2023-09-04,Deccan Express Logistics
SO0001588,2023-09-02,2023-09-07,Sahyadri Roadlines
SO0001589,2023-09-02,2023-09-05,Ganga Freight
SO0001590,2023-09-02,2023-09-05,Ganga Freight
SO0001591,2023-09-02,2023-09-07,Ganga Freight
SO0001592,2023-09-02,2023-09-06,Ganga Freight
SO0001583,2023-09-02,2023-09-03,Ganga Freight
SO0001593,2023-09-02,2023-09-07,Ganga Freight
SO0001594,2023-09-02,2023-09-04,Sahyadri Roadlines
SO0001595,2023-09-04,2023-09-06,Deccan Express Logistics
SO0001596,2023-09-04,2023-09-07,Deccan Express Logistics
SO0001597,2023-09-04,2023-09-07,Sahyadri Roadlines
SO0001598,2023-09-04,2023-09-07,Sahyadri Roadlines
SO0001605,2023-09-04,2023-09-07,Ganga Freight
SO0001599,2023-09-04,2023-09-07,Sahyadri Roadlines
SO0001600,2023-09-04,2023-09-08,Sahyadri Roadlines
SO0001601,2023-09-04,2023-09-08,Ganga Freight
SO0001602,2023-09-04,2023-09-06,Ganga Freight
SO0001603,2023-09-04,2023-09-07,Ganga Freight
SO0001604,2023-09-04,2023-09-12,Ganga Freight
SO0001606,2023-09-05,2023-09-08,Sahyadri Roadlines
SO0001607,2023-09-05,2023-09-09,Sahyadri Roadlines
SO0001608,2023-09-05,2023-09-07,Ganga Freight
SO0001609,2023-09-05,2023-09-07,Deccan Express Logistics
SO0001610,2023-09-05,2023-09-08,Sahyadri Roadlines
SO0001611,2023-09-05,2023-09-06,Deccan Express Logistics
SO0001612,2023-09-05,2023-09-06,Deccan Express Logistics
SO0001613,2023-09-05,2023-09-07,Sahyadri Roadlines
SO0001614,2023-09-05,2023-09-09,Sahyadri Roadlines
SO0001615,2023-09-05,2023-09-07,Ganga Freight
SO0001616,2023-09-05,2023-09-07,Sahyadri Roadlines
SO0001617,2023-09-06,2023-09-08,Sahyadri Roadlines
SO0001618,2023-09-06,2023-09-08,Ganga Freight
SO0001619,2023-09-06,2023-09-09,Deccan Express Logistics
SO0001620,2023-09-06,2023-09-08,Ganga Freight
SO0001621,2023-09-06,2023-09-08,Sahyadri Roadlines
SO0001622,2023-09-06,2023-09-08,Deccan Express Logistics
SO0001623,2023-09-06,2023-09-07,Sahyadri Roadlines
SO0001624,2023-09-06,2023-09-11,Deccan Express Logistics
SO0001625,2023-09-06,2023-09-08,Ganga Freight
SO0001627,2023-09-06,2023-09-09,Deccan Express Logistics
SO0001632,2023-09-07,2023-09-11,Sahyadri Roadlines
SO0001633,2023-09-07,2023-09-11,Ganga Freight
SO0001634,2023-09-07,2023-09-08,Sahyadri Roadlines
SO0001635,2023-09-07,2023-09-08,Sahyadri Roadlines
SO0001636,2023-09-07,2023-09-08,Deccan Express Logistics
SO0001637,2023-09-07,2023-09-10,Ganga Freight
SO0001638,2023-09-07,2023-09-11,Ganga Freight
SO0001626,2023-09-07,2023-09-10,Deccan Express Logistics
SO0001639,2023-09-07,2023-09-08,Sahyadri Roadlines
SO0001640,2023-09-07,2023-09-10,Deccan Express Logistics
SO0001641,2023-09-07,2023-09-12,Ganga Freight
SO0001628,2023-09-07,2023-09-12,Ganga Freight
SO0001629,2023-09-07,2023-09-10,Ganga Freight
SO0001630,2023-09-07,2023-09-11,Deccan Express Logistics
SO0001631,2023-09-07,2023-09-09,Deccan Express Logistics
SO0001644,2023-09-08,2023-09-10,Ganga Freight
SO0001645,2023-09-08,2023-09-12,Deccan Express Logistics
SO0001656,2023-09-08,2023-09-12,Ganga Freight
SO0001646,2023-09-08,2023-09-10,Deccan Express Logistics
SO0001647,2023-09-08,2023-09-09,Ganga Freight
SO0001648,2023-09-08,2023-09-10,Sahyadri Roadlines
SO0001649,2023-09-08,2023-09-11,Sahyadri Roadlines
SO0001650,2023-09-08,2023-09-10,Ganga Freight
SO0001651,2023-09-08,2023-09-10,Sahyadri Roadlines
SO0001652,2023-09-08,2023-09-10,Deccan Express Logistics
SO0001653,2023-09-08,2023-09-12,Sahyadri Roadlines
SO0001642,2023-09-08,2023-09-12,Sahyadri Roadlines
SO0001643,2023-09-08,2023-09-10,Deccan Express Logistics
SO0001654,2023-09-08,2023-09-11,Deccan Express Logistics
SO0001655,2023-09-08,2023-09-13,Ganga Freight
SO0001657,2023-09-09,2023-09-11,Sahyadri Roadlines
SO0001658,2023-09-09,2023-09-11,Sahyadri Roadlines
SO0001659,2023-09-09,2023-09-12,Sahyadri Roadlines
SO0001660,2023-09-09,2023-09-12,Deccan Express Logistics
SO0001661,2023-09-09,2023-09-13,Deccan Express Logistics
SO0001662,2023-09-09,2023-09-13,Sahyadri Roadlines
SO0001663,2023-09-09,2023-09-13,Deccan Express Logistics
SO0001664,2023-09-09,2023-09-12,Sahyadri Roadlines
SO0001665,2023-09-09,2023-09-13,Ganga Freight
SO0001666,2023-09-09,2023-09-13,Sahyadri Roadlines
SO0001667,2023-09-11,2023-09-15,Deccan Express Logistics
SO0001668,2023-09-11,2023-09-14,Deccan Express Logistics
SO0001669,2023-09-11,2023-09-17,Ganga Freight
SO0001670,2023-09-11,2023-09-14,Ganga Freight
SO0001677,2023-09-11,2023-09-13,Ganga Freight
SO0001671,2023-09-11,2023-09-14,Sahyadri Roadlines
SO0001672,2023-09-11,2023-09-17,Ganga Freight
SO0001673,2023-09-11,2023-09-13,Deccan Express Logistics
SO0001674,2023-09-11,2023-09-15,Deccan Express Logistics
SO0001675,2023-09-11,2023-09-17,Deccan Express Logistics
SO0001676,2023-09-11,2023-09-16,Deccan Express Logistics
SO0001678,2023-09-12,2023-09-13,Sahyadri Roadlines
SO0001679,2023-09-12,2023-09-14,Deccan Express Logistics
SO0001680,2023-09-12,2023-09-14,Sahyadri Roadlines
SO0001681,2023-09-12,2023-09-15,Sahyadri Roadlines
SO0001682,2023-09-12,2023-09-16,Deccan Express Logistics
SO0001683,2023-09-12,2023-09-14,Deccan Express Logistics
SO0001684,2023-09-12,2023-09-13,Sahyadri Roadlines
SO0001685,2023-09-12,2023-09-15,Sahyadri Roadlines
SO0001687,2023-09-12,2023-09-16,Deccan Express Logistics
SO0001688,2023-09-12,2023-09-18,Sahyadri Roadlines
SO0001689,2023-09-13,2023-09-14,Deccan Express Logistics
SO0001690,2023-09-13,2023-09-16,Deccan Express Logistics
SO0001691,2023-09-13,2023-09-16,Ganga Freight
SO0001692,2023-09-13,2023-09-15,Deccan Express Logistics
SO0001686,2023-09-13,2023-09-14,Ganga Freight
SO0001693,2023-09-13,2023-09-14,Sahyadri Roadlines
SO0001694,2023-09-13,2023-09-14,Sahyadri Roadlines
SO0001695,2023-09-13,2023-09-15,Sahyadri Roadlines
SO0001696,2023-09-13,2023-09-18,Ganga Freight
SO0001697,2023-09-13,2023-09-15,Sahyadri Roadlines
SO0001699,2023-09-13,2023-09-16,Sahyadri Roadlines
SO0001704,2023-09-14,2023-09-16,Ganga Freight
SO0001705,2023-09-14,2023-09-17,Ganga Freight
SO0001706,2023-09-14,2023-09-19,Sahyadri Roadlines
SO0001707,2023-09-14,2023-09-17,Sahyadri Roadlines
SO0001708,2023-09-14,2023-09-15,Deccan Express Logistics
SO0001709,2023-09-14,2023-09-16,Deccan Express Logistics
SO0001710,2023-09-14,2023-09-15,Sahyadri Roadlines
SO0001698,2023-09-14,2023-09-18,Ganga Freight
SO0001711,2023-09-14,2023-09-15,Sahyadri Roadlines
SO0001712,2023-09-14,2023-09-17,Deccan Express Logistics
SO0001713,2023-09-14,2023-09-17,Sahyadri Roadlines
SO0001700,2023-09-14,2023-09-20,Sahyadri Roadlines
SO0001701,2023-09-14,2023-09-15,Deccan Express Logistics
SO0001702,2023-09-14,2023-09-18,Deccan Express Logistics
SO0001716,2023-09-15,2023-09-17,Ganga Freight
SO0001717,2023-09-15,2023-09-18,Deccan Express Logistics
SO0001728,2023-09-15,2023-09-17,Deccan Express Logistics
SO0001718,2023-09-15,2023-09-17,Sahyadri Roadlines
SO0001719,2023-09-15,2023-09-17,Ganga Freight
SO0001720,2023-09-15,2023-09-17,Ganga Freight
SO0001721,2023-09-15,2023-09-18,Sahyadri Roadlines
SO0001722,2023-09-15,2023-09-17,Ganga Freight
SO0001723,2023-09-15,2023-09-16,Ganga Freight
SO0001724,2023-09-15,2023-09-17,Deccan Express Logistics
SO0001725,2023-09-15,2023-09-16,Ganga Freight
SO0001703,2023-09-15,2023-09-17,Ganga Freight
SO0001714,2023-09-15,2023-09-18,Sahyadri Roadlines
SO0001715,2023-09-15,2023-09-18,Deccan Express Logistics
SO0001726,2023-09-15,2023-09-16,Sahyadri Roadlines
SO0001727,2023-09-15,2023-09-19,Ganga Freight
SO0001729,2023-09-16,2023-09-19,Deccan Express Logistics
SO0001730,2023-09-16,2023-09-18,Ganga Freight
SO0001731,2023-09-16,2023-09-19,Ganga Freight
SO0001732,2023-09-16,2023-09-23,Ganga Freight
SO0001733,2023-09-16,2023-09-20,Sahyadri Roadlines
SO0001734,2023-09-16,2023-09-18,Sahyadri Roadlines
SO0001735,2023-09-16,2023-09-21,Ganga Freight
SO0001736,2023-09-16,2023-09-19,Ganga Freight
SO0001737,2023-09-16,2023-09-20,Ganga Freight
SO0001738,2023-09-16,2023-09-21,Sahyadri Roadlines
SO0001739,2023-09-18,2023-09-20,Sahyadri Roadlines
SO0001740,2023-09-18,2023-09-19,Deccan Express Logistics
SO0001741,2023-09-18,2023-09-23,Sahyadri Roadlines
SO0001742,2023-09-18,2023-09-20,Deccan Express Logistics
SO0001749,2023-09-18,2023-09-23,Ganga Freight
SO0001743,2023-09-18,2023-09-22,Ganga Freight
SO0001744,2023-09-18,2023-09-21,Deccan Express Logistics
SO0001745,2023-09-18,2023-09-21,Ganga Freight
SO0001746,2023-09-18,2023-09-21,Ganga Freight
SO0001747,2023-09-18,2023-09-21,Deccan Express Logistics
SO0001748,2023-09-18,2023-09-21,Deccan Express Logistics
SO0001750,2023-09-19,2023-09-22,Ganga Freight
SO0001751,2023-09-19,2023-09-22,Sahyadri Roadlines
SO0001752,2023-09-19,2023-09-20,Deccan Express Logistics
SO0001753,2023-09-19,2023-09-23,Sahyadri Roadlines
SO0001754,2023-09-19,2023-09-22,Deccan Express Logistics
SO0001755,2023-09-19,2023-09-21,Ganga Freight
SO0001756,2023-09-19,2023-09-21,Ganga Freight
SO0001757,2023-09-19,2023-09-22,Deccan Express Logistics
SO0001758,2023-09-19,2023-09-21,Deccan Express Logistics
SO0001759,2023-09-19,2023-09-22,Sahyadri Roadlines
SO0001760,2023-09-19,2023-09-23,Ganga Freight
SO0001761,2023-09-20,2023-09-23,Sahyadri Roadlines
SO0001762,2023-09-20,2023-09-23,Ganga Freight
SO0001763,2023-09-20,2023-09-24,Sahyadri Roadlines
SO0001764,2023-09-20,2023-09-21,Ganga Freight
SO0001765,2023-09-20,2023-09-22,Deccan Express Logistics
SO0001766,2023-09-20,2023-09-22,Ganga Freight
SO0001767,2023-09-20,2023-09-21,Ganga Freight
SO0001768,2023-09-20,2023-09-22,Deccan Express Logistics
SO0001769,2023-09-20,2023-09-25,Ganga Freight
SO0001771,2023-09-20,2023-09-22,Deccan Express Logistics
SO0001776,2023-09-21,2023-09-24,Sahyadri Roadlines
SO0001777,2023-09-21,2023-09-25,Sahyadri Roadlines
SO0001778,2023-09-21,2023-09-25,Sahyadri Roadlines
SO0001779,2023-09-21,2023-09-24,Deccan Express Logistics
SO0001780,2023-09-21,2023-09-22,Ganga Freight
SO0001781,2023-09-21,2023-09-25,Deccan Express Logistics
SO0001782,2023-09-21,2023-09-23,Ganga Freight
SO0001770,2023-09-21,2023-09-24,Sahyadri Roadlines
SO0001783,2023-09-21,2023-09-22,Deccan Express Logistics
SO0001784,2023-09-21,2023-09-23,Deccan Express Logistics
SO0001785,2023-09-21,2023-09-23,Deccan Express Logistics
SO0001772,2023-09-21,2023-09-23,Ganga Freight
SO0001773,2023-09-21,2023-09-25,Deccan Express Logistics
SO0001774,2023-09-21,2023-09-29,Ganga Freight
SO0001788,2023-09-22,2023-09-26,Ganga Freight
SO0001789,2023-09-22,2023-09-26,Ganga Freight
SO0001800,2023-09-22,2023-09-27,Ganga Freight
SO0001790,2023-09-22,2023-09-23,Deccan Express Logistics
SO0001791,2023-09-22,2023-09-24,Ganga Freight
SO0001792,2023-09-22,2023-09-26,Deccan Express Logistics
SO0001793,2023-09-22,2023-09-25,Sahyadri Roadlines
SO0001794,2023-09-22,2023-09-24,Ganga Freight
SO0001795,2023-09-22,2023-09-23,Sahyadri Roadlines
SO0001796,2023-09-22,2023-09-26,Deccan Express Logistics
SO0001797,2023-09-22,2023-09-24,Ganga Freight
SO0001775,2023-09-22,2023-09-26,Deccan Express Logistics
SO0001786,2023-09-22,2023-09-25,Deccan Express Logistics
SO0001787,2023-09-22,2023-09-24,Ganga Freight
SO0001798,2023-09-22,2023-09-24,Sahyadri Roadlines
SO0001801,2023-09-23,2023-09-26,Sahyadri Roadlines
SO0001802,2023-09-23,2023-09-29,Ganga Freight
SO0001803,2023-09-23,2023-09-26,Ganga Freight
SO0001804,2023-09-23,2023-09-29,Sahyadri Roadlines
SO0001805,2023-09-23,2023-09-27,Ganga Freight
SO0001806,2023-09-23,2023-09-27,Ganga Freight
SO0001807,2023-09-23,2023-09-27,Deccan Express Logistics
SO0001808,2023-09-23,2023-09-28,Ganga Freight
SO0001799,2023-09-23,2023-09-24,Sahyadri Roadlines
SO0001809,2023-09-23,2023-09-26,Sahyadri Roadlines
SO0001810,2023-09-23,2023-09-27,Deccan Express Logistics
SO0001811,2023-09-25,2023-09-27,Ganga Freight
SO0001812,2023-09-25,2023-09-27,Sahyadri Roadlines
SO0001813,2023-09-25,2023-09-28,Sahyadri Roadlines
SO0001814,2023-09-25,2023-09-28,Sahyadri Roadlines
SO0001821,2023-09-25,2023-09-29,Sahyadri Roadlines
SO0001815,2023-09-25,2023-09-26,Sahyadri Roadlines
SO0001816,2023-09-25,2023-09-28,Deccan Express Logistics
SO0001817,2023-09-25,2023-09-27,Deccan Express Logistics
SO0001818,2023-09-25,2023-09-27,Sahyadri Roadlines
SO0001819,2023-09-25,2023-09-29,Ganga Freight
SO0001820,2023-09-25,2023-09-29,Deccan Express Logistics
SO0001822,2023-09-26,2023-09-29,Sahyadri Roadlines
SO0001823,2023-09-26,2023-09-27,Deccan Express Logistics
SO0001824,2023-09-26,2023-09-28,Sahyadri Roadlines
SO0001825,2023-09-26,2023-09-30,Ganga Freight
SO0001826,2023-09-26,2023-09-28,Ganga Freight
SO0001827,2023-09-26,2023-09-27,Deccan Express Logistics
SO0001828,2023-09-26,2023-09-27,Sahyadri Roadlines
SO0001829,2023-09-26,2023-09-28,Deccan Express Logistics
SO0001830,2023-09-26,2023-09-27,Ganga Freight
SO0001831,2023-09-26,2023-09-28,Deccan Express Logistics
SO0001832,2023-09-26,2023-09-30,Sahyadri Roadlines
SO0001833,2023-09-27,2023-09-29,Ganga Freight
SO0001834,2023-09-27,2023-09-29,Ganga Freight
SO0001835,2023-09-27,2023-09-30,Sahyadri Roadlines
SO0001836,2023-09-27,2023-09-30,Ganga Freight
SO0001837,2023-09-27,2023-09-28,Deccan Express Logistics
SO0001838,2023-09-27,2023-09-28,Sahyadri Roadlines
SO0001839,2023-09-27,2023-09-28,Deccan Express Logistics
SO0001840,2023-09-27,2023-10-01,Ganga Freight
SO0001841,2023-09-27,2023-10-01,Ganga Freight
SO0001843,2023-09-27,2023-09-28,Ganga Freight
SO0001848,2023-09-28,2023-09-30,Sahyadri Roadlines
SO0001849,2023-09-28,2023-10-02,Deccan Express Logistics
SO0001850,2023-09-28,2023-09-30,Deccan Express Logistics
SO0001851,2023-09-28,2023-10-02,Ganga Freight
SO0001852,2023-09-28,2023-09-30,Deccan Express Logistics
SO0001853,2023-09-28,2023-10-01,Sahyadri Roadlines
SO0001854,2023-09-28,2023-09-30,Deccan Express Logistics
SO0001842,2023-09-28,2023-10-01,Deccan Express Logistics
SO0001855,2023-09-28,2023-09-29,Sahyadri Roadlines
SO0001856,2023-09-28,2023-09-29,Deccan Express Logistics
SO0001857,2023-09-28,2023-09-30,Deccan Express Logistics
SO0001844,2023-09-28,2023-10-02,Deccan Express Logistics
SO0001845,2023-09-28,2023-09-30,Ganga Freight
SO0001846,2023-09-28,2023-10-06,Sahyadri Roadlines
SO0001860,2023-09-29,2023-10-02,Ganga Freight
SO0001861,2023-09-29,2023-10-03,Deccan Express Logistics
SO0001872,2023-09-29,2023-10-02,Deccan Express Logistics
SO0001862,2023-09-29,2023-09-30,Sahyadri Roadlines
SO0001863,2023-09-29,2023-09-30,Sahyadri Roadlines
SO0001864,2023-09-29,2023-10-02,Deccan Express Logistics
SO0001866,2023-09-29,2023-10-02,Ganga Freight
SO0001867,2023-09-29,2023-09-30,Ganga Freight
SO0001868,2023-09-29,2023-10-01,Ganga Freight
SO0001869,2023-09-29,2023-10-01,Sahyadri Roadlines
SO0001847,2023-09-29,2023-10-01,Deccan Express Logistics
SO0001858,2023-09-29,2023-10-02,Deccan Express Logistics
SO0001859,2023-09-29,2023-10-01,Sahyadri Roadlines
SO0001870,2023-09-29,2023-10-01,Deccan Express Logistics
SO0001871,2023-09-29,2023-10-01,Deccan Express Logistics
SO0001873,2023-09-30,2023-10-02,Sahyadri Roadlines
SO0001874,2023-09-30,2023-10-03,Sahyadri Roadlines
SO0001875,2023-09-30,2023-10-02,Ganga Freight
SO0001876,2023-09-30,2023-10-04,Sahyadri Roadlines
SO0001877,2023-09-30,2023-10-03,Deccan Express Logistics
SO0001865,2023-09-30,2023-10-03,Deccan Express Logistics
SO0001878,2023-09-30,2023-10-02,Sahyadri Roadlines
SO0001879,2023-09-30,2023-10-03,Ganga Freight
SO0001880,2023-09-30,2023-10-04,Deccan Express Logistics
SO0001881,2023-09-30,2023-10-04,Deccan Express Logistics
SO0001882,2023-09-30,2023-10-05,Sahyadri Roadlines
SO0001883,2023-10-02,2023-10-05,Ganga Freight
SO0001884,2023-10-02,2023-10-04,Ganga Freight
SO0001885,2023-10-02,2023-10-05,Ganga Freight
SO0001886,2023-10-02,2023-10-04,Ganga Freight
SO0001893,2023-10-02,2023-10-05,Sahyadri Roadlines
SO0001887,2023-10-02,2023-10-04,Deccan Express Logistics
SO0001888,2023-10-02,2023-10-04,Deccan Express Logistics
SO0001889,2023-10-02,2023-10-03,Ganga Freight
SO0001890,2023-10-02,2023-10-04,Sahyadri Roadlines
SO0001891,2023-10-02,2023-10-04,Ganga Freight
SO0001892,2023-10-02,2023-10-04,Ganga Freight
SO0001894,2023-10-03,2023-10-04,Sahyadri Roadlines
SO0001895,2023-10-03,2023-10-05,Deccan Express Logistics
SO0001896,2023-10-03,2023-10-04,Ganga Freight
SO0001897,2023-10-03,2023-10-05,Deccan Express Logistics
SO0001898,2023-10-03,2023-10-06,Deccan Express Logistics
SO0001899,2023-10-03,2023-10-05,Ganga Freight
SO0001900,2023-10-03,2023-10-06,Ganga Freight
SO0001901,2023-10-03,2023-10-05,Deccan Express Logistics
SO0001903,2023-10-03,2023-10-05,Deccan Express Logistics
SO0001904,2023-10-03,2023-10-06,Ganga Freight
SO0001905,2023-10-04,2023-10-05,Deccan Express Logistics
SO0001906,2023-10-04,2023-10-07,Ganga Freight
SO0001907,2023-10-04,2023-10-07,Ganga Freight
SO0001908,2023-10-04,2023-10-06,Ganga Freight
SO0001902,2023-10-04,2023-10-05,Sahyadri Roadlines
SO0001909,2023-10-04,2023-10-06,Ganga Freight
SO0001910,2023-10-04,2023-10-05,Deccan Express Logistics
SO0001911,2023-10-04,2023-10-06,Ganga Freight
SO0001912,2023-10-04,2023-10-07,Ganga Freight
SO0001913,2023-10-04,2023-10-05,Sahyadri Roadlines
SO0001915,2023-10-04,2023-10-06,Ganga Freight
SO0001920,2023-10-05,2023-10-07,Deccan Express Logistics
SO0001921,2023-10-05,2023-10-08,Ganga Freight
SO0001922,2023-10-05,2023-10-06,Deccan Express Logistics
SO0001923,2023-10-05,2023-10-06,Deccan Express Logistics
SO0001924,2023-10-05,2023-10-06,Sahyadri Roadlines
SO0001925,2023-10-05,2023-10-08,Deccan Express Logistics
SO0001926,2023-10-05,2023-10-07,Ganga Freight
SO0001914,2023-10-05,2023-10-09,Ganga Freight
SO0001927,2023-10-05,2023-10-06,Ganga Freight
SO0001928,2023-10-05,2023-10-06,Sahyadri Roadlines
SO0001929,2023-10-05,2023-10-08,Sahyadri Roadlines
SO0001916,2023-10-05,2023-10-07,Sahyadri Roadlines
SO0001917,2023-10-05,2023-10-06,Ganga Freight
SO0001918,2023-10-05,2023-10-07,Ganga Freight
SO0001919,2023-10-05,2023-10-10,Deccan Express Logistics
SO0001932,2023-10-06,2023-10-07,Ganga Freight
SO0001933,2023-10-06,2023-10-09,Ganga Freight
SO0001944,2023-10-06,2023-10-08,Ganga Freight
SO0001934,2023-10-06,2023-10-07,Deccan Express Logistics
SO0001935,2023-10-06,2023-10-07,Sahyadri Roadlines
SO0001936,2023-10-06,2023-10-08,Deccan Express Logistics
SO0001937,2023-10-06,2023-10-09,Deccan Express Logistics
SO0001938,2023-10-06,2023-10-07,Sahyadri Roadlines
SO0001939,2023-10-06,2023-10-07,Ganga Freight
SO0001940,2023-10-06,2023-10-07,Sahyadri Roadlines
SO0001941,2023-10-06,2023-10-07,Ganga Freight
SO0001930,2023-10-06,2023-10-09,Sahyadri Roadlines
SO0001931,2023-10-06,2023-10-09,Sahyadri Roadlines
SO0001942,2023-10-06,2023-10-07,Deccan Express Logistics
SO0001943,2023-10-06,2023-10-07,Deccan Express Logistics
SO0001945,2023-10-07,2023-10-09,Ganga Freight
SO0001946,2023-10-07,2023-10-09,Sahyadri Roadlines
SO0001947,2023-10-07,2023-10-09,Sahyadri Roadlines
SO0001948,2023-10-07,2023-10-10,Sahyadri Roadlines
SO0001949,2023-10-07,2023-10-12,Ganga Freight
SO0001950,2023-10-07,2023-10-09,Sahyadri Roadlines
SO0001951,2023-10-07,2023-10-10,Ganga Freight
SO0001952,2023-10-07,2023-10-09,Ganga Freight
SO0001953,2023-10-07,2023-10-10,Sahyadri Roadlines
SO0001954,2023-10-07,2023-10-09,Deccan Express Logistics
SO0001955,2023-10-09,2023-10-11,Deccan Express Logistics
SO0001956,2023-10-09,2023-10-11,Ganga Freight
SO0001957,2023-10-09,2023-10-12,Ganga Freight
SO0001958,2023-10-09,2023-10-11,Ganga Freight
SO0001965,2023-10-09,2023-10-11,Ganga Freight
SO0001959,2023-10-09,2023-10-12,Sahyadri Roadlines
SO0001960,2023-10-09,2023-10-10,Deccan Express Logistics
SO0001961,2023-10-09,2023-10-11,Deccan Express Logistics
SO0001962,2023-10-09,2023-10-11,Sahyadri Roadlines
SO0001963,2023-10-09,2023-10-11,Deccan Express Logistics
SO0001964,2023-10-09,2023-10-11,Sahyadri Roadlines
SO0001966,2023-10-10,2023-10-12,Deccan Express Logistics
SO0001967,2023-10-10,2023-10-11,Ganga Freight
SO0001968,2023-10-10,2023-10-12,Deccan Express Logistics
SO0001969,2023-10-10,2023-10-12,Sahyadri Roadlines
SO0001970,2023-10-10,2023-10-13,Sahyadri Roadlines
SO0001971,2023-10-10,2023-10-12,Deccan Express Logistics
SO0001972,2023-10-10,2023-10-11,Ganga Freight
SO0001973,2023-10-10,2023-10-14,Ganga Freight
SO0001974,2023-10-10,2023-10-12,Deccan Express Logistics
SO0001975,2023-10-10,2023-10-12,Ganga Freight
SO0001976,2023-10-10,2023-10-13,Ganga Freight
SO0001977,2023-10-11,2023-10-12,Deccan Express Logistics
SO0001978,2023-10-11,2023-10-14,Ganga Freight
SO0001979,2023-10-11,2023-10-14,Sahyadri Roadlines
SO0001980,2023-10-11,2023-10-12,Sahyadri Roadlines
SO0001981,2023-10-11,2023-10-13,Sahyadri Roadlines
SO0001982,2023-10-11,2023-10-12,Ganga Freight
SO0001983,2023-10-11,2023-10-12,Sahyadri Roadlines
SO0001984,2023-10-11,2023-10-14,Deccan Express Logistics
SO0001985,2023-10-11,2023-10-12,Sahyadri Roadlines
SO0001986,2023-10-11,2023-10-13,Ganga Freight
SO0001987,2023-10-11,2023-10-12,Ganga Freight
SO0001992,2023-10-12,2023-10-14,Ganga Freight
SO0001993,2023-10-12,2023-10-16,Sahyadri Roadlines
SO0001994,2023-10-12,2023-10-14,Ganga Freight
SO0001995,2023-10-12,2023-10-14,Deccan Express Logistics
SO0001996,2023-10-12,2023-10-13,Sahyadri Roadlines
SO0001997,2023-10-12,2023-10-14,Ganga Freight
SO0001998,2023-10-12,2023-10-13,Ganga Freight
SO0001999,2023-10-12,2023-10-14,Deccan Express Logistics
SO0002000,2023-10-12,2023-10-13,Sahyadri Roadlines
SO0002001,2023-10-12,2023-10-14,Ganga Freight
SO0001988,2023-10-12,2023-10-14,Deccan Express Logistics
SO0001989,2023-10-12,2023-10-14,Sahyadri Roadlines
SO0001990,2023-10-12,2023-10-15,Deccan Express Logistics
SO0002004,2023-10-13,2023-10-14,Deccan Express Logistics
SO0002005,2023-10-13,2023-10-16,Deccan Express Logistics
SO0002016,2023-10-13,2023-10-16,Deccan Express Logistics
SO0002006,2023-10-13,2023-10-14,Deccan Express Logistics
SO0002007,2023-10-13,2023-10-15,Sahyadri Roadlines
SO0002008,2023-10-13,2023-10-14,Deccan Express Logistics
SO0002010,2023-10-13,2023-10-16,Ganga Freight
SO0002011,2023-10-13,2023-10-14,Sahyadri Roadlines
SO0002012,2023-10-13,2023-10-14,Deccan Express Logistics
SO0002013,2023-10-13,2023-10-14,Ganga Freight
SO0001991,2023-10-13,2023-10-16,Sahyadri Roadlines
SO0002002,2023-10-13,2023-10-15,Sahyadri Roadlines
SO0002003,2023-10-13,2023-10-18,Sahyadri Roadlines
SO0002014,2023-10-13,2023-10-14,Deccan Express Logistics
SO0002015,2023-10-13,2023-10-14,Sahyadri Roadlines
SO0002017,2023-10-14,2023-10-16,Sahyadri Roadlines
SO0002018,2023-10-14,2023-10-17,Ganga Freight
SO0002019,2023-10-14,2023-10-16,Sahyadri Roadlines
SO0002020,2023-10-14,2023-10-17,Sahyadri Roadlines
SO0002021,2023-10-14,2023-10-18,Deccan Express Logistics
SO0002009,2023-10-14,2023-10-17,Deccan Express Logistics
SO0002022,2023-10-14,2023-10-17,Sahyadri Roadlines
SO0002023,2023-10-14,2023-10-16,Deccan Express Logistics
SO0002024,2023-10-14,2023-10-16,Ganga Freight
SO0002025,2023-10-14,2023-10-18,Ganga Freight
SO0002026,2023-10-14,2023-10-16,Sahyadri Roadlines
SO0002027,2023-10-16,2023-10-18,Ganga Freight
SO0002028,2023-10-16,2023-10-20,Sahyadri Roadlines
SO0002029,2023-10-16,2023-10-20,Deccan Express Logistics
SO0002030,2023-10-16,2023-10-18,Deccan Express Logistics
SO0002037,2023-10-16,2023-10-18,Deccan Express Logistics
SO0002031,2023-10-16,2023-10-17,Deccan Express Logistics
SO0002032,2023-10-16,2023-10-17,Ganga Freight
SO0002033,2023-10-16,2023-10-17,Ganga Freight
SO0002034,2023-10-16,2023-10-18,Sahyadri Roadlines
SO0002035,2023-10-16,2023-10-18,Deccan Express Logistics
SO0002036,2023-10-16,2023-10-18,Ganga Freight
SO0002038,2023-10-17,2023-10-18,Deccan Express Logistics
SO0002039,2023-10-17,2023-10-18,Ganga Freight
SO0002040,2023-10-17,2023-10-20,Ganga Freight
SO0002041,2023-10-17,2023-10-20,Ganga Freight
SO0002042,2023-10-17,2023-10-19,Deccan Express Logistics
SO0002043,2023-10-17,2023-10-18,Sahyadri Roadlines
SO0002044,2023-10-17,2023-10-19,Ganga Freight
SO0002045,2023-10-17,2023-10-19,Sahyadri Roadlines
SO0002047,2023-10-17,2023-10-19,Sahyadri Roadlines
SO0002048,2023-10-17,2023-10-20,Sahyadri Roadlines
SO0002049,2023-10-18,2023-10-19,Sahyadri Roadlines
SO0002050,2023-10-18,2023-10-22,Deccan Express Logistics
SO0002051,2023-10-18,2023-10-21,Deccan Express Logistics
SO0002052,2023-10-18,2023-10-19,Deccan Express Logistics
SO0002046,2023-10-18,2023-10-19,Ganga Freight
SO0002053,2023-10-18,2023-10-19,Ganga Freight
SO0002054,2023-10-18,2023-10-19,Ganga Freight
SO0002055,2023-10-18,2023-10-20,Ganga Freight
SO0002056,2023-10-18,2023-10-20,Sahyadri Roadlines
SO0002059,2023-10-18,2023-10-19,Deccan Express Logistics
SO0002064,2023-10-19,2023-10-22,Deccan Express Logistics
SO0002065,2023-10-19,2023-10-22,Ganga Freight
SO0002066,2023-10-19,2023-10-20,Ganga Freight
SO0002067,2023-10-19,2023-10-20,Ganga Freight
SO0002068,2023-10-19,2023-10-21,Ganga Freight
SO0002069,2023-10-19,2023-10-21,Deccan Express Logistics
SO0002070,2023-10-19,2023-10-20,Ganga Freight
SO0002057,2023-10-19,2023-10-21,Deccan Express Logistics
SO0002058,2023-10-19,2023-10-21,Sahyadri Roadlines
SO0002071,2023-10-19,2023-10-21,Sahyadri Roadlines
SO0002072,2023-10-19,2023-10-20,Ganga Freight
SO0002073,2023-10-19,2023-10-21,Ganga Freight
SO0002060,2023-10-19,2023-10-21,Deccan Express Logistics
SO0002061,2023-10-19,2023-10-20,Deccan Express Logistics
SO0002062,2023-10-19,2023-10-22,Sahyadri Roadlines
SO0002076,2023-10-20,2023-10-21,Deccan Express Logistics
SO0002077,2023-10-20,2023-10-23,Sahyadri Roadlines
SO0002088,2023-10-20,2023-10-23,Ganga Freight
SO0002078,2023-10-20,2023-10-21,Ganga Freight
SO0002079,2023-10-20,2023-10-21,Ganga Freight
SO0002080,2023-10-20,2023-10-22,Ganga Freight
SO0002082,2023-10-20,2023-10-21,Ganga Freight
SO0002083,2023-10-20,2023-10-21,Deccan Express Logistics
SO0002084,2023-10-20,2023-10-21,Ganga Freight
SO0002085,2023-10-20,2023-10-23,Deccan Express Logistics
SO0002063,2023-10-20,2023-10-23,Sahyadri Roadlines
SO0002074,2023-10-20,2023-10-22,Sahyadri Roadlines
SO0002075,2023-10-20,2023-10-22,Ganga Freight
SO0002086,2023-10-20,2023-10-21,Sahyadri Roadlines
SO0002089,2023-10-21,2023-10-24,Ganga Freight
SO0002090,2023-10-21,2023-10-24,Ganga Freight
SO0002091,2023-10-21,2023-10-23,Ganga Freight
SO0002092,2023-10-21,2023-10-27,Ganga Freight
SO0002093,2023-10-21,2023-10-25,Deccan Express Logistics
SO0002081,2023-10-21,2023-10-24,Deccan Express Logistics
SO0002094,2023-10-21,2023-10-23,Deccan Express Logistics
SO0002095,2023-10-21,2023-10-24,Sahyadri Roadlines
SO0002096,2023-10-21,2023-10-23,Sahyadri Roadlines
SO0002087,2023-10-21,2023-10-23,Ganga Freight
SO0002097,2023-10-21,2023-10-24,Deccan Express Logistics
SO0002098,2023-10-21,2023-10-24,Deccan Express Logistics
SO0002099,2023-10-23,2023-10-25,Deccan Express Logistics
SO0002100,2023-10-23,2023-10-24,Ganga Freight
SO0002101,2023-10-23,2023-10-28,Ganga Freight
SO0002102,2023-10-23,2023-10-25,Ganga Freight
SO0002109,2023-10-23,2023-10-26,Deccan Express Logistics
SO0002103,2023-10-23,2023-10-24,Sahyadri Roadlines
SO0002104,2023-10-23,2023-10-24,Ganga Freight
SO0002105,2023-10-23,2023-10-25,Sahyadri Roadlines
SO0002106,2023-10-23,2023-10-27,Ganga Freight
SO0002107,2023-10-23,2023-10-25,Ganga Freight
SO0002108,2023-10-23,2023-10-27,Ganga Freight
SO0002110,2023-10-24,2023-10-25,Ganga Freight
SO0002111,2023-10-24,2023-10-26,Ganga Freight
SO0002112,2023-10-24,2023-10-25,Sahyadri Roadlines
SO0002113,2023-10-24,2023-10-26,Sahyadri Roadlines
SO0002114,2023-10-24,2023-10-27,Deccan Express Logistics
SO0002115,2023-10-24,2023-10-25,Sahyadri Roadlines
SO0002116,2023-10-24,2023-10-25,Ganga Freight
SO0002119,2023-10-24,2023-10-26,Sahyadri Roadlines
SO0002120,2023-10-24,2023-10-27,Ganga Freight
SO0002121,2023-10-25,2023-10-27,Sahyadri Roadlines
SO0002122,2023-10-25,2023-10-27,Sahyadri Roadlines
SO0002123,2023-10-25,2023-10-28,Deccan Express Logistics
SO0002124,2023-10-25,2023-10-26,Deccan Express Logistics
SO0002117,2023-10-25,2023-10-27,Deccan Express Logistics
SO0002118,2023-10-25,2023-10-26,Ganga Freight
SO0002125,2023-10-25,2023-10-26,Deccan Express Logistics
SO0002126,2023-10-25,2023-10-26,Deccan Express Logistics
SO0002131,2023-10-25,2023-10-26,Deccan Express Logistics
SO0002136,2023-10-26,2023-10-31,Deccan Express Logistics
SO0002137,2023-10-26,2023-10-30,Deccan Express Logistics
SO0002138,2023-10-26,2023-10-27,Sahyadri Roadlines
SO0002139,2023-10-26,2023-10-27,Sahyadri Roadlines
SO0002140,2023-10-26,2023-10-27,Deccan Express Logistics
SO0002141,2023-10-26,2023-10-28,Deccan Express Logistics
SO0002142,2023-10-26,2023-10-28,Deccan Express Logistics
SO0002127,2023-10-26,2023-10-27,Deccan Express Logistics
SO0002128,2023-10-26,2023-10-28,Deccan Express Logistics
SO0002129,2023-10-26,2023-10-27,Ganga Freight
SO0002130,2023-10-26,2023-10-29,Sahyadri Roadlines
SO0002143,2023-10-26,2023-10-27,Deccan Express Logistics
SO0002132,2023-10-26,2023-10-29,Deccan Express Logistics
SO0002133,2023-10-26,2023-10-27,Sahyadri Roadlines
SO0002134,2023-10-26,2023-10-28,Ganga Freight
SO0002148,2023-10-27,2023-10-29,Sahyadri Roadlines
SO0002149,2023-10-27,2023-10-30,Deccan Express Logistics
SO0002160,2023-10-27,2023-10-29,Ganga Freight
SO0002150,2023-10-27,2023-10-28,Sahyadri Roadlines
SO0002151,2023-10-27,2023-10-28,Deccan Express Logistics
SO0002152,2023-10-27,2023-10-29,Ganga Freight
SO0002144,2023-10-27,2023-10-28,Deccan Express Logistics
SO0002145,2023-10-27,2023-10-30,Sahyadri Roadlines
SO0002154,2023-10-27,2023-10-28,Deccan Express Logistics
SO0002155,2023-10-27,2023-10-28,Deccan Express Logistics
SO0002156,2023-10-27,2023-10-28,Deccan Express Logistics
SO0002157,2023-10-27,2023-10-28,Sahyadri Roadlines
SO0002135,2023-10-27,2023-10-31,Sahyadri Roadlines
SO0002146,2023-10-27,2023-10-29,Ganga Freight
SO0002147,2023-10-27,2023-10-29,Sahyadri Roadlines
SO0002161,2023-10-28,2023-10-30,Sahyadri Roadlines
SO0002162,2023-10-28,2023-10-30,Ganga Freight
SO0002163,2023-10-28,2023-10-30,Sahyadri Roadlines
SO0002164,2023-10-28,2023-11-01,Ganga Freight
SO0002165,2023-10-28,2023-10-31,Deccan Express Logistics
SO0002153,2023-10-28,2023-10-30,Deccan Express Logistics
SO0002166,2023-10-28,2023-10-31,Ganga Freight
SO0002167,2023-10-28,2023-10-30,Deccan Express Logistics
SO0002168,2023-10-28,2023-10-31,Deccan Express Logistics
SO0002158,2023-10-28,2023-10-29,Ganga Freight
SO0002159,2023-10-28,2023-10-29,Sahyadri Roadlines
SO0002169,2023-10-28,2023-10-30,Deccan Express Logistics
SO0002171,2023-10-30,2023-11-01,Deccan Express Logistics
SO0002172,2023-10-30,2023-10-31,Sahyadri Roadlines
SO0002173,2023-10-30,2023-11-03,Ganga Freight
SO0002174,2023-10-30,2023-11-01,Deccan Express Logistics
SO0002181,2023-10-30,2023-11-01,Sahyadri Roadlines
SO0002175,2023-10-30,2023-10-31,Deccan Express Logistics
SO0002176,2023-10-30,2023-10-31,Sahyadri Roadlines
SO0002177,2023-10-30,2023-11-01,Sahyadri Roadlines
SO0002178,2023-10-30,2023-11-02,Sahyadri Roadlines
SO0002179,2023-10-30,2023-11-01,Sahyadri Roadlines
SO0002170,2023-10-30,2023-11-02,Deccan Express Logistics
SO0002180,2023-10-30,2023-11-01,Deccan Express Logistics
SO0002182,2023-10-31,2023-11-01,Deccan Express Logistics
SO0002183,2023-10-31,2023-11-01,Sahyadri Roadlines
SO0002184,2023-10-31,2023-11-01,Sahyadri Roadlines
SO0002185,2023-10-31,2023-11-02,Ganga Freight
SO0002186,2023-10-31,2023-11-03,Sahyadri Roadlines
SO0002187,2023-10-31,2023-11-01,Sahyadri Roadlines
SO0002188,2023-10-31,2023-11-01,Deccan Express Logistics
SO0002189,2023-10-31,2023-11-02,Ganga Freight
SO0002191,2023-10-31,2023-11-02,Deccan Express Logistics
SO0002192,2023-10-31,2023-11-03,Sahyadri Roadlines
SO0002193,2023-11-01,2023-11-03,Ganga Freight
SO0002194,2023-11-01,2023-11-04,Ganga Freight
SO0002195,2023-11-01,2023-11-04,Deccan Express Logistics
SO0002196,2023-11-01,2023-11-02,Ganga Freight
SO0002190,2023-11-01,2023-11-02,Deccan Express Logistics
SO0002197,2023-11-01,2023-11-03,Ganga Freight
SO0002198,2023-11-01,2023-11-03,Deccan Express Logistics
SO0002199,2023-11-01,2023-11-03,Deccan Express Logistics
SO0002200,2023-11-01,2023-11-03,Sahyadri Roadlines
SO0002203,2023-11-01,2023-11-02,Ganga Freight
SO0002208,2023-11-02,2023-11-04,Ganga Freight
SO0002209,2023-11-02,2023-11-05,Deccan Express Logistics
SO0002210,2023-11-02,2023-11-03,Ganga Freight
SO0002211,2023-11-02,2023-11-04,Sahyadri Roadlines
SO0002212,2023-11-02,2023-11-04,Sahyadri Roadlines
SO0002213,2023-11-02,2023-11-05,Ganga Freight
SO0002214,2023-11-02,2023-11-03,Deccan Express Logistics
SO0002201,2023-11-02,2023-11-03,Deccan Express Logistics
SO0002202,2023-11-02,2023-11-04,Ganga Freight
SO0002215,2023-11-02,2023-11-03,Ganga Freight
SO0002216,2023-11-02,2023-11-03,Sahyadri Roadlines
SO0002217,2023-11-02,2023-11-04,Ganga Freight
SO0002204,2023-11-02,2023-11-04,Deccan Express Logistics
SO0002205,2023-11-02,2023-11-03,Sahyadri Roadlines
SO0002206,2023-11-02,2023-11-05,Deccan Express Logistics
SO0002220,2023-11-03,2023-11-04,Ganga Freight
SO0002221,2023-11-03,2023-11-06,Ganga Freight
SO0002232,2023-11-03,2023-11-06,Deccan Express Logistics
SO0002222,2023-11-03,2023-11-06,Sahyadri Roadlines
SO0002223,2023-11-03,2023-11-04,Ganga Freight
SO0002226,2023-11-03,2023-11-06,Sahyadri Roadlines
SO0002227,2023-11-03,2023-11-04,Sahyadri Roadlines
SO0002228,2023-11-03,2023-11-05,Deccan Express Logistics
SO0002229,2023-11-03,2023-11-04,Sahyadri Roadlines
SO0002207,2023-11-03,2023-11-05,Sahyadri Roadlines
SO0002218,2023-11-03,2023-11-05,Ganga Freight
SO0002219,2023-11-03,2023-11-05,Ganga Freight
SO0002233,2023-11-04,2023-11-06,Sahyadri Roadlines
SO0002234,2023-11-04,2023-11-08,Sahyadri Roadlines
SO0002235,2023-11-04,2023-11-07,Deccan Express Logistics
SO0002236,2023-11-04,2023-11-07,Sahyadri Roadlines
SO0002237,2023-11-04,2023-11-07,Sahyadri Roadlines
SO0002224,2023-11-04,2023-11-05,Ganga Freight
SO0002225,2023-11-04,2023-11-06,Ganga Freight
SO0002238,2023-11-04,2023-11-06,Deccan Express Logistics
SO0002239,2023-11-04,2023-11-06,Deccan Express Logistics
SO0002240,2023-11-04,2023-11-06,Ganga Freight
SO0002230,2023-11-04,2023-11-06,Deccan Express Logistics
SO0002231,2023-11-04,2023-11-06,Sahyadri Roadlines
SO0002243,2023-11-06,2023-11-09,Deccan Express Logistics
SO0002244,2023-11-06,2023-11-07,Deccan Express Logistics
SO0002245,2023-11-06,2023-11-09,Sahyadri Roadlines
SO0002246,2023-11-06,2023-11-08,Deccan Express Logistics
SO0002253,2023-11-06,2023-11-08,Deccan Express Logistics
SO0002247,2023-11-06,2023-11-07,Sahyadri Roadlines
SO0002248,2023-11-06,2023-11-07,Ganga Freight
SO0002249,2023-11-06,2023-11-08,Sahyadri Roadlines
SO0002250,2023-11-06,2023-11-08,Ganga Freight
SO0002251,2023-11-06,2023-11-08,Deccan Express Logistics
SO0002241,2023-11-06,2023-11-08,Deccan Express Logistics
SO0002242,2023-11-06,2023-11-09,Deccan Express Logistics
SO0002254,2023-11-07,2023-11-09,Ganga Freight
SO0002255,2023-11-07,2023-11-08,Ganga Freight
SO0002256,2023-11-07,2023-11-09,Deccan Express Logistics
SO0002257,2023-11-07,2023-11-09,Ganga Freight
SO0002258,2023-11-07,2023-11-09,Ganga Freight
SO0002259,2023-11-07,2023-11-08,Deccan Express Logistics
SO0002260,2023-11-07,2023-11-08,Deccan Express Logistics
SO0002261,2023-11-07,2023-11-10,Sahyadri Roadlines
SO0002252,2023-11-07,2023-11-09,Deccan Express Logistics
SO0002263,2023-11-07,2023-11-10,Ganga Freight
SO0002265,2023-11-08,2023-11-09,Ganga Freight
SO0002266,2023-11-08,2023-11-11,Deccan Express Logistics
SO0002267,2023-11-08,2023-11-12,Deccan Express Logistics
SO0002268,2023-11-08,2023-11-09,Sahyadri Roadlines
SO0002262,2023-11-08,2023-11-09,Ganga Freight
SO0002269,2023-11-08,2023-11-09,Ganga Freight
SO0002270,2023-11-08,2023-11-09,Deccan Express Logistics
SO0002271,2023-11-08,2023-11-10,Deccan Express Logistics
SO0002264,2023-11-08,2023-11-11,Ganga Freight
SO0002280,2023-11-09,2023-11-11,Deccan Express Logistics
SO0002281,2023-11-09,2023-11-12,Ganga Freight
SO0002282,2023-11-09,2023-11-10,Ganga Freight
SO0002283,2023-11-09,2023-11-10,Sahyadri Roadlines
SO0002284,2023-11-09,2023-11-11,Sahyadri Roadlines
SO0002272,2023-11-09,2023-11-11,Sahyadri Roadlines
SO0002273,2023-11-09,2023-11-10,Sahyadri Roadlines
SO0002274,2023-11-09,2023-11-12,Ganga Freight
SO0002287,2023-11-09,2023-11-12,Sahyadri Roadlines
SO0002288,2023-11-09,2023-11-10,Sahyadri Roadlines
SO0002275,2023-11-09,2023-11-12,Deccan Express Logistics
SO0002292,2023-11-10,2023-11-12,Ganga Freight
SO0002293,2023-11-10,2023-11-13,Ganga Freight
SO0002304,2023-11-10,2023-11-12,Ganga Freight
SO0002285,2023-11-10,2023-11-13,Sahyadri Roadlines
SO0002286,2023-11-10,2023-11-11,Ganga Freight
SO0002294,2023-11-10,2023-11-12,Sahyadri Roadlines
SO0002289,2023-11-10,2023-11-13,Deccan Express Logistics
SO0002298,2023-11-10,2023-11-12,Sahyadri Roadlines
SO0002299,2023-11-10,2023-11-11,Ganga Freight
SO0002300,2023-11-10,2023-11-11,Sahyadri Roadlines
SO0002301,2023-11-10,2023-11-11,Sahyadri Roadlines
SO0002276,2023-11-10,2023-11-12,Ganga Freight
SO0002277,2023-11-10,2023-11-11,Sahyadri Roadlines
SO0002305,2023-11-11,2023-11-14,Ganga Freight
SO0002306,2023-11-11,2023-11-14,Deccan Express Logistics
SO0002307,2023-11-11,2023-11-13,Deccan Express Logistics
SO0002295,2023-11-11,2023-11-12,Ganga Freight
SO0002296,2023-11-11,2023-11-12,Sahyadri Roadlines
SO0002297,2023-11-11,2023-11-14,Deccan Express Logistics
SO0002312,2023-11-11,2023-11-13,Ganga Freight
SO0002278,2023-11-11,2023-11-13,Deccan Express Logistics
SO0002279,2023-11-11,2023-11-13,Ganga Freight
SO0002290,2023-11-11,2023-11-14,Deccan Express Logistics
SO0002291,2023-11-11,2023-11-13,Ganga Freight
SO0002308,2023-11-13,2023-11-17,Ganga Freight
SO0002309,2023-11-13,2023-11-17,Sahyadri Roadlines
SO0002315,2023-11-13,2023-11-15,Deccan Express Logistics
SO0002316,2023-11-13,2023-11-15,Sahyadri Roadlines
SO0002317,2023-11-13,2023-11-16,Deccan Express Logistics
SO0002318,2023-11-13,2023-11-17,Deccan Express Logistics
SO0002325,2023-11-13,2023-11-15,Ganga Freight
SO0002310,2023-11-13,2023-11-15,Sahyadri Roadlines
SO0002311,2023-11-13,2023-11-15,Sahyadri Roadlines
SO0002323,2023-11-13,2023-11-15,Sahyadri Roadlines
SO0002302,2023-11-13,2023-11-15,Deccan Express Logistics
SO0002303,2023-11-13,2023-11-16,Ganga Freight
SO0002326,2023-11-14,2023-11-16,Ganga Freight
SO0002327,2023-11-14,2023-11-15,Sahyadri Roadlines
SO0002328,2023-11-14,2023-11-16,Ganga Freight
SO0002329,2023-11-14,2023-11-16,Ganga Freight
SO0002319,2023-11-14,2023-11-15,Deccan Express Logistics
SO0002320,2023-11-14,2023-11-15,Sahyadri Roadlines
SO0002321,2023-11-14,2023-11-15,Ganga Freight
SO0002322,2023-11-14,2023-11-18,Ganga Freight
SO0002332,2023-11-14,2023-11-16,Sahyadri Roadlines
SO0002333,2023-11-14,2023-11-17,Ganga Freight
SO0002313,2023-11-14,2023-11-17,Sahyadri Roadlines
SO0002314,2023-11-14,2023-11-16,Deccan Express Logistics
SO0002337,2023-11-15,2023-11-18,Ganga Freight
SO0002338,2023-11-15,2023-11-19,Ganga Freight
SO0002339,2023-11-15,2023-11-18,Sahyadri Roadlines
SO0002330,2023-11-15,2023-11-17,Sahyadri Roadlines
SO0002331,2023-11-15,2023-11-17,Deccan Express Logistics
SO0002340,2023-11-15,2023-11-16,Ganga Freight
SO0002334,2023-11-15,2023-11-17,Sahyadri Roadlines
SO0002341,2023-11-15,2023-11-17,Ganga Freight
SO0002342,2023-11-15,2023-11-16,Deccan Express Logistics
SO0002343,2023-11-15,2023-11-16,Sahyadri Roadlines
SO0002344,2023-11-15,2023-11-19,Deccan Express Logistics
SO0002324,2023-11-15,2023-11-17,Deccan Express Logistics
SO0002335,2023-11-15,2023-11-17,Ganga Freight
SO0002352,2023-11-16,2023-11-18,Ganga Freight
SO0002353,2023-11-16,2023-11-20,Deccan Express Logistics
SO0002354,2023-11-16,2023-11-17,Sahyadri Roadlines
SO0002355,2023-11-16,2023-11-18,Sahyadri Roadlines
SO0002356,2023-11-16,2023-11-18,Deccan Express Logistics
SO0002357,2023-11-16,2023-11-19,Ganga Freight
SO0002358,2023-11-16,2023-11-17,Deccan Express Logistics
SO0002345,2023-11-16,2023-11-18,Ganga Freight
SO0002346,2023-11-16,2023-11-18,Sahyadri Roadlines
SO0002359,2023-11-16,2023-11-18,Sahyadri Roadlines
SO0002360,2023-11-16,2023-11-17,Deccan Express Logistics
SO0002361,2023-11-16,2023-11-18,Sahyadri Roadlines
SO0002336,2023-11-16,2023-11-19,Ganga Freight
SO0002364,2023-11-17,2023-11-18,Sahyadri Roadlines
SO0002365,2023-11-17,2023-11-20,Ganga Freight
SO0002376,2023-11-17,2023-11-19,Deccan Express Logistics
SO0002366,2023-11-17,2023-11-20,Deccan Express Logistics
SO0002367,2023-11-17,2023-11-18,Ganga Freight
SO0002368,2023-11-17,2023-11-19,Deccan Express Logistics
SO0002369,2023-11-17,2023-11-19,Ganga Freight
SO0002370,2023-11-17,2023-11-18,Deccan Express Logistics
SO0002371,2023-11-17,2023-11-18,Deccan Express Logistics
SO0002372,2023-11-17,2023-11-19,Sahyadri Roadlines
SO0002373,2023-11-17,2023-11-18,Sahyadri Roadlines
SO0002347,2023-11-17,2023-11-18,Ganga Freight
SO0002377,2023-11-18,2023-11-20,Deccan Express Logistics
SO0002378,2023-11-18,2023-11-20,Deccan Express Logistics
SO0002379,2023-11-18,2023-11-21,Ganga Freight
SO0002380,2023-11-18,2023-11-21,Sahyadri Roadlines
SO0002381,2023-11-18,2023-11-22,Sahyadri Roadlines
SO0002382,2023-11-18,2023-11-21,Deccan Express Logistics
SO0002383,2023-11-18,2023-11-21,Sahyadri Roadlines
SO0002384,2023-11-18,2023-11-21,Ganga Freight
SO0002348,2023-11-18,2023-11-21,Sahyadri Roadlines
SO0002349,2023-11-18,2023-11-21,Sahyadri Roadlines
SO0002350,2023-11-18,2023-11-20,Ganga Freight
SO0002351,2023-11-18,2023-11-20,Ganga Freight
SO0002387,2023-11-20,2023-11-23,Ganga Freight
SO0002388,2023-11-20,2023-11-21,Ganga Freight
SO0002389,2023-11-20,2023-11-23,Deccan Express Logistics
SO0002390,2023-11-20,2023-11-22,Sahyadri Roadlines
SO0002397,2023-11-20,2023-11-25,Deccan Express Logistics
SO0002391,2023-11-20,2023-11-21,Deccan Express Logistics
SO0002392,2023-11-20,2023-11-22,Ganga Freight
SO0002393,2023-11-20,2023-11-22,Sahyadri Roadlines
SO0002394,2023-11-20,2023-11-22,Sahyadri Roadlines
SO0002395,2023-11-20,2023-11-22,Ganga Freight
SO0002362,2023-11-20,2023-11-22,Sahyadri Roadlines
SO0002363,2023-11-20,2023-11-22,Deccan Express Logistics
SO0002374,2023-11-20,2023-11-21,Ganga Freight
SO0002375,2023-11-20,2023-11-22,Deccan Express Logistics
SO0002398,2023-11-21,2023-11-22,Ganga Freight
SO0002399,2023-11-21,2023-11-23,Sahyadri Roadlines
SO0002400,2023-11-21,2023-11-22,Sahyadri Roadlines
SO0002401,2023-11-21,2023-11-23,Deccan Express Logistics
SO0002402,2023-11-21,2023-11-23,Sahyadri Roadlines
SO0002403,2023-11-21,2023-11-22,Deccan Express Logistics
SO0002404,2023-11-21,2023-11-22,Deccan Express Logistics
SO0002405,2023-11-21,2023-11-23,Ganga Freight
SO0002406,2023-11-21,2023-11-22,Ganga Freight
SO0002385,2023-11-21,2023-11-23,Deccan Express Logistics
SO0002386,2023-11-21,2023-11-23,Sahyadri Roadlines
SO0002396,2023-11-21,2023-11-24,Deccan Express Logistics
SO0002409,2023-11-22,2023-11-23,Ganga Freight
SO0002410,2023-11-22,2023-11-24,Ganga Freight
SO0002411,2023-11-22,2023-11-25,Sahyadri Roadlines
SO0002412,2023-11-22,2023-11-23,Sahyadri Roadlines
SO0002413,2023-11-22,2023-11-24,Sahyadri Roadlines
SO0002414,2023-11-22,2023-11-25,Sahyadri Roadlines
SO0002415,2023-11-22,2023-11-24,Deccan Express Logistics
SO0002416,2023-11-22,2023-11-25,Deccan Express Logistics
SO0002417,2023-11-22,2023-11-23,Ganga Freight
SO0002407,2023-11-22,2023-11-25,Sahyadri Roadlines
SO0002408,2023-11-22,2023-11-24,Sahyadri Roadlines
SO0002424,2023-11-23,2023-11-26,Sahyadri Roadlines
SO0002425,2023-11-23,2023-11-26,Ganga Freight
SO0002426,2023-11-23,2023-11-25,Ganga Freight
SO0002427,2023-11-23,2023-11-24,Sahyadri Roadlines
SO0002428,2023-11-23,2023-11-25,Ganga Freight
SO0002429,2023-11-23,2023-11-25,Ganga Freight
SO0002430,2023-11-23,2023-11-24,Deccan Express Logistics
SO0002418,2023-11-23,2023-11-25,Sahyadri Roadlines
SO0002431,2023-11-23,2023-11-25,Deccan Express Logistics
SO0002432,2023-11-23,2023-11-25,Sahyadri Roadlines
SO0002433,2023-11-23,2023-11-25,Deccan Express Logistics
SO0002419,2023-11-23,2023-11-25,Ganga Freight
SO0002436,2023-11-24,2023-11-25,Deccan Express Logistics
SO0002437,2023-11-24,2023-11-28,Ganga Freight
SO0002448,2023-11-24,2023-11-26,Sahyadri Roadlines
SO0002438,2023-11-24,2023-11-26,Ganga Freight
SO0002439,2023-11-24,2023-11-27,Ganga Freight
SO0002440,2023-11-24,2023-11-26,Deccan Express Logistics
SO0002442,2023-11-24,2023-11-25,Deccan Express Logistics
SO0002443,2023-11-24,2023-11-25,Sahyadri Roadlines
SO0002444,2023-11-24,2023-11-26,Sahyadri Roadlines
SO0002445,2023-11-24,2023-11-25,Sahyadri Roadlines
SO0002420,2023-11-24,2023-11-27,Sahyadri Roadlines
SO0002421,2023-11-24,2023-11-25,Deccan Express Logistics
SO0002422,2023-11-24,2023-11-26,Sahyadri Roadlines
SO0002449,2023-11-25,2023-11-28,Ganga Freight
SO0002450,2023-11-25,2023-11-27,Ganga Freight
SO0002451,2023-11-25,2023-11-27,Ganga Freight
SO0002452,2023-11-25,2023-11-28,Ganga Freight
SO0002453,2023-11-25,2023-11-28,Sahyadri Roadlines
SO0002441,2023-11-25,2023-11-27,Deccan Express Logistics
SO0002454,2023-11-25,2023-11-27,Deccan Express Logistics
SO0002455,2023-11-25,2023-11-27,Ganga Freight
SO0002456,2023-11-25,2023-11-27,Sahyadri Roadlines
SO0002423,2023-11-25,2023-11-27,Sahyadri Roadlines
SO0002434,2023-11-25,2023-11-27,Ganga Freight
SO0002435,2023-11-25,2023-11-28,Sahyadri Roadlines
SO0002459,2023-11-27,2023-11-30,Ganga Freight
SO0002460,2023-11-27,2023-11-28,Sahyadri Roadlines
SO0002461,2023-11-27,2023-11-30,Sahyadri Roadlines
SO0002462,2023-11-27,2023-11-29,Ganga Freight
SO0002469,2023-11-27,2023-11-29,Deccan Express Logistics
SO0002463,2023-11-27,2023-11-28,Deccan Express Logistics
SO0002464,2023-11-27,2023-11-28,Ganga Freight
SO0002465,2023-11-27,2023-11-28,Sahyadri Roadlines
SO0002466,2023-11-27,2023-11-29,Sahyadri Roadlines
SO0002467,2023-11-27,2023-11-29,Sahyadri Roadlines
SO0002446,2023-11-27,2023-11-29,Deccan Express Logistics
SO0002447,2023-11-27,2023-11-28,Ganga Freight
SO0002457,2023-11-27,2023-11-29,Deccan Express Logistics
SO0002458,2023-11-27,2023-11-29,Ganga Freight
SO0002470,2023-11-28,2023-11-29,Deccan Express Logistics
SO0002471,2023-11-28,2023-11-30,Deccan Express Logistics
SO0002472,2023-11-28,2023-11-29,Sahyadri Roadlines
SO0002473,2023-11-28,2023-12-01,Sahyadri Roadlines
SO0002474,2023-11-28,2023-11-30,Deccan Express Logistics
SO0002475,2023-11-28,2023-11-29,Deccan Express Logistics
SO0002476,2023-11-28,2023-11-29,Deccan Express Logistics
SO0002477,2023-11-28,2023-11-30,Sahyadri Roadlines
SO0002468,2023-11-28,2023-11-30,Sahyadri Roadlines
SO0002479,2023-11-28,2023-11-30,Deccan Express Logistics
SO0002480,2023-11-28,2023-11-30,Ganga Freight
SO0002481,2023-11-29,2023-12-02,Deccan Express Logistics
SO0002482,2023-11-29,2023-12-03,Ganga Freight
SO0002483,2023-11-29,2023-12-02,Ganga Freight
SO0002484,2023-11-29,2023-11-30,Deccan Express Logistics
SO0002478,2023-11-29,2023-12-01,Deccan Express Logistics
SO0002485,2023-11-29,2023-11-30,Sahyadri Roadlines
SO0002486,2023-11-29,2023-12-02,Deccan Express Logistics
SO0002487,2023-11-29,2023-12-02,Deccan Express Logistics
SO0002488,2023-11-29,2023-12-01,Sahyadri Roadlines
SO0002489,2023-11-29,2023-12-01,Sahyadri Roadlines
SO0002491,2023-11-29,2023-11-30,Deccan Express Logistics
SO0002496,2023-11-30,2023-12-02,Sahyadri Roadlines
SO0002497,2023-11-30,2023-12-04,Sahyadri Roadlines
SO0002498,2023-11-30,2023-12-02,Sahyadri Roadlines
SO0002499,2023-11-30,2023-12-01,Ganga Freight
SO0002500,2023-11-30,2023-12-01,Deccan Express Logistics
SO0002501,2023-11-30,2023-12-02,Ganga Freight
SO0002502,2023-11-30,2023-12-01,Ganga Freight
SO0002490,2023-11-30,2023-12-02,Deccan Express Logistics
SO0002503,2023-11-30,2023-12-02,Sahyadri Roadlines
SO0002504,2023-11-30,2023-12-01,Sahyadri Roadlines
SO0002505,2023-11-30,2023-12-02,Deccan Express Logistics
SO0002492,2023-11-30,2023-12-04,Ganga Freight
SO0002493,2023-11-30,2023-12-01,Deccan Express Logistics
SO0002494,2023-11-30,2023-12-03,Deccan Express Logistics
SO0002508,2023-12-01,2023-12-03,Deccan Express Logistics
SO0002509,2023-12-01,2023-12-05,Deccan Express Logistics
SO0002520,2023-12-01,2023-12-03,Deccan Express Logistics
SO0002510,2023-12-01,2023-12-02,Sahyadri Roadlines
SO0002511,2023-12-01,2023-12-03,Sahyadri Roadlines
SO0002512,2023-12-01,2023-12-03,Deccan Express Logistics
SO0002513,2023-12-01,2023-12-03,Sahyadri Roadlines
SO0002514,2023-12-01,2023-12-02,Ganga Freight
SO0002515,2023-12-01,2023-12-02,Ganga Freight
SO0002516,2023-12-01,2023-12-02,Ganga Freight
SO0002517,2023-12-01,2023-12-02,Deccan Express Logistics
SO0002495,2023-12-01,2023-12-04,Deccan Express Logistics
SO0002506,2023-12-01,2023-12-03,Ganga Freight
SO0002507,2023-12-01,2023-12-03,Ganga Freight
SO0002518,2023-12-01,2023-12-02,Ganga Freight
SO0002519,2023-12-01,2023-12-02,Deccan Express Logistics
SO0002521,2023-12-02,2023-12-04,Ganga Freight
SO0002522,2023-12-02,2023-12-04,Ganga Freight
SO0002523,2023-12-02,2023-12-04,Ganga Freight
SO0002524,2023-12-02,2023-12-06,Deccan Express Logistics
SO0002525,2023-12-02,2023-12-07,Sahyadri Roadlines
SO0002526,2023-12-02,2023-12-04,Sahyadri Roadlines
SO0002527,2023-12-02,2023-12-05,Sahyadri Roadlines
SO0002528,2023-12-02,2023-12-07,Ganga Freight
SO0002529,2023-12-02,2023-12-04,Sahyadri Roadlines
SO0002530,2023-12-02,2023-12-04,Deccan Express Logistics
SO0002531,2023-12-04,2023-12-06,Deccan Express Logistics
SO0002532,2023-12-04,2023-12-06,Sahyadri Roadlines
SO0002533,2023-12-04,2023-12-07,Sahyadri Roadlines
SO0002534,2023-12-04,2023-12-06,Deccan Express Logistics
SO0002541,2023-12-04,2023-12-06,Sahyadri Roadlines
SO0002535,2023-12-04,2023-12-06,Deccan Express Logistics
SO0002536,2023-12-04,2023-12-06,Sahyadri Roadlines
SO0002537,2023-12-04,2023-12-06,Deccan Express Logistics
SO0002538,2023-12-04,2023-12-06,Deccan Express Logistics
SO0002539,2023-12-04,2023-12-06,Deccan Express Logistics
SO0002540,2023-12-04,2023-12-07,Sahyadri Roadlines
SO0002542,2023-12-05,2023-12-07,Ganga Freight
SO0002543,2023-12-05,2023-12-07,Ganga Freight
SO0002544,2023-12-05,2023-12-07,Ganga Freight
SO0002545,2023-12-05,2023-12-07,Ganga Freight
SO0002546,2023-12-05,2023-12-07,Sahyadri Roadlines
SO0002547,2023-12-05,2023-12-08,Sahyadri Roadlines
SO0002548,2023-12-05,2023-12-07,Deccan Express Logistics
SO0002549,2023-12-05,2023-12-07,Ganga Freight
SO0002550,2023-12-05,2023-12-06,Sahyadri Roadlines
SO0002551,2023-12-05,2023-12-07,Deccan Express Logistics
SO0002552,2023-12-05,2023-12-08,Ganga Freight
SO0002553,2023-12-06,2023-12-09,Ganga Freight
SO0002554,2023-12-06,2023-12-08,Deccan Express Logistics
SO0002555,2023-12-06,2023-12-10,Sahyadri Roadlines
SO0002556,2023-12-06,2023-12-08,Sahyadri Roadlines
SO0002557,2023-12-06,2023-12-08,Deccan Express Logistics
SO0002558,2023-12-06,2023-12-07,Sahyadri Roadlines
SO0002559,2023-12-06,2023-12-07,Deccan Express Logistics
SO0002560,2023-12-06,2023-12-08,Deccan Express Logistics
SO0002561,2023-12-06,2023-12-08,Deccan Express Logistics
SO0002562,2023-12-06,2023-12-09,Deccan Express Logistics
SO0002563,2023-12-06,2023-12-07,Ganga Freight
SO0002568,2023-12-07,2023-12-11,Sahyadri Roadlines
SO0002569,2023-12-07,2023-12-11,Deccan Express Logistics
SO0002570,2023-12-07,2023-12-09,Ganga Freight
SO0002571,2023-12-07,2023-12-09,Ganga Freight
SO0002572,2023-12-07,2023-12-08,Deccan Express Logistics
SO0002573,2023-12-07,2023-12-10,Deccan Express Logistics
SO0002574,2023-12-07,2023-12-09,Sahyadri Roadlines
SO0002575,2023-12-07,2023-12-09,Sahyadri Roadlines
SO0002576,2023-12-07,2023-12-08,Deccan Express Logistics
SO0002577,2023-12-07,2023-12-10,Deccan Express Logistics
SO0002564,2023-12-07,2023-12-11,Sahyadri Roadlines
SO0002565,2023-12-07,2023-12-08,Deccan Express Logistics
SO0002566,2023-12-07,2023-12-09,Deccan Express Logistics
SO0002580,2023-12-08,2023-12-09,Ganga Freight
SO0002581,2023-12-08,2023-12-11,Ganga Freight
SO0002592,2023-12-08,2023-12-10,Deccan Express Logistics
SO0002582,2023-12-08,2023-12-10,Deccan Express Logistics
SO0002583,2023-12-08,2023-12-10,Sahyadri Roadlines
SO0002584,2023-12-08,2023-12-10,Ganga Freight
SO0002585,2023-12-08,2023-12-11,Deccan Express Logistics
SO0002586,2023-12-08,2023-12-10,Ganga Freight
SO0002587,2023-12-08,2023-12-09,Ganga Freight
SO0002588,2023-12-08,2023-12-09,Sahyadri Roadlines
SO0002589,2023-12-08,2023-12-09,Sahyadri Roadlines
SO0002567,2023-12-08,2023-12-10,Sahyadri Roadlines
SO0002578,2023-12-08,2023-12-10,Sahyadri Roadlines
SO0002579,2023-12-08,2023-12-10,Deccan Express Logistics
SO0002590,2023-12-08,2023-12-09,Sahyadri Roadlines
SO0002591,2023-12-08,2023-12-09,Sahyadri Roadlines
SO0002593,2023-12-09,2023-12-11,Ganga Freight
SO0002594,2023-12-09,2023-12-11,Sahyadri Roadlines
SO0002595,2023-12-09,2023-12-11,Sahyadri Roadlines
SO0002596,2023-12-09,2023-12-12,Sahyadri Roadlines
SO0002597,2023-12-09,2023-12-12,Sahyadri Roadlines
SO0002598,2023-12-09,2023-12-12,Deccan Express Logistics
SO0002599,2023-12-09,2023-12-12,Deccan Express Logistics
SO0002600,2023-12-09,2023-12-13,Ganga Freight
SO0002601,2023-12-09,2023-12-11,Sahyadri Roadlines
SO0002602,2023-12-09,2023-12-11,Deccan Express Logistics
SO0002603,2023-12-11,2023-12-13,Ganga Freight
SO0002604,2023-12-11,2023-12-14,Ganga Freight
SO0002605,2023-12-11,2023-12-15,Sahyadri Roadlines
SO0002606,2023-12-11,2023-12-13,Deccan Express Logistics
SO0002613,2023-12-11,2023-12-13,Sahyadri Roadlines
SO0002607,2023-12-11,2023-12-12,Sahyadri Roadlines
SO0002608,2023-12-11,2023-12-12,Ganga Freight
SO0002609,2023-12-11,2023-12-12,Sahyadri Roadlines
SO0002610,2023-12-11,2023-12-13,Ganga Freight
SO0002611,2023-12-11,2023-12-13,Deccan Express Logistics
SO0002612,2023-12-11,2023-12-14,Sahyadri Roadlines
SO0002614,2023-12-12,2023-12-13,Deccan Express Logistics
SO0002615,2023-12-12,2023-12-13,Deccan Express Logistics
SO0002616,2023-12-12,2023-12-13,Ganga Freight
SO0002617,2023-12-12,2023-12-14,Deccan Express Logistics
SO0002618,2023-12-12,2023-12-16,Ganga Freight
SO0002619,2023-12-12,2023-12-14,Sahyadri Roadlines
SO0002620,2023-12-12,2023-12-14,Deccan Express Logistics
SO0002621,2023-12-12,2023-12-14,Sahyadri Roadlines
SO0002623,2023-12-12,2023-12-16,Deccan Express Logistics
SO0002624,2023-12-12,2023-12-14,Sahyadri Roadlines
SO0002625,2023-12-13,2023-12-14,Ganga Freight
SO0002626,2023-12-13,2023-12-15,Deccan Express Logistics
SO0002627,2023-12-13,2023-12-16,Sahyadri Roadlines
SO0002628,2023-12-13,2023-12-14,Sahyadri Roadlines
SO0002622,2023-12-13,2023-12-14,Sahyadri Roadlines
SO0002629,2023-12-13,2023-12-15,Ganga Freight
SO0002630,2023-12-13,2023-12-15,Sahyadri Roadlines
SO0002631,2023-12-13,2023-12-14,Sahyadri Roadlines
SO0002632,2023-12-13,2023-12-16,Deccan Express Logistics
SO0002633,2023-12-13,2023-12-14,Ganga Freight
SO0002635,2023-12-13,2023-12-15,Ganga Freight
SO0002640,2023-12-14,2023-12-17,Deccan Express Logistics
SO0002641,2023-12-14,2023-12-19,Ganga Freight
SO0002642,2023-12-14,2023-12-15,Ganga Freight
SO0002643,2023-12-14,2023-12-15,Ganga Freight
SO0002644,2023-12-14,2023-12-16,Deccan Express Logistics
SO0002645,2023-12-14,2023-12-17,Ganga Freight
SO0002646,2023-12-14,2023-12-15,Ganga Freight
SO0002634,2023-12-14,2023-12-17,Sahyadri Roadlines
SO0002647,2023-12-14,2023-12-16,Sahyadri Roadlines
SO0002648,2023-12-14,2023-12-17,Deccan Express Logistics
SO0002649,2023-12-14,2023-12-17,Ganga Freight
SO0002636,2023-12-14,2023-12-16,Deccan Express Logistics
SO0002637,2023-12-14,2023-12-17,Sahyadri Roadlines
SO0002638,2023-12-14,2023-12-17,Ganga Freight
SO0002652,2023-12-15,2023-12-16,Ganga Freight
SO0002653,2023-12-15,2023-12-18,Ganga Freight
SO0002664,2023-12-15,2023-12-17,Ganga Freight
SO0002654,2023-12-15,2023-12-16,Sahyadri Roadlines
SO0002655,2023-12-15,2023-12-16,Deccan Express Logistics
SO0002656,2023-12-15,2023-12-17,Ganga Freight
SO0002657,2023-12-15,2023-12-17,Sahyadri Roadlines
SO0002658,2023-12-15,2023-12-16,Ganga Freight
SO0002659,2023-12-15,2023-12-16,Sahyadri Roadlines
SO0002660,2023-12-15,2023-12-17,Deccan Express Logistics
SO0002661,2023-12-15,2023-12-16,Sahyadri Roadlines
SO0002639,2023-12-15,2023-12-17,Ganga Freight
SO0002650,2023-12-15,2023-12-17,Sahyadri Roadlines
SO0002651,2023-12-15,2023-12-18,Sahyadri Roadlines
SO0002662,2023-12-15,2023-12-17,Ganga Freight
SO0002663,2023-12-15,2023-12-16,Sahyadri Roadlines
SO0002665,2023-12-16,2023-12-18,Sahyadri Roadlines
SO0002666,2023-12-16,2023-12-18,Sahyadri Roadlines
SO0002667,2023-12-16,2023-12-18,Sahyadri Roadlines
SO0002668,2023-12-16,2023-12-19,Deccan Express Logistics
SO0002669,2023-12-16,2023-12-19,Sahyadri Roadlines
SO0002670,2023-12-16,2023-12-18,Deccan Express Logistics
SO0002671,2023-12-16,2023-12-18,Sahyadri Roadlines
SO0002672,2023-12-16,2023-12-18,Ganga Freight
SO0002673,2023-12-16,2023-12-18,Sahyadri Roadlines
SO0002674,2023-12-16,2023-12-18,Ganga Freight
SO0002675,2023-12-18,2023-12-20,Sahyadri Roadlines
SO0002676,2023-12-18,2023-12-19,Ganga Freight
SO0002677,2023-12-18,2023-12-21,Deccan Express Logistics
SO0002678,2023-12-18,2023-12-20,Ganga Freight
SO0002685,2023-12-18,2023-12-20,Deccan Express Logistics
SO0002679,2023-12-18,2023-12-19,Ganga Freight
SO0002680,2023-12-18,2023-12-20,Deccan Express Logistics
SO0002681,2023-12-18,2023-12-19,Sahyadri Roadlines
SO0002682,2023-12-18,2023-12-20,Ganga Freight
SO0002683,2023-12-18,2023-12-20,Deccan Express Logistics
SO0002684,2023-12-18,2023-12-20,Ganga Freight
SO0002686,2023-12-19,2023-12-21,Sahyadri Roadlines
SO0002687,2023-12-19,2023-12-20,Ganga Freight
SO0002688,2023-12-19,2023-12-23,Ganga Freight
SO0002689,2023-12-19,2023-12-21,Sahyadri Roadlines
SO0002690,2023-12-19,2023-12-21,Sahyadri Roadlines
SO0002691,2023-12-19,2023-12-20,Deccan Express Logistics
SO0002692,2023-12-19,2023-12-20,Deccan Express Logistics
SO0002693,2023-12-19,2023-12-21,Deccan Express Logistics
SO0002695,2023-12-19,2023-12-22,Deccan Express Logistics
SO0002696,2023-12-19,2023-12-21,Deccan Express Logistics
SO0002697,2023-12-20,2023-12-21,Deccan Express Logistics
SO0002698,2023-12-20,2023-12-24,Sahyadri Roadlines
SO0002699,2023-12-20,2023-12-23,Ganga Freight
SO0002700,2023-12-20,2023-12-21,Deccan Express Logistics
SO0002694,2023-12-20,2023-12-21,Ganga Freight
SO0002701,2023-12-20,2023-12-24,Ganga Freight
SO0002702,2023-12-20,2023-12-21,Ganga Freight
SO0002703,2023-12-20,2023-12-22,Ganga Freight
SO0002704,2023-12-20,2023-12-22,Ganga Freight
SO0002707,2023-12-20,2023-12-21,Ganga Freight
SO0002712,2023-12-21,2023-12-23,Sahyadri Roadlines
SO0002713,2023-12-21,2023-12-24,Ganga Freight
SO0002714,2023-12-21,2023-12-22,Deccan Express Logistics
SO0002715,2023-12-21,2023-12-22,Deccan Express Logistics
SO0002716,2023-12-21,2023-12-22,Ganga Freight
SO0002717,2023-12-21,2023-12-23,Ganga Freight
SO0002718,2023-12-21,2023-12-22,Sahyadri Roadlines
SO0002705,2023-12-21,2023-12-23,Deccan Express Logistics
SO0002706,2023-12-21,2023-12-25,Ganga Freight
SO0002719,2023-12-21,2023-12-22,Ganga Freight
SO0002720,2023-12-21,2023-12-22,Deccan Express Logistics
SO0002721,2023-12-21,2023-12-23,Deccan Express Logistics
SO0002708,2023-12-21,2023-12-23,Sahyadri Roadlines
SO0002709,2023-12-21,2023-12-23,Deccan Express Logistics
SO0002710,2023-12-21,2023-12-24,Ganga Freight
SO0002724,2023-12-22,2023-12-23,Ganga Freight
SO0002725,2023-12-22,2023-12-25,Ganga Freight
SO0002736,2023-12-22,2023-12-24,Ganga Freight
SO0002726,2023-12-22,2023-12-23,Ganga Freight
SO0002727,2023-12-22,2023-12-23,Ganga Freight
SO0002728,2023-12-22,2023-12-23,Deccan Express Logistics
SO0002729,2023-12-22,2023-12-24,Sahyadri Roadlines
SO0002730,2023-12-22,2023-12-23,Deccan Express Logistics
SO0002731,2023-12-22,2023-12-23,Ganga Freight
SO0002732,2023-12-22,2023-12-23,Ganga Freight
SO0002733,2023-12-22,2023-12-24,Ganga Freight
SO0002711,2023-12-22,2023-12-24,Ganga Freight
SO0002722,2023-12-22,2023-12-24,Sahyadri Roadlines
SO0002723,2023-12-22,2023-12-26,Sahyadri Roadlines
SO0002734,2023-12-22,2023-12-24,Deccan Express Logistics
SO0002735,2023-12-22,2023-12-23,Ganga Freight
SO0002737,2023-12-23,2023-12-25,Ganga Freight
SO0002738,2023-12-23,2023-12-25,Deccan Express Logistics
SO0002739,2023-12-23,2023-12-25,Deccan Express Logistics
SO0002740,2023-12-23,2023-12-26,Ganga Freight
SO0002741,2023-12-23,2023-12-27,Ganga Freight
SO0002742,2023-12-23,2023-12-25,Sahyadri Roadlines
SO0002743,2023-12-23,2023-12-26,Deccan Express Logistics
SO0002744,2023-12-23,2023-12-25,Deccan Express Logistics
SO0002745,2023-12-23,2023-12-26,Sahyadri Roadlines
SO0002746,2023-12-23,2023-12-26,Ganga Freight
SO0002747,2023-12-25,2023-12-27,Ganga Freight
SO0002748,2023-12-25,2023-12-27,Ganga Freight
SO0002749,2023-12-25,2023-12-29,Sahyadri Roadlines
SO0002750,2023-12-25,2023-12-27,Deccan Express Logistics
SO0002757,2023-12-25,2023-12-28,Deccan Express Logistics
SO0002751,2023-12-25,2023-12-26,Sahyadri Roadlines
SO0002752,2023-12-25,2023-12-27,Ganga Freight
SO0002753,2023-12-25,2023-12-26,Deccan Express Logistics
SO0002754,2023-12-25,2023-12-27,Sahyadri Roadlines
SO0002755,2023-12-25,2023-12-27,Sahyadri Roadlines
SO0002756,2023-12-25,2023-12-27,Deccan Express Logistics
SO0002758,2023-12-26,2023-12-27,Ganga Freight
SO0002759,2023-12-26,2023-12-28,Deccan Express Logistics
SO0002760,2023-12-26,2023-12-28,Sahyadri Roadlines
SO0002761,2023-12-26,2023-12-30,Ganga Freight
SO0002762,2023-12-26,2023-12-28,Ganga Freight
SO0002763,2023-12-26,2023-12-27,Ganga Freight
SO0002764,2023-12-26,2023-12-27,Sahyadri Roadlines
SO0002765,2023-12-26,2023-12-29,Deccan Express Logistics
SO0002767,2023-12-26,2023-12-28,Deccan Express Logistics
SO0002768,2023-12-26,2023-12-28,Ganga Freight
SO0002769,2023-12-27,2023-12-28,Sahyadri Roadlines
SO0002770,2023-12-27,2023-12-30,Sahyadri Roadlines
SO0002771,2023-12-27,2023-12-30,Sahyadri Roadlines
SO0002772,2023-12-27,2023-12-28,Deccan Express Logistics
SO0002766,2023-12-27,2024-01-01,Deccan Express Logistics
SO0002773,2023-12-27,2023-12-28,Sahyadri Roadlines
SO0002774,2023-12-27,2023-12-28,Deccan Express Logistics
SO0002775,2023-12-27,2023-12-28,Ganga Freight
SO0002776,2023-12-27,2023-12-30,Sahyadri Roadlines
SO0002777,2023-12-27,2023-12-28,Ganga Freight
SO0002779,2023-12-27,2023-12-28,Ganga Freight
SO0002784,2023-12-28,2023-12-30,Deccan Express Logistics
SO0002785,2023-12-28,2024-01-01,Sahyadri Roadlines
SO0002786,2023-12-28,2023-12-30,Deccan Express Logistics
SO0002787,2023-12-28,2023-12-29,Ganga Freight
SO0002788,2023-12-28,2023-12-29,Ganga Freight
SO0002789,2023-12-28,2023-12-30,Sahyadri Roadlines
SO0002790,2023-12-28,2023-12-29,Sahyadri Roadlines
SO0002778,2023-12-28,2023-12-31,Deccan Express Logistics
SO0002791,2023-12-28,2023-12-30,Ganga Freight
SO0002792,2023-12-28,2023-12-30,Sahyadri Roadlines
SO0002793,2023-12-28,2023-12-30,Sahyadri Roadlines
SO0002780,2023-12-28,2023-12-30,Deccan Express Logistics
SO0002781,2023-12-28,2023-12-30,Sahyadri Roadlines
SO0002782,2023-12-28,2023-12-30,Deccan Express Logistics
SO0002796,2023-12-29,2023-12-30,Sahyadri Roadlines
SO0002797,2023-12-29,2024-01-01,Deccan Express Logistics
SO0002808,2023-12-29,2023-12-31,Ganga Freight
SO0002798,2023-12-29,2023-12-30,Deccan Express Logistics
SO0002799,2023-12-29,2024-01-01,Sahyadri Roadlines
SO0002800,2023-12-29,2023-12-30,Deccan Express Logistics
SO0002801,2023-12-29,2023-12-31,Deccan Express Logistics
SO0002802,2023-12-29,2023-12-30,Ganga Freight
SO0002803,2023-12-29,2023-12-30,Deccan Express Logistics
SO0002804,2023-12-29,2023-12-30,Deccan Express Logistics
SO0002805,2023-12-29,2023-12-30,Deccan Express Logistics
SO0002783,2023-12-29,2023-12-31,Ganga Freight
SO0002794,2023-12-29,2023-12-31,Deccan Express Logistics
SO0002795,2023-12-29,2024-01-01,Deccan Express Logistics
SO0002806,2023-12-29,2023-12-30,Sahyadri Roadlines
SO0002809,2023-12-30,2024-01-01,Deccan Express Logistics
SO0002810,2023-12-30,2024-01-02,Ganga Freight
SO0002811,2023-12-30,2024-01-01,Deccan Express Logistics
SO0002812,2023-12-30,2024-01-02,Sahyadri Roadlines
SO0002813,2023-12-30,2024-01-04,Deccan Express Logistics
SO0002814,2023-12-30,2024-01-01,Ganga Freight
SO0002815,2023-12-30,2024-01-01,Sahyadri Roadlines
SO0002816,2023-12-30,2024-01-02,Ganga Freight
SO0002807,2023-12-30,2023-12-31,Ganga Freight
SO0002817,2023-12-30,2024-01-01,Ganga Freight
SO0002818,2023-12-30,2024-01-01,Deccan Express Logistics
SO0002819,2024-01-01,2024-01-03,Sahyadri Roadlines
SO0002820,2024-01-01,2024-01-03,Ganga Freight
SO0002821,2024-01-01,2024-01-04,Sahyadri Roadlines
SO0002822,2024-01-01,2024-01-03,Ganga Freight
SO0002829,2024-01-01,2024-01-03,Deccan Express Logistics
SO0002823,2024-01-01,2024-01-02,Ganga Freight
SO0002824,2024-01-01,2024-01-02,Sahyadri Roadlines
SO0002825,2024-01-01,2024-01-03,Ganga Freight
SO0002826,2024-01-01,2024-01-04,Deccan Express Logistics
SO0002827,2024-01-01,2024-01-06,Sahyadri Roadlines
SO0002828,2024-01-01,2024-01-04,Sahyadri Roadlines
SO0002830,2024-01-02,2024-01-03,Sahyadri Roadlines
SO0002831,2024-01-02,2024-01-03,Sahyadri Roadlines
SO0002832,2024-01-02,2024-01-03,Ganga Freight
SO0002833,2024-01-02,2024-01-04,Deccan Express Logistics
SO0002834,2024-01-02,2024-01-06,Ganga Freight
SO0002835,2024-01-02,2024-01-03,Deccan Express Logistics
SO0002836,2024-01-02,2024-01-03,Deccan Express Logistics
SO0002837,2024-01-02,2024-01-05,Deccan Express Logistics
SO0002838,2024-01-02,2024-01-03,Sahyadri Roadlines
SO0002839,2024-01-02,2024-01-04,Deccan Express Logistics
SO0002840,2024-01-02,2024-01-05,Deccan Express Logistics
SO0002841,2024-01-03,2024-01-04,Ganga Freight
SO0002842,2024-01-03,2024-01-06,Sahyadri Roadlines
SO0002843,2024-01-03,2024-01-06,Deccan Express Logistics
SO0002844,2024-01-03,2024-01-04,Sahyadri Roadlines
SO0002845,2024-01-03,2024-01-07,Deccan Express Logistics
SO0002846,2024-01-03,2024-01-04,Ganga Freight
SO0002847,2024-01-03,2024-01-04,Sahyadri Roadlines
SO0002848,2024-01-03,2024-01-05,Deccan Express Logistics
SO0002849,2024-01-03,2024-01-04,Sahyadri Roadlines
SO0002850,2024-01-03,2024-01-05,Sahyadri Roadlines
SO0002851,2024-01-03,2024-01-05,Sahyadri Roadlines
SO0002856,2024-01-04,2024-01-08,Sahyadri Roadlines
SO0002857,2024-01-04,2024-01-07,Ganga Freight
SO0002858,2024-01-04,2024-01-05,Sahyadri Roadlines
SO0002859,2024-01-04,2024-01-06,Sahyadri Roadlines
SO0002860,2024-01-04,2024-01-06,Sahyadri Roadlines
SO0002861,2024-01-04,2024-01-06,Sahyadri Roadlines
SO0002862,2024-01-04,2024-01-05,Deccan Express Logistics
SO0002863,2024-01-04,2024-01-05,Sahyadri Roadlines
SO0002864,2024-01-04,2024-01-05,Ganga Freight
SO0002865,2024-01-04,2024-01-06,Deccan Express Logistics
SO0002852,2024-01-04,2024-01-07,Ganga Freight
SO0002853,2024-01-04,2024-01-05,Ganga Freight
SO0002854,2024-01-04,2024-01-07,Ganga Freight
SO0002868,2024-01-05,2024-01-06,Deccan Express Logistics
SO0002869,2024-01-05,2024-01-08,Deccan Express Logistics
SO0002880,2024-01-05,2024-01-07,Ganga Freight
SO0002870,2024-01-05,2024-01-06,Deccan Express Logistics
SO0002871,2024-01-05,2024-01-07,Sahyadri Roadlines
SO0002872,2024-01-05,2024-01-06,Ganga Freight
SO0002873,2024-01-05,2024-01-08,Sahyadri Roadlines
SO0002874,2024-01-05,2024-01-07,Deccan Express Logistics
SO0002875,2024-01-05,2024-01-07,Ganga Freight
SO0002876,2024-01-05,2024-01-06,Deccan Express Logistics
SO0002877,2024-01-05,2024-01-06,Sahyadri Roadlines
SO0002855,2024-01-05,2024-01-07,Deccan Express Logistics
SO0002866,2024-01-05,2024-01-07,Deccan Express Logistics
SO0002867,2024-01-05,2024-01-07,Ganga Freight
SO0002878,2024-01-05,2024-01-07,Ganga Freight
SO0002881,2024-01-06,2024-01-08,Deccan Express Logistics
SO0002882,2024-01-06,2024-01-08,Deccan Express Logistics
SO0002883,2024-01-06,2024-01-09,Deccan Express Logistics
SO0002884,2024-01-06,2024-01-09,Sahyadri Roadlines
SO0002885,2024-01-06,2024-01-09,Ganga Freight
SO0002886,2024-01-06,2024-01-08,Deccan Express Logistics
SO0002887,2024-01-06,2024-01-08,Sahyadri Roadlines
SO0002888,2024-01-06,2024-01-08,Sahyadri Roadlines
SO0002879,2024-01-06,2024-01-08,Ganga Freight
SO0002889,2024-01-06,2024-01-08,Ganga Freight
SO0002890,2024-01-06,2024-01-08,Sahyadri Roadlines
SO0002891,2024-01-08,2024-01-10,Ganga Freight
SO0002892,2024-01-08,2024-01-10,Deccan Express Logistics
SO0002893,2024-01-08,2024-01-11,Deccan Express Logistics
SO0002894,2024-01-08,2024-01-11,Sahyadri Roadlines
SO0002901,2024-01-08,2024-01-12,Ganga Freight
SO0002895,2024-01-08,2024-01-09,Ganga Freight
SO0002896,2024-01-08,2024-01-09,Ganga Freight
SO0002897,2024-01-08,2024-01-10,Ganga Freight
SO0002898,2024-01-08,2024-01-10,Deccan Express Logistics
SO0002899,2024-01-08,2024-01-11,Sahyadri Roadlines
SO0002900,2024-01-08,2024-01-10,Deccan Express Logistics
SO0002902,2024-01-09,2024-01-10,Sahyadri Roadlines
SO0002903,2024-01-09,2024-01-10,Deccan Express Logistics
SO0002904,2024-01-09,2024-01-10,Ganga Freight
SO0002905,2024-01-09,2024-01-11,Ganga Freight
SO0002906,2024-01-09,2024-01-11,Sahyadri Roadlines
SO0002907,2024-01-09,2024-01-10,Sahyadri Roadlines
SO0002908,2024-01-09,2024-01-10,Ganga Freight
SO0002909,2024-01-09,2024-01-11,Deccan Express Logistics
SO0002911,2024-01-09,2024-01-11,Deccan Express Logistics
SO0002912,2024-01-09,2024-01-11,Ganga Freight
SO0002913,2024-01-10,2024-01-13,Sahyadri Roadlines
SO0002914,2024-01-10,2024-01-12,Sahyadri Roadlines
SO0002915,2024-01-10,2024-01-13,Deccan Express Logistics
SO0002916,2024-01-10,2024-01-11,Sahyadri Roadlines
SO0002910,2024-01-10,2024-01-11,Deccan Express Logistics
SO0002917,2024-01-10,2024-01-11,Sahyadri Roadlines
SO0002918,2024-01-10,2024-01-11,Ganga Freight
SO0002919,2024-01-10,2024-01-12,Deccan Express Logistics
SO0002920,2024-01-10,2024-01-12,Sahyadri Roadlines
SO0002923,2024-01-10,2024-01-11,Sahyadri Roadlines
SO0002928,2024-01-11,2024-01-14,Deccan Express Logistics
SO0002929,2024-01-11,2024-01-14,Sahyadri Roadlines
SO0002930,2024-01-11,2024-01-13,Sahyadri Roadlines
SO0002931,2024-01-11,2024-01-13,Ganga Freight
SO0002932,2024-01-11,2024-01-12,Sahyadri Roadlines
SO0002933,2024-01-11,2024-01-13,Ganga Freight
SO0002934,2024-01-11,2024-01-12,Deccan Express Logistics
SO0002921,2024-01-11,2024-01-14,Ganga Freight
SO0002922,2024-01-11,2024-01-14,Deccan Express Logistics
SO0002935,2024-01-11,2024-01-12,Ganga Freight
SO0002936,2024-01-11,2024-01-12,Ganga Freight
SO0002937,2024-01-11,2024-01-14,Sahyadri Roadlines
SO0002924,2024-01-11,2024-01-13,Deccan Express Logistics
SO0002925,2024-01-11,2024-01-12,Sahyadri Roadlines
SO0002926,2024-01-11,2024-01-13,Deccan Express Logistics
SO0002940,2024-01-12,2024-01-13,Sahyadri Roadlines
SO0002941,2024-01-12,2024-01-18,Deccan Express Logistics
SO0002952,2024-01-12,2024-01-14,Deccan Express Logistics
SO0002942,2024-01-12,2024-01-13,Deccan Express Logistics
SO0002943,2024-01-12,2024-01-13,Sahyadri Roadlines
SO0002944,2024-01-12,2024-01-13,Deccan Express Logistics
SO0002945,2024-01-12,2024-01-14,Ganga Freight
SO0002946,2024-01-12,2024-01-13,Ganga Freight
SO0002947,2024-01-12,2024-01-14,Ganga Freight
SO0002948,2024-01-12,2024-01-14,Sahyadri Roadlines
SO0002949,2024-01-12,2024-01-14,Sahyadri Roadlines
SO0002927,2024-01-12,2024-01-15,Sahyadri Roadlines
SO0002938,2024-01-12,2024-01-15,Ganga Freight
SO0002939,2024-01-12,2024-01-14,Ganga Freight
SO0002950,2024-01-12,2024-01-15,Deccan Express Logistics
SO0002953,2024-01-13,2024-01-16,Ganga Freight
SO0002954,2024-01-13,2024-01-15,Sahyadri Roadlines
SO0002955,2024-01-13,2024-01-16,Deccan Express Logistics
SO0002956,2024-01-13,2024-01-17,Ganga Freight
SO0002957,2024-01-13,2024-01-17,Sahyadri Roadlines
SO0002958,2024-01-13,2024-01-15,Sahyadri Roadlines
SO0002959,2024-01-13,2024-01-16,Ganga Freight
SO0002960,2024-01-13,2024-01-16,Ganga Freight
SO0002951,2024-01-13,2024-01-14,Sahyadri Roadlines
SO0002961,2024-01-13,2024-01-15,Deccan Express Logistics
SO0002962,2024-01-13,2024-01-15,Sahyadri Roadlines
SO0002963,2024-01-15,2024-01-19,Sahyadri Roadlines
SO0002964,2024-01-15,2024-01-16,Ganga Freight
SO0002965,2024-01-15,2024-01-18,Ganga Freight
SO0002966,2024-01-15,2024-01-17,Ganga Freight
SO0002973,2024-01-15,2024-01-18,Deccan Express Logistics
SO0002967,2024-01-15,2024-01-16,Deccan Express Logistics
SO0002968,2024-01-15,2024-01-16,Deccan Express Logistics
SO0002969,2024-01-15,2024-01-17,Ganga Freight
SO0002970,2024-01-15,2024-01-18,Deccan Express Logistics
SO0002971,2024-01-15,2024-01-18,Sahyadri Roadlines
SO0002972,2024-01-15,2024-01-17,Sahyadri Roadlines
SO0002974,2024-01-16,2024-01-17,Deccan Express Logistics
SO0002975,2024-01-16,2024-01-17,Deccan Express Logistics
SO0002976,2024-01-16,2024-01-18,Deccan Express Logistics
SO0002977,2024-01-16,2024-01-19,Ganga Freight
SO0002978,2024-01-16,2024-01-18,Ganga Freight
SO0002979,2024-01-16,2024-01-17,Ganga Freight
SO0002980,2024-01-16,2024-01-18,Sahyadri Roadlines
SO0002981,2024-01-16,2024-01-18,Deccan Express Logistics
SO0002983,2024-01-16,2024-01-18,Ganga Freight
SO0002984,2024-01-16,2024-01-19,Ganga Freight
SO0002985,2024-01-17,2024-01-19,Deccan Express Logistics
SO0002986,2024-01-17,2024-01-19,Ganga Freight
SO0002987,2024-01-17,2024-01-20,Sahyadri Roadlines
SO0002988,2024-01-17,2024-01-18,Deccan Express Logistics
SO0002982,2024-01-17,2024-01-18,Deccan Express Logistics
SO0002989,2024-01-17,2024-01-18,Sahyadri Roadlines
SO0002990,2024-01-17,2024-01-18,Deccan Express Logistics
SO0002991,2024-01-17,2024-01-19,Sahyadri Roadlines
SO0002992,2024-01-17,2024-01-20,Sahyadri Roadlines
SO0002995,2024-01-17,2024-01-18,Deccan Express Logistics
SO0003000,2024-01-18,2024-01-20,Sahyadri Roadlines
SO0003001,2024-01-18,2024-01-21,Ganga Freight
SO0003002,2024-01-18,2024-01-19,Ganga Freight
SO0003003,2024-01-18,2024-01-19,Sahyadri Roadlines
SO0003004,2024-01-18,2024-01-21,Ganga Freight
SO0003005,2024-01-18,2024-01-20,Ganga Freight
SO0003006,2024-01-18,2024-01-19,Sahyadri Roadlines
SO0002993,2024-01-18,2024-01-19,Sahyadri Roadlines
SO0002994,2024-01-18,2024-01-20,Ganga Freight
SO0003007,2024-01-18,2024-01-21,Ganga Freight
SO0003008,2024-01-18,2024-01-20,Sahyadri Roadlines
SO0003009,2024-01-18,2024-01-20,Deccan Express Logistics
SO0002996,2024-01-18,2024-01-20,Ganga Freight
SO0002997,2024-01-18,2024-01-19,Deccan Express Logistics
SO0002998,2024-01-18,2024-01-20,Sahyadri Roadlines
SO0003012,2024-01-19,2024-01-20,Ganga Freight
SO0003013,2024-01-19,2024-01-22,Deccan Express Logistics
SO0003024,2024-01-19,2024-01-22,Deccan Express Logistics
SO0003014,2024-01-19,2024-01-20,Sahyadri Roadlines
SO0003015,2024-01-19,2024-01-20,Deccan Express Logistics
SO0003016,2024-01-19,2024-01-20,Sahyadri Roadlines
SO0003017,2024-01-19,2024-01-21,Deccan Express Logistics
SO0003018,2024-01-19,2024-01-21,Ganga Freight
SO0003019,2024-01-19,2024-01-21,Deccan Express Logistics
SO0003020,2024-01-19,2024-01-20,Deccan Express Logistics
SO0003021,2024-01-19,2024-01-20,Sahyadri Roadlines
SO0002999,2024-01-19,2024-01-22,Deccan Express Logistics
SO0003010,2024-01-19,2024-01-22,Sahyadri Roadlines
SO0003011,2024-01-19,2024-01-22,Sahyadri Roadlines
SO0003022,2024-01-19,2024-01-20,Deccan Express Logistics
SO0003025,2024-01-20,2024-01-23,Deccan Express Logistics
SO0003026,2024-01-20,2024-01-22,Deccan Express Logistics
SO0003027,2024-01-20,2024-01-24,Sahyadri Roadlines
SO0003028,2024-01-20,2024-01-23,Deccan Express Logistics
SO0003029,2024-01-20,2024-01-23,Sahyadri Roadlines
SO0003030,2024-01-20,2024-01-23,Ganga Freight
SO0003031,2024-01-20,2024-01-23,Sahyadri Roadlines
SO0003032,2024-01-20,2024-01-23,Deccan Express Logistics
SO0003023,2024-01-20,2024-01-23,Deccan Express Logistics
SO0003033,2024-01-20,2024-01-22,Ganga Freight
SO0003034,2024-01-20,2024-01-22,Ganga Freight
SO0003035,2024-01-22,2024-01-24,Ganga Freight
SO0003036,2024-01-22,2024-01-24,Ganga Freight
SO0003037,2024-01-22,2024-01-26,Deccan Express Logistics
SO0003038,2024-01-22,2024-01-24,Deccan Express Logistics
SO0003045,2024-01-22,2024-01-25,Deccan Express Logistics
SO0003039,2024-01-22,2024-01-23,Ganga Freight
SO0003040,2024-01-22,2024-01-23,Ganga Freight
SO0003041,2024-01-22,2024-01-23,Deccan Express Logistics
SO0003042,2024-01-22,2024-01-25,Deccan Express Logistics
SO0003043,2024-01-22,2024-01-24,Ganga Freight
SO0003044,2024-01-22,2024-01-24,Sahyadri Roadlines
SO0003046,2024-01-23,2024-01-25,Deccan Express Logistics
SO0003047,2024-01-23,2024-01-27,Sahyadri Roadlines
SO0003048,2024-01-23,2024-01-24,Sahyadri Roadlines
SO0003049,2024-01-23,2024-01-25,Deccan Express Logistics
SO0003050,2024-01-23,2024-01-25,Deccan Express Logistics
SO0003051,2024-01-23,2024-01-24,Sahyadri Roadlines
SO0003052,2024-01-23,2024-01-24,Ganga Freight
SO0003053,2024-01-23,2024-01-25,Deccan Express Logistics
SO0003055,2024-01-23,2024-01-26,Sahyadri Roadlines
SO0003056,2024-01-23,2024-01-26,Sahyadri Roadlines
SO0003057,2024-01-24,2024-01-25,Sahyadri Roadlines
SO0003058,2024-01-24,2024-01-26,Sahyadri Roadlines
SO0003059,2024-01-24,2024-01-27,Deccan Express Logistics
SO0003060,2024-01-24,2024-01-25,Ganga Freight
SO0003054,2024-01-24,2024-01-25,Deccan Express Logistics
SO0003061,2024-01-24,2024-01-26,Deccan Express Logistics
SO0003062,2024-01-24,2024-01-25,Deccan Express Logistics
SO0003063,2024-01-24,2024-01-25,Ganga Freight
SO0003064,2024-01-24,2024-01-26,Deccan Express Logistics
SO0003065,2024-01-24,2024-01-25,Ganga Freight
SO0003067,2024-01-24,2024-01-25,Sahyadri Roadlines
SO0003072,2024-01-25,2024-01-27,Sahyadri Roadlines
SO0003073,2024-01-25,2024-01-29,Sahyadri Roadlines
SO0003074,2024-01-25,2024-01-26,Sahyadri Roadlines
SO0003075,2024-01-25,2024-01-26,Ganga Freight
SO0003076,2024-01-25,2024-01-27,Sahyadri Roadlines
SO0003077,2024-01-25,2024-01-27,Ganga Freight
SO0003078,2024-01-25,2024-01-27,Deccan Express Logistics
SO0003066,2024-01-25,2024-01-28,Deccan Express Logistics
SO0003079,2024-01-25,2024-01-26,Ganga Freight
SO0003080,2024-01-25,2024-01-26,Ganga Freight
SO0003081,2024-01-25,2024-01-27,Deccan Express Logistics
SO0003068,2024-01-25,2024-01-27,Ganga Freight
SO0003069,2024-01-25,2024-01-26,Ganga Freight
SO0003070,2024-01-25,2024-01-28,Sahyadri Roadlines
SO0003084,2024-01-26,2024-01-27,Deccan Express Logistics
SO0003085,2024-01-26,2024-01-29,Sahyadri Roadlines
SO0003096,2024-01-26,2024-01-28,Sahyadri Roadlines
SO0003086,2024-01-26,2024-01-28,Ganga Freight
SO0003087,2024-01-26,2024-01-27,Deccan Express Logistics
SO0003088,2024-01-26,2024-01-28,Sahyadri Roadlines
SO0003089,2024-01-26,2024-01-29,Sahyadri Roadlines
SO0003090,2024-01-26,2024-01-27,Deccan Express Logistics
SO0003091,2024-01-26,2024-01-27,Ganga Freight
SO0003092,2024-01-26,2024-01-27,Sahyadri Roadlines
SO0003093,2024-01-26,2024-01-27,Ganga Freight
SO0003071,2024-01-26,2024-01-28,Ganga Freight
SO0003082,2024-01-26,2024-01-29,Ganga Freight
SO0003083,2024-01-26,2024-01-29,Ganga Freight
SO0003094,2024-01-26,2024-01-27,Deccan Express Logistics
SO0003095,2024-01-26,2024-01-27,Ganga Freight
SO0003097,2024-01-27,2024-01-30,Sahyadri Roadlines
SO0003098,2024-01-27,2024-01-30,Deccan Express Logistics
SO0003099,2024-01-27,2024-01-29,Ganga Freight
SO0003100,2024-01-27,2024-01-30,Sahyadri Roadlines
SO0003101,2024-01-27,2024-01-30,Deccan Express Logistics
SO0003102,2024-01-27,2024-01-29,Sahyadri Roadlines
SO0003103,2024-01-27,2024-01-29,Ganga Freight
SO0003104,2024-01-27,2024-01-29,Sahyadri Roadlines
SO0003105,2024-01-27,2024-01-29,Ganga Freight
SO0003106,2024-01-27,2024-01-29,Deccan Express Logistics
SO0003107,2024-01-29,2024-01-31,Deccan Express Logistics
SO0003108,2024-01-29,2024-01-31,Deccan Express Logistics
SO0003109,2024-01-29,2024-02-02,Sahyadri Roadlines
SO0003110,2024-01-29,2024-01-31,Deccan Express Logistics
SO0003117,2024-01-29,2024-01-31,Sahyadri Roadlines
SO0003111,2024-01-29,2024-01-30,Ganga Freight
SO0003112,2024-01-29,2024-01-30,Ganga Freight
SO0003113,2024-01-29,2024-01-30,Deccan Express Logistics
SO0003114,2024-01-29,2024-01-31,Ganga Freight
SO0003115,2024-01-29,2024-01-31,Sahyadri Roadlines
SO0003116,2024-01-29,2024-01-31,Deccan Express Logistics
SO0003118,2024-01-30,2024-01-31,Deccan Express Logistics
SO0003119,2024-01-30,2024-02-01,Ganga Freight
SO0003120,2024-01-30,2024-01-31,Sahyadri Roadlines
SO0003121,2024-01-30,2024-02-02,Deccan Express Logistics
SO0003122,2024-01-30,2024-02-01,Ganga Freight
SO0003123,2024-01-30,2024-01-31,Sahyadri Roadlines
SO0003124,2024-01-30,2024-02-01,Deccan Express Logistics
SO0003125,2024-01-30,2024-02-01,Deccan Express Logistics
SO0003126,2024-01-30,2024-02-01,Ganga Freight
SO0003127,2024-01-30,2024-02-02,Deccan Express Logistics
SO0003128,2024-01-30,2024-02-02,Deccan Express Logistics
SO0003129,2024-01-31,2024-02-01,Sahyadri Roadlines
SO0003130,2024-01-31,2024-02-02,Sahyadri Roadlines
SO0003131,2024-01-31,2024-02-03,Ganga Freight
SO0003132,2024-01-31,2024-02-01,Deccan Express Logistics
SO0003133,2024-01-31,2024-02-01,Ganga Freight
SO0003134,2024-01-31,2024-02-01,Deccan Express Logistics
SO0003135,2024-01-31,2024-02-01,Sahyadri Roadlines
SO0003136,2024-01-31,2024-02-03,Ganga Freight
SO0003137,2024-01-31,2024-02-01,Ganga Freight
SO0003139,2024-01-31,2024-02-01,Sahyadri Roadlines
SO0003144,2024-02-01,2024-02-03,Sahyadri Roadlines
SO0003145,2024-02-01,2024-02-05,Ganga Freight
SO0003146,2024-02-01,2024-02-03,Ganga Freight
SO0003147,2024-02-01,2024-02-02,Deccan Express Logistics
SO0003148,2024-02-01,2024-02-03,Ganga Freight
SO0003149,2024-02-01,2024-02-03,Sahyadri Roadlines
SO0003150,2024-02-01,2024-02-04,Deccan Express Logistics
SO0003138,2024-02-01,2024-02-04,Deccan Express Logistics
SO0003151,2024-02-01,2024-02-02,Sahyadri Roadlines
SO0003152,2024-02-01,2024-02-03,Deccan Express Logistics
SO0003153,2024-02-01,2024-02-03,Deccan Express Logistics
SO0003140,2024-02-01,2024-02-04,Deccan Express Logistics
SO0003141,2024-02-01,2024-02-03,Deccan Express Logistics
SO0003142,2024-02-01,2024-02-04,Sahyadri Roadlines
SO0003156,2024-02-02,2024-02-03,Sahyadri Roadlines
SO0003157,2024-02-02,2024-02-05,Deccan Express Logistics
SO0003168,2024-02-02,2024-02-04,Sahyadri Roadlines
SO0003158,2024-02-02,2024-02-03,Sahyadri Roadlines
SO0003159,2024-02-02,2024-02-04,Sahyadri Roadlines
SO0003160,2024-02-02,2024-02-04,Deccan Express Logistics
SO0003161,2024-02-02,2024-02-04,Ganga Freight
SO0003162,2024-02-02,2024-02-04,Ganga Freight
SO0003163,2024-02-02,2024-02-04,Deccan Express Logistics
SO0003164,2024-02-02,2024-02-03,Sahyadri Roadlines
SO0003165,2024-02-02,2024-02-03,Deccan Express Logistics
SO0003143,2024-02-02,2024-02-05,Sahyadri Roadlines
SO0003154,2024-02-02,2024-02-05,Deccan Express Logistics
SO0003155,2024-02-02,2024-02-04,Sahyadri Roadlines
SO0003166,2024-02-02,2024-02-03,Ganga Freight
SO0003169,2024-02-03,2024-02-05,Sahyadri Roadlines
SO0003170,2024-02-03,2024-02-06,Deccan Express Logistics
SO0003171,2024-02-03,2024-02-05,Deccan Express Logistics
SO0003172,2024-02-03,2024-02-07,Deccan Express Logistics
SO0003173,2024-02-03,2024-02-06,Sahyadri Roadlines
SO0003174,2024-02-03,2024-02-05,Ganga Freight
SO0003175,2024-02-03,2024-02-06,Sahyadri Roadlines
SO0003176,2024-02-03,2024-02-05,Sahyadri Roadlines
SO0003167,2024-02-03,2024-02-05,Deccan Express Logistics
SO0003177,2024-02-03,2024-02-05,Deccan Express Logistics
SO0003178,2024-02-03,2024-02-05,Sahyadri Roadlines
SO0003179,2024-02-05,2024-02-07,Sahyadri Roadlines
SO0003180,2024-02-05,2024-02-06,Sahyadri Roadlines
SO0003181,2024-02-05,2024-02-09,Sahyadri Roadlines
SO0003182,2024-02-05,2024-02-07,Sahyadri Roadlines
SO0003189,2024-02-05,2024-02-08,Sahyadri Roadlines
SO0003183,2024-02-05,2024-02-07,Deccan Express Logistics
SO0003184,2024-02-05,2024-02-06,Ganga Freight
SO0003185,2024-02-05,2024-02-06,Deccan Express Logistics
SO0003186,2024-02-05,2024-02-07,Ganga Freight
SO0003187,2024-02-05,2024-02-07,Sahyadri Roadlines
SO0003188,2024-02-05,2024-02-08,Ganga Freight
SO0003190,2024-02-06,2024-02-08,Deccan Express Logistics
SO0003191,2024-02-06,2024-02-07,Sahyadri Roadlines
SO0003192,2024-02-06,2024-02-08,Sahyadri Roadlines
SO0003193,2024-02-06,2024-02-08,Deccan Express Logistics
SO0003194,2024-02-06,2024-02-08,Sahyadri Roadlines
SO0003195,2024-02-06,2024-02-08,Sahyadri Roadlines
SO0003196,2024-02-06,2024-02-07,Sahyadri Roadlines
SO0003197,2024-02-06,2024-02-08,Sahyadri Roadlines
SO0003199,2024-02-06,2024-02-09,Deccan Express Logistics
SO0003200,2024-02-06,2024-02-08,Sahyadri Roadlines
SO0003201,2024-02-07,2024-02-09,Deccan Express Logistics
SO0003202,2024-02-07,2024-02-10,Sahyadri Roadlines
SO0003203,2024-02-07,2024-02-10,Deccan Express Logistics
SO0003204,2024-02-07,2024-02-08,Sahyadri Roadlines
SO0003198,2024-02-07,2024-02-09,Sahyadri Roadlines
SO0003205,2024-02-07,2024-02-08,Ganga Freight
SO0003206,2024-02-07,2024-02-08,Deccan Express Logistics
SO0003207,2024-02-07,2024-02-09,Ganga Freight
SO0003208,2024-02-07,2024-02-10,Deccan Express Logistics
SO0003209,2024-02-07,2024-02-09,Ganga Freight
SO0003211,2024-02-07,2024-02-09,Ganga Freight
SO0003216,2024-02-08,2024-02-12,Deccan Express Logistics
SO0003217,2024-02-08,2024-02-12,Ganga Freight
SO0003218,2024-02-08,2024-02-09,Sahyadri Roadlines
SO0003219,2024-02-08,2024-02-09,Ganga Freight
SO0003220,2024-02-08,2024-02-09,Ganga Freight
SO0003221,2024-02-08,2024-02-10,Sahyadri Roadlines
SO0003222,2024-02-08,2024-02-10,Ganga Freight
SO0003210,2024-02-08,2024-02-10,Ganga Freight
SO0003223,2024-02-08,2024-02-09,Sahyadri Roadlines
SO0003224,2024-02-08,2024-02-10,Sahyadri Roadlines
SO0003225,2024-02-08,2024-02-10,Ganga Freight
SO0003212,2024-02-08,2024-02-10,Deccan Express Logistics
SO0003213,2024-02-08,2024-02-09,Sahyadri Roadlines
SO0003214,2024-02-08,2024-02-10,Ganga Freight
SO0003228,2024-02-09,2024-02-11,Deccan Express Logistics
SO0003229,2024-02-09,2024-02-12,Deccan Express Logistics
SO0003240,2024-02-09,2024-02-11,Ganga Freight
SO0003230,2024-02-09,2024-02-11,Sahyadri Roadlines
SO0003231,2024-02-09,2024-02-10,Ganga Freight
SO0003232,2024-02-09,2024-02-11,Deccan Express Logistics
SO0003233,2024-02-09,2024-02-11,Sahyadri Roadlines
SO0003234,2024-02-09,2024-02-11,Deccan Express Logistics
SO0003235,2024-02-09,2024-02-11,Ganga Freight
SO0003236,2024-02-09,2024-02-11,Sahyadri Roadlines
SO0003237,2024-02-09,2024-02-11,Sahyadri Roadlines
SO0003215,2024-02-09,2024-02-12,Sahyadri Roadlines
SO0003226,2024-02-09,2024-02-11,Sahyadri Roadlines
SO0003227,2024-02-09,2024-02-11,Ganga Freight
SO0003238,2024-02-09,2024-02-10,Ganga Freight
SO0003239,2024-02-09,2024-02-11,Sahyadri Roadlines
SO0003241,2024-02-10,2024-02-12,Ganga Freight
SO0003242,2024-02-10,2024-02-12,Sahyadri Roadlines
SO0003243,2024-02-10,2024-02-13,Deccan Express Logistics
SO0003244,2024-02-10,2024-02-13,Deccan Express Logistics
SO0003245,2024-02-10,2024-02-13,Sahyadri Roadlines
SO0003246,2024-02-10,2024-02-12,Deccan Express Logistics
SO0003247,2024-02-10,2024-02-12,Deccan Express Logistics
SO0003248,2024-02-10,2024-02-13,Ganga Freight
SO0003249,2024-02-10,2024-02-12,Deccan Express Logistics
SO0003250,2024-02-10,2024-02-12,Deccan Express Logistics
SO0003251,2024-02-12,2024-02-14,Deccan Express Logistics
SO0003252,2024-02-12,2024-02-13,Deccan Express Logistics
SO0003253,2024-02-12,2024-02-15,Deccan Express Logistics
SO0003254,2024-02-12,2024-02-14,Sahyadri Roadlines
SO0003261,2024-02-12,2024-02-14,Sahyadri Roadlines
SO0003255,2024-02-12,2024-02-14,Sahyadri Roadlines
SO0003256,2024-02-12,2024-02-13,Ganga Freight
SO0003257,2024-02-12,2024-02-13,Sahyadri Roadlines
SO0003258,2024-02-12,2024-02-15,Ganga Freight
SO0003259,2024-02-12,2024-02-14,Ganga Freight
SO0003260,2024-02-12,2024-02-16,Ganga Freight
SO0003262,2024-02-13,2024-02-15,Deccan Express Logistics
SO0003263,2024-02-13,2024-02-15,Ganga Freight
SO0003264,2024-02-13,2024-02-15,Deccan Express Logistics
SO0003265,2024-02-13,2024-02-15,Deccan Express Logistics
SO0003266,2024-02-13,2024-02-15,Deccan Express Logistics
SO0003267,2024-02-13,2024-02-14,Sahyadri Roadlines
SO0003268,2024-02-13,2024-02-16,Deccan Express Logistics
SO0003269,2024-02-13,2024-02-15,Sahyadri Roadlines
SO0003270,2024-02-13,2024-02-14,Sahyadri Roadlines
SO0003271,2024-02-13,2024-02-15,Sahyadri Roadlines
SO0003272,2024-02-13,2024-02-16,Deccan Express Logistics
SO0003273,2024-02-14,2024-02-15,Sahyadri Roadlines
SO0003274,2024-02-14,2024-02-16,Ganga Freight
SO0003275,2024-02-14,2024-02-17,Deccan Express Logistics
SO0003276,2024-02-14,2024-02-15,Sahyadri Roadlines
SO0003277,2024-02-14,2024-02-15,Deccan Express Logistics
SO0003278,2024-02-14,2024-02-16,Deccan Express Logistics
SO0003279,2024-02-14,2024-02-15,Ganga Freight
SO0003280,2024-02-14,2024-02-16,Sahyadri Roadlines
SO0003281,2024-02-14,2024-02-15,Sahyadri Roadlines
SO0003283,2024-02-14,2024-02-15,Ganga Freight
SO0003288,2024-02-15,2024-02-17,Ganga Freight
SO0003289,2024-02-15,2024-02-18,Sahyadri Roadlines
SO0003290,2024-02-15,2024-02-16,Ganga Freight
SO0003291,2024-02-15,2024-02-16,Deccan Express Logistics
SO0003292,2024-02-15,2024-02-16,Ganga Freight
SO0003293,2024-02-15,2024-02-17,Sahyadri Roadlines
SO0003294,2024-02-15,2024-02-17,Deccan Express Logistics
SO0003282,2024-02-15,2024-02-17,Sahyadri Roadlines
SO0003295,2024-02-15,2024-02-16,Sahyadri Roadlines
SO0003296,2024-02-15,2024-02-17,Deccan Express Logistics
SO0003297,2024-02-15,2024-02-17,Deccan Express Logistics
SO0003284,2024-02-15,2024-02-18,Sahyadri Roadlines
SO0003285,2024-02-15,2024-02-16,Sahyadri Roadlines
SO0003286,2024-02-15,2024-02-17,Sahyadri Roadlines
SO0003287,2024-02-15,2024-02-17,Deccan Express Logistics
SO0003300,2024-02-16,2024-02-17,Deccan Express Logistics
SO0003301,2024-02-16,2024-02-19,Sahyadri Roadlines
SO0003312,2024-02-16,2024-02-18,Sahyadri Roadlines
SO0003302,2024-02-16,2024-02-17,Ganga Freight
SO0003303,2024-02-16,2024-02-17,Sahyadri Roadlines
SO0003304,2024-02-16,2024-02-17,Deccan Express Logistics
SO0003305,2024-02-16,2024-02-18,Ganga Freight
SO0003306,2024-02-16,2024-02-17,Ganga Freight
SO0003307,2024-02-16,2024-02-18,Deccan Express Logistics
SO0003308,2024-02-16,2024-02-17,Sahyadri Roadlines
SO0003309,2024-02-16,2024-02-18,Ganga Freight
SO0003298,2024-02-16,2024-02-19,Sahyadri Roadlines
SO0003299,2024-02-16,2024-02-18,Ganga Freight
SO0003310,2024-02-16,2024-02-18,Deccan Express Logistics
SO0003311,2024-02-16,2024-02-17,Deccan Express Logistics
SO0003313,2024-02-17,2024-02-19,Deccan Express Logistics
SO0003314,2024-02-17,2024-02-19,Ganga Freight
SO0003315,2024-02-17,2024-02-20,Ganga Freight
SO0003316,2024-02-17,2024-02-22,Deccan Express Logistics
SO0003317,2024-02-17,2024-02-21,Sahyadri Roadlines
SO0003318,2024-02-17,2024-02-20,Deccan Express Logistics
SO0003319,2024-02-17,2024-02-23,Sahyadri Roadlines
SO0003320,2024-02-17,2024-02-19,Sahyadri Roadlines
SO0003321,2024-02-17,2024-02-19,Ganga Freight
SO0003322,2024-02-17,2024-02-19,Ganga Freight
SO0003323,2024-02-19,2024-02-21,Sahyadri Roadlines
SO0003324,2024-02-19,2024-02-21,Sahyadri Roadlines
SO0003325,2024-02-19,2024-02-22,Sahyadri Roadlines
SO0003326,2024-02-19,2024-02-21,Deccan Express Logistics
SO0003333,2024-02-19,2024-02-21,Deccan Express Logistics
SO0003327,2024-02-19,2024-02-20,Ganga Freight
SO0003328,2024-02-19,2024-02-20,Ganga Freight
SO0003329,2024-02-19,2024-02-20,Ganga Freight
SO0003330,2024-02-19,2024-02-21,Sahyadri Roadlines
SO0003331,2024-02-19,2024-02-21,Sahyadri Roadlines
SO0003332,2024-02-19,2024-02-21,Sahyadri Roadlines
SO0003334,2024-02-20,2024-02-22,Sahyadri Roadlines
SO0003335,2024-02-20,2024-02-21,Sahyadri Roadlines
SO0003336,2024-02-20,2024-02-22,Ganga Freight
SO0003337,2024-02-20,2024-02-22,Ganga Freight
SO0003338,2024-02-20,2024-02-23,Ganga Freight
SO0003339,2024-02-20,2024-02-21,Ganga Freight
SO0003340,2024-02-20,2024-02-21,Deccan Express Logistics
SO0003341,2024-02-20,2024-02-22,Sahyadri Roadlines
SO0003342,2024-02-20,2024-02-21,Ganga Freight
SO0003343,2024-02-20,2024-02-22,Sahyadri Roadlines
SO0003344,2024-02-20,2024-02-22,Ganga Freight
SO0003345,2024-02-21,2024-02-23,Deccan Express Logistics
SO0003346,2024-02-21,2024-02-23,Ganga Freight
SO0003347,2024-02-21,2024-02-24,Ganga Freight
SO0003348,2024-02-21,2024-02-23,Ganga Freight
SO0003349,2024-02-21,2024-02-23,Ganga Freight
SO0003350,2024-02-21,2024-02-22,Deccan Express Logistics
SO0003351,2024-02-21,2024-02-22,Sahyadri Roadlines
SO0003352,2024-02-21,2024-02-26,Sahyadri Roadlines
SO0003353,2024-02-21,2024-02-22,Deccan Express Logistics
SO0003355,2024-02-21,2024-02-22,Deccan Express Logistics
SO0003360,2024-02-22,2024-02-24,Sahyadri Roadlines
SO0003361,2024-02-22,2024-02-25,Ganga Freight
SO0003362,2024-02-22,2024-02-23,Deccan Express Logistics
SO0003363,2024-02-22,2024-02-24,Sahyadri Roadlines
SO0003364,2024-02-22,2024-02-23,Deccan Express Logistics
SO0003365,2024-02-22,2024-02-24,Sahyadri Roadlines
SO0003366,2024-02-22,2024-02-23,Ganga Freight
SO0003354,2024-02-22,2024-02-24,Ganga Freight
SO0003367,2024-02-22,2024-02-23,Deccan Express Logistics
SO0003368,2024-02-22,2024-02-23,Ganga Freight
SO0003369,2024-02-22,2024-02-25,Ganga Freight
SO0003356,2024-02-22,2024-02-25,Deccan Express Logistics
SO0003357,2024-02-22,2024-02-23,Ganga Freight
SO0003358,2024-02-22,2024-02-24,Deccan Express Logistics
SO0003372,2024-02-23,2024-02-24,Ganga Freight
SO0003373,2024-02-23,2024-02-26,Sahyadri Roadlines
SO0003384,2024-02-23,2024-02-26,Sahyadri Roadlines
SO0003374,2024-02-23,2024-02-24,Ganga Freight
SO0003375,2024-02-23,2024-02-24,Ganga Freight
SO0003376,2024-02-23,2024-02-25,Ganga Freight
SO0003377,2024-02-23,2024-02-25,Sahyadri Roadlines
SO0003378,2024-02-23,2024-02-25,Ganga Freight
SO0003379,2024-02-23,2024-02-24,Deccan Express Logistics
SO0003380,2024-02-23,2024-02-24,Deccan Express Logistics
SO0003381,2024-02-23,2024-02-24,Deccan Express Logistics
SO0003359,2024-02-23,2024-02-25,Sahyadri Roadlines
SO0003370,2024-02-23,2024-02-25,Sahyadri Roadlines
SO0003371,2024-02-23,2024-02-25,Ganga Freight
SO0003382,2024-02-23,2024-02-24,Ganga Freight
SO0003383,2024-02-23,2024-02-24,Sahyadri Roadlines
SO0003385,2024-02-24,2024-02-26,Sahyadri Roadlines
SO0003386,2024-02-24,2024-02-27,Deccan Express Logistics
SO0003387,2024-02-24,2024-02-27,Sahyadri Roadlines
SO0003388,2024-02-24,2024-02-27,Sahyadri Roadlines
SO0003389,2024-02-24,2024-02-28,Deccan Express Logistics
SO0003390,2024-02-24,2024-02-27,Deccan Express Logistics
SO0003391,2024-02-24,2024-02-27,Ganga Freight
SO0003392,2024-02-24,2024-02-26,Deccan Express Logistics
SO0003393,2024-02-24,2024-02-27,Deccan Express Logistics
SO0003394,2024-02-24,2024-02-27,Ganga Freight
SO0003395,2024-02-26,2024-02-28,Ganga Freight
SO0003396,2024-02-26,2024-02-27,Sahyadri Roadlines
SO0003397,2024-02-26,2024-03-02,Ganga Freight
SO0003398,2024-02-26,2024-02-28,Sahyadri Roadlines
SO0003405,2024-02-26,2024-02-28,Ganga Freight
SO0003399,2024-02-26,2024-02-27,Deccan Express Logistics
SO0003400,2024-02-26,2024-02-27,Deccan Express Logistics
SO0003401,2024-02-26,2024-02-27,Ganga Freight
SO0003402,2024-02-26,2024-03-01,Deccan Express Logistics
SO0003403,2024-02-26,2024-02-28,Deccan Express Logistics
SO0003404,2024-02-26,2024-02-28,Ganga Freight
SO0003406,2024-02-27,2024-02-28,Deccan Express Logistics
SO0003407,2024-02-27,2024-02-29,Ganga Freight
SO0003408,2024-02-27,2024-02-29,Deccan Express Logistics
SO0003409,2024-02-27,2024-02-29,Ganga Freight
SO0003410,2024-02-27,2024-02-29,Deccan Express Logistics
SO0003411,2024-02-27,2024-02-29,Sahyadri Roadlines
SO0003412,2024-02-27,2024-02-28,Deccan Express Logistics
SO0003413,2024-02-27,2024-03-01,Deccan Express Logistics
SO0003414,2024-02-27,2024-02-28,Deccan Express Logistics
SO0003415,2024-02-27,2024-02-29,Ganga Freight
SO0003416,2024-02-27,2024-03-01,Deccan Express Logistics
SO0003417,2024-02-28,2024-02-29,Deccan Express Logistics
SO0003418,2024-02-28,2024-03-01,Deccan Express Logistics
SO0003419,2024-02-28,2024-03-02,Sahyadri Roadlines
SO0003420,2024-02-28,2024-02-29,Deccan Express Logistics
SO0003421,2024-02-28,2024-02-29,Deccan Express Logistics
SO0003422,2024-02-28,2024-03-02,Sahyadri Roadlines
SO0003423,2024-02-28,2024-02-29,Ganga Freight
SO0003424,2024-02-28,2024-03-02,Sahyadri Roadlines
SO0003425,2024-02-28,2024-02-29,Ganga Freight
SO0003427,2024-02-28,2024-02-29,Deccan Express Logistics
SO0003432,2024-02-29,2024-03-02,Ganga Freight
SO0003433,2024-02-29,2024-03-03,Ganga Freight
SO0003434,2024-02-29,2024-03-01,Sahyadri Roadlines
SO0003435,2024-02-29,2024-03-01,Ganga Freight
SO0003436,2024-02-29,2024-03-01,Ganga Freight
SO0003437,2024-02-29,2024-03-02,Ganga Freight
SO0003438,2024-02-29,2024-03-02,Sahyadri Roadlines
SO0003426,2024-02-29,2024-03-03,Ganga Freight
SO0003439,2024-02-29,2024-03-01,Sahyadri Roadlines
SO0003440,2024-02-29,2024-03-01,Ganga Freight
SO0003441,2024-02-29,2024-03-02,Sahyadri Roadlines
SO0003428,2024-02-29,2024-03-02,Sahyadri Roadlines
SO0003429,2024-02-29,2024-03-01,Deccan Express Logistics
SO0003430,2024-02-29,2024-03-02,Deccan Express Logistics
SO0003444,2024-03-01,2024-03-02,Ganga Freight
SO0003445,2024-03-01,2024-03-04,Sahyadri Roadlines
SO0003456,2024-03-01,2024-03-05,Ganga Freight
SO0003446,2024-03-01,2024-03-02,Ganga Freight
SO0003447,2024-03-01,2024-03-02,Ganga Freight
SO0003448,2024-03-01,2024-03-03,Sahyadri Roadlines
SO0003449,2024-03-01,2024-03-04,Deccan Express Logistics
SO0003450,2024-03-01,2024-03-02,Sahyadri Roadlines
SO0003451,2024-03-01,2024-03-03,Ganga Freight
SO0003452,2024-03-01,2024-03-02,Sahyadri Roadlines
SO0003453,2024-03-01,2024-03-02,Sahyadri Roadlines
SO0003431,2024-03-01,2024-03-04,Sahyadri Roadlines
SO0003442,2024-03-01,2024-03-03,Deccan Express Logistics
SO0003443,2024-03-01,2024-03-04,Deccan Express Logistics
SO0003454,2024-03-01,2024-03-03,Deccan Express Logistics
SO0003457,2024-03-02,2024-03-06,Deccan Express Logistics
SO0003458,2024-03-02,2024-03-04,Deccan Express Logistics
SO0003459,2024-03-02,2024-03-04,Deccan Express Logistics
SO0003460,2024-03-02,2024-03-05,Ganga Freight
SO0003461,2024-03-02,2024-03-05,Sahyadri Roadlines
SO0003462,2024-03-02,2024-03-04,Deccan Express Logistics
SO0003463,2024-03-02,2024-03-04,Sahyadri Roadlines
SO0003464,2024-03-02,2024-03-05,Ganga Freight
SO0003455,2024-03-02,2024-03-03,Sahyadri Roadlines
SO0003465,2024-03-02,2024-03-04,Sahyadri Roadlines
SO0003466,2024-03-02,2024-03-04,Ganga Freight
SO0003467,2024-03-04,2024-03-06,Ganga Freight
SO0003468,2024-03-04,2024-03-06,Deccan Express Logistics
SO0003469,2024-03-04,2024-03-07,Sahyadri Roadlines
SO0003470,2024-03-04,2024-03-08,Deccan Express Logistics
SO0003477,2024-03-04,2024-03-07,Ganga Freight
SO0003471,2024-03-04,2024-03-06,Ganga Freight
SO0003472,2024-03-04,2024-03-05,Sahyadri Roadlines
SO0003473,2024-03-04,2024-03-05,Deccan Express Logistics
SO0003474,2024-03-04,2024-03-06,Ganga Freight
SO0003475,2024-03-04,2024-03-06,Sahyadri Roadlines
SO0003476,2024-03-04,2024-03-06,Ganga Freight
SO0003478,2024-03-05,2024-03-06,Ganga Freight
SO0003479,2024-03-05,2024-03-06,Sahyadri Roadlines
SO0003480,2024-03-05,2024-03-06,Ganga Freight
SO0003481,2024-03-05,2024-03-07,Sahyadri Roadlines
SO0003482,2024-03-05,2024-03-07,Sahyadri Roadlines
SO0003483,2024-03-05,2024-03-06,Sahyadri Roadlines
SO0003484,2024-03-05,2024-03-06,Sahyadri Roadlines
SO0003485,2024-03-05,2024-03-07,Ganga Freight
SO0003486,2024-03-05,2024-03-07,Ganga Freight
SO0003487,2024-03-05,2024-03-07,Ganga Freight
SO0003488,2024-03-05,2024-03-09,Sahyadri Roadlines
SO0003489,2024-03-06,2024-03-08,Deccan Express Logistics
SO0003490,2024-03-06,2024-03-08,Deccan Express Logistics
SO0003491,2024-03-06,2024-03-10,Ganga Freight
SO0003492,2024-03-06,2024-03-07,Sahyadri Roadlines
SO0003493,2024-03-06,2024-03-09,Deccan Express Logistics
SO0003494,2024-03-06,2024-03-08,Sahyadri Roadlines
SO0003495,2024-03-06,2024-03-07,Ganga Freight
SO0003496,2024-03-06,2024-03-09,Deccan Express Logistics
SO0003497,2024-03-06,2024-03-07,Sahyadri Roadlines
SO0003498,2024-03-06,2024-03-08,Sahyadri Roadlines
SO0003499,2024-03-06,2024-03-08,Ganga Freight
SO0003504,2024-03-07,2024-03-09,Sahyadri Roadlines
SO0003505,2024-03-07,2024-03-11,Sahyadri Roadlines
SO0003506,2024-03-07,2024-03-09,Sahyadri Roadlines
SO0003507,2024-03-07,2024-03-08,Deccan Express Logistics
SO0003508,2024-03-07,2024-03-09,Deccan Express Logistics
SO0003509,2024-03-07,2024-03-09,Ganga Freight
SO0003510,2024-03-07,2024-03-08,Ganga Freight
SO0003511,2024-03-07,2024-03-08,Ganga Freight
SO0003512,2024-03-07,2024-03-09,Sahyadri Roadlines
SO0003513,2024-03-07,2024-03-09,Deccan Express Logistics
SO0003500,2024-03-07,2024-03-10,Sahyadri Roadlines
SO0003501,2024-03-07,2024-03-08,Deccan Express Logistics
SO0003502,2024-03-07,2024-03-09,Deccan Express Logistics
SO0003516,2024-03-08,2024-03-10,Ganga Freight
SO0003517,2024-03-08,2024-03-11,Ganga Freight
SO0003528,2024-03-08,2024-03-10,Sahyadri Roadlines
SO0003518,2024-03-08,2024-03-09,Ganga Freight
SO0003519,2024-03-08,2024-03-10,Sahyadri Roadlines
SO0003520,2024-03-08,2024-03-09,Ganga Freight
SO0003521,2024-03-08,2024-03-10,Deccan Express Logistics
SO0003522,2024-03-08,2024-03-11,Ganga Freight
SO0003523,2024-03-08,2024-03-10,Sahyadri Roadlines
SO0003524,2024-03-08,2024-03-09,Deccan Express Logistics
SO0003525,2024-03-08,2024-03-09,Deccan Express Logistics
SO0003503,2024-03-08,2024-03-11,Sahyadri Roadlines
SO0003514,2024-03-08,2024-03-10,Deccan Express Logistics
SO0003515,2024-03-08,2024-03-11,Ganga Freight
SO0003526,2024-03-08,2024-03-09,Deccan Express Logistics
SO0003527,2024-03-08,2024-03-09,Ganga Freight
SO0003529,2024-03-09,2024-03-12,Sahyadri Roadlines
SO0003530,2024-03-09,2024-03-12,Ganga Freight
SO0003531,2024-03-09,2024-03-11,Ganga Freight
SO0003532,2024-03-09,2024-03-12,Sahyadri Roadlines
SO0003533,2024-03-09,2024-03-13,Ganga Freight
SO0003534,2024-03-09,2024-03-12,Deccan Express Logistics
SO0003535,2024-03-09,2024-03-11,Deccan Express Logistics
SO0003536,2024-03-09,2024-03-11,Deccan Express Logistics
SO0003537,2024-03-09,2024-03-11,Ganga Freight
SO0003538,2024-03-09,2024-03-11,Sahyadri Roadlines
SO0003539,2024-03-11,2024-03-13,Ganga Freight
SO0003540,2024-03-11,2024-03-12,Sahyadri Roadlines
SO0003541,2024-03-11,2024-03-14,Ganga Freight
SO0003542,2024-03-11,2024-03-14,Deccan Express Logistics
SO0003549,2024-03-11,2024-03-13,Sahyadri Roadlines
SO0003543,2024-03-11,2024-03-12,Sahyadri Roadlines
SO0003544,2024-03-11,2024-03-13,Deccan Express Logistics
SO0003545,2024-03-11,2024-03-12,Sahyadri Roadlines
SO0003546,2024-03-11,2024-03-13,Sahyadri Roadlines
SO0003547,2024-03-11,2024-03-13,Sahyadri Roadlines
SO0003548,2024-03-11,2024-03-14,Sahyadri Roadlines
SO0003550,2024-03-12,2024-03-13,Sahyadri Roadlines
SO0003551,2024-03-12,2024-03-13,Sahyadri Roadlines
SO0003552,2024-03-12,2024-03-14,Sahyadri Roadlines
SO0003553,2024-03-12,2024-03-14,Deccan Express Logistics
SO0003554,2024-03-12,2024-03-14,Deccan Express Logistics
SO0003555,2024-03-12,2024-03-13,Ganga Freight
SO0003556,2024-03-12,2024-03-13,Sahyadri Roadlines
SO0003557,2024-03-12,2024-03-15,Deccan Express Logistics
SO0003559,2024-03-12,2024-03-14,Ganga Freight
SO0003560,2024-03-12,2024-03-14,Sahyadri Roadlines
SO0003561,2024-03-13,2024-03-14,Ganga Freight
SO0003562,2024-03-13,2024-03-15,Ganga Freight
SO0003563,2024-03-13,2024-03-17,Deccan Express Logistics
SO0003564,2024-03-13,2024-03-15,Sahyadri Roadlines
SO0003558,2024-03-13,2024-03-14,Sahyadri Roadlines
SO0003565,2024-03-13,2024-03-14,Deccan Express Logistics
SO0003566,2024-03-13,2024-03-14,Ganga Freight
SO0003567,2024-03-13,2024-03-14,Sahyadri Roadlines
SO0003568,2024-03-13,2024-03-15,Ganga Freight
SO0003569,2024-03-13,2024-03-15,Ganga Freight
SO0003571,2024-03-13,2024-03-14,Ganga Freight
SO0003576,2024-03-14,2024-03-16,Deccan Express Logistics
SO0003577,2024-03-14,2024-03-17,Ganga Freight
SO0003578,2024-03-14,2024-03-15,Deccan Express Logistics
SO0003579,2024-03-14,2024-03-15,Sahyadri Roadlines
SO0003580,2024-03-14,2024-03-15,Sahyadri Roadlines
SO0003581,2024-03-14,2024-03-16,Deccan Express Logistics
SO0003582,2024-03-14,2024-03-16,Deccan Express Logistics
SO0003570,2024-03-14,2024-03-16,Ganga Freight
SO0003583,2024-03-14,2024-03-16,Ganga Freight
SO0003584,2024-03-14,2024-03-16,Sahyadri Roadlines
SO0003585,2024-03-14,2024-03-18,Deccan Express Logistics
SO0003572,2024-03-14,2024-03-18,Ganga Freight
SO0003573,2024-03-14,2024-03-15,Ganga Freight
SO0003574,2024-03-14,2024-03-16,Ganga Freight
SO0003575,2024-03-14,2024-03-16,Deccan Express Logistics
SO0003588,2024-03-15,2024-03-16,Ganga Freight
SO0003589,2024-03-15,2024-03-20,Deccan Express Logistics
SO0003600,2024-03-15,2024-03-17,Sahyadri Roadlines
SO0003590,2024-03-15,2024-03-16,Deccan Express Logistics
SO0003591,2024-03-15,2024-03-16,Ganga Freight
SO0003592,2024-03-15,2024-03-17,Deccan Express Logistics
SO0003593,2024-03-15,2024-03-17,Deccan Express Logistics
SO0003594,2024-03-15,2024-03-16,Sahyadri Roadlines
SO0003595,2024-03-15,2024-03-18,Ganga Freight
SO0003596,2024-03-15,2024-03-16,Deccan Express Logistics
SO0003597,2024-03-15,2024-03-16,Sahyadri Roadlines
SO0003586,2024-03-15,2024-03-17,Sahyadri Roadlines
SO0003587,2024-03-15,2024-03-19,Ganga Freight
SO0003598,2024-03-15,2024-03-16,Sahyadri Roadlines
SO0003599,2024-03-15,2024-03-16,Ganga Freight
SO0003601,2024-03-16,2024-03-18,Sahyadri Roadlines
SO0003602,2024-03-16,2024-03-19,Deccan Express Logistics
SO0003603,2024-03-16,2024-03-18,Deccan Express Logistics
SO0003604,2024-03-16,2024-03-20,Deccan Express Logistics
SO0003605,2024-03-16,2024-03-19,Ganga Freight
SO0003606,2024-03-16,2024-03-19,Deccan Express Logistics
SO0003607,2024-03-16,2024-03-18,Ganga Freight
SO0003608,2024-03-16,2024-03-19,Sahyadri Roadlines
SO0003609,2024-03-16,2024-03-19,Deccan Express Logistics
SO0003610,2024-03-16,2024-03-18,Ganga Freight
SO0003611,2024-03-18,2024-03-20,Deccan Express Logistics
SO0003612,2024-03-18,2024-03-19,Sahyadri Roadlines
SO0003613,2024-03-18,2024-03-22,Deccan Express Logistics
SO0003614,2024-03-18,2024-03-20,Ganga Freight
SO0003621,2024-03-18,2024-03-20,Deccan Express Logistics
SO0003615,2024-03-18,2024-03-19,Deccan Express Logistics
SO0003616,2024-03-18,2024-03-19,Sahyadri Roadlines
SO0003617,2024-03-18,2024-03-19,Sahyadri Roadlines
SO0003618,2024-03-18,2024-03-20,Deccan Express Logistics
SO0003619,2024-03-18,2024-03-21,Deccan Express Logistics
SO0003620,2024-03-18,2024-03-21,Ganga Freight
SO0003622,2024-03-19,2024-03-22,Deccan Express Logistics
SO0003623,2024-03-19,2024-03-20,Ganga Freight
SO0003624,2024-03-19,2024-03-20,Deccan Express Logistics
SO0003625,2024-03-19,2024-03-22,Ganga Freight
SO0003626,2024-03-19,2024-03-23,Sahyadri Roadlines
SO0003627,2024-03-19,2024-03-21,Sahyadri Roadlines
SO0003628,2024-03-19,2024-03-20,Deccan Express Logistics
SO0003629,2024-03-19,2024-03-21,Sahyadri Roadlines
SO0003631,2024-03-19,2024-03-21,Sahyadri Roadlines
SO0003632,2024-03-19,2024-03-21,Ganga Freight
SO0003633,2024-03-20,2024-03-21,Deccan Express Logistics
SO0003634,2024-03-20,2024-03-22,Deccan Express Logistics
SO0003635,2024-03-20,2024-03-23,Ganga Freight
SO0003636,2024-03-20,2024-03-21,Deccan Express Logistics
SO0003630,2024-03-20,2024-03-21,Sahyadri Roadlines
SO0003637,2024-03-20,2024-03-21,Ganga Freight
SO0003638,2024-03-20,2024-03-21,Sahyadri Roadlines
SO0003639,2024-03-20,2024-03-21,Ganga Freight
SO0003640,2024-03-20,2024-03-22,Deccan Express Logistics
SO0003643,2024-03-20,2024-03-22,Deccan Express Logistics
SO0003648,2024-03-21,2024-03-23,Sahyadri Roadlines
SO0003649,2024-03-21,2024-03-24,Sahyadri Roadlines
SO0003650,2024-03-21,2024-03-22,Deccan Express Logistics
SO0003651,2024-03-21,2024-03-22,Sahyadri Roadlines
SO0003652,2024-03-21,2024-03-22,Sahyadri Roadlines
SO0003653,2024-03-21,2024-03-23,Deccan Express Logistics
SO0003654,2024-03-21,2024-03-24,Deccan Express Logistics
SO0003641,2024-03-21,2024-03-22,Sahyadri Roadlines
SO0003642,2024-03-21,2024-03-23,Deccan Express Logistics
SO0003655,2024-03-21,2024-03-23,Ganga Freight
SO0003656,2024-03-21,2024-03-23,Deccan Express Logistics
SO0003657,2024-03-21,2024-03-23,Ganga Freight
SO0003644,2024-03-21,2024-03-24,Deccan Express Logistics
SO0003645,2024-03-21,2024-03-22,Ganga Freight
SO0003646,2024-03-21,2024-03-23,Ganga Freight
SO0003660,2024-03-22,2024-03-23,Deccan Express Logistics
SO0003661,2024-03-22,2024-03-26,Deccan Express Logistics
SO0003672,2024-03-22,2024-03-24,Sahyadri Roadlines
SO0003662,2024-03-22,2024-03-23,Sahyadri Roadlines
SO0003663,2024-03-22,2024-03-23,Deccan Express Logistics
SO0003664,2024-03-22,2024-03-24,Deccan Express Logistics
SO0003665,2024-03-22,2024-03-24,Sahyadri Roadlines
SO0003666,2024-03-22,2024-03-23,Deccan Express Logistics
SO0003667,2024-03-22,2024-03-23,Deccan Express Logistics
SO0003668,2024-03-22,2024-03-23,Sahyadri Roadlines
SO0003669,2024-03-22,2024-03-23,Sahyadri Roadlines
SO0003647,2024-03-22,2024-03-24,Deccan Express Logistics
SO0003658,2024-03-22,2024-03-24,Ganga Freight
SO0003659,2024-03-22,2024-03-25,Ganga Freight
SO0003670,2024-03-22,2024-03-24,Ganga Freight
SO0003673,2024-03-23,2024-03-25,Deccan Express Logistics
SO0003674,2024-03-23,2024-03-25,Ganga Freight
SO0003675,2024-03-23,2024-03-26,Deccan Express Logistics
SO0003676,2024-03-23,2024-03-26,Deccan Express Logistics
SO0003677,2024-03-23,2024-03-28,Sahyadri Roadlines
SO0003678,2024-03-23,2024-03-25,Ganga Freight
SO0003679,2024-03-23,2024-03-26,Deccan Express Logistics
SO0003680,2024-03-23,2024-03-25,Deccan Express Logistics
SO0003671,2024-03-23,2024-03-25,Deccan Express Logistics
SO0003681,2024-03-23,2024-03-25,Sahyadri Roadlines
SO0003682,2024-03-23,2024-03-25,Deccan Express Logistics
SO0003683,2024-03-25,2024-03-29,Deccan Express Logistics
SO0003684,2024-03-25,2024-03-26,Sahyadri Roadlines
SO0003685,2024-03-25,2024-03-29,Ganga Freight
SO0003686,2024-03-25,2024-03-27,Ganga Freight
SO0003693,2024-03-25,2024-03-27,Sahyadri Roadlines
SO0003687,2024-03-25,2024-03-26,Sahyadri Roadlines
SO0003688,2024-03-25,2024-03-27,Deccan Express Logistics
SO0003689,2024-03-25,2024-03-26,Deccan Express Logistics
SO0003690,2024-03-25,2024-03-27,Deccan Express Logistics
SO0003691,2024-03-25,2024-03-28,Deccan Express Logistics
SO0003692,2024-03-25,2024-03-28,Deccan Express Logistics
SO0003694,2024-03-26,2024-03-27,Ganga Freight
SO0003695,2024-03-26,2024-03-27,Sahyadri Roadlines
SO0003696,2024-03-26,2024-03-28,Deccan Express Logistics
SO0003697,2024-03-26,2024-03-29,Deccan Express Logistics
SO0003698,2024-03-26,2024-03-28,Deccan Express Logistics
SO0003699,2024-03-26,2024-03-28,Deccan Express Logistics
SO0003700,2024-03-26,2024-03-29,Sahyadri Roadlines
SO0003701,2024-03-26,2024-03-29,Ganga Freight
SO0003702,2024-03-26,2024-03-27,Ganga Freight
SO0003703,2024-03-26,2024-03-28,Deccan Express Logistics
SO0003704,2024-03-26,2024-03-28,Sahyadri Roadlines
SO0003705,2024-03-27,2024-03-28,Deccan Express Logistics
SO0003706,2024-03-27,2024-03-29,Ganga Freight
SO0003707,2024-03-27,2024-03-30,Deccan Express Logistics
SO0003708,2024-03-27,2024-03-28,Sahyadri Roadlines
SO0003709,2024-03-27,2024-03-28,Deccan Express Logistics
SO0003710,2024-03-27,2024-03-28,Sahyadri Roadlines
SO0003711,2024-03-27,2024-03-29,Deccan Express Logistics
SO0003712,2024-03-27,2024-03-29,Sahyadri Roadlines
SO0003713,2024-03-27,2024-03-29,Ganga Freight
SO0003715,2024-03-27,2024-03-28,Sahyadri Roadlines
SO0003720,2024-03-28,2024-03-30,Deccan Express Logistics
SO0003721,2024-03-28,2024-03-31,Ganga Freight
SO0003722,2024-03-28,2024-03-30,Sahyadri Roadlines
SO0003723,2024-03-28,2024-03-29,Ganga Freight
SO0003724,2024-03-28,2024-03-29,Sahyadri Roadlines
SO0003725,2024-03-28,2024-03-30,Sahyadri Roadlines
SO0003726,2024-03-28,2024-03-29,Ganga Freight
SO0003714,2024-03-28,2024-03-31,Ganga Freight
SO0003727,2024-03-28,2024-03-29,Deccan Express Logistics
SO0003728,2024-03-28,2024-03-29,Sahyadri Roadlines
SO0003729,2024-03-28,2024-03-30,Ganga Freight
SO0003716,2024-03-28,2024-03-30,Deccan Express Logistics
SO0003717,2024-03-28,2024-03-29,Deccan Express Logistics
SO0003718,2024-03-28,2024-03-30,Ganga Freight
SO0003732,2024-03-29,2024-03-30,Ganga Freight
SO0003733,2024-03-29,2024-04-02,Ganga Freight
SO0003744,2024-03-29,2024-03-31,Sahyadri Roadlines
SO0003734,2024-03-29,2024-04-01,Ganga Freight
SO0003735,2024-03-29,2024-03-31,Ganga Freight
SO0003736,2024-03-29,2024-03-30,Deccan Express Logistics
SO0003737,2024-03-29,2024-03-31,Ganga Freight
SO0003738,2024-03-29,2024-03-30,Deccan Express Logistics
SO0003739,2024-03-29,2024-03-30,Ganga Freight
SO0003740,2024-03-29,2024-03-30,Ganga Freight
SO0003741,2024-03-29,2024-03-30,Ganga Freight
SO0003719,2024-03-29,2024-03-31,Ganga Freight
SO0003730,2024-03-29,2024-03-31,Deccan Express Logistics
SO0003731,2024-03-29,2024-03-31,Sahyadri Roadlines
SO0003742,2024-03-29,2024-03-31,Deccan Express Logistics
SO0003743,2024-03-29,2024-03-30,Sahyadri Roadlines
SO0003745,2024-03-30,2024-04-02,Deccan Express Logistics
SO0003746,2024-03-30,2024-04-03,Sahyadri Roadlines
SO0003747,2024-03-30,2024-04-01,Ganga Freight
SO0003748,2024-03-30,2024-04-02,Ganga Freight
SO0003749,2024-03-30,2024-04-02,Deccan Express Logistics
SO0003750,2024-03-30,2024-04-01,Deccan Express Logistics
SO0003751,2024-03-30,2024-04-01,Deccan Express Logistics
SO0003752,2024-03-30,2024-04-01,Ganga Freight
SO0003753,2024-03-30,2024-04-02,Sahyadri Roadlines
SO0003754,2024-03-30,2024-04-03,Deccan Express Logistics
SO0003755,2024-04-01,2024-04-04,Ganga Freight
SO0003756,2024-04-01,2024-04-02,Sahyadri Roadlines
SO0003757,2024-04-01,2024-04-05,Sahyadri Roadlines
SO0003758,2024-04-01,2024-04-03,Ganga Freight
SO0003765,2024-04-01,2024-04-03,Ganga Freight
SO0003759,2024-04-01,2024-04-02,Ganga Freight
SO0003760,2024-04-01,2024-04-03,Ganga Freight
SO0003761,2024-04-01,2024-04-02,Sahyadri Roadlines
SO0003762,2024-04-01,2024-04-03,Deccan Express Logistics
SO0003763,2024-04-01,2024-04-03,Ganga Freight
SO0003764,2024-04-01,2024-04-04,Sahyadri Roadlines
SO0003766,2024-04-02,2024-04-03,Ganga Freight
SO0003767,2024-04-02,2024-04-04,Deccan Express Logistics
SO0003768,2024-04-02,2024-04-03,Sahyadri Roadlines
SO0003769,2024-04-02,2024-04-04,Ganga Freight
SO0003770,2024-04-02,2024-04-04,Ganga Freight
SO0003771,2024-04-02,2024-04-03,Sahyadri Roadlines
SO0003772,2024-04-02,2024-04-04,Ganga Freight
SO0003773,2024-04-02,2024-04-05,Sahyadri Roadlines
SO0003775,2024-04-02,2024-04-04,Sahyadri Roadlines
SO0003776,2024-04-02,2024-04-04,Deccan Express Logistics
SO0003777,2024-04-03,2024-04-05,Deccan Express Logistics
SO0003778,2024-04-03,2024-04-05,Deccan Express Logistics
SO0003779,2024-04-03,2024-04-07,Ganga Freight
SO0003780,2024-04-03,2024-04-06,Deccan Express Logistics
SO0003774,2024-04-03,2024-04-04,Sahyadri Roadlines
SO0003781,2024-04-03,2024-04-04,Deccan Express Logistics
SO0003782,2024-04-03,2024-04-04,Ganga Freight
SO0003783,2024-04-03,2024-04-04,Deccan Express Logistics
SO0003784,2024-04-03,2024-04-08,Ganga Freight
SO0003787,2024-04-03,2024-04-04,Ganga Freight
SO0003792,2024-04-04,2024-04-06,Sahyadri Roadlines
SO0003793,2024-04-04,2024-04-07,Deccan Express Logistics
SO0003794,2024-04-04,2024-04-06,Sahyadri Roadlines
SO0003795,2024-04-04,2024-04-05,Sahyadri Roadlines
SO0003796,2024-04-04,2024-04-05,Ganga Freight
SO0003797,2024-04-04,2024-04-06,Deccan Express Logistics
SO0003798,2024-04-04,2024-04-05,Deccan Express Logistics
SO0003785,2024-04-04,2024-04-05,Ganga Freight
SO0003786,2024-04-04,2024-04-06,Ganga Freight
SO0003799,2024-04-04,2024-04-06,Sahyadri Roadlines
SO0003800,2024-04-04,2024-04-05,Deccan Express Logistics
SO0003801,2024-04-04,2024-04-07,Sahyadri Roadlines
SO0003788,2024-04-04,2024-04-06,Ganga Freight
SO0003789,2024-04-04,2024-04-05,Ganga Freight
SO0003790,2024-04-04,2024-04-07,Sahyadri Roadlines
SO0003804,2024-04-05,2024-04-07,Ganga Freight
SO0003805,2024-04-05,2024-04-08,Deccan Express Logistics
SO0003816,2024-04-05,2024-04-07,Sahyadri Roadlines
SO0003806,2024-04-05,2024-04-06,Ganga Freight
SO0003807,2024-04-05,2024-04-06,Sahyadri Roadlines
SO0003808,2024-04-05,2024-04-06,Deccan Express Logistics
SO0003809,2024-04-05,2024-04-07,Deccan Express Logistics
SO0003810,2024-04-05,2024-04-07,Ganga Freight
SO0003811,2024-04-05,2024-04-06,Deccan Express Logistics
SO0003812,2024-04-05,2024-04-07,Ganga Freight
SO0003813,2024-04-05,2024-04-06,Sahyadri Roadlines
SO0003791,2024-04-05,2024-04-09,Sahyadri Roadlines
SO0003802,2024-04-05,2024-04-07,Sahyadri Roadlines
SO0003803,2024-04-05,2024-04-07,Sahyadri Roadlines
SO0003817,2024-04-06,2024-04-08,Sahyadri Roadlines
SO0003818,2024-04-06,2024-04-09,Ganga Freight
SO0003819,2024-04-06,2024-04-09,Deccan Express Logistics
SO0003820,2024-04-06,2024-04-10,Ganga Freight
SO0003821,2024-04-06,2024-04-09,Ganga Freight
SO0003822,2024-04-06,2024-04-09,Ganga Freight
SO0003823,2024-04-06,2024-04-09,Ganga Freight
SO0003824,2024-04-06,2024-04-09,Sahyadri Roadlines
SO0003814,2024-04-06,2024-04-07,Sahyadri Roadlines
SO0003815,2024-04-06,2024-04-07,Deccan Express Logistics
SO0003825,2024-04-06,2024-04-08,Ganga Freight
SO0003826,2024-04-06,2024-04-08,Sahyadri Roadlines
SO0003827,2024-04-08,2024-04-10,Sahyadri Roadlines
SO0003828,2024-04-08,2024-04-10,Deccan Express Logistics
SO0003829,2024-04-08,2024-04-11,Ganga Freight
SO0003830,2024-04-08,2024-04-10,Ganga Freight
SO0003837,2024-04-08,2024-04-10,Ganga Freight
SO0003831,2024-04-08,2024-04-09,Deccan Express Logistics
SO0003832,2024-04-08,2024-04-10,Ganga Freight
SO0003833,2024-04-08,2024-04-09,Deccan Express Logistics
SO0003834,2024-04-08,2024-04-10,Sahyadri Roadlines
SO0003835,2024-04-08,2024-04-11,Sahyadri Roadlines
SO0003836,2024-04-08,2024-04-10,Sahyadri Roadlines
SO0003838,2024-04-09,2024-04-10,Ganga Freight
SO0003839,2024-04-09,2024-04-11,Ganga Freight
SO0003840,2024-04-09,2024-04-10,Deccan Express Logistics
SO0003841,2024-04-09,2024-04-11,Ganga Freight
SO0003842,2024-04-09,2024-04-12,Deccan Express Logistics
SO0003843,2024-04-09,2024-04-10,Ganga Freight
SO0003844,2024-04-09,2024-04-11,Ganga Freight
SO0003845,2024-04-09,2024-04-12,Deccan Express Logistics
SO0003847,2024-04-09,2024-04-11,Deccan Express Logistics
SO0003848,2024-04-09,2024-04-12,Deccan Express Logistics
SO0003849,2024-04-10,2024-04-13,Ganga Freight
SO0003850,2024-04-10,2024-04-12,Deccan Express Logistics
SO0003851,2024-04-10,2024-04-13,Deccan Express Logistics
SO0003852,2024-04-10,2024-04-12,Deccan Express Logistics
SO0003846,2024-04-10,2024-04-11,Ganga Freight
SO0003853,2024-04-10,2024-04-11,Ganga Freight
SO0003854,2024-04-10,2024-04-11,Ganga Freight
SO0003855,2024-04-10,2024-04-12,Ganga Freight
SO0003856,2024-04-10,2024-04-12,Ganga Freight
SO0003857,2024-04-10,2024-04-12,Sahyadri Roadlines
SO0003859,2024-04-10,2024-04-12,Ganga Freight
SO0003864,2024-04-11,2024-04-13,Sahyadri Roadlines
SO0003865,2024-04-11,2024-04-14,Ganga Freight
SO0003866,2024-04-11,2024-04-13,Deccan Express Logistics
SO0003867,2024-04-11,2024-04-12,Deccan Express Logistics
SO0003868,2024-04-11,2024-04-13,Sahyadri Roadlines
SO0003869,2024-04-11,2024-04-13,Sahyadri Roadlines
SO0003870,2024-04-11,2024-04-12,Deccan Express Logistics
SO0003858,2024-04-11,2024-04-13,Deccan Express Logistics
SO0003871,2024-04-11,2024-04-13,Sahyadri Roadlines
SO0003872,2024-04-11,2024-04-12,Deccan Express Logistics
SO0003873,2024-04-11,2024-04-15,Ganga Freight
SO0003860,2024-04-11,2024-04-14,Sahyadri Roadlines
SO0003861,2024-04-11,2024-04-13,Sahyadri Roadlines
SO0003862,2024-04-11,2024-04-13,Sahyadri Roadlines
SO0003876,2024-04-12,2024-04-14,Deccan Express Logistics
SO0003877,2024-04-12,2024-04-16,Ganga Freight
SO0003888,2024-04-12,2024-04-15,Deccan Express Logistics
SO0003878,2024-04-12,2024-04-13,Deccan Express Logistics
SO0003879,2024-04-12,2024-04-13,Sahyadri Roadlines
SO0003880,2024-04-12,2024-04-15,Sahyadri Roadlines
SO0003882,2024-04-12,2024-04-14,Deccan Express Logistics
SO0003883,2024-04-12,2024-04-13,Deccan Express Logistics
SO0003884,2024-04-12,2024-04-13,Ganga Freight
SO0003885,2024-04-12,2024-04-14,Deccan Express Logistics
SO0003863,2024-04-12,2024-04-14,Deccan Express Logistics
SO0003874,2024-04-12,2024-04-15,Ganga Freight
SO0003875,2024-04-12,2024-04-14,Ganga Freight
SO0003886,2024-04-12,2024-04-14,Deccan Express Logistics
SO0003889,2024-04-13,2024-04-16,Sahyadri Roadlines
SO0003890,2024-04-13,2024-04-17,Deccan Express Logistics
SO0003891,2024-04-13,2024-04-15,Ganga Freight
SO0003892,2024-04-13,2024-04-17,Sahyadri Roadlines
SO0003893,2024-04-13,2024-04-17,Sahyadri Roadlines
SO0003881,2024-04-13,2024-04-16,Ganga Freight
SO0003894,2024-04-13,2024-04-15,Ganga Freight
SO0003895,2024-04-13,2024-04-15,Ganga Freight
SO0003896,2024-04-13,2024-04-15,Ganga Freight
SO0003887,2024-04-13,2024-04-15,Ganga Freight
SO0003897,2024-04-13,2024-04-15,Sahyadri Roadlines
SO0003898,2024-04-13,2024-04-16,Sahyadri Roadlines
SO0003899,2024-04-15,2024-04-17,Deccan Express Logistics
SO0003900,2024-04-15,2024-04-16,Deccan Express Logistics
SO0003901,2024-04-15,2024-04-19,Deccan Express Logistics
SO0003902,2024-04-15,2024-04-17,Sahyadri Roadlines
SO0003909,2024-04-15,2024-04-17,Sahyadri Roadlines
SO0003903,2024-04-15,2024-04-17,Sahyadri Roadlines
SO0003904,2024-04-15,2024-04-17,Deccan Express Logistics
SO0003905,2024-04-15,2024-04-17,Sahyadri Roadlines
SO0003906,2024-04-15,2024-04-18,Deccan Express Logistics
SO0003907,2024-04-15,2024-04-19,Deccan Express Logistics
SO0003908,2024-04-15,2024-04-17,Ganga Freight
SO0003910,2024-04-16,2024-04-17,Sahyadri Roadlines
SO0003911,2024-04-16,2024-04-18,Ganga Freight
SO0003912,2024-04-16,2024-04-17,Deccan Express Logistics
SO0003913,2024-04-16,2024-04-18,Sahyadri Roadlines
SO0003914,2024-04-16,2024-04-18,Deccan Express Logistics
SO0003915,2024-04-16,2024-04-17,Sahyadri Roadlines
SO0003916,2024-04-16,2024-04-17,Ganga Freight
SO0003917,2024-04-16,2024-04-18,Ganga Freight
SO0003919,2024-04-16,2024-04-19,Deccan Express Logistics
SO0003920,2024-04-16,2024-04-19,Sahyadri Roadlines
SO0003921,2024-04-17,2024-04-18,Sahyadri Roadlines
SO0003922,2024-04-17,2024-04-19,Deccan Express Logistics
SO0003923,2024-04-17,2024-04-20,Ganga Freight
SO0003924,2024-04-17,2024-04-18,Deccan Express Logistics
SO0003918,2024-04-17,2024-04-19,Ganga Freight
SO0003925,2024-04-17,2024-04-18,Sahyadri Roadlines
SO0003926,2024-04-17,2024-04-18,Deccan Express Logistics
SO0003927,2024-04-17,2024-04-19,Deccan Express Logistics
SO0003928,2024-04-17,2024-04-19,Ganga Freight
SO0003931,2024-04-17,2024-04-18,Ganga Freight
SO0003936,2024-04-18,2024-04-20,Ganga Freight
SO0003937,2024-04-18,2024-04-21,Deccan Express Logistics
SO0003938,2024-04-18,2024-04-20,Deccan Express Logistics
SO0003939,2024-04-18,2024-04-20,Sahyadri Roadlines
SO0003940,2024-04-18,2024-04-19,Deccan Express Logistics
SO0003941,2024-04-18,2024-04-20,Ganga Freight
SO0003942,2024-04-18,2024-04-19,Deccan Express Logistics
SO0003929,2024-04-18,2024-04-19,Sahyadri Roadlines
SO0003930,2024-04-18,2024-04-20,Sahyadri Roadlines
SO0003943,2024-04-18,2024-04-19,Sahyadri Roadlines
SO0003944,2024-04-18,2024-04-19,Ganga Freight
SO0003945,2024-04-18,2024-04-21,Deccan Express Logistics
SO0003932,2024-04-18,2024-04-21,Ganga Freight
SO0003933,2024-04-18,2024-04-19,Deccan Express Logistics
SO0003934,2024-04-18,2024-04-20,Sahyadri Roadlines
SO0003948,2024-04-19,2024-04-21,Ganga Freight
SO0003949,2024-04-19,2024-04-22,Sahyadri Roadlines
SO0003960,2024-04-19,2024-04-22,Ganga Freight
SO0003950,2024-04-19,2024-04-22,Deccan Express Logistics
SO0003951,2024-04-19,2024-04-20,Ganga Freight
SO0003952,2024-04-19,2024-04-20,Sahyadri Roadlines
SO0003953,2024-04-19,2024-04-21,Ganga Freight
SO0003954,2024-04-19,2024-04-20,Sahyadri Roadlines
SO0003955,2024-04-19,2024-04-20,Ganga Freight
SO0003956,2024-04-19,2024-04-20,Ganga Freight
SO0003957,2024-04-19,2024-04-20,Deccan Express Logistics
SO0003935,2024-04-19,2024-04-21,Deccan Express Logistics
SO0003946,2024-04-19,2024-04-21,Sahyadri Roadlines
SO0003947,2024-04-19,2024-04-22,Ganga Freight
SO0003958,2024-04-19,2024-04-20,Ganga Freight
SO0003961,2024-04-20,2024-04-22,Sahyadri Roadlines
SO0003962,2024-04-20,2024-04-23,Deccan Express Logistics
SO0003963,2024-04-20,2024-04-22,Deccan Express Logistics
SO0003964,2024-04-20,2024-04-23,Sahyadri Roadlines
SO0003965,2024-04-20,2024-04-23,Sahyadri Roadlines
SO0003966,2024-04-20,2024-04-23,Deccan Express Logistics
SO0003967,2024-04-20,2024-04-22,Ganga Freight
SO0003968,2024-04-20,2024-04-22,Deccan Express Logistics
SO0003959,2024-04-20,2024-04-21,Ganga Freight
SO0003969,2024-04-20,2024-04-23,Ganga Freight
SO0003970,2024-04-20,2024-04-23,Deccan Express Logistics
SO0003971,2024-04-22,2024-04-26,Deccan Express Logistics
SO0003972,2024-04-22,2024-04-23,Ganga Freight
SO0003973,2024-04-22,2024-04-25,Deccan Express Logistics
SO0003974,2024-04-22,2024-04-24,Deccan Express Logistics
SO0003981,2024-04-22,2024-04-24,Sahyadri Roadlines
SO0003975,2024-04-22,2024-04-24,Deccan Express Logistics
SO0003976,2024-04-22,2024-04-23,Sahyadri Roadlines
SO0003977,2024-04-22,2024-04-23,Deccan Express Logistics
SO0003978,2024-04-22,2024-04-24,Deccan Express Logistics
SO0003979,2024-04-22,2024-04-24,Ganga Freight
SO0003980,2024-04-22,2024-04-24,Sahyadri Roadlines
SO0003982,2024-04-23,2024-04-25,Deccan Express Logistics
SO0003983,2024-04-23,2024-04-24,Deccan Express Logistics
SO0003984,2024-04-23,2024-04-24,Ganga Freight
SO0003985,2024-04-23,2024-04-26,Ganga Freight
SO0003986,2024-04-23,2024-04-25,Sahyadri Roadlines
SO0003987,2024-04-23,2024-04-24,Deccan Express Logistics
SO0003988,2024-04-23,2024-04-24,Sahyadri Roadlines
SO0003989,2024-04-23,2024-04-25,Ganga Freight
SO0003990,2024-04-23,2024-04-25,Sahyadri Roadlines
SO0003991,2024-04-23,2024-04-26,Deccan Express Logistics
SO0003992,2024-04-23,2024-04-25,Sahyadri Roadlines
SO0003993,2024-04-24,2024-04-25,Deccan Express Logistics
SO0003994,2024-04-24,2024-04-26,Sahyadri Roadlines
SO0003995,2024-04-24,2024-04-27,Ganga Freight
SO0003996,2024-04-24,2024-04-25,Ganga Freight
SO0003997,2024-04-24,2024-04-25,Sahyadri Roadlines
SO0003998,2024-04-24,2024-04-26,Deccan Express Logistics
SO0003999,2024-04-24,2024-04-26,Sahyadri Roadlines
SO0004000,2024-04-24,2024-04-26,Ganga Freight
SO0004001,2024-04-24,2024-04-25,Sahyadri Roadlines
SO0004003,2024-04-24,2024-04-25,Deccan Express Logistics
SO0004008,2024-04-25,2024-04-27,Deccan Express Logistics
SO0004009,2024-04-25,2024-04-29,Ganga Freight
SO0004010,2024-04-25,2024-04-26,Ganga Freight
SO0004011,2024-04-25,2024-04-26,Sahyadri Roadlines
SO0004012,2024-04-25,2024-04-26,Deccan Express Logistics
SO0004013,2024-04-25,2024-04-27,Ganga Freight
SO0004014,2024-04-25,2024-04-26,Sahyadri Roadlines
SO0004002,2024-04-25,2024-04-27,Deccan Express Logistics
SO0004015,2024-04-25,2024-04-26,Ganga Freight
SO0004016,2024-04-25,2024-04-27,Ganga Freight
SO0004017,2024-04-25,2024-04-27,Deccan Express Logistics
SO0004004,2024-04-25,2024-04-27,Ganga Freight
SO0004005,2024-04-25,2024-04-26,Ganga Freight
SO0004006,2024-04-25,2024-04-27,Sahyadri Roadlines
SO0004020,2024-04-26,2024-04-28,Deccan Express Logistics
SO0004021,2024-04-26,2024-04-29,Deccan Express Logistics
SO0004032,2024-04-26,2024-04-29,Deccan Express Logistics
SO0004022,2024-04-26,2024-04-27,Sahyadri Roadlines
SO0004023,2024-04-26,2024-04-28,Sahyadri Roadlines
SO0004024,2024-04-26,2024-04-27,Sahyadri Roadlines
SO0004025,2024-04-26,2024-04-28,Ganga Freight
SO0004026,2024-04-26,2024-04-27,Ganga Freight
SO0004027,2024-04-26,2024-04-27,Deccan Express Logistics
SO0004028,2024-04-26,2024-04-27,Deccan Express Logistics
SO0004029,2024-04-26,2024-04-27,Ganga Freight
SO0004007,2024-04-26,2024-04-28,Ganga Freight
SO0004018,2024-04-26,2024-04-29,Ganga Freight
SO0004019,2024-04-26,2024-04-28,Sahyadri Roadlines
SO0004033,2024-04-27,2024-04-29,Sahyadri Roadlines
SO0004034,2024-04-27,2024-04-29,Ganga Freight
SO0004035,2024-04-27,2024-04-29,Deccan Express Logistics
SO0004036,2024-04-27,2024-05-01,Deccan Express Logistics
SO0004037,2024-04-27,2024-05-01,Deccan Express Logistics
SO0004038,2024-04-27,2024-04-29,Ganga Freight
SO0004039,2024-04-27,2024-04-29,Sahyadri Roadlines
SO0004040,2024-04-27,2024-04-29,Deccan Express Logistics
SO0004030,2024-04-27,2024-04-29,Ganga Freight
SO0004031,2024-04-27,2024-04-28,Sahyadri Roadlines
SO0004041,2024-04-27,2024-05-01,Ganga Freight
SO0004043,2024-04-29,2024-05-02,Sahyadri Roadlines
SO0004044,2024-04-29,2024-04-30,Deccan Express Logistics
SO0004045,2024-04-29,2024-05-02,Sahyadri Roadlines
SO0004046,2024-04-29,2024-05-02,Sahyadri Roadlines
SO0004053,2024-04-29,2024-05-02,Sahyadri Roadlines
SO0004047,2024-04-29,2024-04-30,Ganga Freight
SO0004048,2024-04-29,2024-05-02,Ganga Freight
SO0004049,2024-04-29,2024-05-01,Sahyadri Roadlines
SO0004050,2024-04-29,2024-05-01,Ganga Freight
SO0004051,2024-04-29,2024-05-02,Deccan Express Logistics
SO0004042,2024-04-29,2024-05-01,Sahyadri Roadlines
SO0004052,2024-04-29,2024-05-02,Ganga Freight
SO0004054,2024-04-30,2024-05-02,Sahyadri Roadlines
SO0004055,2024-04-30,2024-05-02,Ganga Freight
SO0004056,2024-04-30,2024-05-01,Ganga Freight
SO0004057,2024-04-30,2024-05-02,Ganga Freight
SO0004058,2024-04-30,2024-05-03,Ganga Freight
SO0004059,2024-04-30,2024-05-01,Ganga Freight
SO0004060,2024-04-30,2024-05-01,Deccan Express Logistics
SO0004063,2024-04-30,2024-05-02,Deccan Express Logistics
SO0004064,2024-04-30,2024-05-04,Ganga Freight
SO0004065,2024-05-01,2024-05-02,Sahyadri Roadlines
SO0004066,2024-05-01,2024-05-05,Deccan Express Logistics
SO0004067,2024-05-01,2024-05-04,Sahyadri Roadlines
SO0004068,2024-05-01,2024-05-02,Ganga Freight
SO0004061,2024-05-01,2024-05-04,Sahyadri Roadlines
SO0004062,2024-05-01,2024-05-02,Ganga Freight
SO0004069,2024-05-01,2024-05-03,Sahyadri Roadlines
SO0004070,2024-05-01,2024-05-02,Ganga Freight
SO0004071,2024-05-01,2024-05-03,Ganga Freight
SO0004075,2024-05-01,2024-05-02,Sahyadri Roadlines
SO0004080,2024-05-02,2024-05-04,Ganga Freight
SO0004081,2024-05-02,2024-05-05,Deccan Express Logistics
SO0004082,2024-05-02,2024-05-04,Ganga Freight
SO0004083,2024-05-02,2024-05-04,Sahyadri Roadlines
SO0004084,2024-05-02,2024-05-05,Ganga Freight
SO0004085,2024-05-02,2024-05-05,Ganga Freight
SO0004086,2024-05-02,2024-05-03,Sahyadri Roadlines
SO0004072,2024-05-02,2024-05-05,Deccan Express Logistics
SO0004073,2024-05-02,2024-05-04,Ganga Freight
SO0004074,2024-05-02,2024-05-05,Deccan Express Logistics
SO0004087,2024-05-02,2024-05-04,Ganga Freight
SO0004088,2024-05-02,2024-05-03,Deccan Express Logistics
SO0004089,2024-05-02,2024-05-05,Sahyadri Roadlines
SO0004076,2024-05-02,2024-05-05,Deccan Express Logistics
SO0004077,2024-05-02,2024-05-03,Deccan Express Logistics
SO0004078,2024-05-02,2024-05-04,Deccan Express Logistics
SO0004092,2024-05-03,2024-05-04,Ganga Freight
SO0004093,2024-05-03,2024-05-06,Sahyadri Roadlines
SO0004104,2024-05-03,2024-05-05,Sahyadri Roadlines
SO0004094,2024-05-03,2024-05-05,Sahyadri Roadlines
SO0004095,2024-05-03,2024-05-05,Deccan Express Logistics
SO0004096,2024-05-03,2024-05-04,Ganga Freight
SO0004097,2024-05-03,2024-05-05,Deccan Express Logistics
SO0004098,2024-05-03,2024-05-05,Sahyadri Roadlines
SO0004099,2024-05-03,2024-05-04,Sahyadri Roadlines
SO0004100,2024-05-03,2024-05-05,Sahyadri Roadlines
SO0004101,2024-05-03,2024-05-05,Sahyadri Roadlines
SO0004079,2024-05-03,2024-05-05,Deccan Express Logistics
SO0004090,2024-05-03,2024-05-06,Sahyadri Roadlines
SO0004091,2024-05-03,2024-05-06,Deccan Express Logistics
SO0004102,2024-05-03,2024-05-04,Ganga Freight
SO0004103,2024-05-03,2024-05-04,Deccan Express Logistics
SO0004105,2024-05-04,2024-05-06,Deccan Express Logistics
SO0004106,2024-05-04,2024-05-08,Sahyadri Roadlines
SO0004107,2024-05-04,2024-05-06,Ganga Freight
SO0004108,2024-05-04,2024-05-07,Deccan Express Logistics
SO0004109,2024-05-04,2024-05-08,Ganga Freight
SO0004110,2024-05-04,2024-05-06,Deccan Express Logistics
SO0004111,2024-05-04,2024-05-07,Deccan Express Logistics
SO0004112,2024-05-04,2024-05-07,Deccan Express Logistics
SO0004113,2024-05-04,2024-05-06,Ganga Freight
SO0004114,2024-05-04,2024-05-07,Deccan Express Logistics
SO0004115,2024-05-06,2024-05-09,Ganga Freight
SO0004116,2024-05-06,2024-05-08,Deccan Express Logistics
SO0004117,2024-05-06,2024-05-11,Sahyadri Roadlines
SO0004118,2024-05-06,2024-05-09,Deccan Express Logistics
SO0004125,2024-05-06,2024-05-08,Deccan Express Logistics
SO0004119,2024-05-06,2024-05-07,Ganga Freight
SO0004120,2024-05-06,2024-05-07,Sahyadri Roadlines
SO0004121,2024-05-06,2024-05-07,Deccan Express Logistics
SO0004122,2024-05-06,2024-05-08,Sahyadri Roadlines
SO0004123,2024-05-06,2024-05-08,Ganga Freight
SO0004124,2024-05-06,2024-05-08,Deccan Express Logistics
SO0004126,2024-05-07,2024-05-08,Sahyadri Roadlines
SO0004127,2024-05-07,2024-05-08,Deccan Express Logistics
SO0004128,2024-05-07,2024-05-08,Ganga Freight
SO0004129,2024-05-07,2024-05-09,Deccan Express Logistics
SO0004130,2024-05-07,2024-05-09,Ganga Freight
SO0004131,2024-05-07,2024-05-08,Sahyadri Roadlines
SO0004132,2024-05-07,2024-05-08,Sahyadri Roadlines
SO0004133,2024-05-07,2024-05-09,Sahyadri Roadlines
SO0004134,2024-05-07,2024-05-09,Deccan Express Logistics
SO0004135,2024-05-07,2024-05-10,Ganga Freight
SO0004136,2024-05-07,2024-05-10,Ganga Freight
SO0004137,2024-05-08,2024-05-10,Sahyadri Roadlines
SO0004138,2024-05-08,2024-05-10,Deccan Express Logistics
SO0004139,2024-05-08,2024-05-12,Sahyadri Roadlines
SO0004140,2024-05-08,2024-05-10,Ganga Freight
SO0004141,2024-05-08,2024-05-09,Sahyadri Roadlines
SO0004142,2024-05-08,2024-05-09,Ganga Freight
SO0004143,2024-05-08,2024-05-10,Ganga Freight
SO0004144,2024-05-08,2024-05-11,Sahyadri Roadlines
SO0004145,2024-05-08,2024-05-10,Ganga Freight
SO0004147,2024-05-08,2024-05-09,Sahyadri Roadlines
SO0004152,2024-05-09,2024-05-11,Deccan Express Logistics
SO0004153,2024-05-09,2024-05-12,Sahyadri Roadlines
SO0004154,2024-05-09,2024-05-12,Sahyadri Roadlines
SO0004155,2024-05-09,2024-05-11,Ganga Freight
SO0004156,2024-05-09,2024-05-10,Sahyadri Roadlines
SO0004157,2024-05-09,2024-05-11,Deccan Express Logistics
SO0004158,2024-05-09,2024-05-12,Deccan Express Logistics
SO0004146,2024-05-09,2024-05-11,Deccan Express Logistics
SO0004159,2024-05-09,2024-05-10,Ganga Freight
SO0004160,2024-05-09,2024-05-10,Deccan Express Logistics
SO0004161,2024-05-09,2024-05-11,Sahyadri Roadlines
SO0004148,2024-05-09,2024-05-11,Sahyadri Roadlines
SO0004149,2024-05-09,2024-05-10,Ganga Freight
SO0004164,2024-05-10,2024-05-11,Ganga Freight
SO0004165,2024-05-10,2024-05-13,Sahyadri Roadlines
SO0004176,2024-05-10,2024-05-13,Ganga Freight
SO0004166,2024-05-10,2024-05-12,Deccan Express Logistics
SO0004167,2024-05-10,2024-05-11,Ganga Freight
SO0004168,2024-05-10,2024-05-11,Ganga Freight
SO0004170,2024-05-10,2024-05-12,Ganga Freight
SO0004171,2024-05-10,2024-05-12,Deccan Express Logistics
SO0004172,2024-05-10,2024-05-11,Deccan Express Logistics
SO0004173,2024-05-10,2024-05-12,Deccan Express Logistics
SO0004150,2024-05-10,2024-05-12,Sahyadri Roadlines
SO0004151,2024-05-10,2024-05-12,Sahyadri Roadlines
SO0004162,2024-05-10,2024-05-12,Sahyadri Roadlines
SO0004163,2024-05-10,2024-05-13,Ganga Freight
SO0004177,2024-05-11,2024-05-15,Sahyadri Roadlines
SO0004178,2024-05-11,2024-05-13,Deccan Express Logistics
SO0004179,2024-05-11,2024-05-13,Deccan Express Logistics
SO0004180,2024-05-11,2024-05-14,Sahyadri Roadlines
SO0004181,2024-05-11,2024-05-14,Sahyadri Roadlines
SO0004169,2024-05-11,2024-05-13,Sahyadri Roadlines
SO0004182,2024-05-11,2024-05-13,Sahyadri Roadlines
SO0004183,2024-05-11,2024-05-14,Ganga Freight
SO0004184,2024-05-11,2024-05-13,Deccan Express Logistics
SO0004174,2024-05-11,2024-05-13,Deccan Express Logistics
SO0004175,2024-05-11,2024-05-15,Ganga Freight
SO0004185,2024-05-11,2024-05-13,Ganga Freight
SO0004187,2024-05-13,2024-05-16,Deccan Express Logistics
SO0004188,2024-05-13,2024-05-14,Sahyadri Roadlines
SO0004189,2024-05-13,2024-05-16,Sahyadri Roadlines
SO0004190,2024-05-13,2024-05-15,Sahyadri Roadlines
SO0004197,2024-05-13,2024-05-15,Ganga Freight
SO0004191,2024-05-13,2024-05-14,Sahyadri Roadlines
SO0004192,2024-05-13,2024-05-14,Deccan Express Logistics
SO0004193,2024-05-13,2024-05-14,Deccan Express Logistics
SO0004194,2024-05-13,2024-05-16,Sahyadri Roadlines
SO0004195,2024-05-13,2024-05-16,Deccan Express Logistics
SO0004186,2024-05-13,2024-05-16,Deccan Express Logistics
SO0004196,2024-05-13,2024-05-15,Deccan Express Logistics
SO0004198,2024-05-14,2024-05-15,Deccan Express Logistics
SO0004199,2024-05-14,2024-05-16,Sahyadri Roadlines
SO0004200,2024-05-14,2024-05-16,Sahyadri Roadlines
SO0004201,2024-05-14,2024-05-16,Deccan Express Logistics
SO0004202,2024-05-14,2024-05-17,Sahyadri Roadlines
SO0004203,2024-05-14,2024-05-15,Sahyadri Roadlines
SO0004204,2024-05-14,2024-05-15,Sahyadri Roadlines
SO0004205,2024-05-14,2024-05-16,Deccan Express Logistics
SO0004207,2024-05-14,2024-05-16,Ganga Freight
SO0004208,2024-05-14,2024-05-16,Deccan Express Logistics
SO0004209,2024-05-15,2024-05-16,Deccan Express Logistics
SO0004210,2024-05-15,2024-05-18,Sahyadri Roadlines
SO0004211,2024-05-15,2024-05-18,Sahyadri Roadlines
SO0004212,2024-05-15,2024-05-17,Ganga Freight
SO0004206,2024-05-15,2024-05-16,Sahyadri Roadlines
SO0004213,2024-05-15,2024-05-16,Sahyadri Roadlines
SO0004214,2024-05-15,2024-05-17,Ganga Freight
SO0004215,2024-05-15,2024-05-16,Deccan Express Logistics
SO0004216,2024-05-15,2024-05-17,Deccan Express Logistics
SO0004217,2024-05-15,2024-05-17,Sahyadri Roadlines
SO0004219,2024-05-15,2024-05-16,Ganga Freight
SO0004224,2024-05-16,2024-05-19,Ganga Freight
SO0004225,2024-05-16,2024-05-20,Sahyadri Roadlines
SO0004226,2024-05-16,2024-05-17,Sahyadri Roadlines
SO0004227,2024-05-16,2024-05-18,Deccan Express Logistics
SO0004228,2024-05-16,2024-05-17,Sahyadri Roadlines
SO0004229,2024-05-16,2024-05-20,Ganga Freight
SO0004230,2024-05-16,2024-05-17,Deccan Express Logistics
SO0004218,2024-05-16,2024-05-19,Deccan Express Logistics
SO0004231,2024-05-16,2024-05-19,Sahyadri Roadlines
SO0004232,2024-05-16,2024-05-17,Deccan Express Logistics
SO0004233,2024-05-16,2024-05-18,Deccan Express Logistics
SO0004220,2024-05-16,2024-05-18,Deccan Express Logistics
SO0004221,2024-05-16,2024-05-17,Ganga Freight
SO0004222,2024-05-16,2024-05-18,Deccan Express Logistics
SO0004236,2024-05-17,2024-05-18,Ganga Freight
SO0004237,2024-05-17,2024-05-20,Sahyadri Roadlines
SO0004248,2024-05-17,2024-05-19,Deccan Express Logistics
SO0004238,2024-05-17,2024-05-18,Sahyadri Roadlines
SO0004239,2024-05-17,2024-05-18,Deccan Express Logistics
SO0004240,2024-05-17,2024-05-18,Deccan Express Logistics
SO0004242,2024-05-17,2024-05-19,Deccan Express Logistics
SO0004243,2024-05-17,2024-05-18,Ganga Freight
SO0004244,2024-05-17,2024-05-18,Deccan Express Logistics
SO0004245,2024-05-17,2024-05-18,Ganga Freight
SO0004223,2024-05-17,2024-05-19,Ganga Freight
SO0004234,2024-05-17,2024-05-20,Sahyadri Roadlines
SO0004235,2024-05-17,2024-05-19,Deccan Express Logistics
SO0004249,2024-05-18,2024-05-21,Sahyadri Roadlines
SO0004250,2024-05-18,2024-05-21,Sahyadri Roadlines
SO0004251,2024-05-18,2024-05-21,Deccan Express Logistics
SO0004252,2024-05-18,2024-05-22,Ganga Freight
SO0004253,2024-05-18,2024-05-22,Sahyadri Roadlines
SO0004241,2024-05-18,2024-05-20,Ganga Freight
SO0004254,2024-05-18,2024-05-20,Ganga Freight
SO0004255,2024-05-18,2024-05-20,Ganga Freight
SO0004256,2024-05-18,2024-05-20,Sahyadri Roadlines
SO0004246,2024-05-18,2024-05-20,Sahyadri Roadlines
SO0004247,2024-05-18,2024-05-19,Deccan Express Logistics
SO0004257,2024-05-18,2024-05-20,Deccan Express Logistics
SO0004259,2024-05-20,2024-05-22,Deccan Express Logistics
SO0004260,2024-05-20,2024-05-21,Sahyadri Roadlines
SO0004261,2024-05-20,2024-05-23,Ganga Freight
SO0004262,2024-05-20,2024-05-23,Ganga Freight
SO0004269,2024-05-20,2024-05-23,Deccan Express Logistics
SO0004263,2024-05-20,2024-05-22,Ganga Freight
SO0004264,2024-05-20,2024-05-22,Ganga Freight
SO0004265,2024-05-20,2024-05-22,Ganga Freight
SO0004266,2024-05-20,2024-05-22,Deccan Express Logistics
SO0004267,2024-05-20,2024-05-22,Deccan Express Logistics
SO0004258,2024-05-20,2024-05-23,Ganga Freight
SO0004268,2024-05-20,2024-05-23,Sahyadri Roadlines
SO0004270,2024-05-21,2024-05-22,Sahyadri Roadlines
SO0004271,2024-05-21,2024-05-22,Sahyadri Roadlines
SO0004272,2024-05-21,2024-05-23,Deccan Express Logistics
SO0004273,2024-05-21,2024-05-23,Sahyadri Roadlines
SO0004274,2024-05-21,2024-05-24,Deccan Express Logistics
SO0004275,2024-05-21,2024-05-23,Sahyadri Roadlines
SO0004276,2024-05-21,2024-05-23,Ganga Freight
SO0004277,2024-05-21,2024-05-24,Deccan Express Logistics
SO0004278,2024-05-21,2024-05-22,Sahyadri Roadlines
SO0004279,2024-05-21,2024-05-24,Sahyadri Roadlines
SO0004280,2024-05-21,2024-05-23,Sahyadri Roadlines
SO0004281,2024-05-22,2024-05-23,Sahyadri Roadlines
SO0004282,2024-05-22,2024-05-25,Sahyadri Roadlines
SO0004283,2024-05-22,2024-05-26,Sahyadri Roadlines
SO0004284,2024-05-22,2024-05-23,Sahyadri Roadlines
SO0004285,2024-05-22,2024-05-23,Deccan Express Logistics
SO0004286,2024-05-22,2024-05-25,Sahyadri Roadlines
SO0004287,2024-05-22,2024-05-23,Deccan Express Logistics
SO0004288,2024-05-22,2024-05-25,Deccan Express Logistics
SO0004289,2024-05-22,2024-05-24,Deccan Express Logistics
SO0004291,2024-05-22,2024-05-23,Sahyadri Roadlines
SO0004296,2024-05-23,2024-05-25,Sahyadri Roadlines
SO0004297,2024-05-23,2024-05-27,Ganga Freight
SO0004298,2024-05-23,2024-05-24,Deccan Express Logistics
SO0004299,2024-05-23,2024-05-24,Sahyadri Roadlines
SO0004300,2024-05-23,2024-05-26,Deccan Express Logistics
SO0004301,2024-05-23,2024-05-25,Sahyadri Roadlines
SO0004302,2024-05-23,2024-05-24,Ganga Freight
SO0004290,2024-05-23,2024-05-25,Sahyadri Roadlines
SO0004303,2024-05-23,2024-05-24,Deccan Express Logistics
SO0004304,2024-05-23,2024-05-24,Sahyadri Roadlines
SO0004305,2024-05-23,2024-05-25,Sahyadri Roadlines
SO0004292,2024-05-23,2024-05-26,Deccan Express Logistics
SO0004293,2024-05-23,2024-05-24,Ganga Freight
SO0004294,2024-05-23,2024-05-25,Sahyadri Roadlines
SO0004308,2024-05-24,2024-05-25,Ganga Freight
SO0004309,2024-05-24,2024-05-27,Ganga Freight
SO0004320,2024-05-24,2024-05-26,Sahyadri Roadlines
SO0004310,2024-05-24,2024-05-25,Deccan Express Logistics
SO0004311,2024-05-24,2024-05-25,Sahyadri Roadlines
SO0004312,2024-05-24,2024-05-26,Deccan Express Logistics
SO0004314,2024-05-24,2024-05-25,Sahyadri Roadlines
SO0004315,2024-05-24,2024-05-25,Sahyadri Roadlines
SO0004316,2024-05-24,2024-05-25,Sahyadri Roadlines
SO0004317,2024-05-24,2024-05-25,Deccan Express Logistics
SO0004295,2024-05-24,2024-05-26,Deccan Express Logistics
SO0004306,2024-05-24,2024-05-26,Ganga Freight
SO0004307,2024-05-24,2024-05-26,Sahyadri Roadlines
SO0004318,2024-05-24,2024-05-25,Ganga Freight
SO0004321,2024-05-25,2024-05-27,Sahyadri Roadlines
SO0004322,2024-05-25,2024-05-27,Deccan Express Logistics
SO0004323,2024-05-25,2024-05-27,Sahyadri Roadlines
SO0004324,2024-05-25,2024-05-28,Sahyadri Roadlines
SO0004325,2024-05-25,2024-05-28,Ganga Freight
SO0004313,2024-05-25,2024-05-27,Ganga Freight
SO0004326,2024-05-25,2024-05-28,Sahyadri Roadlines
SO0004327,2024-05-25,2024-05-27,Deccan Express Logistics
SO0004328,2024-05-25,2024-05-28,Ganga Freight
SO0004319,2024-05-25,2024-05-26,Ganga Freight
SO0004329,2024-05-25,2024-05-27,Sahyadri Roadlines
SO0004330,2024-05-25,2024-05-27,Deccan Express Logistics
SO0004331,2024-05-27,2024-05-29,Sahyadri Roadlines
SO0004332,2024-05-27,2024-05-31,Deccan Express Logistics
SO0004333,2024-05-27,2024-05-30,Sahyadri Roadlines
SO0004334,2024-05-27,2024-05-30,Sahyadri Roadlines
SO0004341,2024-05-27,2024-05-30,Deccan Express Logistics
SO0004335,2024-05-27,2024-05-28,Ganga Freight
SO0004336,2024-05-27,2024-05-28,Ganga Freight
SO0004337,2024-05-27,2024-05-29,Sahyadri Roadlines
SO0004338,2024-05-27,2024-05-30,Deccan Express Logistics
SO0004339,2024-05-27,2024-05-29,Ganga Freight
SO0004340,2024-05-27,2024-05-29,Ganga Freight
SO0004342,2024-05-28,2024-05-31,Deccan Express Logistics
SO0004343,2024-05-28,2024-05-31,Deccan Express Logistics
SO0004344,2024-05-28,2024-05-30,Sahyadri Roadlines
SO0004345,2024-05-28,2024-05-30,Deccan Express Logistics
SO0004346,2024-05-28,2024-05-30,Sahyadri Roadlines
SO0004347,2024-05-28,2024-05-30,Ganga Freight
SO0004348,2024-05-28,2024-05-31,Sahyadri Roadlines
SO0004351,2024-05-28,2024-05-30,Sahyadri Roadlines
SO0004352,2024-05-28,2024-05-30,Ganga Freight
SO0004353,2024-05-29,2024-05-30,Sahyadri Roadlines
SO0004354,2024-05-29,2024-06-01,Ganga Freight
SO0004355,2024-05-29,2024-06-02,Sahyadri Roadlines
SO0004356,2024-05-29,2024-05-31,Sahyadri Roadlines
SO0004349,2024-05-29,2024-05-31,Sahyadri Roadlines
SO0004350,2024-05-29,2024-05-30,Sahyadri Roadlines
SO0004357,2024-05-29,2024-05-30,Ganga Freight
SO0004358,2024-05-29,2024-05-30,Deccan Express Logistics
SO0004363,2024-05-29,2024-05-30,Ganga Freight
SO0004368,2024-05-30,2024-06-01,Sahyadri Roadlines
SO0004369,2024-05-30,2024-06-02,Ganga Freight
SO0004370,2024-05-30,2024-05-31,Sahyadri Roadlines
SO0004371,2024-05-30,2024-06-01,Deccan Express Logistics
SO0004372,2024-05-30,2024-05-31,Sahyadri Roadlines
SO0004373,2024-05-30,2024-06-01,Sahyadri Roadlines
SO0004374,2024-05-30,2024-06-01,Ganga Freight
SO0004359,2024-05-30,2024-05-31,Deccan Express Logistics
SO0004360,2024-05-30,2024-06-01,Deccan Express Logistics
SO0004361,2024-05-30,2024-05-31,Sahyadri Roadlines
SO0004362,2024-05-30,2024-06-01,Sahyadri Roadlines
SO0004364,2024-05-30,2024-06-01,Ganga Freight
SO0004365,2024-05-30,2024-05-31,Ganga Freight
SO0004366,2024-05-30,2024-06-01,Ganga Freight
SO0004380,2024-05-31,2024-06-01,Sahyadri Roadlines
SO0004381,2024-05-31,2024-06-03,Ganga Freight
SO0004392,2024-05-31,2024-06-04,Ganga Freight
SO0004382,2024-05-31,2024-06-01,Ganga Freight
SO0004383,2024-05-31,2024-06-01,Deccan Express Logistics
SO0004384,2024-05-31,2024-06-01,Deccan Express Logistics
SO0004385,2024-05-31,2024-06-02,Ganga Freight
SO0004375,2024-05-31,2024-06-02,Ganga Freight
SO0004376,2024-05-31,2024-06-01,Deccan Express Logistics
SO0004377,2024-05-31,2024-06-02,Ganga Freight
SO0004386,2024-05-31,2024-06-02,Sahyadri Roadlines
SO0004387,2024-05-31,2024-06-02,Ganga Freight
SO0004388,2024-05-31,2024-06-01,Deccan Express Logistics
SO0004389,2024-05-31,2024-06-01,Sahyadri Roadlines
SO0004367,2024-05-31,2024-06-03,Deccan Express Logistics
SO0004378,2024-05-31,2024-06-02,Deccan Express Logistics
SO0004379,2024-05-31,2024-06-02,Deccan Express Logistics
SO0004390,2024-05-31,2024-06-01,Deccan Express Logistics
SO0004391,2024-05-31,2024-06-01,Sahyadri Roadlines
SO0004393,2024-06-01,2024-06-04,Ganga Freight
SO0004394,2024-06-01,2024-06-04,Deccan Express Logistics
SO0004395,2024-06-01,2024-06-03,Deccan Express Logistics
SO0004396,2024-06-01,2024-06-04,Ganga Freight
SO0004397,2024-06-01,2024-06-04,Deccan Express Logistics
SO0004398,2024-06-01,2024-06-03,Ganga Freight
SO0004399,2024-06-01,2024-06-03,Deccan Express Logistics
SO0004400,2024-06-01,2024-06-03,Deccan Express Logistics
SO0004401,2024-06-01,2024-06-03,Ganga Freight
SO0004402,2024-06-01,2024-06-03,Deccan Express Logistics
SO0004403,2024-06-03,2024-06-05,Deccan Express Logistics
SO0004404,2024-06-03,2024-06-04,Sahyadri Roadlines
SO0004405,2024-06-03,2024-06-06,Ganga Freight
SO0004406,2024-06-03,2024-06-06,Sahyadri Roadlines
SO0004413,2024-06-03,2024-06-06,Ganga Freight
SO0004407,2024-06-03,2024-06-04,Deccan Express Logistics
SO0004408,2024-06-03,2024-06-04,Deccan Express Logistics
SO0004409,2024-06-03,2024-06-04,Sahyadri Roadlines
SO0004410,2024-06-03,2024-06-06,Sahyadri Roadlines
SO0004411,2024-06-03,2024-06-06,Ganga Freight
SO0004412,2024-06-03,2024-06-06,Deccan Express Logistics
SO0004414,2024-06-04,2024-06-05,Ganga Freight
SO0004415,2024-06-04,2024-06-05,Ganga Freight
SO0004416,2024-06-04,2024-06-05,Deccan Express Logistics
SO0004417,2024-06-04,2024-06-06,Ganga Freight
SO0004418,2024-06-04,2024-06-06,Ganga Freight
SO0004419,2024-06-04,2024-06-06,Ganga Freight
SO0004420,2024-06-04,2024-06-06,Deccan Express Logistics
SO0004421,2024-06-04,2024-06-06,Deccan Express Logistics
SO0004423,2024-06-04,2024-06-06,Sahyadri Roadlines
SO0004424,2024-06-04,2024-06-07,Deccan Express Logistics
SO0004425,2024-06-05,2024-06-07,Ganga Freight
SO0004426,2024-06-05,2024-06-07,Ganga Freight
SO0004427,2024-06-05,2024-06-08,Sahyadri Roadlines
SO0004428,2024-06-05,2024-06-06,Ganga Freight
SO0004422,2024-06-05,2024-06-06,Ganga Freight
SO0004429,2024-06-05,2024-06-06,Deccan Express Logistics
SO0004430,2024-06-05,2024-06-08,Ganga Freight
SO0004431,2024-06-05,2024-06-07,Deccan Express Logistics
SO0004432,2024-06-05,2024-06-08,Ganga Freight
SO0004435,2024-06-05,2024-06-06,Deccan Express Logistics
SO0004440,2024-06-06,2024-06-08,Sahyadri Roadlines
SO0004441,2024-06-06,2024-06-09,Sahyadri Roadlines
SO0004442,2024-06-06,2024-06-07,Deccan Express Logistics
SO0004443,2024-06-06,2024-06-08,Ganga Freight
SO0004444,2024-06-06,2024-06-07,Sahyadri Roadlines
SO0004445,2024-06-06,2024-06-08,Ganga Freight
SO0004446,2024-06-06,2024-06-07,Ganga Freight
SO0004433,2024-06-06,2024-06-07,Sahyadri Roadlines
SO0004434,2024-06-06,2024-06-09,Ganga Freight
SO0004447,2024-06-06,2024-06-07,Deccan Express Logistics
SO0004448,2024-06-06,2024-06-08,Ganga Freight
SO0004449,2024-06-06,2024-06-10,Sahyadri Roadlines
SO0004436,2024-06-06,2024-06-08,Sahyadri Roadlines
SO0004437,2024-06-06,2024-06-09,Sahyadri Roadlines
SO0004438,2024-06-06,2024-06-08,Sahyadri Roadlines
SO0004452,2024-06-07,2024-06-08,Ganga Freight
SO0004453,2024-06-07,2024-06-11,Sahyadri Roadlines
SO0004464,2024-06-07,2024-06-09,Ganga Freight
SO0004454,2024-06-07,2024-06-11,Ganga Freight
SO0004455,2024-06-07,2024-06-08,Deccan Express Logistics
SO0004456,2024-06-07,2024-06-08,Deccan Express Logistics
SO0004457,2024-06-07,2024-06-10,Ganga Freight
SO0004458,2024-06-07,2024-06-08,Ganga Freight
SO0004459,2024-06-07,2024-06-08,Sahyadri Roadlines
SO0004460,2024-06-07,2024-06-08,Deccan Express Logistics
SO0004461,2024-06-07,2024-06-08,Deccan Express Logistics
SO0004439,2024-06-07,2024-06-09,Sahyadri Roadlines
SO0004450,2024-06-07,2024-06-09,Deccan Express Logistics
SO0004451,2024-06-07,2024-06-09,Deccan Express Logistics
SO0004462,2024-06-07,2024-06-10,Deccan Express Logistics
SO0004465,2024-06-08,2024-06-11,Sahyadri Roadlines
SO0004466,2024-06-08,2024-06-10,Deccan Express Logistics
SO0004467,2024-06-08,2024-06-10,Sahyadri Roadlines
SO0004468,2024-06-08,2024-06-12,Deccan Express Logistics
SO0004469,2024-06-08,2024-06-11,Deccan Express Logistics
SO0004470,2024-06-08,2024-06-10,Sahyadri Roadlines
SO0004471,2024-06-08,2024-06-10,Deccan Express Logistics
SO0004472,2024-06-08,2024-06-11,Ganga Freight
SO0004463,2024-06-08,2024-06-09,Ganga Freight
SO0004473,2024-06-08,2024-06-10,Sahyadri Roadlines
SO0004474,2024-06-08,2024-06-11,Deccan Express Logistics
SO0004475,2024-06-10,2024-06-12,Sahyadri Roadlines
SO0004476,2024-06-10,2024-06-11,Deccan Express Logistics
SO0004477,2024-06-10,2024-06-13,Ganga Freight
SO0004478,2024-06-10,2024-06-12,Sahyadri Roadlines
SO0004485,2024-06-10,2024-06-12,Deccan Express Logistics
SO0004479,2024-06-10,2024-06-12,Sahyadri Roadlines
SO0004480,2024-06-10,2024-06-12,Ganga Freight
SO0004481,2024-06-10,2024-06-11,Ganga Freight
SO0004482,2024-06-10,2024-06-12,Ganga Freight
SO0004483,2024-06-10,2024-06-12,Deccan Express Logistics
SO0004484,2024-06-10,2024-06-12,Ganga Freight
SO0004486,2024-06-11,2024-06-12,Sahyadri Roadlines
SO0004487,2024-06-11,2024-06-12,Sahyadri Roadlines
SO0004488,2024-06-11,2024-06-12,Deccan Express Logistics
SO0004489,2024-06-11,2024-06-13,Deccan Express Logistics
SO0004490,2024-06-11,2024-06-14,Deccan Express Logistics
SO0004491,2024-06-11,2024-06-12,Ganga Freight
SO0004492,2024-06-11,2024-06-12,Deccan Express Logistics
SO0004493,2024-06-11,2024-06-13,Deccan Express Logistics
SO0004494,2024-06-11,2024-06-12,Deccan Express Logistics
SO0004495,2024-06-11,2024-06-13,Deccan Express Logistics
SO0004496,2024-06-11,2024-06-13,Deccan Express Logistics
SO0004497,2024-06-12,2024-06-14,Ganga Freight
SO0004498,2024-06-12,2024-06-14,Ganga Freight
SO0004499,2024-06-12,2024-06-16,Ganga Freight
SO0004500,2024-06-12,2024-06-13,Ganga Freight
SO0004501,2024-06-12,2024-06-13,Ganga Freight
SO0004502,2024-06-12,2024-06-14,Sahyadri Roadlines
SO0004503,2024-06-12,2024-06-13,Deccan Express Logistics
SO0004504,2024-06-12,2024-06-14,Sahyadri Roadlines
SO0004505,2024-06-12,2024-06-13,Sahyadri Roadlines
SO0004507,2024-06-12,2024-06-13,Ganga Freight
SO0004512,2024-06-13,2024-06-16,Deccan Express Logistics
SO0004513,2024-06-13,2024-06-16,Ganga Freight
SO0004514,2024-06-13,2024-06-14,Deccan Express Logistics
SO0004515,2024-06-13,2024-06-15,Sahyadri Roadlines
SO0004516,2024-06-13,2024-06-15,Ganga Freight
SO0004517,2024-06-13,2024-06-17,Deccan Express Logistics
SO0004518,2024-06-13,2024-06-15,Deccan Express Logistics
SO0004506,2024-06-13,2024-06-15,Sahyadri Roadlines
SO0004519,2024-06-13,2024-06-15,Ganga Freight
SO0004520,2024-06-13,2024-06-14,Deccan Express Logistics
SO0004521,2024-06-13,2024-06-15,Deccan Express Logistics
SO0004508,2024-06-13,2024-06-15,Ganga Freight
SO0004509,2024-06-13,2024-06-15,Sahyadri Roadlines
SO0004524,2024-06-14,2024-06-17,Ganga Freight
SO0004525,2024-06-14,2024-06-18,Sahyadri Roadlines
SO0004536,2024-06-14,2024-06-16,Sahyadri Roadlines
SO0004526,2024-06-14,2024-06-15,Ganga Freight
SO0004527,2024-06-14,2024-06-15,Deccan Express Logistics
SO0004528,2024-06-14,2024-06-15,Ganga Freight
SO0004529,2024-06-14,2024-06-16,Deccan Express Logistics
SO0004530,2024-06-14,2024-06-15,Deccan Express Logistics
SO0004531,2024-06-14,2024-06-15,Deccan Express Logistics
SO0004532,2024-06-14,2024-06-17,Deccan Express Logistics
SO0004533,2024-06-14,2024-06-15,Ganga Freight
SO0004510,2024-06-14,2024-06-16,Sahyadri Roadlines
SO0004511,2024-06-14,2024-06-16,Deccan Express Logistics
SO0004522,2024-06-14,2024-06-16,Sahyadri Roadlines
SO0004523,2024-06-14,2024-06-16,Sahyadri Roadlines
SO0004537,2024-06-15,2024-06-17,Ganga Freight
SO0004538,2024-06-15,2024-06-18,Sahyadri Roadlines
SO0004539,2024-06-15,2024-06-17,Ganga Freight
SO0004540,2024-06-15,2024-06-19,Deccan Express Logistics
SO0004541,2024-06-15,2024-06-19,Sahyadri Roadlines
SO0004542,2024-06-15,2024-06-17,Sahyadri Roadlines
SO0004543,2024-06-15,2024-06-17,Sahyadri Roadlines
SO0004544,2024-06-15,2024-06-17,Deccan Express Logistics
SO0004534,2024-06-15,2024-06-16,Ganga Freight
SO0004535,2024-06-15,2024-06-16,Deccan Express Logistics
SO0004545,2024-06-15,2024-06-17,Ganga Freight
SO0004546,2024-06-15,2024-06-17,Ganga Freight
SO0004547,2024-06-17,2024-06-20,Deccan Express Logistics
SO0004548,2024-06-17,2024-06-19,Deccan Express Logistics
SO0004549,2024-06-17,2024-06-21,Deccan Express Logistics
SO0004550,2024-06-17,2024-06-19,Sahyadri Roadlines
SO0004557,2024-06-17,2024-06-20,Ganga Freight
SO0004551,2024-06-17,2024-06-18,Sahyadri Roadlines
SO0004552,2024-06-17,2024-06-18,Sahyadri Roadlines
SO0004553,2024-06-17,2024-06-19,Deccan Express Logistics
SO0004554,2024-06-17,2024-06-19,Sahyadri Roadlines
SO0004555,2024-06-17,2024-06-20,Ganga Freight
SO0004556,2024-06-17,2024-06-19,Deccan Express Logistics
SO0004558,2024-06-18,2024-06-20,Deccan Express Logistics
SO0004559,2024-06-18,2024-06-20,Sahyadri Roadlines
SO0004560,2024-06-18,2024-06-19,Sahyadri Roadlines
SO0004561,2024-06-18,2024-06-20,Deccan Express Logistics
SO0004562,2024-06-18,2024-06-21,Deccan Express Logistics
SO0004563,2024-06-18,2024-06-19,Ganga Freight
SO0004564,2024-06-18,2024-06-19,Deccan Express Logistics
SO0004565,2024-06-18,2024-06-21,Ganga Freight
SO0004567,2024-06-18,2024-06-20,Ganga Freight
SO0004568,2024-06-18,2024-06-20,Deccan Express Logistics
SO0004569,2024-06-19,2024-06-20,Ganga Freight
SO0004570,2024-06-19,2024-06-22,Sahyadri Roadlines
SO0004571,2024-06-19,2024-06-22,Ganga Freight
SO0004572,2024-06-19,2024-06-22,Ganga Freight
SO0004566,2024-06-19,2024-06-20,Deccan Express Logistics
SO0004573,2024-06-19,2024-06-20,Deccan Express Logistics
SO0004574,2024-06-19,2024-06-21,Ganga Freight
SO0004575,2024-06-19,2024-06-20,Sahyadri Roadlines
SO0004576,2024-06-19,2024-06-21,Deccan Express Logistics
SO0004579,2024-06-19,2024-06-20,Ganga Freight
SO0004584,2024-06-20,2024-06-22,Sahyadri Roadlines
SO0004585,2024-06-20,2024-06-24,Deccan Express Logistics
SO0004586,2024-06-20,2024-06-21,Ganga Freight
SO0004587,2024-06-20,2024-06-22,Sahyadri Roadlines
SO0004588,2024-06-20,2024-06-21,Sahyadri Roadlines
SO0004589,2024-06-20,2024-06-22,Ganga Freight
SO0004590,2024-06-20,2024-06-22,Sahyadri Roadlines
SO0004577,2024-06-20,2024-06-21,Ganga Freight
SO0004578,2024-06-20,2024-06-22,Ganga Freight
SO0004591,2024-06-20,2024-06-22,Deccan Express Logistics
SO0004592,2024-06-20,2024-06-22,Deccan Express Logistics
SO0004593,2024-06-20,2024-06-23,Deccan Express Logistics
SO0004580,2024-06-20,2024-06-23,Ganga Freight
SO0004581,2024-06-20,2024-06-21,Deccan Express Logistics
SO0004582,2024-06-20,2024-06-22,Ganga Freight
SO0004596,2024-06-21,2024-06-23,Ganga Freight
SO0004597,2024-06-21,2024-06-24,Ganga Freight
SO0004608,2024-06-21,2024-06-23,Ganga Freight
SO0004598,2024-06-21,2024-06-22,Deccan Express Logistics
SO0004599,2024-06-21,2024-06-22,Ganga Freight
SO0004600,2024-06-21,2024-06-23,Deccan Express Logistics
SO0004602,2024-06-21,2024-06-23,Sahyadri Roadlines
SO0004603,2024-06-21,2024-06-22,Ganga Freight
SO0004604,2024-06-21,2024-06-22,Deccan Express Logistics
SO0004605,2024-06-21,2024-06-22,Sahyadri Roadlines
SO0004583,2024-06-21,2024-06-23,Sahyadri Roadlines
SO0004594,2024-06-21,2024-06-23,Ganga Freight
SO0004595,2024-06-21,2024-06-23,Ganga Freight
SO0004609,2024-06-22,2024-06-24,Ganga Freight
SO0004610,2024-06-22,2024-06-25,Deccan Express Logistics
SO0004611,2024-06-22,2024-06-24,Sahyadri Roadlines
SO0004612,2024-06-22,2024-06-26,Ganga Freight
SO0004613,2024-06-22,2024-06-25,Deccan Express Logistics
SO0004601,2024-06-22,2024-06-25,Deccan Express Logistics
SO0004614,2024-06-22,2024-06-25,Ganga Freight
SO0004615,2024-06-22,2024-06-24,Ganga Freight
SO0004616,2024-06-22,2024-06-24,Sahyadri Roadlines
SO0004606,2024-06-22,2024-06-23,Ganga Freight
SO0004607,2024-06-22,2024-06-23,Deccan Express Logistics
SO0004617,2024-06-22,2024-06-24,Ganga Freight
SO0004619,2024-06-24,2024-06-26,Sahyadri Roadlines
SO0004620,2024-06-24,2024-06-25,Deccan Express Logistics
SO0004621,2024-06-24,2024-06-27,Ganga Freight
SO0004622,2024-06-24,2024-06-26,Ganga Freight
SO0004629,2024-06-24,2024-06-27,Deccan Express Logistics
SO0004623,2024-06-24,2024-06-26,Deccan Express Logistics
SO0004624,2024-06-24,2024-06-25,Ganga Freight
SO0004625,2024-06-24,2024-06-25,Ganga Freight
SO0004626,2024-06-24,2024-06-27,Deccan Express Logistics
SO0004627,2024-06-24,2024-06-26,Sahyadri Roadlines
SO0004618,2024-06-24,2024-06-26,Deccan Express Logistics
SO0004628,2024-06-24,2024-06-26,Deccan Express Logistics
SO0004630,2024-06-25,2024-06-26,Deccan Express Logistics
SO0004631,2024-06-25,2024-06-28,Ganga Freight
SO0004632,2024-06-25,2024-06-26,Ganga Freight
SO0004633,2024-06-25,2024-06-27,Ganga Freight
SO0004634,2024-06-25,2024-06-29,Sahyadri Roadlines
SO0004635,2024-06-25,2024-06-26,Ganga Freight
SO0004636,2024-06-25,2024-06-27,Ganga Freight
SO0004637,2024-06-25,2024-06-27,Ganga Freight
SO0004639,2024-06-25,2024-06-27,Deccan Express Logistics
SO0004640,2024-06-25,2024-06-27,Sahyadri Roadlines
SO0004641,2024-06-26,2024-06-27,Deccan Express Logistics
SO0004642,2024-06-26,2024-06-28,Deccan Express Logistics
SO0004643,2024-06-26,2024-06-29,Sahyadri Roadlines
SO0004644,2024-06-26,2024-06-27,Ganga Freight
SO0004638,2024-06-26,2024-06-28,Deccan Express Logistics
SO0004645,2024-06-26,2024-06-27,Sahyadri Roadlines
SO0004646,2024-06-26,2024-06-27,Deccan Express Logistics
SO0004647,2024-06-26,2024-06-27,Ganga Freight
SO0004648,2024-06-26,2024-06-28,Sahyadri Roadlines
SO0004651,2024-06-26,2024-06-27,Sahyadri Roadlines
SO0004656,2024-06-27,2024-06-30,Sahyadri Roadlines
SO0004657,2024-06-27,2024-06-30,Deccan Express Logistics
SO0004658,2024-06-27,2024-06-28,Ganga Freight
SO0004659,2024-06-27,2024-06-28,Sahyadri Roadlines
SO0004660,2024-06-27,2024-06-28,Sahyadri Roadlines
SO0004661,2024-06-27,2024-06-29,Deccan Express Logistics
SO0004662,2024-06-27,2024-06-28,Sahyadri Roadlines
SO0004649,2024-06-27,2024-06-29,Deccan Express Logistics
SO0004650,2024-06-27,2024-06-29,Deccan Express Logistics
SO0004663,2024-06-27,2024-06-28,Ganga Freight
SO0004664,2024-06-27,2024-06-28,Deccan Express Logistics
SO0004665,2024-06-27,2024-06-29,Sahyadri Roadlines
SO0004652,2024-06-27,2024-07-01,Ganga Freight
SO0004653,2024-06-27,2024-06-30,Ganga Freight
SO0004654,2024-06-27,2024-06-29,Sahyadri Roadlines
SO0004668,2024-06-28,2024-06-29,Sahyadri Roadlines
SO0004669,2024-06-28,2024-07-02,Sahyadri Roadlines
SO0004680,2024-06-28,2024-06-30,Ganga Freight
SO0004670,2024-06-28,2024-07-01,Deccan Express Logistics
SO0004671,2024-06-28,2024-06-29,Deccan Express Logistics
SO0004672,2024-06-28,2024-06-29,Deccan Express Logistics
SO0004673,2024-06-28,2024-06-30,Deccan Express Logistics
SO0004674,2024-06-28,2024-06-29,Ganga Freight
SO0004675,2024-06-28,2024-06-29,Ganga Freight
SO0004676,2024-06-28,2024-06-29,Deccan Express Logistics
SO0004677,2024-06-28,2024-06-29,Deccan Express Logistics
SO0004655,2024-06-28,2024-06-30,Deccan Express Logistics
SO0004666,2024-06-28,2024-06-30,Deccan Express Logistics
SO0004667,2024-06-28,2024-06-30,Ganga Freight
SO0004678,2024-06-28,2024-06-29,Deccan Express Logistics
SO0004681,2024-06-29,2024-07-01,Deccan Express Logistics
SO0004682,2024-06-29,2024-07-01,Sahyadri Roadlines
SO0004683,2024-06-29,2024-07-02,Ganga Freight
SO0004684,2024-06-29,2024-07-02,Sahyadri Roadlines
SO0004685,2024-06-29,2024-07-02,Ganga Freight
SO0004686,2024-06-29,2024-07-01,Sahyadri Roadlines
SO0004687,2024-06-29,2024-07-03,Sahyadri Roadlines
SO0004688,2024-06-29,2024-07-02,Deccan Express Logistics
SO0004679,2024-06-29,2024-06-30,Deccan Express Logistics
SO0004689,2024-06-29,2024-07-01,Deccan Express Logistics
SO0004690,2024-06-29,2024-07-01,Deccan Express Logistics
SO0004691,2024-07-01,2024-07-04,Sahyadri Roadlines
SO0004692,2024-07-01,2024-07-02,Ganga Freight
SO0004693,2024-07-01,2024-07-07,Ganga Freight
SO0004694,2024-07-01,2024-07-04,Ganga Freight
SO0004701,2024-07-01,2024-07-04,Deccan Express Logistics
SO0004695,2024-07-01,2024-07-03,Sahyadri Roadlines
SO0004696,2024-07-01,2024-07-02,Sahyadri Roadlines
SO0004697,2024-07-01,2024-07-04,Ganga Freight
SO0004698,2024-07-01,2024-07-04,Sahyadri Roadlines
SO0004699,2024-07-01,2024-07-03,Deccan Express Logistics
SO0004700,2024-07-01,2024-07-07,Ganga Freight
SO0004702,2024-07-02,2024-07-05,Ganga Freight
SO0004703,2024-07-02,2024-07-05,Ganga Freight
SO0004704,2024-07-02,2024-07-04,Deccan Express Logistics
SO0004705,2024-07-02,2024-07-04,Ganga Freight
SO0004706,2024-07-02,2024-07-05,Deccan Express Logistics
SO0004707,2024-07-02,2024-07-03,Sahyadri Roadlines
SO0004708,2024-07-02,2024-07-04,Deccan Express Logistics
SO0004709,2024-07-02,2024-07-05,Sahyadri Roadlines
SO0004710,2024-07-02,2024-07-05,Deccan Express Logistics
SO0004711,2024-07-02,2024-07-07,Sahyadri Roadlines
SO0004712,2024-07-02,2024-07-07,Ganga Freight
SO0004713,2024-07-03,2024-07-05,Sahyadri Roadlines
SO0004714,2024-07-03,2024-07-06,Ganga Freight
SO0004715,2024-07-03,2024-07-07,Ganga Freight
SO0004716,2024-07-03,2024-07-04,Ganga Freight
SO0004717,2024-07-03,2024-07-05,Deccan Express Logistics
SO0004718,2024-07-03,2024-07-04,Deccan Express Logistics
SO0004719,2024-07-03,2024-07-04,Deccan Express Logistics
SO0004720,2024-07-03,2024-07-05,Ganga Freight
SO0004721,2024-07-03,2024-07-05,Sahyadri Roadlines
SO0004723,2024-07-03,2024-07-08,Ganga Freight
SO0004728,2024-07-04,2024-07-07,Deccan Express Logistics
SO0004729,2024-07-04,2024-07-09,Deccan Express Logistics
SO0004730,2024-07-04,2024-07-05,Deccan Express Logistics
SO0004731,2024-07-04,2024-07-06,Ganga Freight
SO0004732,2024-07-04,2024-07-07,Deccan Express Logistics
SO0004733,2024-07-04,2024-07-07,Sahyadri Roadlines
SO0004734,2024-07-04,2024-07-05,Deccan Express Logistics
SO0004722,2024-07-04,2024-07-07,Ganga Freight
SO0004735,2024-07-04,2024-07-07,Ganga Freight
SO0004736,2024-07-04,2024-07-06,Deccan Express Logistics
SO0004737,2024-07-04,2024-07-06,Sahyadri Roadlines
SO0004724,2024-07-04,2024-07-08,Sahyadri Roadlines
SO0004725,2024-07-04,2024-07-07,Sahyadri Roadlines
SO0004726,2024-07-04,2024-07-13,Ganga Freight
SO0004740,2024-07-05,2024-07-06,Ganga Freight
SO0004741,2024-07-05,2024-07-08,Sahyadri Roadlines
SO0004752,2024-07-05,2024-07-08,Deccan Express Logistics
SO0004742,2024-07-05,2024-07-08,Deccan Express Logistics
SO0004743,2024-07-05,2024-07-06,Ganga Freight
SO0004744,2024-07-05,2024-07-06,Sahyadri Roadlines
SO0004745,2024-07-05,2024-07-07,Sahyadri Roadlines
SO0004746,2024-07-05,2024-07-06,Sahyadri Roadlines
SO0004747,2024-07-05,2024-07-07,Ganga Freight
SO0004748,2024-07-05,2024-07-07,Deccan Express Logistics
SO0004749,2024-07-05,2024-07-06,Sahyadri Roadlines
SO0004727,2024-07-05,2024-07-07,Sahyadri Roadlines
SO0004738,2024-07-05,2024-07-09,Ganga Freight
SO0004739,2024-07-05,2024-07-07,Deccan Express Logistics
SO0004750,2024-07-05,2024-07-06,Deccan Express Logistics
SO0004753,2024-07-06,2024-07-08,Sahyadri Roadlines
SO0004754,2024-07-06,2024-07-08,Sahyadri Roadlines
SO0004755,2024-07-06,2024-07-09,Ganga Freight
SO0004756,2024-07-06,2024-07-18,Ganga Freight
SO0004757,2024-07-06,2024-07-10,Ganga Freight
SO0004758,2024-07-06,2024-07-09,Sahyadri Roadlines
SO0004759,2024-07-06,2024-07-12,Deccan Express Logistics
SO0004760,2024-07-06,2024-07-10,Ganga Freight
SO0004751,2024-07-06,2024-07-09,Sahyadri Roadlines
SO0004761,2024-07-06,2024-07-09,Deccan Express Logistics
SO0004762,2024-07-06,2024-07-10,Sahyadri Roadlines
SO0004763,2024-07-08,2024-07-11,Deccan Express Logistics
SO0004764,2024-07-08,2024-07-09,Deccan Express Logistics
SO0004765,2024-07-08,2024-07-12,Deccan Express Logistics
SO0004766,2024-07-08,2024-07-11,Deccan Express Logistics
SO0004773,2024-07-08,2024-07-11,Sahyadri Roadlines
SO0004767,2024-07-08,2024-07-11,Ganga Freight
SO0004768,2024-07-08,2024-07-10,Ganga Freight
SO0004769,2024-07-08,2024-07-10,Deccan Express Logistics
SO0004770,2024-07-08,2024-07-11,Sahyadri Roadlines
SO0004771,2024-07-08,2024-07-12,Ganga Freight
SO0004772,2024-07-08,2024-07-14,Sahyadri Roadlines
SO0004774,2024-07-09,2024-07-11,Sahyadri Roadlines
SO0004775,2024-07-09,2024-07-11,Ganga Freight
SO0004776,2024-07-09,2024-07-11,Ganga Freight
SO0004777,2024-07-09,2024-07-11,Ganga Freight
SO0004778,2024-07-09,2024-07-11,Ganga Freight
SO0004779,2024-07-09,2024-07-10,Sahyadri Roadlines
SO0004780,2024-07-09,2024-07-10,Deccan Express Logistics
SO0004781,2024-07-09,2024-07-11,Ganga Freight
SO0004782,2024-07-09,2024-07-15,Sahyadri Roadlines
SO0004783,2024-07-09,2024-07-13,Ganga Freight
SO0004784,2024-07-09,2024-07-15,Deccan Express Logistics
SO0004785,2024-07-10,2024-07-11,Deccan Express Logistics
SO0004786,2024-07-10,2024-07-12,Deccan Express Logistics
SO0004787,2024-07-10,2024-07-14,Ganga Freight
SO0004788,2024-07-10,2024-07-12,Ganga Freight
SO0004789,2024-07-10,2024-07-13,Ganga Freight
SO0004790,2024-07-10,2024-07-12,Sahyadri Roadlines
SO0004791,2024-07-10,2024-07-11,Ganga Freight
SO0004792,2024-07-10,2024-07-13,Deccan Express Logistics
SO0004793,2024-07-10,2024-07-14,Ganga Freight
SO0004795,2024-07-10,2024-07-13,Ganga Freight
SO0004800,2024-07-11,2024-07-13,Sahyadri Roadlines
SO0004801,2024-07-11,2024-07-14,Sahyadri Roadlines
SO0004802,2024-07-11,2024-07-12,Ganga Freight
SO0004803,2024-07-11,2024-07-12,Ganga Freight
SO0004804,2024-07-11,2024-07-13,Deccan Express Logistics
SO0004805,2024-07-11,2024-07-13,Ganga Freight
SO0004806,2024-07-11,2024-07-12,Deccan Express Logistics
SO0004794,2024-07-11,2024-07-14,Deccan Express Logistics
SO0004807,2024-07-11,2024-07-13,Deccan Express Logistics
SO0004808,2024-07-11,2024-07-14,Ganga Freight
SO0004809,2024-07-11,2024-07-13,Ganga Freight
SO0004796,2024-07-11,2024-07-15,Ganga Freight
SO0004797,2024-07-11,2024-07-15,Sahyadri Roadlines
SO0004798,2024-07-11,2024-07-15,Ganga Freight
SO0004812,2024-07-12,2024-07-14,Deccan Express Logistics
SO0004813,2024-07-12,2024-07-16,Deccan Express Logistics
SO0004824,2024-07-12,2024-07-17,Deccan Express Logistics
SO0004814,2024-07-12,2024-07-15,Deccan Express Logistics
SO0004815,2024-07-12,2024-07-14,Deccan Express Logistics
SO0004816,2024-07-12,2024-07-19,Deccan Express Logistics
SO0004818,2024-07-12,2024-07-13,Sahyadri Roadlines
SO0004819,2024-07-12,2024-07-15,Sahyadri Roadlines
SO0004820,2024-07-12,2024-07-14,Ganga Freight
SO0004821,2024-07-12,2024-07-13,Ganga Freight
SO0004799,2024-07-12,2024-07-14,Sahyadri Roadlines
SO0004810,2024-07-12,2024-07-15,Ganga Freight
SO0004811,2024-07-12,2024-07-15,Sahyadri Roadlines
SO0004822,2024-07-12,2024-07-15,Sahyadri Roadlines
SO0004823,2024-07-12,2024-07-14,Deccan Express Logistics
SO0004825,2024-07-13,2024-07-15,Deccan Express Logistics
SO0004826,2024-07-13,2024-07-19,Ganga Freight
SO0004827,2024-07-13,2024-07-15,Deccan Express Logistics
SO0004828,2024-07-13,2024-07-17,Sahyadri Roadlines
SO0004829,2024-07-13,2024-07-18,Deccan Express Logistics
SO0004817,2024-07-13,2024-07-19,Deccan Express Logistics
SO0004830,2024-07-13,2024-07-16,Sahyadri Roadlines
SO0004831,2024-07-13,2024-07-17,Sahyadri Roadlines
SO0004832,2024-07-13,2024-07-17,Ganga Freight
SO0004833,2024-07-13,2024-07-18,Sahyadri Roadlines
SO0004834,2024-07-13,2024-07-19,Deccan Express Logistics
SO0004835,2024-07-15,2024-07-20,Ganga Freight
SO0004836,2024-07-15,2024-07-16,Deccan Express Logistics
SO0004837,2024-07-15,2024-07-19,Sahyadri Roadlines
SO0004838,2024-07-15,2024-07-17,Sahyadri Roadlines
SO0004845,2024-07-15,2024-07-17,Ganga Freight
SO0004839,2024-07-15,2024-07-18,Sahyadri Roadlines
SO0004840,2024-07-15,2024-07-17,Deccan Express Logistics
SO0004841,2024-07-15,2024-07-18,Sahyadri Roadlines
SO0004842,2024-07-15,2024-07-17,Deccan Express Logistics
SO0004843,2024-07-15,2024-07-18,Ganga Freight
SO0004844,2024-07-15,2024-07-22,Ganga Freight
SO0004846,2024-07-16,2024-07-17,Ganga Freight
SO0004847,2024-07-16,2024-07-17,Sahyadri Roadlines
SO0004848,2024-07-16,2024-07-17,Deccan Express Logistics
SO0004849,2024-07-16,2024-07-19,Sahyadri Roadlines
SO0004850,2024-07-16,2024-07-20,Ganga Freight
SO0004851,2024-07-16,2024-07-17,Deccan Express Logistics
SO0004852,2024-07-16,2024-07-19,Deccan Express Logistics
SO0004853,2024-07-16,2024-07-18,Sahyadri Roadlines
SO0004854,2024-07-16,2024-07-18,Ganga Freight
SO0004855,2024-07-16,2024-07-19,Sahyadri Roadlines
SO0004856,2024-07-16,2024-07-18,Sahyadri Roadlines
SO0004857,2024-07-17,2024-07-18,Ganga Freight
SO0004858,2024-07-17,2024-07-20,Ganga Freight
SO0004859,2024-07-17,2024-07-22,Ganga Freight
SO0004860,2024-07-17,2024-07-18,Deccan Express Logistics
SO0004861,2024-07-17,2024-07-18,Sahyadri Roadlines
SO0004862,2024-07-17,2024-07-19,Ganga Freight
SO0004863,2024-07-17,2024-07-19,Sahyadri Roadlines
SO0004864,2024-07-17,2024-07-23,Ganga Freight
SO0004865,2024-07-17,2024-07-21,Deccan Express Logistics
SO0004867,2024-07-17,2024-07-21,Deccan Express Logistics
SO0004872,2024-07-18,2024-07-21,Deccan Express Logistics
SO0004873,2024-07-18,2024-07-21,Deccan Express Logistics
SO0004874,2024-07-18,2024-07-20,Deccan Express Logistics
SO0004875,2024-07-18,2024-07-22,Ganga Freight
SO0004876,2024-07-18,2024-07-19,Ganga Freight
SO0004877,2024-07-18,2024-07-23,Ganga Freight
SO0004878,2024-07-18,2024-07-20,Sahyadri Roadlines
SO0004866,2024-07-18,2024-07-22,Ganga Freight
SO0004879,2024-07-18,2024-07-22,Deccan Express Logistics
SO0004880,2024-07-18,2024-07-20,Sahyadri Roadlines
SO0004881,2024-07-18,2024-07-21,Ganga Freight
SO0004868,2024-07-18,2024-07-20,Deccan Express Logistics
SO0004869,2024-07-18,2024-07-22,Sahyadri Roadlines
SO0004870,2024-07-18,2024-07-22,Sahyadri Roadlines
SO0004884,2024-07-19,2024-07-21,Ganga Freight
SO0004885,2024-07-19,2024-07-22,Deccan Express Logistics
SO0004896,2024-07-19,2024-07-21,Sahyadri Roadlines
SO0004886,2024-07-19,2024-07-22,Deccan Express Logistics
SO0004887,2024-07-19,2024-07-22,Deccan Express Logistics
SO0004888,2024-07-19,2024-07-20,Ganga Freight
SO0004889,2024-07-19,2024-07-22,Sahyadri Roadlines
SO0004890,2024-07-19,2024-07-20,Sahyadri Roadlines
SO0004891,2024-07-19,2024-07-21,Deccan Express Logistics
SO0004892,2024-07-19,2024-07-20,Sahyadri Roadlines
SO0004893,2024-07-19,2024-07-21,Sahyadri Roadlines
SO0004871,2024-07-19,2024-07-21,Sahyadri Roadlines
SO0004882,2024-07-19,2024-07-22,Deccan Express Logistics
SO0004883,2024-07-19,2024-07-23,Sahyadri Roadlines
SO0004894,2024-07-19,2024-07-20,Deccan Express Logistics
SO0004897,2024-07-20,2024-07-22,Deccan Express Logistics
SO0004898,2024-07-20,2024-07-22,Sahyadri Roadlines
SO0004899,2024-07-20,2024-07-23,Ganga Freight
SO0004900,2024-07-20,2024-07-24,Sahyadri Roadlines
SO0004901,2024-07-20,2024-07-23,Deccan Express Logistics
SO0004902,2024-07-20,2024-07-23,Deccan Express Logistics
SO0004903,2024-07-20,2024-07-24,Sahyadri Roadlines
SO0004904,2024-07-20,2024-07-22,Ganga Freight
SO0004895,2024-07-20,2024-07-23,Sahyadri Roadlines
SO0004905,2024-07-20,2024-07-23,Ganga Freight
SO0004906,2024-07-20,2024-07-24,Sahyadri Roadlines
SO0004907,2024-07-22,2024-07-25,Sahyadri Roadlines
SO0004908,2024-07-22,2024-07-24,Ganga Freight
SO0004909,2024-07-22,2024-07-26,Sahyadri Roadlines
SO0004910,2024-07-22,2024-07-26,Ganga Freight
SO0004917,2024-07-22,2024-07-24,Sahyadri Roadlines
SO0004911,2024-07-22,2024-07-25,Deccan Express Logistics
SO0004912,2024-07-22,2024-07-25,Deccan Express Logistics
SO0004913,2024-07-22,2024-07-24,Sahyadri Roadlines
SO0004914,2024-07-22,2024-07-24,Sahyadri Roadlines
SO0004915,2024-07-22,2024-07-27,Ganga Freight
SO0004916,2024-07-22,2024-07-26,Ganga Freight
SO0004918,2024-07-23,2024-07-24,Sahyadri Roadlines
SO0004919,2024-07-23,2024-07-26,Sahyadri Roadlines
SO0004920,2024-07-23,2024-07-24,Ganga Freight
SO0004921,2024-07-23,2024-07-27,Ganga Freight
SO0004922,2024-07-23,2024-07-26,Ganga Freight
SO0004923,2024-07-23,2024-07-24,Sahyadri Roadlines
SO0004924,2024-07-23,2024-07-24,Deccan Express Logistics
SO0004925,2024-07-23,2024-07-26,Ganga Freight
SO0004927,2024-07-23,2024-07-25,Sahyadri Roadlines
SO0004928,2024-07-23,2024-07-28,Sahyadri Roadlines
SO0004929,2024-07-24,2024-07-25,Ganga Freight
SO0004930,2024-07-24,2024-07-27,Ganga Freight
SO0004931,2024-07-24,2024-07-27,Ganga Freight
SO0004932,2024-07-24,2024-07-26,Sahyadri Roadlines
SO0004926,2024-07-24,2024-07-26,Sahyadri Roadlines
SO0004933,2024-07-24,2024-07-25,Sahyadri Roadlines
SO0004934,2024-07-24,2024-07-27,Deccan Express Logistics
SO0004935,2024-07-24,2024-07-25,Ganga Freight
SO0004936,2024-07-24,2024-07-27,Deccan Express Logistics
SO0004937,2024-07-24,2024-07-25,Deccan Express Logistics
SO0004939,2024-07-24,2024-07-26,Sahyadri Roadlines
SO0004944,2024-07-25,2024-07-27,Sahyadri Roadlines
SO0004945,2024-07-25,2024-07-29,Sahyadri Roadlines
SO0004946,2024-07-25,2024-07-27,Deccan Express Logistics
SO0004947,2024-07-25,2024-07-27,Deccan Express Logistics
SO0004948,2024-07-25,2024-07-29,Deccan Express Logistics
SO0004949,2024-07-25,2024-07-29,Deccan Express Logistics
SO0004950,2024-07-25,2024-07-28,Deccan Express Logistics
SO0004938,2024-07-25,2024-07-28,Ganga Freight
SO0004951,2024-07-25,2024-07-27,Sahyadri Roadlines
SO0004952,2024-07-25,2024-07-28,Sahyadri Roadlines
SO0004953,2024-07-25,2024-07-28,Deccan Express Logistics
SO0004940,2024-07-25,2024-07-28,Sahyadri Roadlines
SO0004941,2024-07-25,2024-07-29,Deccan Express Logistics
SO0004942,2024-07-25,2024-07-29,Sahyadri Roadlines
SO0004956,2024-07-26,2024-07-29,Sahyadri Roadlines
SO0004957,2024-07-26,2024-07-29,Deccan Express Logistics
SO0004968,2024-07-26,2024-07-31,Deccan Express Logistics
SO0004958,2024-07-26,2024-07-31,Sahyadri Roadlines
SO0004959,2024-07-26,2024-07-29,Sahyadri Roadlines
SO0004960,2024-07-26,2024-07-28,Sahyadri Roadlines
SO0004961,2024-07-26,2024-08-01,Ganga Freight
SO0004962,2024-07-26,2024-07-29,Sahyadri Roadlines
SO0004963,2024-07-26,2024-07-28,Ganga Freight
SO0004964,2024-07-26,2024-07-27,Sahyadri Roadlines
SO0004965,2024-07-26,2024-07-27,Sahyadri Roadlines
SO0004943,2024-07-26,2024-07-31,Ganga Freight
SO0004954,2024-07-26,2024-07-30,Deccan Express Logistics
SO0004955,2024-07-26,2024-07-29,Deccan Express Logistics
SO0004966,2024-07-26,2024-07-29,Deccan Express Logistics
SO0004967,2024-07-26,2024-07-28,Ganga Freight
SO0004969,2024-07-27,2024-07-29,Deccan Express Logistics
SO0004970,2024-07-27,2024-07-30,Ganga Freight
SO0004971,2024-07-27,2024-07-29,Sahyadri Roadlines
SO0004972,2024-07-27,2024-08-02,Deccan Express Logistics
SO0004973,2024-07-27,2024-07-31,Deccan Express Logistics
SO0004974,2024-07-27,2024-08-01,Ganga Freight
SO0004975,2024-07-27,2024-08-02,Sahyadri Roadlines
SO0004976,2024-07-27,2024-07-31,Deccan Express Logistics
SO0004977,2024-07-27,2024-07-31,Deccan Express Logistics
SO0004978,2024-07-27,2024-08-04,Deccan Express Logistics
SO0004979,2024-07-29,2024-07-31,Deccan Express Logistics
SO0004980,2024-07-29,2024-07-30,Deccan Express Logistics
SO0004981,2024-07-29,2024-08-02,Deccan Express Logistics
SO0004982,2024-07-29,2024-07-31,Deccan Express Logistics
SO0004989,2024-07-29,2024-08-01,Deccan Express Logistics
SO0004983,2024-07-29,2024-07-30,Sahyadri Roadlines
SO0004984,2024-07-29,2024-07-30,Deccan Express Logistics
SO0004985,2024-07-29,2024-07-30,Deccan Express Logistics
SO0004986,2024-07-29,2024-07-31,Sahyadri Roadlines
SO0004987,2024-07-29,2024-07-31,Deccan Express Logistics
SO0004988,2024-07-29,2024-08-04,Deccan Express Logistics
SO0004990,2024-07-30,2024-07-31,Ganga Freight
SO0004991,2024-07-30,2024-08-02,Deccan Express Logistics
SO0004992,2024-07-30,2024-07-31,Sahyadri Roadlines
SO0004993,2024-07-30,2024-08-03,Sahyadri Roadlines
SO0004994,2024-07-30,2024-08-01,Sahyadri Roadlines
SO0004995,2024-07-30,2024-07-31,Ganga Freight
SO0004996,2024-07-30,2024-08-02,Ganga Freight
SO0004997,2024-07-30,2024-08-04,Ganga Freight
SO0004999,2024-07-30,2024-08-05,Deccan Express Logistics
SO0005000,2024-07-30,2024-08-03,Sahyadri Roadlines
SO0005001,2024-07-31,2024-08-02,Deccan Express Logistics
SO0005002,2024-07-31,2024-08-03,Deccan Express Logistics
SO0005003,2024-07-31,2024-08-04,Deccan Express Logistics
SO0005004,2024-07-31,2024-08-01,Ganga Freight
SO0004998,2024-07-31,2024-08-02,Deccan Express Logistics
SO0005005,2024-07-31,2024-08-02,Deccan Express Logistics
SO0005006,2024-07-31,2024-08-01,Deccan Express Logistics
SO0005007,2024-07-31,2024-08-01,Sahyadri Roadlines
SO0005008,2024-07-31,2024-08-03,Deccan Express Logistics
SO0005009,2024-07-31,2024-08-05,Deccan Express Logistics
SO0005011,2024-07-31,2024-08-01,Deccan Express Logistics
SO0005016,2024-08-01,2024-08-03,Deccan Express Logistics
SO0005017,2024-08-01,2024-08-04,Sahyadri Roadlines
SO0005018,2024-08-01,2024-08-05,Sahyadri Roadlines
SO0005019,2024-08-01,2024-08-03,Ganga Freight
SO0005020,2024-08-01,2024-08-02,Ganga Freight
SO0005021,2024-08-01,2024-08-03,Sahyadri Roadlines
SO0005022,2024-08-01,2024-08-02,Ganga Freight
SO0005010,2024-08-01,2024-08-06,Ganga Freight
SO0005023,2024-08-01,2024-08-04,Ganga Freight
SO0005024,2024-08-01,2024-08-02,Ganga Freight
SO0005025,2024-08-01,2024-08-03,Ganga Freight
SO0005012,2024-08-01,2024-08-03,Sahyadri Roadlines
SO0005013,2024-08-01,2024-08-03,Sahyadri Roadlines
SO0005014,2024-08-01,2024-08-05,Ganga Freight
SO0005028,2024-08-02,2024-08-06,Ganga Freight
SO0005029,2024-08-02,2024-08-05,Sahyadri Roadlines
SO0005040,2024-08-02,2024-08-05,Sahyadri Roadlines
SO0005030,2024-08-02,2024-08-04,Sahyadri Roadlines
SO0005031,2024-08-02,2024-08-03,Ganga Freight
SO0005032,2024-08-02,2024-08-03,Ganga Freight
SO0005033,2024-08-02,2024-08-05,Sahyadri Roadlines
SO0005034,2024-08-02,2024-08-03,Sahyadri Roadlines
SO0005035,2024-08-02,2024-08-03,Deccan Express Logistics
SO0005036,2024-08-02,2024-08-04,Sahyadri Roadlines
SO0005037,2024-08-02,2024-08-03,Sahyadri Roadlines
SO0005015,2024-08-02,2024-08-06,Sahyadri Roadlines
SO0005026,2024-08-02,2024-08-05,Ganga Freight
SO0005027,2024-08-02,2024-08-05,Sahyadri Roadlines
SO0005041,2024-08-03,2024-08-08,Sahyadri Roadlines
SO0005042,2024-08-03,2024-08-06,Ganga Freight
SO0005043,2024-08-03,2024-08-05,Sahyadri Roadlines
SO0005044,2024-08-03,2024-08-07,Ganga Freight
SO0005045,2024-08-03,2024-08-08,Deccan Express Logistics
SO0005046,2024-08-03,2024-08-06,Deccan Express Logistics
SO0005047,2024-08-03,2024-08-09,Deccan Express Logistics
SO0005048,2024-08-03,2024-08-07,Sahyadri Roadlines
SO0005038,2024-08-03,2024-08-06,Sahyadri Roadlines
SO0005039,2024-08-03,2024-08-04,Deccan Express Logistics
SO0005049,2024-08-03,2024-08-08,Ganga Freight
SO0005051,2024-08-05,2024-08-08,Deccan Express Logistics
SO0005052,2024-08-05,2024-08-07,Ganga Freight
SO0005053,2024-08-05,2024-08-11,Deccan Express Logistics
SO0005054,2024-08-05,2024-08-07,Sahyadri Roadlines
SO0005061,2024-08-05,2024-08-07,Ganga Freight
SO0005055,2024-08-05,2024-08-07,Deccan Express Logistics
SO0005056,2024-08-05,2024-08-07,Deccan Express Logistics
SO0005057,2024-08-05,2024-08-06,Deccan Express Logistics
SO0005058,2024-08-05,2024-08-09,Sahyadri Roadlines
SO0005059,2024-08-05,2024-08-08,Ganga Freight
SO0005050,2024-08-05,2024-08-09,Ganga Freight
SO0005060,2024-08-05,2024-08-10,Deccan Express Logistics
SO0005062,2024-08-06,2024-08-08,Sahyadri Roadlines
SO0005063,2024-08-06,2024-08-07,Ganga Freight
SO0005064,2024-08-06,2024-08-08,Deccan Express Logistics
SO0005065,2024-08-06,2024-08-09,Deccan Express Logistics
SO0005066,2024-08-06,2024-08-10,Deccan Express Logistics
SO0005067,2024-08-06,2024-08-09,Sahyadri Roadlines
SO0005068,2024-08-06,2024-08-08,Deccan Express Logistics
SO0005069,2024-08-06,2024-08-09,Ganga Freight
SO0005071,2024-08-06,2024-08-09,Deccan Express Logistics
SO0005072,2024-08-06,2024-08-10,Ganga Freight
SO0005073,2024-08-07,2024-08-09,Sahyadri Roadlines
SO0005074,2024-08-07,2024-08-10,Sahyadri Roadlines
SO0005075,2024-08-07,2024-08-11,Deccan Express Logistics
SO0005076,2024-08-07,2024-08-09,Deccan Express Logistics
SO0005070,2024-08-07,2024-08-08,Deccan Express Logistics
SO0005077,2024-08-07,2024-08-08,Ganga Freight
SO0005078,2024-08-07,2024-08-11,Ganga Freight
SO0005079,2024-08-07,2024-08-09,Deccan Express Logistics
SO0005080,2024-08-07,2024-08-12,Ganga Freight
SO0005083,2024-08-07,2024-08-09,Ganga Freight
SO0005088,2024-08-08,2024-08-11,Sahyadri Roadlines
SO0005089,2024-08-08,2024-08-12,Ganga Freight
SO0005090,2024-08-08,2024-08-09,Sahyadri Roadlines
SO0005091,2024-08-08,2024-08-09,Sahyadri Roadlines
SO0005092,2024-08-08,2024-08-11,Sahyadri Roadlines
SO0005093,2024-08-08,2024-08-10,Deccan Express Logistics
SO0005094,2024-08-08,2024-08-11,Deccan Express Logistics
SO0005081,2024-08-08,2024-08-10,Sahyadri Roadlines
SO0005082,2024-08-08,2024-08-10,Ganga Freight
SO0005095,2024-08-08,2024-08-10,Ganga Freight
SO0005096,2024-08-08,2024-08-12,Deccan Express Logistics
SO0005097,2024-08-08,2024-08-12,Sahyadri Roadlines
SO0005084,2024-08-08,2024-08-12,Ganga Freight
SO0005085,2024-08-08,2024-08-10,Sahyadri Roadlines
SO0005086,2024-08-08,2024-08-15,Ganga Freight
SO0005100,2024-08-09,2024-08-10,Deccan Express Logistics
SO0005101,2024-08-09,2024-08-12,Sahyadri Roadlines
SO0005112,2024-08-09,2024-08-13,Sahyadri Roadlines
SO0005102,2024-08-09,2024-08-12,Deccan Express Logistics
SO0005103,2024-08-09,2024-08-12,Deccan Express Logistics
SO0005104,2024-08-09,2024-08-10,Deccan Express Logistics
SO0005105,2024-08-09,2024-08-16,Ganga Freight
SO0005106,2024-08-09,2024-08-12,Ganga Freight
SO0005107,2024-08-09,2024-08-13,Deccan Express Logistics
SO0005108,2024-08-09,2024-08-12,Ganga Freight
SO0005109,2024-08-09,2024-08-11,Ganga Freight
SO0005087,2024-08-09,2024-08-12,Ganga Freight
SO0005098,2024-08-09,2024-08-11,Sahyadri Roadlines
SO0005099,2024-08-09,2024-08-11,Ganga Freight
SO0005110,2024-08-09,2024-08-11,Ganga Freight
SO0005113,2024-08-10,2024-08-13,Ganga Freight
SO0005114,2024-08-10,2024-08-13,Deccan Express Logistics
SO0005115,2024-08-10,2024-08-12,Sahyadri Roadlines
SO0005116,2024-08-10,2024-08-15,Sahyadri Roadlines
SO0005117,2024-08-10,2024-08-13,Ganga Freight
SO0005118,2024-08-10,2024-08-12,Deccan Express Logistics
SO0005119,2024-08-10,2024-08-12,Sahyadri Roadlines
SO0005120,2024-08-10,2024-08-14,Deccan Express Logistics
SO0005111,2024-08-10,2024-08-14,Deccan Express Logistics
SO0005121,2024-08-10,2024-08-14,Ganga Freight
SO0005122,2024-08-10,2024-08-13,Deccan Express Logistics
SO0005123,2024-08-12,2024-08-15,Sahyadri Roadlines
SO0005124,2024-08-12,2024-08-14,Deccan Express Logistics
SO0005125,2024-08-12,2024-08-20,Deccan Express Logistics
SO0005126,2024-08-12,2024-08-15,Deccan Express Logistics
SO0005133,2024-08-12,2024-08-16,Sahyadri Roadlines
SO0005127,2024-08-12,2024-08-14,Deccan Express Logistics
SO0005128,2024-08-12,2024-08-15,Sahyadri Roadlines
SO0005129,2024-08-12,2024-08-15,Sahyadri Roadlines
SO0005130,2024-08-12,2024-08-15,Sahyadri Roadlines
SO0005131,2024-08-12,2024-08-15,Deccan Express Logistics
SO0005132,2024-08-12,2024-08-20,Ganga Freight
SO0005134,2024-08-13,2024-08-15,Deccan Express Logistics
SO0005135,2024-08-13,2024-08-14,Deccan Express Logistics
SO0005136,2024-08-13,2024-08-15,Ganga Freight
SO0005137,2024-08-13,2024-08-17,Deccan Express Logistics
SO0005138,2024-08-13,2024-08-15,Sahyadri Roadlines
SO0005139,2024-08-13,2024-08-15,Deccan Express Logistics
SO0005140,2024-08-13,2024-08-15,Sahyadri Roadlines
SO0005141,2024-08-13,2024-08-18,Ganga Freight
SO0005143,2024-08-13,2024-08-17,Sahyadri Roadlines
SO0005144,2024-08-13,2024-08-16,Sahyadri Roadlines
SO0005145,2024-08-14,2024-08-16,Sahyadri Roadlines
SO0005146,2024-08-14,2024-08-19,Ganga Freight
SO0005147,2024-08-14,2024-08-17,Deccan Express Logistics
SO0005148,2024-08-14,2024-08-15,Deccan Express Logistics
SO0005142,2024-08-14,2024-08-16,Sahyadri Roadlines
SO0005149,2024-08-14,2024-08-15,Ganga Freight
SO0005150,2024-08-14,2024-08-15,Deccan Express Logistics
SO0005151,2024-08-14,2024-08-15,Ganga Freight
SO0005152,2024-08-14,2024-08-18,Ganga Freight
SO0005153,2024-08-14,2024-08-18,Sahyadri Roadlines
SO0005155,2024-08-14,2024-08-15,Ganga Freight
SO0005160,2024-08-15,2024-08-19,Deccan Express Logistics
SO0005161,2024-08-15,2024-08-19,Sahyadri Roadlines
SO0005162,2024-08-15,2024-08-16,Ganga Freight
SO0005163,2024-08-15,2024-08-19,Ganga Freight
SO0005164,2024-08-15,2024-08-17,Sahyadri Roadlines
SO0005165,2024-08-15,2024-08-18,Sahyadri Roadlines
SO0005166,2024-08-15,2024-08-19,Ganga Freight
SO0005154,2024-08-15,2024-08-18,Ganga Freight
SO0005167,2024-08-15,2024-08-16,Deccan Express Logistics
SO0005168,2024-08-15,2024-08-19,Deccan Express Logistics
SO0005169,2024-08-15,2024-08-17,Sahyadri Roadlines
SO0005156,2024-08-15,2024-08-18,Sahyadri Roadlines
SO0005157,2024-08-15,2024-08-16,Deccan Express Logistics
SO0005158,2024-08-15,2024-08-19,Ganga Freight
SO0005159,2024-08-15,2024-08-20,Ganga Freight
SO0005172,2024-08-16,2024-08-18,Ganga Freight
SO0005173,2024-08-16,2024-08-19,Sahyadri Roadlines
SO0005184,2024-08-16,2024-08-18,Sahyadri Roadlines
SO0005174,2024-08-16,2024-08-18,Sahyadri Roadlines
SO0005175,2024-08-16,2024-08-17,Sahyadri Roadlines
SO0005176,2024-08-16,2024-08-17,Sahyadri Roadlines
SO0005177,2024-08-16,2024-08-21,Deccan Express Logistics
SO0005178,2024-08-16,2024-08-17,Ganga Freight
SO0005179,2024-08-16,2024-08-17,Sahyadri Roadlines
SO0005180,2024-08-16,2024-08-17,Ganga Freight
SO0005181,2024-08-16,2024-08-18,Ganga Freight
SO0005170,2024-08-16,2024-08-19,Ganga Freight
SO0005171,2024-08-16,2024-08-20,Deccan Express Logistics
SO0005182,2024-08-16,2024-08-17,Sahyadri Roadlines
SO0005183,2024-08-16,2024-08-20,Ganga Freight
SO0005185,2024-08-17,2024-08-20,Deccan Express Logistics
SO0005186,2024-08-17,2024-08-19,Sahyadri Roadlines
SO0005187,2024-08-17,2024-08-20,Deccan Express Logistics
SO0005188,2024-08-17,2024-08-20,Sahyadri Roadlines
SO0005189,2024-08-17,2024-08-20,Sahyadri Roadlines
SO0005190,2024-08-17,2024-08-21,Deccan Express Logistics
SO0005191,2024-08-17,2024-08-23,Ganga Freight
SO0005192,2024-08-17,2024-08-22,Deccan Express Logistics
SO0005193,2024-08-17,2024-08-20,Ganga Freight
SO0005194,2024-08-17,2024-08-22,Sahyadri Roadlines
SO0005195,2024-08-19,2024-08-22,Deccan Express Logistics
SO0005196,2024-08-19,2024-08-22,Deccan Express Logistics
SO0005197,2024-08-19,2024-08-24,Ganga Freight
SO0005198,2024-08-19,2024-08-22,Ganga Freight
SO0005205,2024-08-19,2024-08-24,Deccan Express Logistics
SO0005199,2024-08-19,2024-08-22,Ganga Freight
SO0005200,2024-08-19,2024-08-20,Deccan Express Logistics
SO0005201,2024-08-19,2024-08-20,Sahyadri Roadlines
SO0005202,2024-08-19,2024-08-22,Ganga Freight
SO0005203,2024-08-19,2024-08-21,Sahyadri Roadlines
SO0005204,2024-08-19,2024-08-24,Deccan Express Logistics
SO0005206,2024-08-20,2024-08-22,Sahyadri Roadlines
SO0005207,2024-08-20,2024-08-22,Sahyadri Roadlines
SO0005208,2024-08-20,2024-08-22,Sahyadri Roadlines
SO0005209,2024-08-20,2024-08-24,Sahyadri Roadlines
SO0005210,2024-08-20,2024-08-22,Ganga Freight
SO0005211,2024-08-20,2024-08-21,Deccan Express Logistics
SO0005212,2024-08-20,2024-08-21,Deccan Express Logistics
SO0005213,2024-08-20,2024-08-22,Sahyadri Roadlines
SO0005214,2024-08-20,2024-08-23,Deccan Express Logistics
SO0005215,2024-08-20,2024-08-22,Deccan Express Logistics
SO0005216,2024-08-20,2024-08-22,Deccan Express Logistics
SO0005217,2024-08-21,2024-08-22,Deccan Express Logistics
SO0005218,2024-08-21,2024-08-24,Deccan Express Logistics
SO0005219,2024-08-21,2024-08-24,Ganga Freight
SO0005220,2024-08-21,2024-08-24,Sahyadri Roadlines
SO0005221,2024-08-21,2024-08-22,Deccan Express Logistics
SO0005222,2024-08-21,2024-08-22,Ganga Freight
SO0005223,2024-08-21,2024-08-22,Sahyadri Roadlines
SO0005224,2024-08-21,2024-08-23,Ganga Freight
SO0005225,2024-08-21,2024-08-28,Ganga Freight
SO0005227,2024-08-21,2024-08-22,Sahyadri Roadlines
SO0005232,2024-08-22,2024-08-24,Sahyadri Roadlines
SO0005233,2024-08-22,2024-08-25,Ganga Freight
SO0005234,2024-08-22,2024-08-24,Deccan Express Logistics
SO0005235,2024-08-22,2024-08-25,Deccan Express Logistics
SO0005236,2024-08-22,2024-08-26,Ganga Freight
SO0005237,2024-08-22,2024-08-26,Deccan Express Logistics
SO0005238,2024-08-22,2024-08-23,Ganga Freight
SO0005226,2024-08-22,2024-08-25,Ganga Freight
SO0005239,2024-08-22,2024-08-24,Ganga Freight
SO0005240,2024-08-22,2024-08-23,Ganga Freight
SO0005241,2024-08-22,2024-08-24,Deccan Express Logistics
SO0005228,2024-08-22,2024-08-26,Ganga Freight
SO0005229,2024-08-22,2024-08-23,Ganga Freight
SO0005230,2024-08-22,2024-08-28,Ganga Freight
SO0005244,2024-08-23,2024-08-24,Deccan Express Logistics
SO0005245,2024-08-23,2024-08-27,Sahyadri Roadlines
SO0005256,2024-08-23,2024-08-26,Deccan Express Logistics
SO0005246,2024-08-23,2024-08-24,Ganga Freight
SO0005247,2024-08-23,2024-08-24,Deccan Express Logistics
SO0005248,2024-08-23,2024-08-26,Ganga Freight
SO0005249,2024-08-23,2024-08-29,Deccan Express Logistics
SO0005250,2024-08-23,2024-08-25,Sahyadri Roadlines
SO0005251,2024-08-23,2024-08-24,Deccan Express Logistics
SO0005252,2024-08-23,2024-08-25,Deccan Express Logistics
SO0005253,2024-08-23,2024-08-24,Deccan Express Logistics
SO0005231,2024-08-23,2024-08-26,Deccan Express Logistics
SO0005242,2024-08-23,2024-08-25,Deccan Express Logistics
SO0005243,2024-08-23,2024-08-25,Ganga Freight
SO0005254,2024-08-23,2024-08-26,Sahyadri Roadlines
SO0005255,2024-08-23,2024-08-25,Ganga Freight
SO0005257,2024-08-24,2024-08-26,Ganga Freight
SO0005258,2024-08-24,2024-08-27,Sahyadri Roadlines
SO0005259,2024-08-24,2024-08-27,Deccan Express Logistics
SO0005260,2024-08-24,2024-08-29,Sahyadri Roadlines
SO0005261,2024-08-24,2024-08-27,Deccan Express Logistics
SO0005262,2024-08-24,2024-08-26,Sahyadri Roadlines
SO0005263,2024-08-24,2024-08-30,Ganga Freight
SO0005264,2024-08-24,2024-08-29,Deccan Express Logistics
SO0005265,2024-08-24,2024-08-28,Deccan Express Logistics
SO0005266,2024-08-24,2024-08-28,Deccan Express Logistics
SO0005267,2024-08-26,2024-08-28,Deccan Express Logistics
SO0005268,2024-08-26,2024-08-27,Deccan Express Logistics
SO0005269,2024-08-26,2024-08-29,Sahyadri Roadlines
SO0005270,2024-08-26,2024-08-30,Ganga Freight
SO0005277,2024-08-26,2024-08-30,Deccan Express Logistics
SO0005271,2024-08-26,2024-08-28,Deccan Express Logistics
SO0005272,2024-08-26,2024-08-27,Sahyadri Roadlines
SO0005273,2024-08-26,2024-08-28,Deccan Express Logistics
SO0005274,2024-08-26,2024-08-31,Ganga Freight
SO0005275,2024-08-26,2024-08-29,Ganga Freight
SO0005276,2024-08-26,2024-09-01,Deccan Express Logistics
SO0005278,2024-08-27,2024-08-28,Sahyadri Roadlines
SO0005279,2024-08-27,2024-08-29,Ganga Freight
SO0005280,2024-08-27,2024-08-29,Sahyadri Roadlines
SO0005281,2024-08-27,2024-09-03,Deccan Express Logistics
SO0005282,2024-08-27,2024-08-29,Sahyadri Roadlines
SO0005283,2024-08-27,2024-08-28,Deccan Express Logistics
SO0005284,2024-08-27,2024-08-29,Ganga Freight
SO0005285,2024-08-27,2024-08-30,Ganga Freight
SO0005287,2024-08-27,2024-08-31,Deccan Express Logistics
SO0005288,2024-08-27,2024-09-01,Ganga Freight
SO0005289,2024-08-28,2024-08-29,Ganga Freight
SO0005290,2024-08-28,2024-09-01,Sahyadri Roadlines
SO0005291,2024-08-28,2024-08-31,Sahyadri Roadlines
SO0005292,2024-08-28,2024-08-29,Sahyadri Roadlines
SO0005286,2024-08-28,2024-08-29,Sahyadri Roadlines
SO0005293,2024-08-28,2024-08-29,Sahyadri Roadlines
SO0005294,2024-08-28,2024-08-31,Ganga Freight
SO0005295,2024-08-28,2024-08-29,Sahyadri Roadlines
SO0005296,2024-08-28,2024-08-31,Ganga Freight
SO0005299,2024-08-28,2024-08-30,Ganga Freight
SO0005304,2024-08-29,2024-09-01,Deccan Express Logistics
SO0005305,2024-08-29,2024-09-02,Deccan Express Logistics
SO0005306,2024-08-29,2024-08-30,Sahyadri Roadlines
SO0005307,2024-08-29,2024-08-31,Deccan Express Logistics
SO0005308,2024-08-29,2024-08-30,Deccan Express Logistics
SO0005309,2024-08-29,2024-09-01,Sahyadri Roadlines
SO0005310,2024-08-29,2024-08-30,Sahyadri Roadlines
SO0005297,2024-08-29,2024-08-31,Deccan Express Logistics
SO0005298,2024-08-29,2024-08-31,Deccan Express Logistics
SO0005311,2024-08-29,2024-08-30,Ganga Freight
SO0005312,2024-08-29,2024-08-31,Sahyadri Roadlines
SO0005313,2024-08-29,2024-08-31,Ganga Freight
SO0005300,2024-08-29,2024-09-03,Deccan Express Logistics
SO0005301,2024-08-29,2024-08-31,Deccan Express Logistics
SO0005302,2024-08-29,2024-09-01,Sahyadri Roadlines
SO0005316,2024-08-30,2024-09-01,Ganga Freight
SO0005317,2024-08-30,2024-09-02,Sahyadri Roadlines
SO0005328,2024-08-30,2024-09-03,Ganga Freight
SO0005318,2024-08-30,2024-09-01,Deccan Express Logistics
SO0005319,2024-08-30,2024-09-01,Sahyadri Roadlines
SO0005320,2024-08-30,2024-09-01,Ganga Freight
SO0005321,2024-08-30,2024-09-03,Sahyadri Roadlines
SO0005322,2024-08-30,2024-09-01,Ganga Freight
SO0005323,2024-08-30,2024-09-01,Deccan Express Logistics
SO0005324,2024-08-30,2024-09-02,Ganga Freight
SO0005325,2024-08-30,2024-08-31,Sahyadri Roadlines
SO0005303,2024-08-30,2024-09-04,Ganga Freight
SO0005314,2024-08-30,2024-09-04,Deccan Express Logistics
SO0005315,2024-08-30,2024-09-04,Sahyadri Roadlines
SO0005326,2024-08-30,2024-09-02,Deccan Express Logistics
SO0005327,2024-08-30,2024-09-01,Ganga Freight
SO0005329,2024-08-31,2024-09-04,Deccan Express Logistics
SO0005330,2024-08-31,2024-09-03,Deccan Express Logistics
SO0005331,2024-08-31,2024-09-02,Deccan Express Logistics
SO0005332,2024-08-31,2024-09-03,Deccan Express Logistics
SO0005333,2024-08-31,2024-09-03,Deccan Express Logistics
SO0005334,2024-08-31,2024-09-04,Deccan Express Logistics
SO0005335,2024-08-31,2024-09-07,Ganga Freight
SO0005336,2024-08-31,2024-09-03,Ganga Freight
SO0005337,2024-08-31,2024-09-06,Ganga Freight
SO0005338,2024-08-31,2024-09-04,Sahyadri Roadlines
SO0005339,2024-09-02,2024-09-05,Deccan Express Logistics
SO0005340,2024-09-02,2024-09-06,Deccan Express Logistics
SO0005341,2024-09-02,2024-09-08,Ganga Freight
SO0005342,2024-09-02,2024-09-06,Sahyadri Roadlines
SO0005349,2024-09-02,2024-09-05,Deccan Express Logistics
SO0005343,2024-09-02,2024-09-05,Ganga Freight
SO0005344,2024-09-02,2024-09-07,Sahyadri Roadlines
SO0005345,2024-09-02,2024-09-03,Sahyadri Roadlines
SO0005346,2024-09-02,2024-09-04,Ganga Freight
SO0005347,2024-09-02,2024-09-06,Ganga Freight
SO0005348,2024-09-02,2024-09-06,Deccan Express Logistics
SO0005350,2024-09-03,2024-09-05,Deccan Express Logistics
SO0005351,2024-09-03,2024-09-04,Sahyadri Roadlines
SO0005352,2024-09-03,2024-09-08,Ganga Freight
SO0005353,2024-09-03,2024-09-07,Ganga Freight
SO0005354,2024-09-03,2024-09-05,Sahyadri Roadlines
SO0005355,2024-09-03,2024-09-05,Deccan Express Logistics
SO0005356,2024-09-03,2024-09-04,Ganga Freight
SO0005357,2024-09-03,2024-09-05,Deccan Express Logistics
SO0005358,2024-09-03,2024-09-04,Deccan Express Logistics
SO0005359,2024-09-03,2024-09-05,Deccan Express Logistics
SO0005360,2024-09-03,2024-09-10,Sahyadri Roadlines
SO0005361,2024-09-04,2024-09-05,Sahyadri Roadlines
SO0005362,2024-09-04,2024-09-07,Deccan Express Logistics
SO0005363,2024-09-04,2024-09-08,Sahyadri Roadlines
SO0005364,2024-09-04,2024-09-06,Ganga Freight
SO0005365,2024-09-04,2024-09-05,Ganga Freight
SO0005366,2024-09-04,2024-09-06,Sahyadri Roadlines
SO0005367,2024-09-04,2024-09-05,Deccan Express Logistics
SO0005368,2024-09-04,2024-09-10,Ganga Freight
SO0005369,2024-09-04,2024-09-06,Sahyadri Roadlines
SO0005370,2024-09-04,2024-09-06,Deccan Express Logistics
SO0005371,2024-09-04,2024-09-06,Ganga Freight
SO0005376,2024-09-05,2024-09-07,Sahyadri Roadlines
SO0005377,2024-09-05,2024-09-09,Deccan Express Logistics
SO0005378,2024-09-05,2024-09-07,Deccan Express Logistics
SO0005379,2024-09-05,2024-09-07,Ganga Freight
SO0005380,2024-09-05,2024-09-06,Sahyadri Roadlines
SO0005381,2024-09-05,2024-09-07,Deccan Express Logistics
SO0005382,2024-09-05,2024-09-06,Deccan Express Logistics
SO0005383,2024-09-05,2024-09-07,Deccan Express Logistics
SO0005384,2024-09-05,2024-09-10,Ganga Freight
SO0005385,2024-09-05,2024-09-07,Deccan Express Logistics
SO0005372,2024-09-05,2024-09-08,Sahyadri Roadlines
SO0005373,2024-09-05,2024-09-07,Deccan Express Logistics
SO0005374,2024-09-05,2024-09-10,Ganga Freight
SO0005388,2024-09-06,2024-09-09,Sahyadri Roadlines
SO0005389,2024-09-06,2024-09-11,Sahyadri Roadlines
SO0005400,2024-09-06,2024-09-11,Ganga Freight
SO0005390,2024-09-06,2024-09-07,Deccan Express Logistics
SO0005391,2024-09-06,2024-09-10,Deccan Express Logistics
SO0005392,2024-09-06,2024-09-07,Sahyadri Roadlines
SO0005393,2024-09-06,2024-09-10,Ganga Freight
SO0005394,2024-09-06,2024-09-07,Ganga Freight
SO0005395,2024-09-06,2024-09-07,Sahyadri Roadlines
SO0005396,2024-09-06,2024-09-08,Ganga Freight
SO0005397,2024-09-06,2024-09-07,Deccan Express Logistics
SO0005375,2024-09-06,2024-09-11,Sahyadri Roadlines
SO0005386,2024-09-06,2024-09-10,Sahyadri Roadlines
SO0005387,2024-09-06,2024-09-11,Sahyadri Roadlines
SO0005398,2024-09-06,2024-09-07,Deccan Express Logistics
SO0005399,2024-09-06,2024-09-08,Sahyadri Roadlines
SO0005401,2024-09-07,2024-09-10,Sahyadri Roadlines
SO0005402,2024-09-07,2024-09-10,Deccan Express Logistics
SO0005403,2024-09-07,2024-09-11,Ganga Freight
SO0005404,2024-09-07,2024-09-10,Deccan Express Logistics
SO0005405,2024-09-07,2024-09-10,Sahyadri Roadlines
SO0005406,2024-09-07,2024-09-09,Ganga Freight
SO0005407,2024-09-07,2024-09-10,Deccan Express Logistics
SO0005408,2024-09-07,2024-09-11,Deccan Express Logistics
SO0005409,2024-09-07,2024-09-11,Ganga Freight
SO0005410,2024-09-07,2024-09-11,Ganga Freight
SO0005411,2024-09-09,2024-09-11,Ganga Freight
SO0005412,2024-09-09,2024-09-10,Ganga Freight
SO0005413,2024-09-09,2024-09-13,Deccan Express Logistics
SO0005414,2024-09-09,2024-09-12,Deccan Express Logistics
SO0005421,2024-09-09,2024-09-12,Ganga Freight
SO0005415,2024-09-09,2024-09-12,Sahyadri Roadlines
SO0005416,2024-09-09,2024-09-10,Deccan Express Logistics
SO0005417,2024-09-09,2024-09-10,Deccan Express Logistics
SO0005418,2024-09-09,2024-09-13,Deccan Express Logistics
SO0005419,2024-09-09,2024-09-12,Deccan Express Logistics
SO0005420,2024-09-09,2024-09-17,Ganga Freight
SO0005422,2024-09-10,2024-09-12,Sahyadri Roadlines
SO0005423,2024-09-10,2024-09-12,Sahyadri Roadlines
SO0005424,2024-09-10,2024-09-11,Sahyadri Roadlines
SO0005425,2024-09-10,2024-09-15,Sahyadri Roadlines
SO0005426,2024-09-10,2024-09-12,Ganga Freight
SO0005427,2024-09-10,2024-09-11,Deccan Express Logistics
SO0005428,2024-09-10,2024-09-12,Deccan Express Logistics
SO0005429,2024-09-10,2024-09-14,Deccan Express Logistics
SO0005430,2024-09-10,2024-09-12,Sahyadri Roadlines
SO0005431,2024-09-10,2024-09-12,Ganga Freight
SO0005432,2024-09-10,2024-09-17,Ganga Freight
SO0005433,2024-09-11,2024-09-12,Sahyadri Roadlines
SO0005434,2024-09-11,2024-09-13,Sahyadri Roadlines
SO0005435,2024-09-11,2024-09-14,Ganga Freight
SO0005436,2024-09-11,2024-09-13,Deccan Express Logistics
SO0005437,2024-09-11,2024-09-12,Deccan Express Logistics
SO0005438,2024-09-11,2024-09-13,Deccan Express Logistics
SO0005439,2024-09-11,2024-09-13,Sahyadri Roadlines
SO0005440,2024-09-11,2024-09-15,Sahyadri Roadlines
SO0005441,2024-09-11,2024-09-15,Deccan Express Logistics
SO0005443,2024-09-11,2024-09-14,Deccan Express Logistics
SO0005448,2024-09-12,2024-09-15,Deccan Express Logistics
SO0005449,2024-09-12,2024-09-15,Deccan Express Logistics
SO0005450,2024-09-12,2024-09-13,Ganga Freight
SO0005451,2024-09-12,2024-09-17,Sahyadri Roadlines
SO0005452,2024-09-12,2024-09-14,Ganga Freight
SO0005453,2024-09-12,2024-09-16,Deccan Express Logistics
SO0005454,2024-09-12,2024-09-14,Ganga Freight
SO0005442,2024-09-12,2024-09-15,Ganga Freight
SO0005455,2024-09-12,2024-09-13,Sahyadri Roadlines
SO0005456,2024-09-12,2024-09-15,Deccan Express Logistics
SO0005457,2024-09-12,2024-09-14,Ganga Freight
SO0005444,2024-09-12,2024-09-15,Sahyadri Roadlines
SO0005445,2024-09-12,2024-09-15,Sahyadri Roadlines
SO0005446,2024-09-12,2024-09-19,Sahyadri Roadlines
SO0005460,2024-09-13,2024-09-15,Deccan Express Logistics
SO0005461,2024-09-13,2024-09-17,Deccan Express Logistics
SO0005472,2024-09-13,2024-09-15,Deccan Express Logistics
SO0005462,2024-09-13,2024-09-15,Deccan Express Logistics
SO0005463,2024-09-13,2024-09-17,Ganga Freight
SO0005464,2024-09-13,2024-09-15,Sahyadri Roadlines
SO0005465,2024-09-13,2024-09-16,Ganga Freight
SO0005466,2024-09-13,2024-09-15,Deccan Express Logistics
SO0005467,2024-09-13,2024-09-16,Deccan Express Logistics
SO0005468,2024-09-13,2024-09-14,Deccan Express Logistics
SO0005469,2024-09-13,2024-09-15,Sahyadri Roadlines
SO0005447,2024-09-13,2024-09-17,Deccan Express Logistics
SO0005458,2024-09-13,2024-09-16,Ganga Freight
SO0005459,2024-09-13,2024-09-16,Ganga Freight
SO0005470,2024-09-13,2024-09-15,Ganga Freight
SO0005471,2024-09-13,2024-09-16,Sahyadri Roadlines
SO0005473,2024-09-14,2024-09-19,Ganga Freight
SO0005474,2024-09-14,2024-09-17,Ganga Freight
SO0005475,2024-09-14,2024-09-16,Ganga Freight
SO0005476,2024-09-14,2024-09-20,Sahyadri Roadlines
SO0005477,2024-09-14,2024-09-17,Ganga Freight
SO0005478,2024-09-14,2024-09-17,Sahyadri Roadlines
SO0005479,2024-09-14,2024-09-18,Sahyadri Roadlines
SO0005480,2024-09-14,2024-09-19,Ganga Freight
SO0005481,2024-09-14,2024-09-17,Sahyadri Roadlines
SO0005482,2024-09-14,2024-09-19,Sahyadri Roadlines
SO0005483,2024-09-16,2024-09-19,Deccan Express Logistics
SO0005484,2024-09-16,2024-09-18,Ganga Freight
SO0005485,2024-09-16,2024-09-20,Ganga Freight
SO0005486,2024-09-16,2024-09-19,Sahyadri Roadlines
SO0005493,2024-09-16,2024-09-18,Deccan Express Logistics
SO0005487,2024-09-16,2024-09-18,Deccan Express Logistics
SO0005488,2024-09-16,2024-09-20,Ganga Freight
SO0005489,2024-09-16,2024-09-17,Sahyadri Roadlines
SO0005490,2024-09-16,2024-09-18,Sahyadri Roadlines
SO0005491,2024-09-16,2024-09-18,Ganga Freight
SO0005492,2024-09-16,2024-09-21,Ganga Freight
SO0005494,2024-09-17,2024-09-18,Ganga Freight
SO0005495,2024-09-17,2024-09-18,Sahyadri Roadlines
SO0005496,2024-09-17,2024-09-18,Deccan Express Logistics
SO0005497,2024-09-17,2024-09-23,Sahyadri Roadlines
SO0005498,2024-09-17,2024-09-20,Sahyadri Roadlines
SO0005499,2024-09-17,2024-09-18,Ganga Freight
SO0005500,2024-09-17,2024-09-18,Ganga Freight
SO0005501,2024-09-17,2024-09-20,Deccan Express Logistics
SO0005502,2024-09-17,2024-09-18,Deccan Express Logistics
SO0005503,2024-09-17,2024-09-23,Ganga Freight
SO0005504,2024-09-17,2024-09-22,Ganga Freight
SO0005505,2024-09-18,2024-09-21,Deccan Express Logistics
SO0005506,2024-09-18,2024-09-20,Deccan Express Logistics
SO0005507,2024-09-18,2024-09-22,Sahyadri Roadlines
SO0005508,2024-09-18,2024-09-19,Ganga Freight
SO0005509,2024-09-18,2024-09-19,Sahyadri Roadlines
SO0005510,2024-09-18,2024-09-20,Sahyadri Roadlines
SO0005511,2024-09-18,2024-09-20,Sahyadri Roadlines
SO0005512,2024-09-18,2024-09-21,Sahyadri Roadlines
SO0005513,2024-09-18,2024-09-20,Sahyadri Roadlines
SO0005515,2024-09-18,2024-09-19,Ganga Freight
SO0005520,2024-09-19,2024-09-21,Deccan Express Logistics
SO0005521,2024-09-19,2024-09-22,Deccan Express Logistics
SO0005522,2024-09-19,2024-09-21,Ganga Freight
SO0005523,2024-09-19,2024-09-20,Ganga Freight
SO0005524,2024-09-19,2024-09-20,Sahyadri Roadlines
SO0005525,2024-09-19,2024-09-22,Sahyadri Roadlines
SO0005526,2024-09-19,2024-09-20,Deccan Express Logistics
SO0005514,2024-09-19,2024-09-21,Deccan Express Logistics
SO0005527,2024-09-19,2024-09-21,Deccan Express Logistics
SO0005528,2024-09-19,2024-09-21,Ganga Freight
SO0005529,2024-09-19,2024-09-21,Ganga Freight
SO0005516,2024-09-19,2024-09-22,Deccan Express Logistics
SO0005517,2024-09-19,2024-09-22,Sahyadri Roadlines
SO0005518,2024-09-19,2024-09-26,Sahyadri Roadlines
SO0005532,2024-09-20,2024-09-22,Sahyadri Roadlines
SO0005533,2024-09-20,2024-09-23,Deccan Express Logistics
SO0005544,2024-09-20,2024-09-23,Sahyadri Roadlines
SO0005534,2024-09-20,2024-09-22,Sahyadri Roadlines
SO0005535,2024-09-20,2024-09-24,Deccan Express Logistics
SO0005536,2024-09-20,2024-09-22,Ganga Freight
SO0005537,2024-09-20,2024-09-27,Ganga Freight
SO0005538,2024-09-20,2024-09-21,Sahyadri Roadlines
SO0005539,2024-09-20,2024-09-21,Deccan Express Logistics
SO0005540,2024-09-20,2024-09-21,Deccan Express Logistics
SO0005541,2024-09-20,2024-09-21,Sahyadri Roadlines
SO0005519,2024-09-20,2024-09-23,Sahyadri Roadlines
SO0005530,2024-09-20,2024-09-24,Sahyadri Roadlines
SO0005531,2024-09-20,2024-09-24,Ganga Freight
SO0005542,2024-09-20,2024-09-24,Ganga Freight
SO0005543,2024-09-20,2024-09-21,Sahyadri Roadlines
SO0005545,2024-09-21,2024-09-26,Ganga Freight
SO0005546,2024-09-21,2024-09-23,Deccan Express Logistics
SO0005547,2024-09-21,2024-09-23,Deccan Express Logistics
SO0005548,2024-09-21,2024-09-28,Deccan Express Logistics
SO0005549,2024-09-21,2024-09-24,Deccan Express Logistics
SO0005550,2024-09-21,2024-09-25,Ganga Freight
SO0005551,2024-09-21,2024-09-25,Sahyadri Roadlines
SO0005552,2024-09-21,2024-09-24,Deccan Express Logistics
SO0005553,2024-09-21,2024-09-24,Sahyadri Roadlines
SO0005554,2024-09-21,2024-09-26,Ganga Freight
SO0005555,2024-09-23,2024-09-25,Sahyadri Roadlines
SO0005556,2024-09-23,2024-09-24,Sahyadri Roadlines
SO0005557,2024-09-23,2024-09-27,Deccan Express Logistics
SO0005558,2024-09-23,2024-09-25,Sahyadri Roadlines
SO0005565,2024-09-23,2024-09-26,Deccan Express Logistics
SO0005559,2024-09-23,2024-09-24,Deccan Express Logistics
SO0005560,2024-09-23,2024-09-27,Deccan Express Logistics
SO0005561,2024-09-23,2024-09-25,Deccan Express Logistics
SO0005562,2024-09-23,2024-09-26,Sahyadri Roadlines
SO0005563,2024-09-23,2024-09-27,Sahyadri Roadlines
SO0005564,2024-09-23,2024-09-27,Sahyadri Roadlines
SO0005566,2024-09-24,2024-09-28,Ganga Freight
SO0005567,2024-09-24,2024-09-26,Deccan Express Logistics
SO0005568,2024-09-24,2024-09-26,Deccan Express Logistics
SO0005569,2024-09-24,2024-09-29,Ganga Freight
SO0005570,2024-09-24,2024-09-27,Sahyadri Roadlines
SO0005571,2024-09-24,2024-09-25,Ganga Freight
SO0005572,2024-09-24,2024-09-25,Deccan Express Logistics
SO0005575,2024-09-24,2024-09-30,Ganga Freight
SO0005576,2024-09-24,2024-09-27,Deccan Express Logistics
SO0005577,2024-09-25,2024-09-27,Deccan Express Logistics
SO0005578,2024-09-25,2024-09-28,Ganga Freight
SO0005579,2024-09-25,2024-09-28,Sahyadri Roadlines
SO0005580,2024-09-25,2024-09-27,Ganga Freight
SO0005573,2024-09-25,2024-09-29,Ganga Freight
SO0005574,2024-09-25,2024-09-28,Ganga Freight
SO0005581,2024-09-25,2024-09-27,Sahyadri Roadlines
SO0005582,2024-09-25,2024-09-28,Ganga Freight
SO0005583,2024-09-25,2024-09-27,Deccan Express Logistics
SO0005587,2024-09-25,2024-09-29,Ganga Freight
SO0005592,2024-09-26,2024-10-01,Deccan Express Logistics
SO0005593,2024-09-26,2024-10-01,Sahyadri Roadlines
SO0005594,2024-09-26,2024-09-28,Deccan Express Logistics
SO0005595,2024-09-26,2024-10-01,Deccan Express Logistics
SO0005596,2024-09-26,2024-09-28,Deccan Express Logistics
SO0005597,2024-09-26,2024-09-29,Deccan Express Logistics
SO0005598,2024-09-26,2024-09-27,Ganga Freight
SO0005584,2024-09-26,2024-09-28,Sahyadri Roadlines
SO0005585,2024-09-26,2024-09-28,Ganga Freight
SO0005586,2024-09-26,2024-09-30,Deccan Express Logistics
SO0005599,2024-09-26,2024-09-27,Sahyadri Roadlines
SO0005600,2024-09-26,2024-09-29,Sahyadri Roadlines
SO0005601,2024-09-26,2024-09-29,Deccan Express Logistics
SO0005588,2024-09-26,2024-09-29,Deccan Express Logistics
SO0005589,2024-09-26,2024-09-28,Ganga Freight
SO0005590,2024-09-26,2024-10-03,Ganga Freight
SO0005604,2024-09-27,2024-09-28,Ganga Freight
SO0005605,2024-09-27,2024-10-02,Deccan Express Logistics
SO0005616,2024-09-27,2024-09-29,Sahyadri Roadlines
SO0005606,2024-09-27,2024-10-03,Sahyadri Roadlines
SO0005607,2024-09-27,2024-10-01,Ganga Freight
SO0005608,2024-09-27,2024-09-28,Sahyadri Roadlines
SO0005609,2024-09-27,2024-09-29,Sahyadri Roadlines
SO0005610,2024-09-27,2024-09-28,Ganga Freight
SO0005611,2024-09-27,2024-09-28,Deccan Express Logistics
SO0005612,2024-09-27,2024-09-28,Sahyadri Roadlines
SO0005613,2024-09-27,2024-09-29,Ganga Freight
SO0005591,2024-09-27,2024-10-02,Ganga Freight
SO0005602,2024-09-27,2024-09-30,Ganga Freight
SO0005603,2024-09-27,2024-10-01,Deccan Express Logistics
SO0005614,2024-09-27,2024-09-28,Ganga Freight
SO0005617,2024-09-28,2024-10-02,Sahyadri Roadlines
SO0005618,2024-09-28,2024-09-30,Ganga Freight
SO0005619,2024-09-28,2024-09-30,Ganga Freight
SO0005620,2024-09-28,2024-10-03,Deccan Express Logistics
SO0005621,2024-09-28,2024-10-01,Ganga Freight
SO0005622,2024-09-28,2024-10-01,Sahyadri Roadlines
SO0005623,2024-09-28,2024-10-03,Deccan Express Logistics
SO0005624,2024-09-28,2024-10-01,Sahyadri Roadlines
SO0005615,2024-09-28,2024-09-29,Sahyadri Roadlines
SO0005625,2024-09-28,2024-09-30,Sahyadri Roadlines
SO0005626,2024-09-28,2024-10-03,Deccan Express Logistics
SO0005627,2024-09-30,2024-10-02,Deccan Express Logistics
SO0005628,2024-09-30,2024-10-01,Ganga Freight
SO0005629,2024-09-30,2024-10-08,Ganga Freight
SO0005630,2024-09-30,2024-10-03,Deccan Express Logistics
SO0005637,2024-09-30,2024-10-05,Sahyadri Roadlines
SO0005631,2024-09-30,2024-10-03,Ganga Freight
SO0005632,2024-09-30,2024-10-01,Sahyadri Roadlines
SO0005633,2024-09-30,2024-10-03,Deccan Express Logistics
SO0005634,2024-09-30,2024-10-03,Sahyadri Roadlines
SO0005635,2024-09-30,2024-10-03,Ganga Freight
SO0005636,2024-09-30,2024-10-05,Ganga Freight
SO0005638,2024-10-01,2024-10-02,Ganga Freight
SO0005639,2024-10-01,2024-10-02,Sahyadri Roadlines
SO0005640,2024-10-01,2024-10-02,Ganga Freight
SO0005641,2024-10-01,2024-10-03,Deccan Express Logistics
SO0005642,2024-10-01,2024-10-03,Sahyadri Roadlines
SO0005643,2024-10-01,2024-10-02,Ganga Freight
SO0005644,2024-10-01,2024-10-02,Sahyadri Roadlines
SO0005645,2024-10-01,2024-10-05,Ganga Freight
SO0005647,2024-10-01,2024-10-03,Sahyadri Roadlines
SO0005648,2024-10-01,2024-10-03,Deccan Express Logistics
SO0005649,2024-10-02,2024-10-03,Sahyadri Roadlines
SO0005650,2024-10-02,2024-10-04,Deccan Express Logistics
SO0005651,2024-10-02,2024-10-05,Deccan Express Logistics
SO0005652,2024-10-02,2024-10-03,Sahyadri Roadlines
SO0005646,2024-10-02,2024-10-04,Sahyadri Roadlines
SO0005653,2024-10-02,2024-10-03,Ganga Freight
SO0005654,2024-10-02,2024-10-03,Sahyadri Roadlines
SO0005655,2024-10-02,2024-10-03,Sahyadri Roadlines
SO0005656,2024-10-02,2024-10-04,Ganga Freight
SO0005657,2024-10-02,2024-10-04,Deccan Express Logistics
SO0005659,2024-10-02,2024-10-03,Ganga Freight
SO0005664,2024-10-03,2024-10-05,Sahyadri Roadlines
SO0005665,2024-10-03,2024-10-06,Deccan Express Logistics
SO0005666,2024-10-03,2024-10-04,Deccan Express Logistics
SO0005667,2024-10-03,2024-10-05,Sahyadri Roadlines
SO0005668,2024-10-03,2024-10-05,Deccan Express Logistics
SO0005669,2024-10-03,2024-10-06,Sahyadri Roadlines
SO0005670,2024-10-03,2024-10-04,Ganga Freight
SO0005658,2024-10-03,2024-10-05,Ganga Freight
SO0005671,2024-10-03,2024-10-04,Deccan Express Logistics
SO0005672,2024-10-03,2024-10-04,Sahyadri Roadlines
SO0005673,2024-10-03,2024-10-05,Ganga Freight
SO0005660,2024-10-03,2024-10-05,Sahyadri Roadlines
SO0005661,2024-10-03,2024-10-04,Deccan Express Logistics
SO0005662,2024-10-03,2024-10-06,Sahyadri Roadlines
SO0005676,2024-10-04,2024-10-05,Ganga Freight
SO0005677,2024-10-04,2024-10-08,Deccan Express Logistics
SO0005688,2024-10-04,2024-10-07,Deccan Express Logistics
SO0005678,2024-10-04,2024-10-05,Sahyadri Roadlines
SO0005679,2024-10-04,2024-10-05,Deccan Express Logistics
SO0005680,2024-10-04,2024-10-05,Sahyadri Roadlines
SO0005682,2024-10-04,2024-10-06,Ganga Freight
SO0005683,2024-10-04,2024-10-05,Sahyadri Roadlines
SO0005684,2024-10-04,2024-10-05,Ganga Freight
SO0005685,2024-10-04,2024-10-05,Sahyadri Roadlines
SO0005663,2024-10-04,2024-10-07,Deccan Express Logistics
SO0005674,2024-10-04,2024-10-06,Ganga Freight
SO0005675,2024-10-04,2024-10-07,Sahyadri Roadlines
SO0005686,2024-10-04,2024-10-05,Ganga Freight
SO0005687,2024-10-04,2024-10-06,Sahyadri Roadlines
SO0005689,2024-10-05,2024-10-07,Ganga Freight
SO0005690,2024-10-05,2024-10-08,Sahyadri Roadlines
SO0005691,2024-10-05,2024-10-08,Ganga Freight
SO0005692,2024-10-05,2024-10-08,Sahyadri Roadlines
SO0005693,2024-10-05,2024-10-08,Sahyadri Roadlines
SO0005681,2024-10-05,2024-10-08,Deccan Express Logistics
SO0005694,2024-10-05,2024-10-07,Deccan Express Logistics
SO0005695,2024-10-05,2024-10-08,Deccan Express Logistics
SO0005696,2024-10-05,2024-10-07,Deccan Express Logistics
SO0005697,2024-10-05,2024-10-08,Sahyadri Roadlines
SO0005698,2024-10-05,2024-10-08,Sahyadri Roadlines
SO0005699,2024-10-07,2024-10-09,Ganga Freight
SO0005700,2024-10-07,2024-10-08,Deccan Express Logistics
SO0005701,2024-10-07,2024-10-10,Ganga Freight
SO0005702,2024-10-07,2024-10-09,Ganga Freight
SO0005709,2024-10-07,2024-10-09,Sahyadri Roadlines
SO0005703,2024-10-07,2024-10-08,Ganga Freight
SO0005704,2024-10-07,2024-10-09,Deccan Express Logistics
SO0005705,2024-10-07,2024-10-09,Sahyadri Roadlines
SO0005706,2024-10-07,2024-10-09,Sahyadri Roadlines
SO0005707,2024-10-07,2024-10-10,Sahyadri Roadlines
SO0005708,2024-10-07,2024-10-10,Sahyadri Roadlines
SO0005710,2024-10-08,2024-10-10,Ganga Freight
SO0005711,2024-10-08,2024-10-10,Sahyadri Roadlines
SO0005712,2024-10-08,2024-10-09,Deccan Express Logistics
SO0005713,2024-10-08,2024-10-10,Sahyadri Roadlines
SO0005714,2024-10-08,2024-10-10,Ganga Freight
SO0005715,2024-10-08,2024-10-09,Deccan Express Logistics
SO0005716,2024-10-08,2024-10-09,Sahyadri Roadlines
SO0005717,2024-10-08,2024-10-10,Deccan Express Logistics
SO0005719,2024-10-08,2024-10-10,Ganga Freight
SO0005720,2024-10-08,2024-10-12,Sahyadri Roadlines
SO0005721,2024-10-09,2024-10-11,Ganga Freight
SO0005722,2024-10-09,2024-10-11,Sahyadri Roadlines
SO0005723,2024-10-09,2024-10-12,Ganga Freight
SO0005724,2024-10-09,2024-10-10,Deccan Express Logistics
SO0005718,2024-10-09,2024-10-10,Ganga Freight
SO0005725,2024-10-09,2024-10-10,Ganga Freight
SO0005726,2024-10-09,2024-10-10,Deccan Express Logistics
SO0005727,2024-10-09,2024-10-10,Sahyadri Roadlines
SO0005728,2024-10-09,2024-10-11,Ganga Freight
SO0005729,2024-10-09,2024-10-10,Sahyadri Roadlines
SO0005731,2024-10-09,2024-10-11,Deccan Express Logistics
SO0005736,2024-10-10,2024-10-13,Deccan Express Logistics
SO0005737,2024-10-10,2024-10-13,Ganga Freight
SO0005738,2024-10-10,2024-10-11,Sahyadri Roadlines
SO0005739,2024-10-10,2024-10-11,Ganga Freight
SO0005740,2024-10-10,2024-10-11,Sahyadri Roadlines
SO0005741,2024-10-10,2024-10-13,Sahyadri Roadlines
SO0005742,2024-10-10,2024-10-11,Sahyadri Roadlines
SO0005730,2024-10-10,2024-10-12,Deccan Express Logistics
SO0005743,2024-10-10,2024-10-11,Sahyadri Roadlines
SO0005744,2024-10-10,2024-10-12,Deccan Express Logistics
SO0005745,2024-10-10,2024-10-12,Ganga Freight
SO0005732,2024-10-10,2024-10-12,Sahyadri Roadlines
SO0005733,2024-10-10,2024-10-12,Deccan Express Logistics
SO0005734,2024-10-10,2024-10-13,Deccan Express Logistics
SO0005748,2024-10-11,2024-10-12,Deccan Express Logistics
SO0005749,2024-10-11,2024-10-15,Sahyadri Roadlines
SO0005760,2024-10-11,2024-10-14,Sahyadri Roadlines
SO0005750,2024-10-11,2024-10-12,Deccan Express Logistics
SO0005751,2024-10-11,2024-10-12,Sahyadri Roadlines
SO0005752,2024-10-11,2024-10-13,Ganga Freight
SO0005753,2024-10-11,2024-10-14,Sahyadri Roadlines
SO0005754,2024-10-11,2024-10-13,Sahyadri Roadlines
SO0005755,2024-10-11,2024-10-12,Deccan Express Logistics
SO0005756,2024-10-11,2024-10-13,Sahyadri Roadlines
SO0005757,2024-10-11,2024-10-12,Sahyadri Roadlines
SO0005735,2024-10-11,2024-10-13,Deccan Express Logistics
SO0005746,2024-10-11,2024-10-13,Deccan Express Logistics
SO0005747,2024-10-11,2024-10-15,Sahyadri Roadlines
SO0005761,2024-10-12,2024-10-15,Ganga Freight
SO0005762,2024-10-12,2024-10-15,Sahyadri Roadlines
SO0005763,2024-10-12,2024-10-14,Ganga Freight
SO0005764,2024-10-12,2024-10-16,Ganga Freight
SO0005765,2024-10-12,2024-10-16,Ganga Freight
SO0005766,2024-10-12,2024-10-14,Sahyadri Roadlines
SO0005767,2024-10-12,2024-10-14,Ganga Freight
SO0005768,2024-10-12,2024-10-14,Deccan Express Logistics
SO0005758,2024-10-12,2024-10-13,Deccan Express Logistics
SO0005759,2024-10-12,2024-10-13,Sahyadri Roadlines
SO0005769,2024-10-12,2024-10-14,Sahyadri Roadlines
SO0005771,2024-10-14,2024-10-16,Sahyadri Roadlines
SO0005772,2024-10-14,2024-10-16,Sahyadri Roadlines
SO0005773,2024-10-14,2024-10-17,Deccan Express Logistics
SO0005774,2024-10-14,2024-10-16,Ganga Freight
SO0005781,2024-10-14,2024-10-17,Ganga Freight
SO0005775,2024-10-14,2024-10-16,Sahyadri Roadlines
SO0005776,2024-10-14,2024-10-16,Sahyadri Roadlines
SO0005777,2024-10-14,2024-10-15,Sahyadri Roadlines
SO0005778,2024-10-14,2024-10-16,Deccan Express Logistics
SO0005779,2024-10-14,2024-10-17,Sahyadri Roadlines
SO0005770,2024-10-14,2024-10-16,Deccan Express Logistics
SO0005780,2024-10-14,2024-10-16,Ganga Freight
SO0005782,2024-10-15,2024-10-16,Sahyadri Roadlines
SO0005783,2024-10-15,2024-10-16,Deccan Express Logistics
SO0005784,2024-10-15,2024-10-16,Ganga Freight
SO0005785,2024-10-15,2024-10-17,Ganga Freight
SO0005786,2024-10-15,2024-10-18,Deccan Express Logistics
SO0005787,2024-10-15,2024-10-16,Deccan Express Logistics
SO0005788,2024-10-15,2024-10-16,Sahyadri Roadlines
SO0005791,2024-10-15,2024-10-18,Sahyadri Roadlines
SO0005792,2024-10-15,2024-10-17,Deccan Express Logistics
SO0005793,2024-10-16,2024-10-17,Ganga Freight
SO0005794,2024-10-16,2024-10-18,Deccan Express Logistics
SO0005795,2024-10-16,2024-10-20,Sahyadri Roadlines
SO0005796,2024-10-16,2024-10-17,Deccan Express Logistics
SO0005789,2024-10-16,2024-10-20,Sahyadri Roadlines
SO0005790,2024-10-16,2024-10-17,Ganga Freight
SO0005797,2024-10-16,2024-10-17,Ganga Freight
SO0005798,2024-10-16,2024-10-19,Ganga Freight
SO0005803,2024-10-16,2024-10-17,Sahyadri Roadlines
SO0005808,2024-10-17,2024-10-19,Sahyadri Roadlines
SO0005809,2024-10-17,2024-10-21,Sahyadri Roadlines
SO0005810,2024-10-17,2024-10-18,Ganga Freight
SO0005811,2024-10-17,2024-10-18,Deccan Express Logistics
SO0005812,2024-10-17,2024-10-18,Ganga Freight
SO0005813,2024-10-17,2024-10-19,Ganga Freight
SO0005814,2024-10-17,2024-10-18,Deccan Express Logistics
SO0005799,2024-10-17,2024-10-19,Sahyadri Roadlines
SO0005800,2024-10-17,2024-10-19,Ganga Freight
SO0005801,2024-10-17,2024-10-18,Ganga Freight
SO0005802,2024-10-17,2024-10-19,Ganga Freight
SO0005804,2024-10-17,2024-10-19,Sahyadri Roadlines
SO0005805,2024-10-17,2024-10-19,Ganga Freight
SO0005806,2024-10-17,2024-10-19,Deccan Express Logistics
SO0005820,2024-10-18,2024-10-19,Sahyadri Roadlines
SO0005821,2024-10-18,2024-10-22,Ganga Freight
SO0005832,2024-10-18,2024-10-21,Deccan Express Logistics
SO0005822,2024-10-18,2024-10-19,Deccan Express Logistics
SO0005823,2024-10-18,2024-10-19,Sahyadri Roadlines
SO0005824,2024-10-18,2024-10-19,Deccan Express Logistics
SO0005815,2024-10-18,2024-10-21,Ganga Freight
SO0005816,2024-10-18,2024-10-19,Sahyadri Roadlines
SO0005817,2024-10-18,2024-10-20,Deccan Express Logistics
SO0005826,2024-10-18,2024-10-20,Sahyadri Roadlines
SO0005827,2024-10-18,2024-10-20,Sahyadri Roadlines
SO0005828,2024-10-18,2024-10-19,Deccan Express Logistics
SO0005829,2024-10-18,2024-10-19,Deccan Express Logistics
SO0005807,2024-10-18,2024-10-21,Deccan Express Logistics
SO0005818,2024-10-18,2024-10-22,Sahyadri Roadlines
SO0005819,2024-10-18,2024-10-22,Sahyadri Roadlines
SO0005833,2024-10-19,2024-10-21,Sahyadri Roadlines
SO0005834,2024-10-19,2024-10-21,Ganga Freight
SO0005835,2024-10-19,2024-10-21,Deccan Express Logistics
SO0005836,2024-10-19,2024-10-23,Sahyadri Roadlines
SO0005837,2024-10-19,2024-10-23,Sahyadri Roadlines
SO0005825,2024-10-19,2024-10-23,Deccan Express Logistics
SO0005838,2024-10-19,2024-10-24,Ganga Freight
SO0005839,2024-10-19,2024-10-21,Sahyadri Roadlines
SO0005840,2024-10-19,2024-10-23,Sahyadri Roadlines
SO0005830,2024-10-19,2024-10-21,Ganga Freight
SO0005831,2024-10-19,2024-10-20,Ganga Freight
SO0005841,2024-10-19,2024-10-21,Ganga Freight
SO0005843,2024-10-21,2024-10-23,Sahyadri Roadlines
SO0005844,2024-10-21,2024-10-22,Ganga Freight
SO0005845,2024-10-21,2024-10-24,Sahyadri Roadlines
SO0005846,2024-10-21,2024-10-23,Sahyadri Roadlines
SO0005853,2024-10-21,2024-10-23,Deccan Express Logistics
SO0005847,2024-10-21,2024-10-24,Deccan Express Logistics
SO0005848,2024-10-21,2024-10-22,Ganga Freight
SO0005849,2024-10-21,2024-10-22,Sahyadri Roadlines
SO0005850,2024-10-21,2024-10-23,Sahyadri Roadlines
SO0005851,2024-10-21,2024-10-24,Ganga Freight
SO0005842,2024-10-21,2024-10-23,Ganga Freight
SO0005852,2024-10-21,2024-10-23,Sahyadri Roadlines
SO0005854,2024-10-22,2024-10-25,Ganga Freight
SO0005855,2024-10-22,2024-10-23,Deccan Express Logistics
SO0005856,2024-10-22,2024-10-25,Sahyadri Roadlines
SO0005857,2024-10-22,2024-10-25,Ganga Freight
SO0005858,2024-10-22,2024-10-24,Ganga Freight
SO0005859,2024-10-22,2024-10-23,Sahyadri Roadlines
SO0005860,2024-10-22,2024-10-24,Sahyadri Roadlines
SO0005861,2024-10-22,2024-10-25,Ganga Freight
SO0005863,2024-10-22,2024-10-25,Ganga Freight
SO0005864,2024-10-22,2024-10-24,Deccan Express Logistics
SO0005865,2024-10-23,2024-10-24,Sahyadri Roadlines
SO0005866,2024-10-23,2024-10-25,Deccan Express Logistics
SO0005867,2024-10-23,2024-10-26,Deccan Express Logistics
SO0005868,2024-10-23,2024-10-25,Sahyadri Roadlines
SO0005862,2024-10-23,2024-10-24,Deccan Express Logistics
SO0005869,2024-10-23,2024-10-24,Deccan Express Logistics
SO0005870,2024-10-23,2024-10-25,Sahyadri Roadlines
SO0005875,2024-10-23,2024-10-24,Sahyadri Roadlines
SO0005880,2024-10-24,2024-10-26,Sahyadri Roadlines
SO0005881,2024-10-24,2024-10-27,Ganga Freight
SO0005882,2024-10-24,2024-10-25,Deccan Express Logistics
SO0005883,2024-10-24,2024-10-25,Ganga Freight
SO0005884,2024-10-24,2024-10-25,Deccan Express Logistics
SO0005885,2024-10-24,2024-10-27,Ganga Freight
SO0005886,2024-10-24,2024-10-25,Sahyadri Roadlines
SO0005871,2024-10-24,2024-10-25,Deccan Express Logistics
SO0005872,2024-10-24,2024-10-27,Deccan Express Logistics
SO0005873,2024-10-24,2024-10-25,Deccan Express Logistics
SO0005874,2024-10-24,2024-10-26,Deccan Express Logistics
SO0005876,2024-10-24,2024-10-26,Deccan Express Logistics
SO0005877,2024-10-24,2024-10-25,Sahyadri Roadlines
SO0005892,2024-10-25,2024-10-26,Sahyadri Roadlines
SO0005893,2024-10-25,2024-10-29,Ganga Freight
SO0005904,2024-10-25,2024-10-27,Ganga Freight
SO0005894,2024-10-25,2024-10-26,Sahyadri Roadlines
SO0005895,2024-10-25,2024-10-28,Deccan Express Logistics
SO0005896,2024-10-25,2024-10-26,Deccan Express Logistics
SO0005887,2024-10-25,2024-10-27,Deccan Express Logistics
SO0005888,2024-10-25,2024-10-26,Sahyadri Roadlines
SO0005889,2024-10-25,2024-10-28,Ganga Freight
SO0005898,2024-10-25,2024-10-26,Sahyadri Roadlines
SO0005899,2024-10-25,2024-10-27,Deccan Express Logistics
SO0005900,2024-10-25,2024-10-26,Sahyadri Roadlines
SO0005901,2024-10-25,2024-10-26,Sahyadri Roadlines
SO0005878,2024-10-25,2024-10-27,Deccan Express Logistics
SO0005879,2024-10-25,2024-10-27,Ganga Freight
SO0005890,2024-10-25,2024-10-27,Ganga Freight
SO0005891,2024-10-25,2024-10-27,Ganga Freight
SO0005905,2024-10-26,2024-10-29,Deccan Express Logistics
SO0005906,2024-10-26,2024-10-29,Deccan Express Logistics
SO0005907,2024-10-26,2024-10-29,Ganga Freight
SO0005908,2024-10-26,2024-10-29,Deccan Express Logistics
SO0005909,2024-10-26,2024-10-29,Ganga Freight
SO0005897,2024-10-26,2024-10-30,Sahyadri Roadlines
SO0005910,2024-10-26,2024-10-28,Ganga Freight
SO0005911,2024-10-26,2024-10-28,Sahyadri Roadlines
SO0005912,2024-10-26,2024-10-28,Ganga Freight
SO0005902,2024-10-26,2024-10-28,Ganga Freight
SO0005903,2024-10-26,2024-10-27,Ganga Freight
SO0005913,2024-10-26,2024-10-28,Deccan Express Logistics
SO0005915,2024-10-28,2024-11-01,Deccan Express Logistics
SO0005916,2024-10-28,2024-10-30,Sahyadri Roadlines
SO0005917,2024-10-28,2024-10-31,Deccan Express Logistics
SO0005918,2024-10-28,2024-10-30,Sahyadri Roadlines
SO0005925,2024-10-28,2024-10-30,Ganga Freight
SO0005919,2024-10-28,2024-10-29,Sahyadri Roadlines
SO0005920,2024-10-28,2024-10-29,Deccan Express Logistics
SO0005921,2024-10-28,2024-10-30,Ganga Freight
SO0005923,2024-10-28,2024-10-31,Ganga Freight
SO0005914,2024-10-28,2024-10-30,Deccan Express Logistics
SO0005924,2024-10-28,2024-10-30,Deccan Express Logistics
SO0005926,2024-10-29,2024-11-01,Sahyadri Roadlines
SO0005927,2024-10-29,2024-10-30,Ganga Freight
SO0005928,2024-10-29,2024-10-30,Deccan Express Logistics
SO0005929,2024-10-29,2024-11-01,Ganga Freight
SO0005922,2024-10-29,2024-10-31,Deccan Express Logistics
SO0005930,2024-10-29,2024-11-01,Sahyadri Roadlines
SO0005931,2024-10-29,2024-10-30,Ganga Freight
SO0005932,2024-10-29,2024-10-30,Ganga Freight
SO0005935,2024-10-29,2024-10-31,Sahyadri Roadlines
SO0005936,2024-10-29,2024-10-31,Ganga Freight
SO0005937,2024-10-30,2024-11-01,Deccan Express Logistics
SO0005938,2024-10-30,2024-11-02,Ganga Freight
SO0005939,2024-10-30,2024-11-02,Sahyadri Roadlines
SO0005940,2024-10-30,2024-10-31,Deccan Express Logistics
SO0005933,2024-10-30,2024-11-02,Sahyadri Roadlines
SO0005934,2024-10-30,2024-11-01,Ganga Freight
SO0005941,2024-10-30,2024-10-31,Sahyadri Roadlines
SO0005947,2024-10-30,2024-10-31,Ganga Freight
SO0005952,2024-10-31,2024-11-02,Sahyadri Roadlines
SO0005953,2024-10-31,2024-11-03,Sahyadri Roadlines
SO0005954,2024-10-31,2024-11-01,Deccan Express Logistics
SO0005955,2024-10-31,2024-11-01,Deccan Express Logistics
SO0005956,2024-10-31,2024-11-03,Deccan Express Logistics
SO0005957,2024-10-31,2024-11-02,Ganga Freight
SO0005958,2024-10-31,2024-11-02,Deccan Express Logistics
SO0005942,2024-10-31,2024-11-01,Sahyadri Roadlines
SO0005943,2024-10-31,2024-11-02,Deccan Express Logistics
SO0005944,2024-10-31,2024-11-02,Ganga Freight
SO0005945,2024-10-31,2024-11-02,Ganga Freight
SO0005948,2024-10-31,2024-11-04,Deccan Express Logistics
SO0005949,2024-10-31,2024-11-01,Ganga Freight
SO0005964,2024-11-01,2024-11-02,Sahyadri Roadlines
SO0005965,2024-11-01,2024-11-04,Ganga Freight
SO0005976,2024-11-01,2024-11-03,Ganga Freight
SO0005966,2024-11-01,2024-11-02,Deccan Express Logistics
SO0005967,2024-11-01,2024-11-02,Deccan Express Logistics
SO0005946,2024-11-01,2024-11-03,Sahyadri Roadlines
SO0005959,2024-11-01,2024-11-02,Sahyadri Roadlines
SO0005960,2024-11-01,2024-11-02,Sahyadri Roadlines
SO0005961,2024-11-01,2024-11-03,Deccan Express Logistics
SO0005970,2024-11-01,2024-11-02,Deccan Express Logistics
SO0005950,2024-11-01,2024-11-03,Sahyadri Roadlines
SO0005951,2024-11-01,2024-11-03,Sahyadri Roadlines
SO0005962,2024-11-01,2024-11-04,Deccan Express Logistics
SO0005963,2024-11-01,2024-11-03,Ganga Freight
SO0005977,2024-11-02,2024-11-04,Sahyadri Roadlines
SO0005978,2024-11-02,2024-11-04,Sahyadri Roadlines
SO0005979,2024-11-02,2024-11-04,Ganga Freight
SO0005980,2024-11-02,2024-11-05,Sahyadri Roadlines
SO0005981,2024-11-02,2024-11-05,Ganga Freight
SO0005968,2024-11-02,2024-11-03,Ganga Freight
SO0005969,2024-11-02,2024-11-04,Deccan Express Logistics
SO0005982,2024-11-02,2024-11-04,Sahyadri Roadlines
SO0005983,2024-11-02,2024-11-04,Sahyadri Roadlines
SO0005971,2024-11-02,2024-11-03,Sahyadri Roadlines
SO0005972,2024-11-02,2024-11-04,Ganga Freight
SO0005973,2024-11-02,2024-11-03,Deccan Express Logistics
SO0005984,2024-11-02,2024-11-04,Deccan Express Logistics
SO0005974,2024-11-02,2024-11-03,Deccan Express Logistics
SO0005975,2024-11-02,2024-11-03,Deccan Express Logistics
SO0005985,2024-11-02,2024-11-05,Deccan Express Logistics
SO0005987,2024-11-04,2024-11-07,Sahyadri Roadlines
SO0005988,2024-11-04,2024-11-05,Sahyadri Roadlines
SO0005989,2024-11-04,2024-11-07,Sahyadri Roadlines
SO0005990,2024-11-04,2024-11-06,Deccan Express Logistics
SO0005997,2024-11-04,2024-11-07,Deccan Express Logistics
SO0005991,2024-11-04,2024-11-05,Sahyadri Roadlines
SO0005992,2024-11-04,2024-11-08,Sahyadri Roadlines
SO0005993,2024-11-04,2024-11-05,Deccan Express Logistics
SO0005994,2024-11-04,2024-11-06,Deccan Express Logistics
SO0005995,2024-11-04,2024-11-06,Ganga Freight
SO0005986,2024-11-04,2024-11-07,Sahyadri Roadlines
SO0005996,2024-11-04,2024-11-06,Sahyadri Roadlines
SO0005998,2024-11-05,2024-11-06,Ganga Freight
SO0005999,2024-11-05,2024-11-07,Sahyadri Roadlines
SO0006000,2024-11-05,2024-11-06,Sahyadri Roadlines
SO0006001,2024-11-05,2024-11-07,Ganga Freight
SO0006002,2024-11-05,2024-11-08,Deccan Express Logistics
SO0006003,2024-11-05,2024-11-06,Deccan Express Logistics
SO0006004,2024-11-05,2024-11-06,Ganga Freight
SO0006005,2024-11-05,2024-11-07,Ganga Freight
SO0006006,2024-11-05,2024-11-06,Ganga Freight
SO0006007,2024-11-05,2024-11-08,Ganga Freight
SO0006008,2024-11-05,2024-11-08,Sahyadri Roadlines
SO0006009,2024-11-06,2024-11-08,Deccan Express Logistics
SO0006010,2024-11-06,2024-11-09,Deccan Express Logistics
SO0006011,2024-11-06,2024-11-09,Deccan Express Logistics
SO0006012,2024-11-06,2024-11-07,Sahyadri Roadlines
SO0006013,2024-11-06,2024-11-08,Ganga Freight
SO0006014,2024-11-06,2024-11-07,Ganga Freight
SO0006015,2024-11-06,2024-11-08,Ganga Freight
SO0006016,2024-11-06,2024-11-08,Sahyadri Roadlines
SO0006017,2024-11-06,2024-11-07,Deccan Express Logistics
SO0006019,2024-11-06,2024-11-08,Deccan Express Logistics
SO0006024,2024-11-07,2024-11-10,Sahyadri Roadlines
SO0006025,2024-11-07,2024-11-10,Deccan Express Logistics
SO0006026,2024-11-07,2024-11-09,Ganga Freight
SO0006027,2024-11-07,2024-11-08,Deccan Express Logistics
SO0006028,2024-11-07,2024-11-08,Sahyadri Roadlines
SO0006029,2024-11-07,2024-11-09,Deccan Express Logistics
SO0006030,2024-11-07,2024-11-08,Deccan Express Logistics
SO0006018,2024-11-07,2024-11-09,Ganga Freight
SO0006031,2024-11-07,2024-11-09,Ganga Freight
SO0006032,2024-11-07,2024-11-09,Ganga Freight
SO0006033,2024-11-07,2024-11-11,Ganga Freight
SO0006020,2024-11-07,2024-11-09,Ganga Freight
SO0006021,2024-11-07,2024-11-08,Deccan Express Logistics
SO0006022,2024-11-07,2024-11-09,Ganga Freight
SO0006036,2024-11-08,2024-11-09,Deccan Express Logistics
SO0006037,2024-11-08,2024-11-11,Sahyadri Roadlines
SO0006048,2024-11-08,2024-11-10,Deccan Express Logistics
SO0006038,2024-11-08,2024-11-10,Deccan Express Logistics
SO0006039,2024-11-08,2024-11-11,Ganga Freight
SO0006040,2024-11-08,2024-11-09,Ganga Freight
SO0006042,2024-11-08,2024-11-09,Ganga Freight
SO0006043,2024-11-08,2024-11-12,Deccan Express Logistics
SO0006044,2024-11-08,2024-11-10,Sahyadri Roadlines
SO0006045,2024-11-08,2024-11-11,Deccan Express Logistics
SO0006023,2024-11-08,2024-11-10,Deccan Express Logistics
SO0006034,2024-11-08,2024-11-12,Sahyadri Roadlines
SO0006035,2024-11-08,2024-11-12,Deccan Express Logistics
SO0006046,2024-11-08,2024-11-09,Sahyadri Roadlines
SO0006047,2024-11-08,2024-11-09,Sahyadri Roadlines
SO0006049,2024-11-09,2024-11-11,Ganga Freight
SO0006050,2024-11-09,2024-11-12,Ganga Freight
SO0006051,2024-11-09,2024-11-11,Sahyadri Roadlines
SO0006052,2024-11-09,2024-11-12,Ganga Freight
SO0006053,2024-11-09,2024-11-12,Ganga Freight
SO0006041,2024-11-09,2024-11-11,Ganga Freight
SO0006054,2024-11-09,2024-11-12,Ganga Freight
SO0006055,2024-11-09,2024-11-12,Ganga Freight
SO0006056,2024-11-09,2024-11-11,Ganga Freight
SO0006057,2024-11-09,2024-11-11,Ganga Freight
SO0006058,2024-11-09,2024-11-11,Deccan Express Logistics
SO0006059,2024-11-11,2024-11-15,Ganga Freight
SO0006060,2024-11-11,2024-11-12,Ganga Freight
SO0006061,2024-11-11,2024-11-14,Deccan Express Logistics
SO0006062,2024-11-11,2024-11-13,Deccan Express Logistics
SO0006069,2024-11-11,2024-11-13,Sahyadri Roadlines
SO0006063,2024-11-11,2024-11-13,Sahyadri Roadlines
SO0006064,2024-11-11,2024-11-12,Ganga Freight
SO0006065,2024-11-11,2024-11-12,Ganga Freight
SO0006066,2024-11-11,2024-11-14,Ganga Freight
SO0006067,2024-11-11,2024-11-13,Deccan Express Logistics
SO0006068,2024-11-11,2024-11-13,Sahyadri Roadlines
SO0006070,2024-11-12,2024-11-14,Sahyadri Roadlines
SO0006071,2024-11-12,2024-11-13,Sahyadri Roadlines
SO0006072,2024-11-12,2024-11-13,Sahyadri Roadlines
SO0006073,2024-11-12,2024-11-15,Sahyadri Roadlines
SO0006074,2024-11-12,2024-11-14,Ganga Freight
SO0006075,2024-11-12,2024-11-13,Sahyadri Roadlines
SO0006076,2024-11-12,2024-11-14,Sahyadri Roadlines
SO0006077,2024-11-12,2024-11-15,Deccan Express Logistics
SO0006078,2024-11-12,2024-11-13,Ganga Freight
SO0006079,2024-11-12,2024-11-14,Deccan Express Logistics
SO0006080,2024-11-12,2024-11-14,Sahyadri Roadlines
SO0006081,2024-11-13,2024-11-15,Sahyadri Roadlines
SO0006082,2024-11-13,2024-11-15,Ganga Freight
SO0006083,2024-11-13,2024-11-16,Deccan Express Logistics
SO0006084,2024-11-13,2024-11-15,Sahyadri Roadlines
SO0006085,2024-11-13,2024-11-16,Ganga Freight
SO0006086,2024-11-13,2024-11-16,Sahyadri Roadlines
SO0006087,2024-11-13,2024-11-15,Deccan Express Logistics
SO0006088,2024-11-13,2024-11-15,Ganga Freight
SO0006089,2024-11-13,2024-11-14,Sahyadri Roadlines
SO0006091,2024-11-13,2024-11-14,Sahyadri Roadlines
SO0006096,2024-11-14,2024-11-16,Ganga Freight
SO0006097,2024-11-14,2024-11-18,Deccan Express Logistics
SO0006098,2024-11-14,2024-11-16,Ganga Freight
SO0006099,2024-11-14,2024-11-17,Sahyadri Roadlines
SO0006100,2024-11-14,2024-11-15,Deccan Express Logistics
SO0006101,2024-11-14,2024-11-16,Sahyadri Roadlines
SO0006102,2024-11-14,2024-11-15,Ganga Freight
SO0006090,2024-11-14,2024-11-16,Deccan Express Logistics
SO0006103,2024-11-14,2024-11-16,Ganga Freight
SO0006104,2024-11-14,2024-11-16,Ganga Freight
SO0006105,2024-11-14,2024-11-16,Sahyadri Roadlines
SO0006092,2024-11-14,2024-11-16,Ganga Freight
SO0006093,2024-11-14,2024-11-16,Ganga Freight
SO0006094,2024-11-14,2024-11-16,Ganga Freight
SO0006108,2024-11-15,2024-11-17,Ganga Freight
SO0006109,2024-11-15,2024-11-18,Sahyadri Roadlines
SO0006120,2024-11-15,2024-11-19,Ganga Freight
SO0006110,2024-11-15,2024-11-16,Deccan Express Logistics
SO0006111,2024-11-15,2024-11-16,Ganga Freight
SO0006112,2024-11-15,2024-11-16,Sahyadri Roadlines
SO0006113,2024-11-15,2024-11-18,Sahyadri Roadlines
SO0006114,2024-11-15,2024-11-17,Deccan Express Logistics
SO0006115,2024-11-15,2024-11-16,Deccan Express Logistics
SO0006116,2024-11-15,2024-11-16,Deccan Express Logistics
SO0006117,2024-11-15,2024-11-16,Deccan Express Logistics
SO0006095,2024-11-15,2024-11-17,Deccan Express Logistics
SO0006106,2024-11-15,2024-11-17,Deccan Express Logistics
SO0006107,2024-11-15,2024-11-17,Deccan Express Logistics
SO0006118,2024-11-15,2024-11-16,Deccan Express Logistics
SO0006119,2024-11-15,2024-11-17,Sahyadri Roadlines
SO0006121,2024-11-16,2024-11-18,Sahyadri Roadlines
SO0006122,2024-11-16,2024-11-18,Ganga Freight
SO0006123,2024-11-16,2024-11-18,Deccan Express Logistics
SO0006124,2024-11-16,2024-11-19,Ganga Freight
SO0006125,2024-11-16,2024-11-19,Ganga Freight
SO0006126,2024-11-16,2024-11-18,Deccan Express Logistics
SO0006127,2024-11-16,2024-11-18,Ganga Freight
SO0006128,2024-11-16,2024-11-18,Deccan Express Logistics
SO0006129,2024-11-16,2024-11-18,Deccan Express Logistics
SO0006130,2024-11-16,2024-11-18,Deccan Express Logistics
SO0006131,2024-11-18,2024-11-20,Ganga Freight
SO0006132,2024-11-18,2024-11-19,Sahyadri Roadlines
SO0006133,2024-11-18,2024-11-21,Sahyadri Roadlines
SO0006134,2024-11-18,2024-11-21,Sahyadri Roadlines
SO0006141,2024-11-18,2024-11-20,Sahyadri Roadlines
SO0006135,2024-11-18,2024-11-19,Sahyadri Roadlines
SO0006136,2024-11-18,2024-11-21,Ganga Freight
SO0006137,2024-11-18,2024-11-19,Deccan Express Logistics
SO0006138,2024-11-18,2024-11-21,Deccan Express Logistics
SO0006139,2024-11-18,2024-11-20,Deccan Express Logistics
SO0006140,2024-11-18,2024-11-20,Deccan Express Logistics
SO0006142,2024-11-19,2024-11-20,Sahyadri Roadlines
SO0006143,2024-11-19,2024-11-21,Ganga Freight
SO0006144,2024-11-19,2024-11-20,Ganga Freight
SO0006145,2024-11-19,2024-11-21,Ganga Freight
SO0006146,2024-11-19,2024-11-22,Deccan Express Logistics
SO0006147,2024-11-19,2024-11-21,Sahyadri Roadlines
SO0006148,2024-11-19,2024-11-20,Sahyadri Roadlines
SO0006149,2024-11-19,2024-11-22,Sahyadri Roadlines
SO0006151,2024-11-19,2024-11-21,Sahyadri Roadlines
SO0006152,2024-11-19,2024-11-21,Ganga Freight
SO0006153,2024-11-20,2024-11-21,Ganga Freight
SO0006154,2024-11-20,2024-11-22,Ganga Freight
SO0006155,2024-11-20,2024-11-23,Ganga Freight
SO0006156,2024-11-20,2024-11-22,Ganga Freight
SO0006150,2024-11-20,2024-11-22,Ganga Freight
SO0006157,2024-11-20,2024-11-21,Deccan Express Logistics
SO0006158,2024-11-20,2024-11-21,Sahyadri Roadlines
SO0006159,2024-11-20,2024-11-21,Ganga Freight
SO0006160,2024-11-20,2024-11-22,Ganga Freight
SO0006163,2024-11-20,2024-11-21,Ganga Freight
SO0006168,2024-11-21,2024-11-24,Sahyadri Roadlines
SO0006169,2024-11-21,2024-11-24,Sahyadri Roadlines
SO0006170,2024-11-21,2024-11-22,Ganga Freight
SO0006171,2024-11-21,2024-11-22,Deccan Express Logistics
SO0006172,2024-11-21,2024-11-22,Deccan Express Logistics
SO0006173,2024-11-21,2024-11-23,Sahyadri Roadlines
SO0006174,2024-11-21,2024-11-22,Sahyadri Roadlines
SO0006161,2024-11-21,2024-11-23,Deccan Express Logistics
SO0006162,2024-11-21,2024-11-24,Sahyadri Roadlines
SO0006175,2024-11-21,2024-11-22,Deccan Express Logistics
SO0006176,2024-11-21,2024-11-23,Ganga Freight
SO0006177,2024-11-21,2024-11-23,Ganga Freight
SO0006164,2024-11-21,2024-11-23,Deccan Express Logistics
SO0006165,2024-11-21,2024-11-23,Ganga Freight
SO0006166,2024-11-21,2024-11-23,Ganga Freight
SO0006180,2024-11-22,2024-11-23,Deccan Express Logistics
SO0006181,2024-11-22,2024-11-25,Ganga Freight
SO0006192,2024-11-22,2024-11-25,Ganga Freight
SO0006182,2024-11-22,2024-11-23,Sahyadri Roadlines
SO0006183,2024-11-22,2024-11-24,Sahyadri Roadlines
SO0006184,2024-11-22,2024-11-24,Ganga Freight
SO0006185,2024-11-22,2024-11-25,Deccan Express Logistics
SO0006186,2024-11-22,2024-11-25,Sahyadri Roadlines
SO0006187,2024-11-22,2024-11-24,Ganga Freight
SO0006188,2024-11-22,2024-11-23,Deccan Express Logistics
SO0006189,2024-11-22,2024-11-23,Deccan Express Logistics
SO0006167,2024-11-22,2024-11-24,Deccan Express Logistics
SO0006178,2024-11-22,2024-11-26,Sahyadri Roadlines
SO0006179,2024-11-22,2024-11-24,Sahyadri Roadlines
SO0006190,2024-11-22,2024-11-24,Ganga Freight
SO0006193,2024-11-23,2024-11-25,Deccan Express Logistics
SO0006194,2024-11-23,2024-11-25,Sahyadri Roadlines
SO0006195,2024-11-23,2024-11-25,Ganga Freight
SO0006196,2024-11-23,2024-11-27,Ganga Freight
SO0006197,2024-11-23,2024-11-27,Ganga Freight
SO0006198,2024-11-23,2024-11-26,Sahyadri Roadlines
SO0006199,2024-11-23,2024-11-27,Ganga Freight
SO0006200,2024-11-23,2024-11-25,Deccan Express Logistics
SO0006191,2024-11-23,2024-11-24,Sahyadri Roadlines
SO0006201,2024-11-23,2024-11-25,Ganga Freight
SO0006202,2024-11-23,2024-11-28,Sahyadri Roadlines
SO0006203,2024-11-25,2024-11-27,Sahyadri Roadlines
SO0006204,2024-11-25,2024-11-26,Ganga Freight
SO0006205,2024-11-25,2024-11-30,Sahyadri Roadlines
SO0006206,2024-11-25,2024-11-28,Ganga Freight
SO0006213,2024-11-25,2024-11-27,Sahyadri Roadlines
SO0006207,2024-11-25,2024-11-27,Deccan Express Logistics
SO0006208,2024-11-25,2024-11-27,Ganga Freight
SO0006209,2024-11-25,2024-11-26,Deccan Express Logistics
SO0006210,2024-11-25,2024-11-28,Ganga Freight
SO0006211,2024-11-25,2024-11-27,Ganga Freight
SO0006212,2024-11-25,2024-11-27,Ganga Freight
SO0006214,2024-11-26,2024-11-29,Sahyadri Roadlines
SO0006215,2024-11-26,2024-11-27,Sahyadri Roadlines
SO0006216,2024-11-26,2024-11-27,Ganga Freight
SO0006217,2024-11-26,2024-11-28,Sahyadri Roadlines
SO0006218,2024-11-26,2024-11-29,Sahyadri Roadlines
SO0006219,2024-11-26,2024-11-28,Deccan Express Logistics
SO0006220,2024-11-26,2024-11-28,Ganga Freight
SO0006221,2024-11-26,2024-11-29,Ganga Freight
SO0006222,2024-11-26,2024-11-28,Ganga Freight
SO0006223,2024-11-26,2024-11-29,Deccan Express Logistics
SO0006224,2024-11-26,2024-11-30,Ganga Freight
SO0006225,2024-11-27,2024-11-29,Ganga Freight
SO0006226,2024-11-27,2024-11-30,Sahyadri Roadlines
SO0006227,2024-11-27,2024-12-01,Deccan Express Logistics
SO0006228,2024-11-27,2024-11-28,Ganga Freight
SO0006229,2024-11-27,2024-11-29,Sahyadri Roadlines
SO0006230,2024-11-27,2024-11-28,Deccan Express Logistics
SO0006231,2024-11-27,2024-11-28,Ganga Freight
SO0006232,2024-11-27,2024-11-30,Sahyadri Roadlines
SO0006233,2024-11-27,2024-11-28,Sahyadri Roadlines
SO0006235,2024-11-27,2024-11-29,Ganga Freight
SO0006240,2024-11-28,2024-12-01,Sahyadri Roadlines
SO0006241,2024-11-28,2024-12-01,Ganga Freight
SO0006242,2024-11-28,2024-11-30,Deccan Express Logistics
SO0006243,2024-11-28,2024-11-30,Deccan Express Logistics
SO0006244,2024-11-28,2024-11-29,Sahyadri Roadlines
SO0006245,2024-11-28,2024-11-30,Deccan Express Logistics
SO0006246,2024-11-28,2024-12-01,Sahyadri Roadlines
SO0006234,2024-11-28,2024-11-30,Ganga Freight
SO0006247,2024-11-28,2024-11-29,Sahyadri Roadlines
SO0006248,2024-11-28,2024-11-29,Ganga Freight
SO0006249,2024-11-28,2024-11-30,Sahyadri Roadlines
SO0006236,2024-11-28,2024-11-30,Sahyadri Roadlines
SO0006237,2024-11-28,2024-11-30,Ganga Freight
SO0006238,2024-11-28,2024-12-01,Ganga Freight
SO0006252,2024-11-29,2024-11-30,Ganga Freight
SO0006253,2024-11-29,2024-12-02,Deccan Express Logistics
SO0006264,2024-11-29,2024-12-01,Sahyadri Roadlines
SO0006254,2024-11-29,2024-12-02,Sahyadri Roadlines
SO0006255,2024-11-29,2024-11-30,Ganga Freight
SO0006256,2024-11-29,2024-11-30,Deccan Express Logistics
SO0006257,2024-11-29,2024-12-01,Deccan Express Logistics
SO0006258,2024-11-29,2024-12-01,Deccan Express Logistics
SO0006259,2024-11-29,2024-11-30,Ganga Freight
SO0006260,2024-11-29,2024-11-30,Sahyadri Roadlines
SO0006261,2024-11-29,2024-11-30,Sahyadri Roadlines
SO0006239,2024-11-29,2024-12-02,Deccan Express Logistics
SO0006250,2024-11-29,2024-12-02,Sahyadri Roadlines
SO0006251,2024-11-29,2024-12-01,Deccan Express Logistics
SO0006262,2024-11-29,2024-12-01,Sahyadri Roadlines
SO0006263,2024-11-29,2024-12-01,Sahyadri Roadlines
SO0006265,2024-11-30,2024-12-02,Sahyadri Roadlines
SO0006266,2024-11-30,2024-12-02,Deccan Express Logistics
SO0006267,2024-11-30,2024-12-03,Deccan Express Logistics
SO0006268,2024-11-30,2024-12-03,Ganga Freight
SO0006269,2024-11-30,2024-12-03,Ganga Freight
SO0006270,2024-11-30,2024-12-02,Deccan Express Logistics
SO0006271,2024-11-30,2024-12-02,Sahyadri Roadlines
SO0006272,2024-11-30,2024-12-02,Ganga Freight
SO0006273,2024-11-30,2024-12-02,Deccan Express Logistics
SO0006274,2024-11-30,2024-12-03,Sahyadri Roadlines
SO0006275,2024-12-02,2024-12-04,Ganga Freight
SO0006276,2024-12-02,2024-12-03,Ganga Freight
SO0006277,2024-12-02,2024-12-05,Deccan Express Logistics
SO0006278,2024-12-02,2024-12-04,Ganga Freight
SO0006285,2024-12-02,2024-12-04,Sahyadri Roadlines
SO0006279,2024-12-02,2024-12-03,Sahyadri Roadlines
SO0006280,2024-12-02,2024-12-03,Sahyadri Roadlines
SO0006281,2024-12-02,2024-12-03,Deccan Express Logistics
SO0006282,2024-12-02,2024-12-04,Sahyadri Roadlines
SO0006283,2024-12-02,2024-12-04,Sahyadri Roadlines
SO0006284,2024-12-02,2024-12-04,Deccan Express Logistics
SO0006286,2024-12-03,2024-12-04,Sahyadri Roadlines
SO0006287,2024-12-03,2024-12-04,Sahyadri Roadlines
SO0006288,2024-12-03,2024-12-04,Sahyadri Roadlines
SO0006289,2024-12-03,2024-12-06,Sahyadri Roadlines
SO0006290,2024-12-03,2024-12-05,Sahyadri Roadlines
SO0006291,2024-12-03,2024-12-04,Ganga Freight
SO0006292,2024-12-03,2024-12-04,Ganga Freight
SO0006293,2024-12-03,2024-12-05,Ganga Freight
SO0006294,2024-12-03,2024-12-04,Sahyadri Roadlines
SO0006295,2024-12-03,2024-12-05,Deccan Express Logistics
SO0006296,2024-12-03,2024-12-05,Deccan Express Logistics
SO0006297,2024-12-04,2024-12-05,Ganga Freight
SO0006298,2024-12-04,2024-12-06,Ganga Freight
SO0006299,2024-12-04,2024-12-07,Ganga Freight
SO0006300,2024-12-04,2024-12-05,Deccan Express Logistics
SO0006301,2024-12-04,2024-12-06,Deccan Express Logistics
SO0006302,2024-12-04,2024-12-05,Deccan Express Logistics
SO0006303,2024-12-04,2024-12-05,Ganga Freight
SO0006304,2024-12-04,2024-12-07,Sahyadri Roadlines
SO0006305,2024-12-04,2024-12-05,Deccan Express Logistics
SO0006307,2024-12-04,2024-12-06,Ganga Freight
SO0006312,2024-12-05,2024-12-07,Sahyadri Roadlines
SO0006313,2024-12-05,2024-12-09,Ganga Freight
SO0006314,2024-12-05,2024-12-07,Sahyadri Roadlines
SO0006315,2024-12-05,2024-12-07,Deccan Express Logistics
SO0006316,2024-12-05,2024-12-06,Deccan Express Logistics
SO0006317,2024-12-05,2024-12-07,Sahyadri Roadlines
SO0006318,2024-12-05,2024-12-06,Sahyadri Roadlines
SO0006306,2024-12-05,2024-12-07,Ganga Freight
SO0006319,2024-12-05,2024-12-06,Sahyadri Roadlines
SO0006320,2024-12-05,2024-12-06,Sahyadri Roadlines
SO0006321,2024-12-05,2024-12-08,Sahyadri Roadlines
SO0006308,2024-12-05,2024-12-07,Deccan Express Logistics
SO0006309,2024-12-05,2024-12-07,Deccan Express Logistics
SO0006310,2024-12-05,2024-12-07,Ganga Freight
SO0006324,2024-12-06,2024-12-07,Deccan Express Logistics
SO0006325,2024-12-06,2024-12-10,Deccan Express Logistics
SO0006336,2024-12-06,2024-12-09,Ganga Freight
SO0006326,2024-12-06,2024-12-07,Ganga Freight
SO0006327,2024-12-06,2024-12-07,Ganga Freight
SO0006328,2024-12-06,2024-12-07,Deccan Express Logistics
SO0006329,2024-12-06,2024-12-08,Sahyadri Roadlines
SO0006330,2024-12-06,2024-12-07,Sahyadri Roadlines
SO0006331,2024-12-06,2024-12-07,Ganga Freight
SO0006332,2024-12-06,2024-12-07,Sahyadri Roadlines
SO0006333,2024-12-06,2024-12-10,Deccan Express Logistics
SO0006311,2024-12-06,2024-12-09,Deccan Express Logistics
SO0006322,2024-12-06,2024-12-09,Deccan Express Logistics
SO0006323,2024-12-06,2024-12-08,Sahyadri Roadlines
SO0006334,2024-12-06,2024-12-08,Sahyadri Roadlines
SO0006337,2024-12-07,2024-12-10,Ganga Freight
SO0006338,2024-12-07,2024-12-09,Sahyadri Roadlines
SO0006339,2024-12-07,2024-12-09,Ganga Freight
SO0006340,2024-12-07,2024-12-10,Ganga Freight
SO0006341,2024-12-07,2024-12-11,Ganga Freight
SO0006342,2024-12-07,2024-12-10,Ganga Freight
SO0006343,2024-12-07,2024-12-09,Deccan Express Logistics
SO0006344,2024-12-07,2024-12-11,Ganga Freight
SO0006335,2024-12-07,2024-12-08,Deccan Express Logistics
SO0006345,2024-12-07,2024-12-09,Sahyadri Roadlines
SO0006346,2024-12-07,2024-12-09,Ganga Freight
SO0006347,2024-12-09,2024-12-11,Deccan Express Logistics
SO0006348,2024-12-09,2024-12-10,Deccan Express Logistics
SO0006349,2024-12-09,2024-12-14,Sahyadri Roadlines
SO0006350,2024-12-09,2024-12-11,Deccan Express Logistics
SO0006357,2024-12-09,2024-12-12,Ganga Freight
SO0006351,2024-12-09,2024-12-10,Deccan Express Logistics
SO0006352,2024-12-09,2024-12-10,Ganga Freight
SO0006353,2024-12-09,2024-12-11,Ganga Freight
SO0006354,2024-12-09,2024-12-11,Deccan Express Logistics
SO0006355,2024-12-09,2024-12-11,Ganga Freight
SO0006356,2024-12-09,2024-12-12,Deccan Express Logistics
SO0006358,2024-12-10,2024-12-11,Ganga Freight
SO0006359,2024-12-10,2024-12-12,Sahyadri Roadlines
SO0006360,2024-12-10,2024-12-11,Ganga Freight
SO0006361,2024-12-10,2024-12-12,Sahyadri Roadlines
SO0006362,2024-12-10,2024-12-12,Ganga Freight
SO0006363,2024-12-10,2024-12-11,Sahyadri Roadlines
SO0006364,2024-12-10,2024-12-11,Sahyadri Roadlines
SO0006365,2024-12-10,2024-12-12,Ganga Freight
SO0006366,2024-12-10,2024-12-11,Deccan Express Logistics
SO0006367,2024-12-10,2024-12-13,Deccan Express Logistics
SO0006368,2024-12-10,2024-12-12,Deccan Express Logistics
SO0006369,2024-12-11,2024-12-12,Sahyadri Roadlines
SO0006370,2024-12-11,2024-12-13,Ganga Freight
SO0006371,2024-12-11,2024-12-14,Deccan Express Logistics
SO0006372,2024-12-11,2024-12-12,Ganga Freight
SO0006373,2024-12-11,2024-12-12,Deccan Express Logistics
SO0006374,2024-12-11,2024-12-12,Ganga Freight
SO0006375,2024-12-11,2024-12-12,Deccan Express Logistics
SO0006376,2024-12-11,2024-12-13,Deccan Express Logistics
SO0006377,2024-12-11,2024-12-12,Sahyadri Roadlines
SO0006378,2024-12-11,2024-12-13,Sahyadri Roadlines
SO0006379,2024-12-11,2024-12-12,Ganga Freight
SO0006384,2024-12-12,2024-12-15,Ganga Freight
SO0006385,2024-12-12,2024-12-15,Deccan Express Logistics
SO0006386,2024-12-12,2024-12-13,Deccan Express Logistics
SO0006387,2024-12-12,2024-12-14,Sahyadri Roadlines
SO0006388,2024-12-12,2024-12-14,Sahyadri Roadlines
SO0006389,2024-12-12,2024-12-15,Ganga Freight
SO0006390,2024-12-12,2024-12-13,Sahyadri Roadlines
SO0006391,2024-12-12,2024-12-13,Ganga Freight
SO0006392,2024-12-12,2024-12-13,Ganga Freight
SO0006393,2024-12-12,2024-12-15,Ganga Freight
SO0006380,2024-12-12,2024-12-14,Sahyadri Roadlines
SO0006381,2024-12-12,2024-12-14,Sahyadri Roadlines
SO0006382,2024-12-12,2024-12-15,Ganga Freight
SO0006396,2024-12-13,2024-12-14,Deccan Express Logistics
SO0006397,2024-12-13,2024-12-16,Sahyadri Roadlines
SO0006408,2024-12-13,2024-12-15,Ganga Freight
SO0006398,2024-12-13,2024-12-14,Sahyadri Roadlines
SO0006399,2024-12-13,2024-12-14,Ganga Freight
SO0006400,2024-12-13,2024-12-14,Ganga Freight
SO0006401,2024-12-13,2024-12-15,Sahyadri Roadlines
SO0006402,2024-12-13,2024-12-14,Deccan Express Logistics
SO0006403,2024-12-13,2024-12-16,Sahyadri Roadlines
SO0006404,2024-12-13,2024-12-14,Sahyadri Roadlines
SO0006405,2024-12-13,2024-12-14,Deccan Express Logistics
SO0006383,2024-12-13,2024-12-15,Sahyadri Roadlines
SO0006394,2024-12-13,2024-12-17,Sahyadri Roadlines
SO0006395,2024-12-13,2024-12-16,Deccan Express Logistics
SO0006406,2024-12-13,2024-12-14,Deccan Express Logistics
SO0006407,2024-12-13,2024-12-15,Ganga Freight
SO0006409,2024-12-14,2024-12-17,Sahyadri Roadlines
SO0006410,2024-12-14,2024-12-16,Sahyadri Roadlines
SO0006411,2024-12-14,2024-12-16,Sahyadri Roadlines
SO0006412,2024-12-14,2024-12-17,Sahyadri Roadlines
SO0006413,2024-12-14,2024-12-18,Deccan Express Logistics
SO0006414,2024-12-14,2024-12-16,Deccan Express Logistics
SO0006415,2024-12-14,2024-12-17,Sahyadri Roadlines
SO0006416,2024-12-14,2024-12-18,Sahyadri Roadlines
SO0006417,2024-12-14,2024-12-16,Ganga Freight
SO0006418,2024-12-14,2024-12-16,Deccan Express Logistics
SO0006419,2024-12-16,2024-12-18,Sahyadri Roadlines
SO0006420,2024-12-16,2024-12-20,Deccan Express Logistics
SO0006421,2024-12-16,2024-12-19,Ganga Freight
SO0006422,2024-12-16,2024-12-19,Sahyadri Roadlines
SO0006429,2024-12-16,2024-12-18,Sahyadri Roadlines
SO0006423,2024-12-16,2024-12-17,Ganga Freight
SO0006424,2024-12-16,2024-12-18,Ganga Freight
SO0006425,2024-12-16,2024-12-17,Ganga Freight
SO0006426,2024-12-16,2024-12-18,Deccan Express Logistics
SO0006427,2024-12-16,2024-12-18,Sahyadri Roadlines
SO0006428,2024-12-16,2024-12-18,Ganga Freight
SO0006430,2024-12-17,2024-12-18,Deccan Express Logistics
SO0006431,2024-12-17,2024-12-18,Deccan Express Logistics
SO0006432,2024-12-17,2024-12-18,Sahyadri Roadlines
SO0006433,2024-12-17,2024-12-19,Sahyadri Roadlines
SO0006434,2024-12-17,2024-12-19,Sahyadri Roadlines
SO0006435,2024-12-17,2024-12-18,Deccan Express Logistics
SO0006436,2024-12-17,2024-12-18,Deccan Express Logistics
SO0006437,2024-12-17,2024-12-20,Sahyadri Roadlines
SO0006439,2024-12-17,2024-12-20,Ganga Freight
SO0006440,2024-12-17,2024-12-20,Deccan Express Logistics
SO0006441,2024-12-18,2024-12-20,Sahyadri Roadlines
SO0006442,2024-12-18,2024-12-20,Deccan Express Logistics
SO0006443,2024-12-18,2024-12-21,Sahyadri Roadlines
SO0006444,2024-12-18,2024-12-19,Ganga Freight
SO0006438,2024-12-18,2024-12-20,Sahyadri Roadlines
SO0006445,2024-12-18,2024-12-19,Deccan Express Logistics
SO0006446,2024-12-18,2024-12-19,Ganga Freight
SO0006447,2024-12-18,2024-12-19,Deccan Express Logistics
SO0006448,2024-12-18,2024-12-20,Deccan Express Logistics
SO0006449,2024-12-18,2024-12-21,Ganga Freight
SO0006451,2024-12-18,2024-12-19,Sahyadri Roadlines
SO0006456,2024-12-19,2024-12-21,Deccan Express Logistics
SO0006457,2024-12-19,2024-12-22,Ganga Freight
SO0006458,2024-12-19,2024-12-20,Ganga Freight
SO0006459,2024-12-19,2024-12-21,Sahyadri Roadlines
SO0006460,2024-12-19,2024-12-21,Ganga Freight
SO0006461,2024-12-19,2024-12-21,Sahyadri Roadlines
SO0006462,2024-12-19,2024-12-20,Deccan Express Logistics
SO0006450,2024-12-19,2024-12-21,Deccan Express Logistics
SO0006463,2024-12-19,2024-12-21,Ganga Freight
SO0006464,2024-12-19,2024-12-21,Deccan Express Logistics
SO0006465,2024-12-19,2024-12-22,Ganga Freight
SO0006452,2024-12-19,2024-12-21,Deccan Express Logistics
SO0006453,2024-12-19,2024-12-20,Sahyadri Roadlines
SO0006454,2024-12-19,2024-12-21,Ganga Freight
SO0006468,2024-12-20,2024-12-21,Sahyadri Roadlines
SO0006469,2024-12-20,2024-12-23,Sahyadri Roadlines
SO0006480,2024-12-20,2024-12-23,Sahyadri Roadlines
SO0006470,2024-12-20,2024-12-21,Sahyadri Roadlines
SO0006471,2024-12-20,2024-12-21,Ganga Freight
SO0006472,2024-12-20,2024-12-22,Ganga Freight
SO0006473,2024-12-20,2024-12-22,Ganga Freight
SO0006474,2024-12-20,2024-12-21,Sahyadri Roadlines
SO0006475,2024-12-20,2024-12-22,Ganga Freight
SO0006476,2024-12-20,2024-12-21,Sahyadri Roadlines
SO0006477,2024-12-20,2024-12-21,Deccan Express Logistics
SO0006455,2024-12-20,2024-12-23,Deccan Express Logistics
SO0006466,2024-12-20,2024-12-24,Sahyadri Roadlines
SO0006467,2024-12-20,2024-12-23,Sahyadri Roadlines
SO0006478,2024-12-20,2024-12-21,Sahyadri Roadlines
SO0006479,2024-12-20,2024-12-21,Ganga Freight
SO0006481,2024-12-21,2024-12-23,Deccan Express Logistics
SO0006482,2024-12-21,2024-12-24,Ganga Freight
SO0006483,2024-12-21,2024-12-23,Deccan Express Logistics
SO0006484,2024-12-21,2024-12-24,Ganga Freight
SO0006485,2024-12-21,2024-12-25,Ganga Freight
SO0006486,2024-12-21,2024-12-24,Ganga Freight
SO0006487,2024-12-21,2024-12-23,Deccan Express Logistics
SO0006488,2024-12-21,2024-12-24,Deccan Express Logistics
SO0006489,2024-12-21,2024-12-23,Sahyadri Roadlines
SO0006490,2024-12-21,2024-12-25,Ganga Freight
SO0006491,2024-12-23,2024-12-25,Deccan Express Logistics
SO0006492,2024-12-23,2024-12-25,Ganga Freight
SO0006493,2024-12-23,2024-12-26,Sahyadri Roadlines
SO0006494,2024-12-23,2024-12-26,Ganga Freight
SO0006501,2024-12-23,2024-12-25,Sahyadri Roadlines
SO0006495,2024-12-23,2024-12-24,Deccan Express Logistics
SO0006496,2024-12-23,2024-12-24,Deccan Express Logistics
SO0006497,2024-12-23,2024-12-24,Sahyadri Roadlines
SO0006498,2024-12-23,2024-12-26,Sahyadri Roadlines
SO0006499,2024-12-23,2024-12-25,Ganga Freight
SO0006500,2024-12-23,2024-12-25,Ganga Freight
SO0006502,2024-12-24,2024-12-26,Deccan Express Logistics
SO0006503,2024-12-24,2024-12-27,Deccan Express Logistics
SO0006504,2024-12-24,2024-12-25,Sahyadri Roadlines
SO0006505,2024-12-24,2024-12-26,Sahyadri Roadlines
SO0006506,2024-12-24,2024-12-26,Sahyadri Roadlines
SO0006507,2024-12-24,2024-12-25,Sahyadri Roadlines
SO0006508,2024-12-24,2024-12-25,Sahyadri Roadlines
SO0006509,2024-12-24,2024-12-26,Sahyadri Roadlines
SO0006510,2024-12-24,2024-12-25,Deccan Express Logistics
SO0006511,2024-12-24,2024-12-27,Sahyadri Roadlines
SO0006512,2024-12-24,2024-12-26,Sahyadri Roadlines
SO0006513,2024-12-25,2024-12-27,Ganga Freight
SO0006514,2024-12-25,2024-12-28,Deccan Express Logistics
SO0006515,2024-12-25,2024-12-28,Sahyadri Roadlines
SO0006516,2024-12-25,2024-12-28,Sahyadri Roadlines
SO0006517,2024-12-25,2024-12-27,Sahyadri Roadlines
SO0006518,2024-12-25,2024-12-27,Ganga Freight
SO0006519,2024-12-25,2024-12-26,Sahyadri Roadlines
SO0006520,2024-12-25,2024-12-27,Sahyadri Roadlines
SO0006521,2024-12-25,2024-12-26,Sahyadri Roadlines
SO0006523,2024-12-25,2024-12-27,Ganga Freight
SO0006528,2024-12-26,2024-12-29,Deccan Express Logistics
SO0006529,2024-12-26,2024-12-29,Sahyadri Roadlines
SO0006530,2024-12-26,2024-12-28,Deccan Express Logistics
SO0006531,2024-12-26,2024-12-28,Sahyadri Roadlines
SO0006532,2024-12-26,2024-12-27,Ganga Freight
SO0006533,2024-12-26,2024-12-29,Deccan Express Logistics
SO0006534,2024-12-26,2024-12-28,Deccan Express Logistics
SO0006522,2024-12-26,2024-12-30,Deccan Express Logistics
SO0006535,2024-12-26,2024-12-27,Ganga Freight
SO0006536,2024-12-26,2024-12-27,Sahyadri Roadlines
SO0006537,2024-12-26,2024-12-29,Ganga Freight
SO0006524,2024-12-26,2024-12-28,Deccan Express Logistics
SO0006525,2024-12-26,2024-12-28,Ganga Freight
SO0006526,2024-12-26,2024-12-29,Deccan Express Logistics
SO0006540,2024-12-27,2024-12-28,Ganga Freight
SO0006541,2024-12-27,2024-12-30,Deccan Express Logistics
SO0006552,2024-12-27,2024-12-29,Deccan Express Logistics
SO0006542,2024-12-27,2024-12-29,Sahyadri Roadlines
SO0006543,2024-12-27,2024-12-29,Deccan Express Logistics
SO0006544,2024-12-27,2024-12-29,Ganga Freight
SO0006545,2024-12-27,2024-12-29,Deccan Express Logistics
SO0006546,2024-12-27,2024-12-28,Ganga Freight
SO0006547,2024-12-27,2024-12-29,Sahyadri Roadlines
SO0006548,2024-12-27,2024-12-29,Ganga Freight
SO0006549,2024-12-27,2024-12-28,Deccan Express Logistics
SO0006527,2024-12-27,2024-12-29,Ganga Freight
SO0006538,2024-12-27,2024-12-29,Deccan Express Logistics
SO0006539,2024-12-27,2024-12-29,Sahyadri Roadlines
SO0006550,2024-12-27,2024-12-28,Deccan Express Logistics
SO0006553,2024-12-28,2024-12-30,Ganga Freight
SO0006554,2024-12-28,2024-12-31,Ganga Freight
SO0006555,2024-12-28,2024-12-30,Sahyadri Roadlines
SO0006556,2024-12-28,2024-12-31,Sahyadri Roadlines
SO0006557,2024-12-28,2024-12-31,Ganga Freight
SO0006558,2024-12-28,2024-12-30,Ganga Freight
SO0006559,2024-12-28,2024-12-31,Ganga Freight
SO0006560,2024-12-28,2024-12-31,Sahyadri Roadlines
SO0006551,2024-12-28,2024-12-30,Ganga Freight
SO0006561,2024-12-28,2024-12-31,Deccan Express Logistics
SO0006562,2024-12-28,2024-12-30,Sahyadri Roadlines
SO0006563,2024-12-30,2025-01-01,Ganga Freight
SO0006564,2024-12-30,2025-01-01,Ganga Freight
SO0006565,2024-12-30,2025-01-02,Deccan Express Logistics
SO0006566,2024-12-30,2025-01-01,Ganga Freight
SO0006573,2024-12-30,2025-01-01,Deccan Express Logistics
SO0006567,2024-12-30,2024-12-31,Ganga Freight
SO0006568,2024-12-30,2024-12-31,Sahyadri Roadlines
SO0006569,2024-12-30,2024-12-31,Ganga Freight
SO0006570,2024-12-30,2025-01-01,Sahyadri Roadlines
SO0006571,2024-12-30,2025-01-02,Sahyadri Roadlines
SO0006572,2024-12-30,2025-01-01,Ganga Freight
SO0006574,2024-12-31,2025-01-01,Sahyadri Roadlines
SO0006575,2024-12-31,2025-01-01,Sahyadri Roadlines
SO0006576,2024-12-31,2025-01-02,Sahyadri Roadlines
SO0006577,2024-12-31,2025-01-02,Sahyadri Roadlines
SO0006578,2024-12-31,2025-01-03,Ganga Freight
SO0006579,2024-12-31,2025-01-02,Deccan Express Logistics
SO0006580,2024-12-31,2025-01-02,Deccan Express Logistics
SO0006581,2024-12-31,2025-01-02,Deccan Express Logistics
SO0006583,2024-12-31,2025-01-02,Ganga Freight
SO0006584,2024-12-31,2025-01-05,Deccan Express Logistics
SO0006585,2025-01-01,2025-01-03,Ganga Freight
SO0006586,2025-01-01,2025-01-04,Sahyadri Roadlines
SO0006587,2025-01-01,2025-01-05,Sahyadri Roadlines
SO0006588,2025-01-01,2025-01-03,Sahyadri Roadlines
SO0006582,2025-01-01,2025-01-03,Deccan Express Logistics
SO0006589,2025-01-01,2025-01-03,Deccan Express Logistics
SO0006590,2025-01-01,2025-01-03,Sahyadri Roadlines
SO0006591,2025-01-01,2025-01-03,Ganga Freight
SO0006592,2025-01-01,2025-01-04,Ganga Freight
SO0006593,2025-01-01,2025-01-02,Ganga Freight
SO0006595,2025-01-01,2025-01-03,Ganga Freight
SO0006600,2025-01-02,2025-01-06,Deccan Express Logistics
SO0006601,2025-01-02,2025-01-05,Ganga Freight
SO0006602,2025-01-02,2025-01-04,Sahyadri Roadlines
SO0006603,2025-01-02,2025-01-04,Ganga Freight
SO0006604,2025-01-02,2025-01-03,Deccan Express Logistics
SO0006605,2025-01-02,2025-01-04,Sahyadri Roadlines
SO0006606,2025-01-02,2025-01-04,Ganga Freight
SO0006594,2025-01-02,2025-01-04,Sahyadri Roadlines
SO0006607,2025-01-02,2025-01-05,Sahyadri Roadlines
SO0006608,2025-01-02,2025-01-03,Ganga Freight
SO0006609,2025-01-02,2025-01-05,Sahyadri Roadlines
SO0006596,2025-01-02,2025-01-05,Sahyadri Roadlines
SO0006597,2025-01-02,2025-01-03,Sahyadri Roadlines
SO0006598,2025-01-02,2025-01-04,Sahyadri Roadlines
SO0006612,2025-01-03,2025-01-04,Sahyadri Roadlines
SO0006613,2025-01-03,2025-01-06,Ganga Freight
SO0006624,2025-01-03,2025-01-05,Sahyadri Roadlines
SO0006614,2025-01-03,2025-01-04,Deccan Express Logistics
SO0006615,2025-01-03,2025-01-04,Ganga Freight
SO0006616,2025-01-03,2025-01-04,Sahyadri Roadlines
SO0006617,2025-01-03,2025-01-05,Sahyadri Roadlines
SO0006618,2025-01-03,2025-01-04,Deccan Express Logistics
SO0006619,2025-01-03,2025-01-05,Deccan Express Logistics
SO0006620,2025-01-03,2025-01-04,Deccan Express Logistics
SO0006621,2025-01-03,2025-01-04,Ganga Freight
SO0006599,2025-01-03,2025-01-06,Sahyadri Roadlines
SO0006610,2025-01-03,2025-01-05,Deccan Express Logistics
SO0006611,2025-01-03,2025-01-06,Deccan Express Logistics
SO0006625,2025-01-04,2025-01-06,Sahyadri Roadlines
SO0006626,2025-01-04,2025-01-06,Sahyadri Roadlines
SO0006627,2025-01-04,2025-01-06,Ganga Freight
SO0006628,2025-01-04,2025-01-07,Deccan Express Logistics
SO0006629,2025-01-04,2025-01-07,Sahyadri Roadlines
SO0006630,2025-01-04,2025-01-06,Ganga Freight
SO0006631,2025-01-04,2025-01-06,Sahyadri Roadlines
SO0006632,2025-01-04,2025-01-07,Deccan Express Logistics
SO0006622,2025-01-04,2025-01-05,Sahyadri Roadlines
SO0006623,2025-01-04,2025-01-05,Ganga Freight
SO0006633,2025-01-04,2025-01-06,Ganga Freight
SO0006635,2025-01-06,2025-01-08,Ganga Freight
SO0006636,2025-01-06,2025-01-07,Deccan Express Logistics
SO0006637,2025-01-06,2025-01-10,Deccan Express Logistics
SO0006638,2025-01-06,2025-01-08,Ganga Freight
SO0006645,2025-01-06,2025-01-08,Deccan Express Logistics
SO0006639,2025-01-06,2025-01-07,Sahyadri Roadlines
SO0006640,2025-01-06,2025-01-07,Deccan Express Logistics
SO0006641,2025-01-06,2025-01-07,Sahyadri Roadlines
SO0006642,2025-01-06,2025-01-09,Ganga Freight
SO0006643,2025-01-06,2025-01-09,Deccan Express Logistics
SO0006634,2025-01-06,2025-01-09,Ganga Freight
SO0006644,2025-01-06,2025-01-08,Sahyadri Roadlines
SO0006646,2025-01-07,2025-01-08,Ganga Freight
SO0006647,2025-01-07,2025-01-08,Sahyadri Roadlines
SO0006648,2025-01-07,2025-01-08,Sahyadri Roadlines
SO0006649,2025-01-07,2025-01-11,Ganga Freight
SO0006650,2025-01-07,2025-01-09,Sahyadri Roadlines
SO0006651,2025-01-07,2025-01-08,Sahyadri Roadlines
SO0006652,2025-01-07,2025-01-09,Ganga Freight
SO0006653,2025-01-07,2025-01-09,Deccan Express Logistics
SO0006654,2025-01-07,2025-01-09,Deccan Express Logistics
SO0006655,2025-01-07,2025-01-10,Ganga Freight
SO0006656,2025-01-07,2025-01-09,Ganga Freight
SO0006657,2025-01-08,2025-01-09,Sahyadri Roadlines
SO0006658,2025-01-08,2025-01-11,Sahyadri Roadlines
SO0006659,2025-01-08,2025-01-11,Sahyadri Roadlines
SO0006660,2025-01-08,2025-01-10,Sahyadri Roadlines
SO0006661,2025-01-08,2025-01-09,Deccan Express Logistics
SO0006662,2025-01-08,2025-01-09,Sahyadri Roadlines
SO0006663,2025-01-08,2025-01-09,Deccan Express Logistics
SO0006664,2025-01-08,2025-01-10,Deccan Express Logistics
SO0006665,2025-01-08,2025-01-09,Ganga Freight
SO0006667,2025-01-08,2025-01-09,Sahyadri Roadlines
SO0006672,2025-01-09,2025-01-11,Ganga Freight
SO0006673,2025-01-09,2025-01-12,Deccan Express Logistics
SO0006674,2025-01-09,2025-01-10,Ganga Freight
SO0006675,2025-01-09,2025-01-10,Ganga Freight
SO0006676,2025-01-09,2025-01-10,Ganga Freight
SO0006677,2025-01-09,2025-01-12,Sahyadri Roadlines
SO0006678,2025-01-09,2025-01-10,Sahyadri Roadlines
SO0006666,2025-01-09,2025-01-14,Sahyadri Roadlines
SO0006679,2025-01-09,2025-01-11,Sahyadri Roadlines
SO0006680,2025-01-09,2025-01-10,Ganga Freight
SO0006681,2025-01-09,2025-01-12,Sahyadri Roadlines
SO0006668,2025-01-09,2025-01-12,Deccan Express Logistics
SO0006669,2025-01-09,2025-01-10,Sahyadri Roadlines
SO0006670,2025-01-09,2025-01-11,Ganga Freight
SO0006684,2025-01-10,2025-01-11,Ganga Freight
SO0006685,2025-01-10,2025-01-13,Sahyadri Roadlines
SO0006696,2025-01-10,2025-01-12,Ganga Freight
SO0006686,2025-01-10,2025-01-12,Deccan Express Logistics
SO0006687,2025-01-10,2025-01-12,Ganga Freight
SO0006688,2025-01-10,2025-01-12,Deccan Express Logistics
SO0006690,2025-01-10,2025-01-13,Ganga Freight
SO0006691,2025-01-10,2025-01-12,Deccan Express Logistics
SO0006692,2025-01-10,2025-01-12,Ganga Freight
SO0006693,2025-01-10,2025-01-13,Sahyadri Roadlines
SO0006671,2025-01-10,2025-01-13,Ganga Freight
SO0006682,2025-01-10,2025-01-12,Sahyadri Roadlines
SO0006683,2025-01-10,2025-01-13,Sahyadri Roadlines
SO0006694,2025-01-10,2025-01-11,Sahyadri Roadlines
SO0006695,2025-01-10,2025-01-11,Ganga Freight
SO0006697,2025-01-11,2025-01-13,Deccan Express Logistics
SO0006698,2025-01-11,2025-01-13,Ganga Freight
SO0006699,2025-01-11,2025-01-13,Ganga Freight
SO0006700,2025-01-11,2025-01-14,Sahyadri Roadlines
SO0006701,2025-01-11,2025-01-14,Deccan Express Logistics
SO0006689,2025-01-11,2025-01-13,Sahyadri Roadlines
SO0006702,2025-01-11,2025-01-13,Ganga Freight
SO0006703,2025-01-11,2025-01-14,Sahyadri Roadlines
SO0006704,2025-01-11,2025-01-15,Deccan Express Logistics
SO0006705,2025-01-11,2025-01-14,Deccan Express Logistics
SO0006706,2025-01-11,2025-01-14,Sahyadri Roadlines
SO0006707,2025-01-13,2025-01-16,Sahyadri Roadlines
SO0006708,2025-01-13,2025-01-14,Deccan Express Logistics
SO0006709,2025-01-13,2025-01-16,Deccan Express Logistics
SO0006710,2025-01-13,2025-01-15,Sahyadri Roadlines
SO0006717,2025-01-13,2025-01-15,Deccan Express Logistics
SO0006711,2025-01-13,2025-01-14,Sahyadri Roadlines
SO0006712,2025-01-13,2025-01-14,Deccan Express Logistics
SO0006713,2025-01-13,2025-01-14,Ganga Freight
SO0006714,2025-01-13,2025-01-15,Sahyadri Roadlines
SO0006715,2025-01-13,2025-01-17,Sahyadri Roadlines
SO0006716,2025-01-13,2025-01-15,Ganga Freight
SO0006718,2025-01-14,2025-01-15,Sahyadri Roadlines
SO0006719,2025-01-14,2025-01-17,Deccan Express Logistics
SO0006720,2025-01-14,2025-01-15,Ganga Freight
SO0006721,2025-01-14,2025-01-16,Deccan Express Logistics
SO0006722,2025-01-14,2025-01-17,Deccan Express Logistics
SO0006723,2025-01-14,2025-01-15,Sahyadri Roadlines
SO0006724,2025-01-14,2025-01-15,Ganga Freight
SO0006725,2025-01-14,2025-01-16,Ganga Freight
SO0006727,2025-01-14,2025-01-16,Deccan Express Logistics
SO0006728,2025-01-14,2025-01-17,Deccan Express Logistics
SO0006729,2025-01-15,2025-01-17,Ganga Freight
SO0006730,2025-01-15,2025-01-17,Deccan Express Logistics
SO0006731,2025-01-15,2025-01-19,Deccan Express Logistics
SO0006732,2025-01-15,2025-01-17,Ganga Freight
SO0006726,2025-01-15,2025-01-18,Ganga Freight
SO0006733,2025-01-15,2025-01-16,Deccan Express Logistics
SO0006734,2025-01-15,2025-01-16,Deccan Express Logistics
SO0006735,2025-01-15,2025-01-17,Deccan Express Logistics
SO0006736,2025-01-15,2025-01-19,Deccan Express Logistics
SO0006737,2025-01-15,2025-01-16,Deccan Express Logistics
SO0006739,2025-01-15,2025-01-17,Sahyadri Roadlines
SO0006744,2025-01-16,2025-01-18,Sahyadri Roadlines
SO0006745,2025-01-16,2025-01-19,Deccan Express Logistics
SO0006746,2025-01-16,2025-01-18,Ganga Freight
SO0006747,2025-01-16,2025-01-17,Sahyadri Roadlines
SO0006748,2025-01-16,2025-01-17,Deccan Express Logistics
SO0006749,2025-01-16,2025-01-18,Deccan Express Logistics
SO0006750,2025-01-16,2025-01-18,Ganga Freight
SO0006738,2025-01-16,2025-01-18,Ganga Freight
SO0006751,2025-01-16,2025-01-17,Deccan Express Logistics
SO0006752,2025-01-16,2025-01-17,Ganga Freight
SO0006753,2025-01-16,2025-01-18,Deccan Express Logistics
SO0006740,2025-01-16,2025-01-18,Sahyadri Roadlines
SO0006741,2025-01-16,2025-01-17,Deccan Express Logistics
SO0006742,2025-01-16,2025-01-19,Deccan Express Logistics
SO0006756,2025-01-17,2025-01-18,Ganga Freight
SO0006757,2025-01-17,2025-01-20,Sahyadri Roadlines
SO0006768,2025-01-17,2025-01-19,Sahyadri Roadlines
SO0006758,2025-01-17,2025-01-18,Ganga Freight
SO0006759,2025-01-17,2025-01-19,Ganga Freight
SO0006760,2025-01-17,2025-01-20,Deccan Express Logistics
SO0006761,2025-01-17,2025-01-19,Sahyadri Roadlines
SO0006762,2025-01-17,2025-01-18,Deccan Express Logistics
SO0006763,2025-01-17,2025-01-18,Deccan Express Logistics
SO0006764,2025-01-17,2025-01-20,Sahyadri Roadlines
SO0006765,2025-01-17,2025-01-18,Ganga Freight
SO0006743,2025-01-17,2025-01-20,Sahyadri Roadlines
SO0006754,2025-01-17,2025-01-19,Deccan Express Logistics
SO0006755,2025-01-17,2025-01-20,Ganga Freight
SO0006766,2025-01-17,2025-01-18,Ganga Freight
SO0006769,2025-01-18,2025-01-20,Ganga Freight
SO0006770,2025-01-18,2025-01-21,Deccan Express Logistics
SO0006771,2025-01-18,2025-01-20,Ganga Freight
SO0006772,2025-01-18,2025-01-21,Sahyadri Roadlines
SO0006773,2025-01-18,2025-01-21,Ganga Freight
SO0006774,2025-01-18,2025-01-21,Ganga Freight
SO0006775,2025-01-18,2025-01-20,Deccan Express Logistics
SO0006776,2025-01-18,2025-01-20,Deccan Express Logistics
SO0006767,2025-01-18,2025-01-20,Deccan Express Logistics
SO0006777,2025-01-18,2025-01-20,Sahyadri Roadlines
SO0006778,2025-01-18,2025-01-20,Deccan Express Logistics
SO0006779,2025-01-20,2025-01-22,Deccan Express Logistics
SO0006780,2025-01-20,2025-01-22,Ganga Freight
SO0006781,2025-01-20,2025-01-23,Sahyadri Roadlines
SO0006782,2025-01-20,2025-01-22,Ganga Freight
SO0006789,2025-01-20,2025-01-23,Deccan Express Logistics
SO0006783,2025-01-20,2025-01-22,Sahyadri Roadlines
SO0006784,2025-01-20,2025-01-21,Ganga Freight
SO0006785,2025-01-20,2025-01-21,Deccan Express Logistics
SO0006786,2025-01-20,2025-01-22,Deccan Express Logistics
SO0006787,2025-01-20,2025-01-22,Deccan Express Logistics
SO0006788,2025-01-20,2025-01-24,Deccan Express Logistics
SO0006790,2025-01-21,2025-01-23,Deccan Express Logistics
SO0006791,2025-01-21,2025-01-22,Ganga Freight
SO0006792,2025-01-21,2025-01-24,Ganga Freight
SO0006793,2025-01-21,2025-01-23,Sahyadri Roadlines
SO0006794,2025-01-21,2025-01-23,Deccan Express Logistics
SO0006795,2025-01-21,2025-01-22,Sahyadri Roadlines
SO0006796,2025-01-21,2025-01-22,Deccan Express Logistics
SO0006797,2025-01-21,2025-01-23,Sahyadri Roadlines
SO0006799,2025-01-21,2025-01-23,Ganga Freight
SO0006800,2025-01-21,2025-01-23,Deccan Express Logistics
SO0006801,2025-01-22,2025-01-24,Ganga Freight
SO0006802,2025-01-22,2025-01-25,Deccan Express Logistics
SO0006803,2025-01-22,2025-01-25,Deccan Express Logistics
SO0006804,2025-01-22,2025-01-23,Sahyadri Roadlines
SO0006798,2025-01-22,2025-01-23,Deccan Express Logistics
SO0006805,2025-01-22,2025-01-23,Sahyadri Roadlines
SO0006806,2025-01-22,2025-01-23,Sahyadri Roadlines
SO0006807,2025-01-22,2025-01-23,Ganga Freight
SO0006808,2025-01-22,2025-01-25,Sahyadri Roadlines
SO0006809,2025-01-22,2025-01-23,Deccan Express Logistics
SO0006811,2025-01-22,2025-01-23,Sahyadri Roadlines
SO0006816,2025-01-23,2025-01-25,Ganga Freight
SO0006817,2025-01-23,2025-01-26,Deccan Express Logistics
SO0006818,2025-01-23,2025-01-24,Ganga Freight
SO0006819,2025-01-23,2025-01-25,Deccan Express Logistics
SO0006820,2025-01-23,2025-01-25,Sahyadri Roadlines
SO0006821,2025-01-23,2025-01-25,Deccan Express Logistics
SO0006822,2025-01-23,2025-01-24,Deccan Express Logistics
SO0006810,2025-01-23,2025-01-25,Deccan Express Logistics
SO0006823,2025-01-23,2025-01-24,Deccan Express Logistics
SO0006824,2025-01-23,2025-01-25,Deccan Express Logistics
SO0006825,2025-01-23,2025-01-25,Deccan Express Logistics
SO0006812,2025-01-23,2025-01-25,Sahyadri Roadlines
SO0006813,2025-01-23,2025-01-25,Ganga Freight
SO0006814,2025-01-23,2025-01-25,Deccan Express Logistics
SO0006828,2025-01-24,2025-01-26,Sahyadri Roadlines
SO0006829,2025-01-24,2025-01-28,Sahyadri Roadlines
SO0006840,2025-01-24,2025-01-27,Sahyadri Roadlines
SO0006830,2025-01-24,2025-01-25,Ganga Freight
SO0006831,2025-01-24,2025-01-25,Ganga Freight
SO0006832,2025-01-24,2025-01-25,Deccan Express Logistics
SO0006833,2025-01-24,2025-01-27,Ganga Freight
SO0006834,2025-01-24,2025-01-25,Ganga Freight
SO0006835,2025-01-24,2025-01-25,Ganga Freight
SO0006836,2025-01-24,2025-01-25,Sahyadri Roadlines
SO0006837,2025-01-24,2025-01-26,Ganga Freight
SO0006815,2025-01-24,2025-01-27,Sahyadri Roadlines
SO0006826,2025-01-24,2025-01-26,Deccan Express Logistics
SO0006827,2025-01-24,2025-01-26,Ganga Freight
SO0006838,2025-01-24,2025-01-26,Ganga Freight
SO0006839,2025-01-24,2025-01-25,Deccan Express Logistics
SO0006841,2025-01-25,2025-01-27,Deccan Express Logistics
SO0006842,2025-01-25,2025-01-27,Sahyadri Roadlines
SO0006843,2025-01-25,2025-01-27,Sahyadri Roadlines
SO0006844,2025-01-25,2025-01-29,Deccan Express Logistics
SO0006845,2025-01-25,2025-01-29,Sahyadri Roadlines
SO0006846,2025-01-25,2025-01-27,Deccan Express Logistics
SO0006847,2025-01-25,2025-01-27,Sahyadri Roadlines
SO0006848,2025-01-25,2025-01-27,Ganga Freight
SO0006849,2025-01-25,2025-01-27,Ganga Freight
SO0006850,2025-01-25,2025-01-27,Ganga Freight
SO0006851,2025-01-27,2025-01-29,Ganga Freight
SO0006852,2025-01-27,2025-01-28,Deccan Express Logistics
SO0006853,2025-01-27,2025-01-30,Sahyadri Roadlines
SO0006854,2025-01-27,2025-01-30,Deccan Express Logistics
SO0006861,2025-01-27,2025-01-29,Deccan Express Logistics
SO0006855,2025-01-27,2025-01-28,Deccan Express Logistics
SO0006856,2025-01-27,2025-01-28,Ganga Freight
SO0006857,2025-01-27,2025-01-29,Sahyadri Roadlines
SO0006858,2025-01-27,2025-01-29,Ganga Freight
SO0006859,2025-01-27,2025-01-29,Sahyadri Roadlines
SO0006860,2025-01-27,2025-01-30,Ganga Freight
SO0006862,2025-01-28,2025-01-29,Sahyadri Roadlines
SO0006863,2025-01-28,2025-01-30,Deccan Express Logistics
SO0006864,2025-01-28,2025-02-02,Ganga Freight
SO0006865,2025-01-28,2025-01-30,Sahyadri Roadlines
SO0006866,2025-01-28,2025-01-31,Ganga Freight
SO0006867,2025-01-28,2025-01-29,Deccan Express Logistics
SO0006868,2025-01-28,2025-01-30,Ganga Freight
SO0006869,2025-01-28,2025-01-31,Deccan Express Logistics
SO0006871,2025-01-28,2025-02-01,Deccan Express Logistics
SO0006872,2025-01-28,2025-01-30,Ganga Freight
SO0006873,2025-01-29,2025-01-30,Deccan Express Logistics
SO0006874,2025-01-29,2025-02-01,Sahyadri Roadlines
SO0006875,2025-01-29,2025-02-01,Deccan Express Logistics
SO0006876,2025-01-29,2025-01-30,Deccan Express Logistics
SO0006870,2025-01-29,2025-02-01,Deccan Express Logistics
SO0006877,2025-01-29,2025-02-02,Deccan Express Logistics
SO0006878,2025-01-29,2025-01-30,Deccan Express Logistics
SO0006879,2025-01-29,2025-01-30,Ganga Freight
SO0006880,2025-01-29,2025-02-01,Ganga Freight
SO0006881,2025-01-29,2025-01-30,Ganga Freight
SO0006883,2025-01-29,2025-02-01,Sahyadri Roadlines
SO0006888,2025-01-30,2025-02-01,Deccan Express Logistics
SO0006889,2025-01-30,2025-02-03,Deccan Express Logistics
SO0006890,2025-01-30,2025-01-31,Deccan Express Logistics
SO0006891,2025-01-30,2025-02-01,Ganga Freight
SO0006892,2025-01-30,2025-02-02,Sahyadri Roadlines
SO0006893,2025-01-30,2025-02-01,Sahyadri Roadlines
SO0006894,2025-01-30,2025-01-31,Ganga Freight
SO0006882,2025-01-30,2025-02-01,Ganga Freight
SO0006895,2025-01-30,2025-02-01,Deccan Express Logistics
SO0006896,2025-01-30,2025-02-01,Ganga Freight
SO0006897,2025-01-30,2025-02-01,Ganga Freight
SO0006884,2025-01-30,2025-02-02,Sahyadri Roadlines
SO0006885,2025-01-30,2025-02-01,Ganga Freight
SO0006886,2025-01-30,2025-02-01,Ganga Freight
SO0006900,2025-01-31,2025-02-02,Ganga Freight
SO0006901,2025-01-31,2025-02-03,Deccan Express Logistics
SO0006912,2025-01-31,2025-02-02,Ganga Freight
SO0006902,2025-01-31,2025-02-01,Ganga Freight
SO0006903,2025-01-31,2025-02-01,Deccan Express Logistics
SO0006904,2025-01-31,2025-02-01,Ganga Freight
SO0006905,2025-01-31,2025-02-02,Sahyadri Roadlines
SO0006906,2025-01-31,2025-02-02,Deccan Express Logistics
SO0006907,2025-01-31,2025-02-02,Sahyadri Roadlines
SO0006908,2025-01-31,2025-02-05,Deccan Express Logistics
SO0006909,2025-01-31,2025-02-01,Sahyadri Roadlines
SO0006887,2025-01-31,2025-02-02,Deccan Express Logistics
SO0006898,2025-01-31,2025-02-02,Ganga Freight
SO0006899,2025-01-31,2025-02-03,Sahyadri Roadlines
SO0006910,2025-01-31,2025-02-01,Deccan Express Logistics
SO0006911,2025-01-31,2025-02-02,Sahyadri Roadlines
SO0006913,2025-02-01,2025-02-03,Sahyadri Roadlines
SO0006914,2025-02-01,2025-02-04,Ganga Freight
SO0006915,2025-02-01,2025-02-05,Deccan Express Logistics
SO0006916,2025-02-01,2025-02-07,Sahyadri Roadlines
SO0006917,2025-02-01,2025-02-04,Ganga Freight
SO0006918,2025-02-01,2025-02-05,Ganga Freight
SO0006919,2025-02-01,2025-02-04,Sahyadri Roadlines
SO0006920,2025-02-01,2025-02-03,Ganga Freight
SO0006921,2025-02-01,2025-02-04,Deccan Express Logistics
SO0006922,2025-02-01,2025-02-03,Deccan Express Logistics
SO0006923,2025-02-03,2025-02-05,Deccan Express Logistics
SO0006924,2025-02-03,2025-02-04,Ganga Freight
SO0006925,2025-02-03,2025-02-06,Ganga Freight
SO0006926,2025-02-03,2025-02-07,Ganga Freight
SO0006933,2025-02-03,2025-02-05,Sahyadri Roadlines
SO0006927,2025-02-03,2025-02-04,Ganga Freight
SO0006928,2025-02-03,2025-02-06,Deccan Express Logistics
SO0006929,2025-02-03,2025-02-04,Deccan Express Logistics
SO0006930,2025-02-03,2025-02-05,Ganga Freight
SO0006931,2025-02-03,2025-02-06,Ganga Freight
SO0006932,2025-02-03,2025-02-05,Deccan Express Logistics
SO0006934,2025-02-04,2025-02-05,Ganga Freight
SO0006935,2025-02-04,2025-02-06,Sahyadri Roadlines
SO0006936,2025-02-04,2025-02-05,Sahyadri Roadlines
SO0006937,2025-02-04,2025-02-06,Deccan Express Logistics
SO0006938,2025-02-04,2025-02-06,Deccan Express Logistics
SO0006939,2025-02-04,2025-02-06,Sahyadri Roadlines
SO0006940,2025-02-04,2025-02-06,Ganga Freight
SO0006941,2025-02-04,2025-02-06,Deccan Express Logistics
SO0006942,2025-02-04,2025-02-05,Deccan Express Logistics
SO0006943,2025-02-04,2025-02-06,Sahyadri Roadlines
SO0006944,2025-02-04,2025-02-06,Ganga Freight
SO0006945,2025-02-05,2025-02-06,Deccan Express Logistics
SO0006946,2025-02-05,2025-02-08,Ganga Freight
SO0006947,2025-02-05,2025-02-08,Ganga Freight
SO0006948,2025-02-05,2025-02-07,Sahyadri Roadlines
SO0006949,2025-02-05,2025-02-06,Sahyadri Roadlines
SO0006950,2025-02-05,2025-02-06,Sahyadri Roadlines
SO0006951,2025-02-05,2025-02-06,Sahyadri Roadlines
SO0006952,2025-02-05,2025-02-07,Sahyadri Roadlines
SO0006953,2025-02-05,2025-02-07,Sahyadri Roadlines
SO0006954,2025-02-05,2025-02-07,Ganga Freight
SO0006955,2025-02-05,2025-02-07,Deccan Express Logistics
SO0006960,2025-02-06,2025-02-09,Deccan Express Logistics
SO0006961,2025-02-06,2025-02-10,Ganga Freight
SO0006962,2025-02-06,2025-02-07,Deccan Express Logistics
SO0006963,2025-02-06,2025-02-07,Sahyadri Roadlines
SO0006964,2025-02-06,2025-02-07,Deccan Express Logistics
SO0006965,2025-02-06,2025-02-08,Deccan Express Logistics
SO0006966,2025-02-06,2025-02-07,Deccan Express Logistics
SO0006967,2025-02-06,2025-02-08,Sahyadri Roadlines
SO0006968,2025-02-06,2025-02-08,Ganga Freight
SO0006969,2025-02-06,2025-02-09,Ganga Freight
SO0006956,2025-02-06,2025-02-08,Ganga Freight
SO0006957,2025-02-06,2025-02-07,Ganga Freight
SO0006958,2025-02-06,2025-02-11,Ganga Freight
SO0006972,2025-02-07,2025-02-08,Ganga Freight
SO0006973,2025-02-07,2025-02-10,Ganga Freight
SO0006984,2025-02-07,2025-02-09,Ganga Freight
SO0006974,2025-02-07,2025-02-09,Ganga Freight
SO0006975,2025-02-07,2025-02-08,Ganga Freight
SO0006976,2025-02-07,2025-02-09,Ganga Freight
SO0006977,2025-02-07,2025-02-09,Sahyadri Roadlines
SO0006978,2025-02-07,2025-02-08,Ganga Freight
SO0006979,2025-02-07,2025-02-08,Deccan Express Logistics
SO0006980,2025-02-07,2025-02-08,Ganga Freight
SO0006981,2025-02-07,2025-02-10,Ganga Freight
SO0006959,2025-02-07,2025-02-09,Deccan Express Logistics
SO0006970,2025-02-07,2025-02-09,Sahyadri Roadlines
SO0006971,2025-02-07,2025-02-09,Ganga Freight
SO0006982,2025-02-07,2025-02-08,Ganga Freight
SO0006985,2025-02-08,2025-02-11,Deccan Express Logistics
SO0006986,2025-02-08,2025-02-10,Sahyadri Roadlines
SO0006987,2025-02-08,2025-02-10,Deccan Express Logistics
SO0006988,2025-02-08,2025-02-11,Deccan Express Logistics
SO0006989,2025-02-08,2025-02-11,Ganga Freight
SO0006990,2025-02-08,2025-02-10,Ganga Freight
SO0006991,2025-02-08,2025-02-10,Sahyadri Roadlines
SO0006992,2025-02-08,2025-02-10,Ganga Freight
SO0006983,2025-02-08,2025-02-09,Ganga Freight
SO0006993,2025-02-08,2025-02-10,Sahyadri Roadlines
SO0006994,2025-02-08,2025-02-10,Deccan Express Logistics
SO0006995,2025-02-10,2025-02-13,Deccan Express Logistics
SO0006996,2025-02-10,2025-02-12,Deccan Express Logistics
SO0006997,2025-02-10,2025-02-13,Sahyadri Roadlines
SO0006998,2025-02-10,2025-02-12,Ganga Freight
SO0007005,2025-02-10,2025-02-13,Sahyadri Roadlines
SO0006999,2025-02-10,2025-02-12,Ganga Freight
SO0007000,2025-02-10,2025-02-12,Ganga Freight
SO0007001,2025-02-10,2025-02-12,Sahyadri Roadlines
SO0007002,2025-02-10,2025-02-12,Sahyadri Roadlines
SO0007003,2025-02-10,2025-02-12,Deccan Express Logistics
SO0007004,2025-02-10,2025-02-12,Sahyadri Roadlines
SO0007006,2025-02-11,2025-02-14,Sahyadri Roadlines
SO0007007,2025-02-11,2025-02-13,Deccan Express Logistics
SO0007008,2025-02-11,2025-02-12,Deccan Express Logistics
SO0007009,2025-02-11,2025-02-13,Sahyadri Roadlines
SO0007010,2025-02-11,2025-02-13,Sahyadri Roadlines
SO0007011,2025-02-11,2025-02-13,Ganga Freight
SO0007012,2025-02-11,2025-02-12,Ganga Freight
SO0007013,2025-02-11,2025-02-14,Sahyadri Roadlines
SO0007014,2025-02-11,2025-02-13,Ganga Freight
SO0007015,2025-02-11,2025-02-13,Sahyadri Roadlines
SO0007016,2025-02-11,2025-02-15,Deccan Express Logistics
SO0007017,2025-02-12,2025-02-14,Deccan Express Logistics
SO0007018,2025-02-12,2025-02-14,Ganga Freight
SO0007019,2025-02-12,2025-02-15,Ganga Freight
SO0007020,2025-02-12,2025-02-13,Deccan Express Logistics
SO0007021,2025-02-12,2025-02-13,Ganga Freight
SO0007022,2025-02-12,2025-02-13,Sahyadri Roadlines
SO0007023,2025-02-12,2025-02-13,Deccan Express Logistics
SO0007024,2025-02-12,2025-02-14,Ganga Freight
SO0007025,2025-02-12,2025-02-13,Sahyadri Roadlines
SO0007026,2025-02-12,2025-02-15,Ganga Freight
SO0007027,2025-02-12,2025-02-14,Sahyadri Roadlines
SO0007032,2025-02-13,2025-02-15,Ganga Freight
SO0007033,2025-02-13,2025-02-16,Ganga Freight
SO0007034,2025-02-13,2025-02-14,Ganga Freight
SO0007035,2025-02-13,2025-02-15,Ganga Freight
SO0007036,2025-02-13,2025-02-14,Sahyadri Roadlines
SO0007037,2025-02-13,2025-02-15,Ganga Freight
SO0007038,2025-02-13,2025-02-15,Sahyadri Roadlines
SO0007039,2025-02-13,2025-02-17,Ganga Freight
SO0007040,2025-02-13,2025-02-15,Ganga Freight
SO0007041,2025-02-13,2025-02-15,Ganga Freight
SO0007028,2025-02-13,2025-02-15,Sahyadri Roadlines
SO0007029,2025-02-13,2025-02-14,Deccan Express Logistics
SO0007030,2025-02-13,2025-02-18,Ganga Freight
SO0007031,2025-02-13,2025-02-15,Deccan Express Logistics
SO0007044,2025-02-14,2025-02-16,Ganga Freight
SO0007045,2025-02-14,2025-02-21,Ganga Freight
SO0007056,2025-02-14,2025-02-16,Deccan Express Logistics
SO0007046,2025-02-14,2025-02-15,Ganga Freight
SO0007047,2025-02-14,2025-02-15,Sahyadri Roadlines
SO0007048,2025-02-14,2025-02-15,Deccan Express Logistics
SO0007049,2025-02-14,2025-02-16,Deccan Express Logistics
SO0007050,2025-02-14,2025-02-15,Ganga Freight
SO0007051,2025-02-14,2025-02-15,Sahyadri Roadlines
SO0007052,2025-02-14,2025-02-16,Sahyadri Roadlines
SO0007053,2025-02-14,2025-02-15,Deccan Express Logistics
SO0007042,2025-02-14,2025-02-17,Ganga Freight
SO0007043,2025-02-14,2025-02-16,Deccan Express Logistics
SO0007054,2025-02-14,2025-02-16,Deccan Express Logistics
SO0007055,2025-02-14,2025-02-17,Deccan Express Logistics
SO0007057,2025-02-15,2025-02-17,Sahyadri Roadlines
SO0007058,2025-02-15,2025-02-18,Sahyadri Roadlines
SO0007059,2025-02-15,2025-02-18,Ganga Freight
SO0007060,2025-02-15,2025-02-18,Deccan Express Logistics
SO0007061,2025-02-15,2025-02-18,Ganga Freight
SO0007062,2025-02-15,2025-02-17,Sahyadri Roadlines
SO0007063,2025-02-15,2025-02-17,Ganga Freight
SO0007064,2025-02-15,2025-02-18,Sahyadri Roadlines
SO0007065,2025-02-15,2025-02-17,Ganga Freight
SO0007066,2025-02-15,2025-02-17,Sahyadri Roadlines
SO0007067,2025-02-17,2025-02-19,Sahyadri Roadlines
SO0007068,2025-02-17,2025-02-18,Sahyadri Roadlines
SO0007069,2025-02-17,2025-02-20,Ganga Freight
SO0007070,2025-02-17,2025-02-19,Deccan Express Logistics
SO0007077,2025-02-17,2025-02-19,Ganga Freight
SO0007071,2025-02-17,2025-02-19,Sahyadri Roadlines
SO0007072,2025-02-17,2025-02-18,Deccan Express Logistics
SO0007073,2025-02-17,2025-02-18,Deccan Express Logistics
SO0007074,2025-02-17,2025-02-19,Sahyadri Roadlines
SO0007075,2025-02-17,2025-02-19,Deccan Express Logistics
SO0007076,2025-02-17,2025-02-20,Ganga Freight
SO0007078,2025-02-18,2025-02-19,Sahyadri Roadlines
SO0007079,2025-02-18,2025-02-19,Deccan Express Logistics
SO0007080,2025-02-18,2025-02-19,Ganga Freight
SO0007081,2025-02-18,2025-02-20,Ganga Freight
SO0007082,2025-02-18,2025-02-21,Sahyadri Roadlines
SO0007083,2025-02-18,2025-02-19,Deccan Express Logistics
SO0007084,2025-02-18,2025-02-19,Deccan Express Logistics
SO0007085,2025-02-18,2025-02-20,Ganga Freight
SO0007087,2025-02-18,2025-02-20,Deccan Express Logistics
SO0007088,2025-02-18,2025-02-21,Sahyadri Roadlines
SO0007089,2025-02-19,2025-02-20,Ganga Freight
SO0007090,2025-02-19,2025-02-22,Deccan Express Logistics
SO0007091,2025-02-19,2025-02-23,Deccan Express Logistics
SO0007092,2025-02-19,2025-02-20,Deccan Express Logistics
SO0007086,2025-02-19,2025-02-20,Deccan Express Logistics
SO0007093,2025-02-19,2025-02-20,Deccan Express Logistics
SO0007094,2025-02-19,2025-02-22,Sahyadri Roadlines
SO0007095,2025-02-19,2025-02-21,Ganga Freight
SO0007096,2025-02-19,2025-02-21,Deccan Express Logistics
SO0007097,2025-02-19,2025-02-20,Sahyadri Roadlines
SO0007099,2025-02-19,2025-02-21,Sahyadri Roadlines
SO0007104,2025-02-20,2025-02-22,Ganga Freight
SO0007105,2025-02-20,2025-02-24,Sahyadri Roadlines
SO0007106,2025-02-20,2025-02-21,Deccan Express Logistics
SO0007107,2025-02-20,2025-02-21,Ganga Freight
SO0007108,2025-02-20,2025-02-21,Deccan Express Logistics
SO0007109,2025-02-20,2025-02-22,Sahyadri Roadlines
SO0007110,2025-02-20,2025-02-21,Sahyadri Roadlines
SO0007098,2025-02-20,2025-02-23,Deccan Express Logistics
SO0007111,2025-02-20,2025-02-21,Sahyadri Roadlines
SO0007112,2025-02-20,2025-02-24,Ganga Freight
SO0007113,2025-02-20,2025-02-22,Ganga Freight
SO0007100,2025-02-20,2025-02-22,Deccan Express Logistics
SO0007101,2025-02-20,2025-02-21,Deccan Express Logistics
SO0007102,2025-02-20,2025-02-24,Sahyadri Roadlines
SO0007116,2025-02-21,2025-02-24,Deccan Express Logistics
SO0007117,2025-02-21,2025-02-24,Deccan Express Logistics
SO0007128,2025-02-21,2025-02-23,Ganga Freight
SO0007118,2025-02-21,2025-02-22,Sahyadri Roadlines
SO0007119,2025-02-21,2025-02-22,Ganga Freight
SO0007120,2025-02-21,2025-02-22,Deccan Express Logistics
SO0007122,2025-02-21,2025-02-23,Ganga Freight
SO0007123,2025-02-21,2025-02-22,Sahyadri Roadlines
SO0007124,2025-02-21,2025-02-22,Sahyadri Roadlines
SO0007125,2025-02-21,2025-02-22,Ganga Freight
SO0007103,2025-02-21,2025-02-23,Ganga Freight
SO0007114,2025-02-21,2025-02-23,Ganga Freight
SO0007115,2025-02-21,2025-02-24,Deccan Express Logistics
SO0007129,2025-02-22,2025-02-24,Deccan Express Logistics
SO0007130,2025-02-22,2025-02-24,Sahyadri Roadlines
SO0007131,2025-02-22,2025-02-24,Ganga Freight
SO0007132,2025-02-22,2025-02-27,Sahyadri Roadlines
SO0007133,2025-02-22,2025-02-25,Ganga Freight
SO0007121,2025-02-22,2025-02-25,Deccan Express Logistics
SO0007134,2025-02-22,2025-02-24,Ganga Freight
SO0007135,2025-02-22,2025-02-25,Deccan Express Logistics
SO0007136,2025-02-22,2025-02-24,Deccan Express Logistics
SO0007126,2025-02-22,2025-02-24,Deccan Express Logistics
SO0007127,2025-02-22,2025-02-23,Deccan Express Logistics
SO0007137,2025-02-22,2025-02-24,Deccan Express Logistics
SO0007139,2025-02-24,2025-02-27,Ganga Freight
SO0007140,2025-02-24,2025-02-25,Sahyadri Roadlines
SO0007141,2025-02-24,2025-02-28,Ganga Freight
SO0007142,2025-02-24,2025-02-28,Deccan Express Logistics
SO0007149,2025-02-24,2025-02-26,Deccan Express Logistics
SO0007143,2025-02-24,2025-02-25,Sahyadri Roadlines
SO0007144,2025-02-24,2025-02-25,Sahyadri Roadlines
SO0007145,2025-02-24,2025-02-25,Sahyadri Roadlines
SO0007146,2025-02-24,2025-02-26,Deccan Express Logistics
SO0007147,2025-02-24,2025-02-27,Deccan Express Logistics
SO0007138,2025-02-24,2025-02-27,Deccan Express Logistics
SO0007148,2025-02-24,2025-02-27,Sahyadri Roadlines
SO0007150,2025-02-25,2025-02-26,Deccan Express Logistics
SO0007151,2025-02-25,2025-02-26,Deccan Express Logistics
SO0007152,2025-02-25,2025-02-26,Deccan Express Logistics
SO0007153,2025-02-25,2025-02-28,Ganga Freight
SO0007154,2025-02-25,2025-02-28,Sahyadri Roadlines
SO0007155,2025-02-25,2025-02-26,Ganga Freight
SO0007156,2025-02-25,2025-02-26,Ganga Freight
SO0007157,2025-02-25,2025-03-02,Sahyadri Roadlines
SO0007158,2025-02-25,2025-02-26,Ganga Freight
SO0007159,2025-02-25,2025-02-28,Ganga Freight
SO0007160,2025-02-25,2025-02-27,Sahyadri Roadlines
SO0007161,2025-02-26,2025-02-28,Ganga Freight
SO0007162,2025-02-26,2025-02-28,Ganga Freight
SO0007163,2025-02-26,2025-03-01,Deccan Express Logistics
SO0007164,2025-02-26,2025-02-27,Sahyadri Roadlines
SO0007165,2025-02-26,2025-02-27,Sahyadri Roadlines
SO0007166,2025-02-26,2025-02-27,Ganga Freight
SO0007167,2025-02-26,2025-02-27,Deccan Express Logistics
SO0007168,2025-02-26,2025-02-28,Sahyadri Roadlines
SO0007169,2025-02-26,2025-02-28,Deccan Express Logistics
SO0007171,2025-02-26,2025-02-27,Deccan Express Logistics
SO0007176,2025-02-27,2025-03-01,Sahyadri Roadlines
SO0007177,2025-02-27,2025-03-02,Sahyadri Roadlines
SO0007178,2025-02-27,2025-03-01,Deccan Express Logistics
SO0007179,2025-02-27,2025-02-28,Deccan Express Logistics
SO0007180,2025-02-27,2025-03-01,Ganga Freight
SO0007181,2025-02-27,2025-03-01,Ganga Freight
SO0007182,2025-02-27,2025-02-28,Ganga Freight
SO0007170,2025-02-27,2025-03-01,Sahyadri Roadlines
SO0007183,2025-02-27,2025-03-01,Sahyadri Roadlines
SO0007184,2025-02-27,2025-03-01,Sahyadri Roadlines
SO0007185,2025-02-27,2025-03-03,Deccan Express Logistics
SO0007172,2025-02-27,2025-03-02,Ganga Freight
SO0007173,2025-02-27,2025-02-28,Deccan Express Logistics
SO0007174,2025-02-27,2025-03-02,Deccan Express Logistics
SO0007175,2025-02-27,2025-03-02,Sahyadri Roadlines
SO0007188,2025-02-28,2025-03-02,Ganga Freight
SO0007189,2025-02-28,2025-03-03,Deccan Express Logistics
SO0007200,2025-02-28,2025-03-03,Sahyadri Roadlines
SO0007190,2025-02-28,2025-03-01,Deccan Express Logistics
SO0007191,2025-02-28,2025-03-01,Deccan Express Logistics
SO0007192,2025-02-28,2025-03-01,Sahyadri Roadlines
SO0007193,2025-02-28,2025-03-02,Ganga Freight
SO0007194,2025-02-28,2025-03-01,Ganga Freight
SO0007195,2025-02-28,2025-03-02,Ganga Freight
SO0007196,2025-02-28,2025-03-01,Sahyadri Roadlines
SO0007197,2025-02-28,2025-03-02,Sahyadri Roadlines
SO0007186,2025-02-28,2025-03-02,Ganga Freight
SO0007187,2025-02-28,2025-03-03,Ganga Freight
SO0007198,2025-02-28,2025-03-01,Deccan Express Logistics
SO0007199,2025-02-28,2025-03-01,Ganga Freight
SO0007201,2025-03-01,2025-03-04,Ganga Freight
SO0007202,2025-03-01,2025-03-03,Sahyadri Roadlines
SO0007203,2025-03-01,2025-03-05,Deccan Express Logistics
SO0007204,2025-03-01,2025-03-05,Ganga Freight
SO0007205,2025-03-01,2025-03-04,Ganga Freight
SO0007206,2025-03-01,2025-03-03,Ganga Freight
SO0007207,2025-03-01,2025-03-03,Ganga Freight
SO0007208,2025-03-01,2025-03-04,Sahyadri Roadlines
SO0007209,2025-03-01,2025-03-03,Deccan Express Logistics
SO0007210,2025-03-01,2025-03-03,Sahyadri Roadlines
SO0007211,2025-03-03,2025-03-06,Ganga Freight
SO0007212,2025-03-03,2025-03-04,Deccan Express Logistics
SO0007213,2025-03-03,2025-03-07,Deccan Express Logistics
SO0007214,2025-03-03,2025-03-06,Sahyadri Roadlines
SO0007221,2025-03-03,2025-03-05,Sahyadri Roadlines
SO0007215,2025-03-03,2025-03-04,Ganga Freight
SO0007216,2025-03-03,2025-03-05,Sahyadri Roadlines
SO0007217,2025-03-03,2025-03-05,Deccan Express Logistics
SO0007218,2025-03-03,2025-03-05,Ganga Freight
SO0007219,2025-03-03,2025-03-05,Ganga Freight
SO0007220,2025-03-03,2025-03-05,Sahyadri Roadlines
SO0007222,2025-03-04,2025-03-05,Ganga Freight
SO0007223,2025-03-04,2025-03-05,Deccan Express Logistics
SO0007224,2025-03-04,2025-03-06,Sahyadri Roadlines
SO0007225,2025-03-04,2025-03-06,Deccan Express Logistics
SO0007226,2025-03-04,2025-03-06,Deccan Express Logistics
SO0007227,2025-03-04,2025-03-05,Ganga Freight
SO0007228,2025-03-04,2025-03-06,Ganga Freight
SO0007229,2025-03-04,2025-03-06,Ganga Freight
SO0007230,2025-03-04,2025-03-05,Deccan Express Logistics
SO0007231,2025-03-04,2025-03-06,Deccan Express Logistics
SO0007232,2025-03-04,2025-03-08,Ganga Freight
SO0007233,2025-03-05,2025-03-06,Sahyadri Roadlines
SO0007234,2025-03-05,2025-03-08,Ganga Freight
SO0007235,2025-03-05,2025-03-08,Deccan Express Logistics
SO0007236,2025-03-05,2025-03-08,Ganga Freight
SO0007237,2025-03-05,2025-03-06,Ganga Freight
SO0007238,2025-03-05,2025-03-06,Deccan Express Logistics
SO0007239,2025-03-05,2025-03-06,Ganga Freight
SO0007240,2025-03-05,2025-03-09,Deccan Express Logistics
SO0007241,2025-03-05,2025-03-06,Sahyadri Roadlines
SO0007243,2025-03-05,2025-03-06,Sahyadri Roadlines
SO0007248,2025-03-06,2025-03-08,Sahyadri Roadlines
SO0007249,2025-03-06,2025-03-09,Deccan Express Logistics
SO0007250,2025-03-06,2025-03-09,Sahyadri Roadlines
SO0007251,2025-03-06,2025-03-07,Sahyadri Roadlines
SO0007252,2025-03-06,2025-03-07,Deccan Express Logistics
SO0007253,2025-03-06,2025-03-08,Ganga Freight
SO0007254,2025-03-06,2025-03-07,Deccan Express Logistics
SO0007242,2025-03-06,2025-03-09,Deccan Express Logistics
SO0007255,2025-03-06,2025-03-07,Ganga Freight
SO0007256,2025-03-06,2025-03-07,Sahyadri Roadlines
SO0007257,2025-03-06,2025-03-08,Sahyadri Roadlines
SO0007244,2025-03-06,2025-03-08,Ganga Freight
SO0007245,2025-03-06,2025-03-07,Deccan Express Logistics
SO0007246,2025-03-06,2025-03-09,Ganga Freight
SO0007260,2025-03-07,2025-03-09,Deccan Express Logistics
SO0007261,2025-03-07,2025-03-10,Ganga Freight
SO0007272,2025-03-07,2025-03-09,Sahyadri Roadlines
SO0007262,2025-03-07,2025-03-08,Sahyadri Roadlines
SO0007263,2025-03-07,2025-03-08,Ganga Freight
SO0007264,2025-03-07,2025-03-09,Ganga Freight
SO0007265,2025-03-07,2025-03-09,Deccan Express Logistics
SO0007266,2025-03-07,2025-03-08,Ganga Freight
SO0007267,2025-03-07,2025-03-08,Ganga Freight
SO0007268,2025-03-07,2025-03-09,Ganga Freight
SO0007269,2025-03-07,2025-03-08,Sahyadri Roadlines
SO0007247,2025-03-07,2025-03-09,Deccan Express Logistics
SO0007258,2025-03-07,2025-03-09,Sahyadri Roadlines
SO0007259,2025-03-07,2025-03-10,Sahyadri Roadlines
SO0007270,2025-03-07,2025-03-08,Ganga Freight
SO0007271,2025-03-07,2025-03-10,Ganga Freight
SO0007273,2025-03-08,2025-03-12,Ganga Freight
SO0007274,2025-03-08,2025-03-10,Sahyadri Roadlines
SO0007275,2025-03-08,2025-03-10,Ganga Freight
SO0007276,2025-03-08,2025-03-12,Ganga Freight
SO0007277,2025-03-08,2025-03-11,Ganga Freight
SO0007278,2025-03-08,2025-03-11,Deccan Express Logistics
SO0007279,2025-03-08,2025-03-11,Deccan Express Logistics
SO0007280,2025-03-08,2025-03-10,Deccan Express Logistics
SO0007281,2025-03-08,2025-03-11,Deccan Express Logistics
SO0007282,2025-03-08,2025-03-10,Ganga Freight
SO0007283,2025-03-10,2025-03-12,Deccan Express Logistics
SO0007284,2025-03-10,2025-03-12,Ganga Freight
SO0007285,2025-03-10,2025-03-14,Deccan Express Logistics
SO0007286,2025-03-10,2025-03-12,Ganga Freight
SO0007293,2025-03-10,2025-03-12,Sahyadri Roadlines
SO0007287,2025-03-10,2025-03-12,Sahyadri Roadlines
SO0007288,2025-03-10,2025-03-11,Deccan Express Logistics
SO0007289,2025-03-10,2025-03-11,Sahyadri Roadlines
SO0007290,2025-03-10,2025-03-13,Sahyadri Roadlines
SO0007291,2025-03-10,2025-03-14,Deccan Express Logistics
SO0007292,2025-03-10,2025-03-12,Sahyadri Roadlines
SO0007294,2025-03-11,2025-03-12,Sahyadri Roadlines
SO0007295,2025-03-11,2025-03-15,Ganga Freight
SO0007296,2025-03-11,2025-03-13,Ganga Freight
SO0007297,2025-03-11,2025-03-13,Ganga Freight
SO0007298,2025-03-11,2025-03-16,Ganga Freight
SO0007299,2025-03-11,2025-03-12,Sahyadri Roadlines
SO0007300,2025-03-11,2025-03-12,Deccan Express Logistics
SO0007301,2025-03-11,2025-03-13,Deccan Express Logistics
SO0007303,2025-03-11,2025-03-14,Ganga Freight
SO0007304,2025-03-11,2025-03-13,Deccan Express Logistics
SO0007305,2025-03-12,2025-03-14,Ganga Freight
SO0007306,2025-03-12,2025-03-14,Deccan Express Logistics
SO0007307,2025-03-12,2025-03-15,Sahyadri Roadlines
SO0007308,2025-03-12,2025-03-13,Ganga Freight
SO0007302,2025-03-12,2025-03-14,Sahyadri Roadlines
SO0007309,2025-03-12,2025-03-14,Ganga Freight
SO0007310,2025-03-12,2025-03-13,Sahyadri Roadlines
SO0007311,2025-03-12,2025-03-13,Sahyadri Roadlines
SO0007312,2025-03-12,2025-03-14,Sahyadri Roadlines
SO0007313,2025-03-12,2025-03-13,Sahyadri Roadlines
SO0007315,2025-03-12,2025-03-14,Ganga Freight
SO0007320,2025-03-13,2025-03-15,Deccan Express Logistics
SO0007321,2025-03-13,2025-03-16,Sahyadri Roadlines
SO0007322,2025-03-13,2025-03-16,Sahyadri Roadlines
SO0007323,2025-03-13,2025-03-15,Ganga Freight
SO0007324,2025-03-13,2025-03-14,Ganga Freight
SO0007325,2025-03-13,2025-03-17,Sahyadri Roadlines
SO0007326,2025-03-13,2025-03-16,Ganga Freight
SO0007314,2025-03-13,2025-03-15,Ganga Freight
SO0007327,2025-03-13,2025-03-15,Deccan Express Logistics
SO0007328,2025-03-13,2025-03-14,Sahyadri Roadlines
SO0007329,2025-03-13,2025-03-16,Ganga Freight
SO0007316,2025-03-13,2025-03-17,Sahyadri Roadlines
SO0007317,2025-03-13,2025-03-14,Ganga Freight
SO0007318,2025-03-13,2025-03-15,Deccan Express Logistics
SO0007319,2025-03-13,2025-03-15,Ganga Freight
SO0007332,2025-03-14,2025-03-15,Deccan Express Logistics
SO0007333,2025-03-14,2025-03-19,Sahyadri Roadlines
SO0007344,2025-03-14,2025-03-16,Ganga Freight
SO0007334,2025-03-14,2025-03-17,Sahyadri Roadlines
SO0007335,2025-03-14,2025-03-16,Sahyadri Roadlines
SO0007336,2025-03-14,2025-03-17,Deccan Express Logistics
SO0007337,2025-03-14,2025-03-16,Ganga Freight
SO0007338,2025-03-14,2025-03-15,Sahyadri Roadlines
SO0007339,2025-03-14,2025-03-15,Deccan Express Logistics
SO0007340,2025-03-14,2025-03-16,Deccan Express Logistics
SO0007341,2025-03-14,2025-03-16,Sahyadri Roadlines
SO0007330,2025-03-14,2025-03-17,Ganga Freight
SO0007331,2025-03-14,2025-03-17,Sahyadri Roadlines
SO0007342,2025-03-14,2025-03-15,Deccan Express Logistics
SO0007343,2025-03-14,2025-03-15,Deccan Express Logistics
SO0007345,2025-03-15,2025-03-17,Ganga Freight
SO0007346,2025-03-15,2025-03-18,Deccan Express Logistics
SO0007347,2025-03-15,2025-03-18,Deccan Express Logistics
SO0007348,2025-03-15,2025-03-19,Ganga Freight
SO0007349,2025-03-15,2025-03-19,Deccan Express Logistics
SO0007350,2025-03-15,2025-03-19,Deccan Express Logistics
SO0007351,2025-03-15,2025-03-17,Ganga Freight
SO0007352,2025-03-15,2025-03-17,Ganga Freight
SO0007353,2025-03-15,2025-03-18,Sahyadri Roadlines
SO0007354,2025-03-15,2025-03-17,Ganga Freight
SO0007355,2025-03-17,2025-03-19,Ganga Freight
SO0007356,2025-03-17,2025-03-18,Ganga Freight
SO0007357,2025-03-17,2025-03-21,Ganga Freight
SO0007358,2025-03-17,2025-03-19,Sahyadri Roadlines
SO0007365,2025-03-17,2025-03-19,Sahyadri Roadlines
SO0007359,2025-03-17,2025-03-18,Deccan Express Logistics
SO0007360,2025-03-17,2025-03-19,Ganga Freight
SO0007361,2025-03-17,2025-03-18,Deccan Express Logistics
SO0007362,2025-03-17,2025-03-20,Sahyadri Roadlines
SO0007363,2025-03-17,2025-03-19,Sahyadri Roadlines
SO0007364,2025-03-17,2025-03-19,Ganga Freight
SO0007366,2025-03-18,2025-03-19,Ganga Freight
SO0007367,2025-03-18,2025-03-19,Ganga Freight
SO0007368,2025-03-18,2025-03-19,Ganga Freight
SO0007369,2025-03-18,2025-03-21,Deccan Express Logistics
SO0007370,2025-03-18,2025-03-20,Sahyadri Roadlines
SO0007371,2025-03-18,2025-03-19,Ganga Freight
SO0007372,2025-03-18,2025-03-19,Sahyadri Roadlines
SO0007373,2025-03-18,2025-03-20,Sahyadri Roadlines
SO0007374,2025-03-18,2025-03-20,Ganga Freight
SO0007375,2025-03-18,2025-03-20,Sahyadri Roadlines
SO0007376,2025-03-18,2025-03-20,Deccan Express Logistics
SO0007377,2025-03-19,2025-03-21,Sahyadri Roadlines
SO0007378,2025-03-19,2025-03-21,Ganga Freight
SO0007379,2025-03-19,2025-03-22,Ganga Freight
SO0007380,2025-03-19,2025-03-20,Ganga Freight
SO0007381,2025-03-19,2025-03-20,Deccan Express Logistics
SO0007382,2025-03-19,2025-03-21,Deccan Express Logistics
SO0007383,2025-03-19,2025-03-21,Sahyadri Roadlines
SO0007384,2025-03-19,2025-03-22,Ganga Freight
SO0007385,2025-03-19,2025-03-20,Deccan Express Logistics
SO0007387,2025-03-19,2025-03-20,Sahyadri Roadlines
SO0007392,2025-03-20,2025-03-22,Sahyadri Roadlines
SO0007393,2025-03-20,2025-03-23,Ganga Freight
SO0007394,2025-03-20,2025-03-21,Deccan Express Logistics
SO0007395,2025-03-20,2025-03-21,Sahyadri Roadlines
SO0007396,2025-03-20,2025-03-22,Sahyadri Roadlines
SO0007397,2025-03-20,2025-03-23,Deccan Express Logistics
SO0007398,2025-03-20,2025-03-21,Sahyadri Roadlines
SO0007386,2025-03-20,2025-03-23,Ganga Freight
SO0007399,2025-03-20,2025-03-21,Sahyadri Roadlines
SO0007400,2025-03-20,2025-03-22,Sahyadri Roadlines
SO0007401,2025-03-20,2025-03-22,Deccan Express Logistics
SO0007388,2025-03-20,2025-03-22,Sahyadri Roadlines
SO0007389,2025-03-20,2025-03-22,Ganga Freight
SO0007390,2025-03-20,2025-03-23,Deccan Express Logistics
SO0007391,2025-03-20,2025-03-23,Deccan Express Logistics
SO0007402,2025-03-20,2025-03-23,Deccan Express Logistics
SO0007404,2025-03-21,2025-03-22,Deccan Express Logistics
SO0007405,2025-03-21,2025-03-24,Ganga Freight
SO0007416,2025-03-21,2025-03-24,Ganga Freight
SO0007406,2025-03-21,2025-03-22,Sahyadri Roadlines
SO0007407,2025-03-21,2025-03-22,Deccan Express Logistics
SO0007408,2025-03-21,2025-03-22,Deccan Express Logistics
SO0007409,2025-03-21,2025-03-23,Ganga Freight
SO0007410,2025-03-21,2025-03-22,Deccan Express Logistics
SO0007411,2025-03-21,2025-03-24,Ganga Freight
SO0007412,2025-03-21,2025-03-22,Ganga Freight
SO0007413,2025-03-21,2025-03-22,Deccan Express Logistics
SO0007403,2025-03-21,2025-03-23,Sahyadri Roadlines
SO0007414,2025-03-21,2025-03-22,Ganga Freight
SO0007415,2025-03-21,2025-03-23,Sahyadri Roadlines
SO0007417,2025-03-22,2025-03-24,Ganga Freight
SO0007418,2025-03-22,2025-03-25,Ganga Freight
SO0007419,2025-03-22,2025-03-25,Deccan Express Logistics
SO0007420,2025-03-22,2025-03-26,Sahyadri Roadlines
SO0007421,2025-03-22,2025-03-25,Ganga Freight
SO0007422,2025-03-22,2025-03-24,Deccan Express Logistics
SO0007423,2025-03-22,2025-03-24,Deccan Express Logistics
SO0007424,2025-03-22,2025-03-27,Ganga Freight
SO0007425,2025-03-22,2025-03-24,Deccan Express Logistics
SO0007426,2025-03-22,2025-03-25,Ganga Freight
SO0007427,2025-03-24,2025-03-26,Deccan Express Logistics
SO0007428,2025-03-24,2025-03-25,Ganga Freight
SO0007429,2025-03-24,2025-03-28,Deccan Express Logistics
SO0007430,2025-03-24,2025-03-26,Deccan Express Logistics
SO0007437,2025-03-24,2025-03-26,Sahyadri Roadlines
SO0007431,2025-03-24,2025-03-25,Ganga Freight
SO0007432,2025-03-24,2025-03-26,Deccan Express Logistics
SO0007433,2025-03-24,2025-03-26,Ganga Freight
SO0007434,2025-03-24,2025-03-27,Sahyadri Roadlines
SO0007435,2025-03-24,2025-03-27,Ganga Freight
SO0007436,2025-03-24,2025-03-26,Sahyadri Roadlines
SO0007438,2025-03-25,2025-03-26,Sahyadri Roadlines
SO0007439,2025-03-25,2025-03-26,Deccan Express Logistics
SO0007440,2025-03-25,2025-03-26,Deccan Express Logistics
SO0007441,2025-03-25,2025-03-28,Sahyadri Roadlines
SO0007442,2025-03-25,2025-03-27,Deccan Express Logistics
SO0007443,2025-03-25,2025-03-26,Sahyadri Roadlines
SO0007444,2025-03-25,2025-03-26,Sahyadri Roadlines
SO0007445,2025-03-25,2025-03-28,Ganga Freight
SO0007447,2025-03-25,2025-03-27,Ganga Freight
SO0007448,2025-03-25,2025-03-28,Deccan Express Logistics
SO0007449,2025-03-26,2025-03-28,Sahyadri Roadlines
SO0007450,2025-03-26,2025-03-29,Ganga Freight
SO0007451,2025-03-26,2025-03-30,Deccan Express Logistics
SO0007452,2025-03-26,2025-03-29,Sahyadri Roadlines
SO0007446,2025-03-26,2025-03-27,Sahyadri Roadlines
SO0007453,2025-03-26,2025-03-28,Sahyadri Roadlines
SO0007454,2025-03-26,2025-03-27,Ganga Freight
SO0007455,2025-03-26,2025-03-27,Sahyadri Roadlines
SO0007456,2025-03-26,2025-03-28,Ganga Freight
SO0007457,2025-03-26,2025-03-28,Sahyadri Roadlines
SO0007459,2025-03-26,2025-03-27,Ganga Freight
SO0007464,2025-03-27,2025-03-29,Deccan Express Logistics
SO0007465,2025-03-27,2025-03-30,Ganga Freight
SO0007466,2025-03-27,2025-03-28,Ganga Freight
SO0007467,2025-03-27,2025-03-28,Sahyadri Roadlines
SO0007468,2025-03-27,2025-03-29,Sahyadri Roadlines
SO0007469,2025-03-27,2025-03-29,Ganga Freight
SO0007470,2025-03-27,2025-03-28,Ganga Freight
SO0007458,2025-03-27,2025-03-30,Ganga Freight
SO0007471,2025-03-27,2025-03-28,Sahyadri Roadlines
SO0007472,2025-03-27,2025-03-28,Deccan Express Logistics
SO0007473,2025-03-27,2025-03-31,Ganga Freight
SO0007460,2025-03-27,2025-03-29,Ganga Freight
SO0007461,2025-03-27,2025-03-28,Ganga Freight
SO0007462,2025-03-27,2025-03-29,Ganga Freight
SO0007476,2025-03-28,2025-03-31,Sahyadri Roadlines
SO0007477,2025-03-28,2025-04-02,Sahyadri Roadlines
SO0007488,2025-03-28,2025-03-31,Sahyadri Roadlines
SO0007478,2025-03-28,2025-03-29,Sahyadri Roadlines
SO0007479,2025-03-28,2025-03-30,Sahyadri Roadlines
SO0007480,2025-03-28,2025-03-29,Sahyadri Roadlines
SO0007482,2025-03-28,2025-03-30,Sahyadri Roadlines
SO0007483,2025-03-28,2025-03-29,Ganga Freight
SO0007484,2025-03-28,2025-03-30,Deccan Express Logistics
SO0007485,2025-03-28,2025-03-29,Ganga Freight
SO0007463,2025-03-28,2025-03-30,Ganga Freight
SO0007474,2025-03-28,2025-03-31,Deccan Express Logistics
SO0007475,2025-03-28,2025-03-30,Ganga Freight
SO0007486,2025-03-28,2025-03-29,Sahyadri Roadlines
SO0007489,2025-03-29,2025-04-02,Sahyadri Roadlines
SO0007490,2025-03-29,2025-04-02,Sahyadri Roadlines
SO0007491,2025-03-29,2025-03-31,Deccan Express Logistics
SO0007492,2025-03-29,2025-04-01,Sahyadri Roadlines
SO0007493,2025-03-29,2025-04-02,Deccan Express Logistics
SO0007481,2025-03-29,2025-03-31,Deccan Express Logistics
SO0007494,2025-03-29,2025-03-31,Deccan Express Logistics
SO0007495,2025-03-29,2025-04-02,Deccan Express Logistics
SO0007496,2025-03-29,2025-04-01,Deccan Express Logistics
SO0007487,2025-03-29,2025-03-30,Deccan Express Logistics
SO0007497,2025-03-29,2025-04-01,Deccan Express Logistics
SO0007498,2025-03-29,2025-04-02,Deccan Express Logistics
SO0007499,2025-03-31,2025-04-03,Sahyadri Roadlines
SO0007500,2025-03-31,2025-04-01,Deccan Express Logistics
SO0007501,2025-03-31,2025-04-03,Sahyadri Roadlines
SO0007502,2025-03-31,2025-04-02,Deccan Express Logistics
SO0007509,2025-03-31,2025-04-02,Sahyadri Roadlines
SO0007503,2025-03-31,2025-04-02,Sahyadri Roadlines
SO0007504,2025-03-31,2025-04-01,Deccan Express Logistics
SO0007505,2025-03-31,2025-04-01,Ganga Freight
SO0007506,2025-03-31,2025-04-02,Ganga Freight
SO0007507,2025-03-31,2025-04-04,Ganga Freight
SO0007508,2025-03-31,2025-04-02,Deccan Express Logistics
SO0007510,2025-04-01,2025-04-02,Ganga Freight
SO0007511,2025-04-01,2025-04-02,Sahyadri Roadlines
SO0007512,2025-04-01,2025-04-02,Ganga Freight
SO0007513,2025-04-01,2025-04-03,Sahyadri Roadlines
SO0007514,2025-04-01,2025-04-03,Deccan Express Logistics
SO0007515,2025-04-01,2025-04-03,Ganga Freight
SO0007516,2025-04-01,2025-04-04,Sahyadri Roadlines
SO0007519,2025-04-01,2025-04-03,Sahyadri Roadlines
SO0007520,2025-04-01,2025-04-03,Ganga Freight
SO0007521,2025-04-02,2025-04-04,Deccan Express Logistics
SO0007522,2025-04-02,2025-04-04,Sahyadri Roadlines
SO0007523,2025-04-02,2025-04-05,Sahyadri Roadlines
SO0007524,2025-04-02,2025-04-03,Sahyadri Roadlines
SO0007517,2025-04-02,2025-04-04,Sahyadri Roadlines
SO0007518,2025-04-02,2025-04-03,Deccan Express Logistics
SO0007525,2025-04-02,2025-04-03,Ganga Freight
SO0007526,2025-04-02,2025-04-03,Sahyadri Roadlines
SO0007527,2025-04-02,2025-04-03,Deccan Express Logistics
SO0007528,2025-04-02,2025-04-04,Ganga Freight
SO0007531,2025-04-02,2025-04-03,Deccan Express Logistics
SO0007536,2025-04-03,2025-04-05,Sahyadri Roadlines
SO0007537,2025-04-03,2025-04-07,Ganga Freight
SO0007538,2025-04-03,2025-04-04,Deccan Express Logistics
SO0007539,2025-04-03,2025-04-04,Deccan Express Logistics
SO0007540,2025-04-03,2025-04-05,Deccan Express Logistics
SO0007541,2025-04-03,2025-04-05,Deccan Express Logistics
SO0007542,2025-04-03,2025-04-04,Sahyadri Roadlines
SO0007529,2025-04-03,2025-04-04,Deccan Express Logistics
SO0007530,2025-04-03,2025-04-05,Ganga Freight
SO0007543,2025-04-03,2025-04-04,Deccan Express Logistics
SO0007544,2025-04-03,2025-04-05,Ganga Freight
SO0007545,2025-04-03,2025-04-06,Ganga Freight
SO0007532,2025-04-03,2025-04-05,Ganga Freight
SO0007533,2025-04-03,2025-04-05,Sahyadri Roadlines
SO0007534,2025-04-03,2025-04-05,Deccan Express Logistics
SO0007548,2025-04-04,2025-04-06,Ganga Freight
SO0007549,2025-04-04,2025-04-08,Deccan Express Logistics
SO0007560,2025-04-04,2025-04-06,Deccan Express Logistics
SO0007550,2025-04-04,2025-04-05,Ganga Freight
SO0007551,2025-04-04,2025-04-05,Sahyadri Roadlines
SO0007552,2025-04-04,2025-04-05,Deccan Express Logistics
SO0007553,2025-04-04,2025-04-06,Deccan Express Logistics
SO0007554,2025-04-04,2025-04-06,Ganga Freight
SO0007555,2025-04-04,2025-04-05,Deccan Express Logistics
SO0007556,2025-04-04,2025-04-06,Deccan Express Logistics
SO0007557,2025-04-04,2025-04-05,Sahyadri Roadlines
SO0007535,2025-04-04,2025-04-07,Sahyadri Roadlines
SO0007546,2025-04-04,2025-04-06,Deccan Express Logistics
SO0007547,2025-04-04,2025-04-08,Ganga Freight
SO0007561,2025-04-05,2025-04-07,Deccan Express Logistics
SO0007562,2025-04-05,2025-04-08,Ganga Freight
SO0007563,2025-04-05,2025-04-09,Ganga Freight
SO0007564,2025-04-05,2025-04-08,Ganga Freight
SO0007565,2025-04-05,2025-04-09,Sahyadri Roadlines
SO0007566,2025-04-05,2025-04-07,Sahyadri Roadlines
SO0007567,2025-04-05,2025-04-08,Sahyadri Roadlines
SO0007568,2025-04-05,2025-04-08,Deccan Express Logistics
SO0007558,2025-04-05,2025-04-06,Ganga Freight
SO0007559,2025-04-05,2025-04-07,Sahyadri Roadlines
SO0007569,2025-04-05,2025-04-07,Deccan Express Logistics
SO0007571,2025-04-07,2025-04-09,Ganga Freight
SO0007572,2025-04-07,2025-04-09,Deccan Express Logistics
SO0007573,2025-04-07,2025-04-11,Ganga Freight
SO0007574,2025-04-07,2025-04-09,Sahyadri Roadlines
SO0007581,2025-04-07,2025-04-09,Sahyadri Roadlines
SO0007575,2025-04-07,2025-04-08,Sahyadri Roadlines
SO0007576,2025-04-07,2025-04-09,Deccan Express Logistics
SO0007577,2025-04-07,2025-04-08,Ganga Freight
SO0007578,2025-04-07,2025-04-10,Deccan Express Logistics
SO0007579,2025-04-07,2025-04-09,Ganga Freight
SO0007570,2025-04-07,2025-04-10,Ganga Freight
SO0007580,2025-04-07,2025-04-09,Deccan Express Logistics
SO0007582,2025-04-08,2025-04-09,Ganga Freight
SO0007583,2025-04-08,2025-04-09,Ganga Freight
SO0007584,2025-04-08,2025-04-09,Ganga Freight
SO0007585,2025-04-08,2025-04-10,Sahyadri Roadlines
SO0007586,2025-04-08,2025-04-10,Sahyadri Roadlines
SO0007587,2025-04-08,2025-04-10,Deccan Express Logistics
SO0007588,2025-04-08,2025-04-09,Ganga Freight
SO0007589,2025-04-08,2025-04-11,Sahyadri Roadlines
SO0007591,2025-04-08,2025-04-10,Ganga Freight
SO0007592,2025-04-08,2025-04-10,Ganga Freight
SO0007593,2025-04-09,2025-04-10,Ganga Freight
SO0007594,2025-04-09,2025-04-11,Ganga Freight
SO0007595,2025-04-09,2025-04-13,Ganga Freight
SO0007596,2025-04-09,2025-04-11,Ganga Freight
SO0007590,2025-04-09,2025-04-10,Deccan Express Logistics
SO0007597,2025-04-09,2025-04-11,Ganga Freight
SO0007598,2025-04-09,2025-04-10,Deccan Express Logistics
SO0007599,2025-04-09,2025-04-10,Ganga Freight
SO0007600,2025-04-09,2025-04-11,Sahyadri Roadlines
SO0007601,2025-04-09,2025-04-10,Sahyadri Roadlines
SO0007603,2025-04-09,2025-04-10,Sahyadri Roadlines
SO0007608,2025-04-10,2025-04-12,Ganga Freight
SO0007609,2025-04-10,2025-04-13,Ganga Freight
SO0007610,2025-04-10,2025-04-12,Sahyadri Roadlines
SO0007611,2025-04-10,2025-04-11,Sahyadri Roadlines
SO0007612,2025-04-10,2025-04-11,Ganga Freight
SO0007613,2025-04-10,2025-04-13,Deccan Express Logistics
SO0007614,2025-04-10,2025-04-11,Deccan Express Logistics
SO0007602,2025-04-10,2025-04-13,Deccan Express Logistics
SO0007615,2025-04-10,2025-04-11,Ganga Freight
SO0007616,2025-04-10,2025-04-11,Ganga Freight
SO0007617,2025-04-10,2025-04-12,Ganga Freight
SO0007604,2025-04-10,2025-04-12,Sahyadri Roadlines
SO0007605,2025-04-10,2025-04-12,Deccan Express Logistics
SO0007606,2025-04-10,2025-04-12,Sahyadri Roadlines
SO0007620,2025-04-11,2025-04-12,Deccan Express Logistics
SO0007621,2025-04-11,2025-04-14,Deccan Express Logistics
SO0007632,2025-04-11,2025-04-13,Sahyadri Roadlines
SO0007622,2025-04-11,2025-04-12,Ganga Freight
SO0007623,2025-04-11,2025-04-12,Ganga Freight
SO0007624,2025-04-11,2025-04-12,Ganga Freight
SO0007625,2025-04-11,2025-04-13,Deccan Express Logistics
SO0007626,2025-04-11,2025-04-12,Ganga Freight
SO0007627,2025-04-11,2025-04-12,Deccan Express Logistics
SO0007628,2025-04-11,2025-04-13,Deccan Express Logistics
SO0007629,2025-04-11,2025-04-12,Deccan Express Logistics
SO0007607,2025-04-11,2025-04-13,Sahyadri Roadlines
SO0007618,2025-04-11,2025-04-13,Sahyadri Roadlines
SO0007619,2025-04-11,2025-04-13,Ganga Freight
SO0007630,2025-04-11,2025-04-12,Sahyadri Roadlines
SO0007633,2025-04-12,2025-04-14,Ganga Freight
SO0007634,2025-04-12,2025-04-14,Ganga Freight
SO0007635,2025-04-12,2025-04-15,Deccan Express Logistics
SO0007636,2025-04-12,2025-04-16,Sahyadri Roadlines
SO0007637,2025-04-12,2025-04-15,Sahyadri Roadlines
SO0007638,2025-04-12,2025-04-15,Ganga Freight
SO0007639,2025-04-12,2025-04-14,Deccan Express Logistics
SO0007640,2025-04-12,2025-04-15,Deccan Express Logistics
SO0007631,2025-04-12,2025-04-14,Deccan Express Logistics
SO0007641,2025-04-12,2025-04-14,Ganga Freight
SO0007642,2025-04-12,2025-04-15,Ganga Freight
SO0007643,2025-04-14,2025-04-16,Sahyadri Roadlines
SO0007644,2025-04-14,2025-04-16,Ganga Freight
SO0007645,2025-04-14,2025-04-17,Ganga Freight
SO0007646,2025-04-14,2025-04-16,Ganga Freight
SO0007653,2025-04-14,2025-04-19,Ganga Freight
SO0007647,2025-04-14,2025-04-15,Deccan Express Logistics
SO0007648,2025-04-14,2025-04-15,Ganga Freight
SO0007649,2025-04-14,2025-04-16,Sahyadri Roadlines
SO0007650,2025-04-14,2025-04-17,Deccan Express Logistics
SO0007651,2025-04-14,2025-04-16,Sahyadri Roadlines
SO0007652,2025-04-14,2025-04-17,Sahyadri Roadlines
SO0007654,2025-04-15,2025-04-19,Sahyadri Roadlines
SO0007655,2025-04-15,2025-04-16,Sahyadri Roadlines
SO0007656,2025-04-15,2025-04-18,Ganga Freight
SO0007657,2025-04-15,2025-04-18,Ganga Freight
SO0007658,2025-04-15,2025-04-18,Ganga Freight
SO0007659,2025-04-15,2025-04-17,Ganga Freight
SO0007660,2025-04-15,2025-04-16,Deccan Express Logistics
SO0007661,2025-04-15,2025-04-17,Deccan Express Logistics
SO0007662,2025-04-15,2025-04-16,Sahyadri Roadlines
SO0007663,2025-04-15,2025-04-17,Sahyadri Roadlines
SO0007664,2025-04-15,2025-04-17,Ganga Freight
SO0007665,2025-04-16,2025-04-18,Deccan Express Logistics
SO0007666,2025-04-16,2025-04-18,Sahyadri Roadlines
SO0007667,2025-04-16,2025-04-20,Deccan Express Logistics
SO0007668,2025-04-16,2025-04-17,Ganga Freight
SO0007669,2025-04-16,2025-04-17,Ganga Freight
SO0007670,2025-04-16,2025-04-17,Deccan Express Logistics
SO0007671,2025-04-16,2025-04-17,Ganga Freight
SO0007672,2025-04-16,2025-04-18,Sahyadri Roadlines
SO0007673,2025-04-16,2025-04-17,Deccan Express Logistics
SO0007675,2025-04-16,2025-04-18,Deccan Express Logistics
SO0007680,2025-04-17,2025-04-19,Sahyadri Roadlines
SO0007681,2025-04-17,2025-04-22,Ganga Freight
SO0007682,2025-04-17,2025-04-18,Deccan Express Logistics
SO0007683,2025-04-17,2025-04-18,Ganga Freight
SO0007684,2025-04-17,2025-04-18,Ganga Freight
SO0007685,2025-04-17,2025-04-19,Deccan Express Logistics
SO0007686,2025-04-17,2025-04-18,Sahyadri Roadlines
SO0007674,2025-04-17,2025-04-19,Sahyadri Roadlines
SO0007687,2025-04-17,2025-04-18,Sahyadri Roadlines
SO0007688,2025-04-17,2025-04-18,Sahyadri Roadlines
SO0007689,2025-04-17,2025-04-19,Sahyadri Roadlines
SO0007676,2025-04-17,2025-04-20,Ganga Freight
SO0007677,2025-04-17,2025-04-19,Sahyadri Roadlines
SO0007678,2025-04-17,2025-04-19,Ganga Freight
SO0007692,2025-04-18,2025-04-19,Ganga Freight
SO0007693,2025-04-18,2025-04-21,Ganga Freight
SO0007704,2025-04-18,2025-04-20,Sahyadri Roadlines
SO0007694,2025-04-18,2025-04-19,Deccan Express Logistics
SO0007695,2025-04-18,2025-04-19,Deccan Express Logistics
SO0007696,2025-04-18,2025-04-19,Deccan Express Logistics
SO0007697,2025-04-18,2025-04-20,Sahyadri Roadlines
SO0007698,2025-04-18,2025-04-19,Ganga Freight
SO0007699,2025-04-18,2025-04-19,Ganga Freight
SO0007700,2025-04-18,2025-04-19,Ganga Freight
SO0007701,2025-04-18,2025-04-20,Sahyadri Roadlines
SO0007679,2025-04-18,2025-04-20,Deccan Express Logistics
SO0007690,2025-04-18,2025-04-20,Deccan Express Logistics
SO0007691,2025-04-18,2025-04-20,Ganga Freight
SO0007702,2025-04-18,2025-04-19,Deccan Express Logistics
SO0007705,2025-04-19,2025-04-21,Deccan Express Logistics
SO0007706,2025-04-19,2025-04-21,Ganga Freight
SO0007707,2025-04-19,2025-04-21,Sahyadri Roadlines
SO0007708,2025-04-19,2025-04-22,Deccan Express Logistics
SO0007709,2025-04-19,2025-04-22,Deccan Express Logistics
SO0007710,2025-04-19,2025-04-21,Ganga Freight
SO0007711,2025-04-19,2025-04-21,Deccan Express Logistics
SO0007712,2025-04-19,2025-04-22,Deccan Express Logistics
SO0007703,2025-04-19,2025-04-20,Sahyadri Roadlines
SO0007713,2025-04-19,2025-04-21,Ganga Freight
SO0007714,2025-04-19,2025-04-22,Sahyadri Roadlines
SO0007715,2025-04-21,2025-04-24,Deccan Express Logistics
SO0007716,2025-04-21,2025-04-22,Deccan Express Logistics
SO0007717,2025-04-21,2025-04-24,Sahyadri Roadlines
SO0007718,2025-04-21,2025-04-24,Ganga Freight
SO0007725,2025-04-21,2025-04-23,Deccan Express Logistics
SO0007719,2025-04-21,2025-04-22,Ganga Freight
SO0007720,2025-04-21,2025-04-22,Ganga Freight
SO0007721,2025-04-21,2025-04-23,Sahyadri Roadlines
SO0007722,2025-04-21,2025-04-23,Ganga Freight
SO0007723,2025-04-21,2025-04-24,Sahyadri Roadlines
SO0007724,2025-04-21,2025-04-24,Ganga Freight
SO0007726,2025-04-22,2025-04-23,Ganga Freight
SO0007727,2025-04-22,2025-04-24,Sahyadri Roadlines
SO0007728,2025-04-22,2025-04-23,Ganga Freight
SO0007729,2025-04-22,2025-04-25,Sahyadri Roadlines
SO0007730,2025-04-22,2025-04-25,Sahyadri Roadlines
SO0007731,2025-04-22,2025-04-23,Ganga Freight
SO0007732,2025-04-22,2025-04-23,Deccan Express Logistics
SO0007733,2025-04-22,2025-04-25,Deccan Express Logistics
SO0007735,2025-04-22,2025-04-24,Deccan Express Logistics
SO0007736,2025-04-22,2025-04-25,Ganga Freight
SO0007737,2025-04-23,2025-04-24,Ganga Freight
SO0007738,2025-04-23,2025-04-25,Deccan Express Logistics
SO0007739,2025-04-23,2025-04-26,Deccan Express Logistics
SO0007740,2025-04-23,2025-04-24,Sahyadri Roadlines
SO0007734,2025-04-23,2025-04-24,Deccan Express Logistics
SO0007741,2025-04-23,2025-04-24,Deccan Express Logistics
SO0007742,2025-04-23,2025-04-24,Deccan Express Logistics
SO0007743,2025-04-23,2025-04-25,Ganga Freight
SO0007744,2025-04-23,2025-04-25,Deccan Express Logistics
SO0007747,2025-04-23,2025-04-25,Deccan Express Logistics
SO0007752,2025-04-24,2025-04-26,Sahyadri Roadlines
SO0007753,2025-04-24,2025-04-27,Ganga Freight
SO0007754,2025-04-24,2025-04-25,Sahyadri Roadlines
SO0007755,2025-04-24,2025-04-25,Deccan Express Logistics
SO0007756,2025-04-24,2025-04-25,Ganga Freight
SO0007757,2025-04-24,2025-04-26,Ganga Freight
SO0007758,2025-04-24,2025-04-25,Ganga Freight
SO0007745,2025-04-24,2025-04-25,Deccan Express Logistics
SO0007746,2025-04-24,2025-04-28,Ganga Freight
SO0007759,2025-04-24,2025-04-25,Sahyadri Roadlines
SO0007760,2025-04-24,2025-04-25,Deccan Express Logistics
SO0007761,2025-04-24,2025-04-26,Ganga Freight
SO0007748,2025-04-24,2025-04-26,Ganga Freight
SO0007749,2025-04-24,2025-04-26,Ganga Freight
SO0007750,2025-04-24,2025-04-28,Deccan Express Logistics
SO0007764,2025-04-25,2025-04-26,Deccan Express Logistics
SO0007765,2025-04-25,2025-04-28,Ganga Freight
SO0007776,2025-04-25,2025-04-28,Ganga Freight
SO0007766,2025-04-25,2025-04-26,Deccan Express Logistics
SO0007767,2025-04-25,2025-04-26,Ganga Freight
SO0007768,2025-04-25,2025-04-27,Ganga Freight
SO0007769,2025-04-25,2025-04-29,Deccan Express Logistics
SO0007770,2025-04-25,2025-04-26,Ganga Freight
SO0007771,2025-04-25,2025-04-26,Ganga Freight
SO0007772,2025-04-25,2025-04-26,Ganga Freight
SO0007773,2025-04-25,2025-04-27,Deccan Express Logistics
SO0007751,2025-04-25,2025-04-27,Sahyadri Roadlines
SO0007762,2025-04-25,2025-04-29,Ganga Freight
SO0007763,2025-04-25,2025-04-27,Sahyadri Roadlines
SO0007774,2025-04-25,2025-04-26,Deccan Express Logistics
SO0007775,2025-04-25,2025-04-26,Sahyadri Roadlines
SO0007777,2025-04-26,2025-04-28,Ganga Freight
SO0007778,2025-04-26,2025-04-28,Sahyadri Roadlines
SO0007779,2025-04-26,2025-04-28,Ganga Freight
SO0007780,2025-04-26,2025-04-29,Deccan Express Logistics
SO0007781,2025-04-26,2025-04-29,Deccan Express Logistics
SO0007782,2025-04-26,2025-04-28,Ganga Freight
SO0007783,2025-04-26,2025-04-29,Deccan Express Logistics
SO0007784,2025-04-26,2025-04-28,Deccan Express Logistics
SO0007785,2025-04-26,2025-04-28,Ganga Freight
SO0007786,2025-04-26,2025-04-28,Deccan Express Logistics
SO0007787,2025-04-28,2025-04-30,Deccan Express Logistics
SO0007788,2025-04-28,2025-05-01,Ganga Freight
SO0007789,2025-04-28,2025-05-02,Deccan Express Logistics
SO0007790,2025-04-28,2025-05-01,Deccan Express Logistics
SO0007797,2025-04-28,2025-04-30,Deccan Express Logistics
SO0007791,2025-04-28,2025-04-30,Ganga Freight
SO0007792,2025-04-28,2025-04-30,Sahyadri Roadlines
SO0007793,2025-04-28,2025-05-01,Ganga Freight
SO0007794,2025-04-28,2025-05-01,Ganga Freight
SO0007795,2025-04-28,2025-05-01,Sahyadri Roadlines
SO0007796,2025-04-28,2025-04-30,Sahyadri Roadlines
SO0007798,2025-04-29,2025-04-30,Deccan Express Logistics
SO0007799,2025-04-29,2025-04-30,Ganga Freight
SO0007800,2025-04-29,2025-05-01,Ganga Freight
SO0007801,2025-04-29,2025-05-01,Deccan Express Logistics
SO0007802,2025-04-29,2025-05-02,Sahyadri Roadlines
SO0007803,2025-04-29,2025-05-01,Sahyadri Roadlines
SO0007804,2025-04-29,2025-04-30,Ganga Freight
SO0007805,2025-04-29,2025-05-02,Sahyadri Roadlines
SO0007807,2025-04-29,2025-05-01,Sahyadri Roadlines
SO0007808,2025-04-29,2025-05-02,Deccan Express Logistics
SO0007809,2025-04-30,2025-05-01,Ganga Freight
SO0007810,2025-04-30,2025-05-03,Ganga Freight
SO0007811,2025-04-30,2025-05-04,Deccan Express Logistics
SO0007812,2025-04-30,2025-05-03,Sahyadri Roadlines
SO0007806,2025-04-30,2025-05-02,Sahyadri Roadlines
SO0007813,2025-04-30,2025-05-01,Sahyadri Roadlines
SO0007814,2025-04-30,2025-05-01,Sahyadri Roadlines
SO0007815,2025-04-30,2025-05-01,Sahyadri Roadlines
SO0007816,2025-04-30,2025-05-02,Deccan Express Logistics
SO0007819,2025-04-30,2025-05-03,Sahyadri Roadlines
SO0007824,2025-05-01,2025-05-03,Sahyadri Roadlines
SO0007825,2025-05-01,2025-05-06,Deccan Express Logistics
SO0007826,2025-05-01,2025-05-03,Ganga Freight
SO0007827,2025-05-01,2025-05-02,Ganga Freight
SO0007828,2025-05-01,2025-05-02,Ganga Freight
SO0007829,2025-05-01,2025-05-03,Sahyadri Roadlines
SO0007830,2025-05-01,2025-05-03,Ganga Freight
SO0007817,2025-05-01,2025-05-02,Deccan Express Logistics
SO0007818,2025-05-01,2025-05-03,Sahyadri Roadlines
SO0007831,2025-05-01,2025-05-03,Deccan Express Logistics
SO0007832,2025-05-01,2025-05-02,Deccan Express Logistics
SO0007833,2025-05-01,2025-05-04,Deccan Express Logistics
SO0007820,2025-05-01,2025-05-03,Sahyadri Roadlines
SO0007821,2025-05-01,2025-05-02,Sahyadri Roadlines
SO0007822,2025-05-01,2025-05-04,Ganga Freight
SO0007836,2025-05-02,2025-05-05,Ganga Freight
SO0007837,2025-05-02,2025-05-06,Sahyadri Roadlines
SO0007848,2025-05-02,2025-05-04,Sahyadri Roadlines
SO0007838,2025-05-02,2025-05-04,Sahyadri Roadlines
SO0007839,2025-05-02,2025-05-03,Deccan Express Logistics
SO0007840,2025-05-02,2025-05-03,Deccan Express Logistics
SO0007842,2025-05-02,2025-05-04,Deccan Express Logistics
SO0007843,2025-05-02,2025-05-03,Deccan Express Logistics
SO0007844,2025-05-02,2025-05-04,Deccan Express Logistics
SO0007845,2025-05-02,2025-05-03,Sahyadri Roadlines
SO0007823,2025-05-02,2025-05-04,Deccan Express Logistics
SO0007834,2025-05-02,2025-05-04,Deccan Express Logistics
SO0007835,2025-05-02,2025-05-04,Sahyadri Roadlines
SO0007846,2025-05-02,2025-05-04,Deccan Express Logistics
SO0007849,2025-05-03,2025-05-05,Sahyadri Roadlines
SO0007850,2025-05-03,2025-05-05,Deccan Express Logistics
SO0007851,2025-05-03,2025-05-06,Deccan Express Logistics
SO0007852,2025-05-03,2025-05-07,Ganga Freight
SO0007853,2025-05-03,2025-05-06,Sahyadri Roadlines
SO0007841,2025-05-03,2025-05-06,Sahyadri Roadlines
SO0007854,2025-05-03,2025-05-05,Sahyadri Roadlines
SO0007855,2025-05-03,2025-05-05,Sahyadri Roadlines
SO0007856,2025-05-03,2025-05-07,Sahyadri Roadlines
SO0007847,2025-05-03,2025-05-04,Ganga Freight
SO0007857,2025-05-03,2025-05-05,Deccan Express Logistics
SO0007858,2025-05-03,2025-05-06,Ganga Freight
SO0007859,2025-05-05,2025-05-07,Deccan Express Logistics
SO0007860,2025-05-05,2025-05-06,Deccan Express Logistics
SO0007861,2025-05-05,2025-05-09,Deccan Express Logistics
SO0007862,2025-05-05,2025-05-07,Sahyadri Roadlines
SO0007869,2025-05-05,2025-05-07,Ganga Freight
SO0007863,2025-05-05,2025-05-07,Sahyadri Roadlines
SO0007864,2025-05-05,2025-05-06,Ganga Freight
SO0007865,2025-05-05,2025-05-06,Ganga Freight
SO0007866,2025-05-05,2025-05-07,Deccan Express Logistics
SO0007867,2025-05-05,2025-05-07,Sahyadri Roadlines
SO0007868,2025-05-05,2025-05-07,Ganga Freight
SO0007870,2025-05-06,2025-05-08,Sahyadri Roadlines
SO0007871,2025-05-06,2025-05-08,Deccan Express Logistics
SO0007872,2025-05-06,2025-05-07,Deccan Express Logistics
SO0007873,2025-05-06,2025-05-08,Ganga Freight
SO0007874,2025-05-06,2025-05-09,Ganga Freight
SO0007875,2025-05-06,2025-05-07,Ganga Freight
SO0007876,2025-05-06,2025-05-08,Sahyadri Roadlines
SO0007877,2025-05-06,2025-05-08,Ganga Freight
SO0007879,2025-05-06,2025-05-08,Deccan Express Logistics
SO0007880,2025-05-06,2025-05-09,Sahyadri Roadlines
SO0007881,2025-05-07,2025-05-09,Ganga Freight
SO0007882,2025-05-07,2025-05-09,Deccan Express Logistics
SO0007883,2025-05-07,2025-05-11,Ganga Freight
SO0007884,2025-05-07,2025-05-08,Sahyadri Roadlines
SO0007878,2025-05-07,2025-05-09,Ganga Freight
SO0007885,2025-05-07,2025-05-08,Ganga Freight
SO0007886,2025-05-07,2025-05-09,Ganga Freight
SO0007887,2025-05-07,2025-05-08,Sahyadri Roadlines
SO0007888,2025-05-07,2025-05-09,Deccan Express Logistics
SO0007891,2025-05-07,2025-05-08,Deccan Express Logistics
SO0007896,2025-05-08,2025-05-10,Deccan Express Logistics
SO0007897,2025-05-08,2025-05-11,Deccan Express Logistics
SO0007898,2025-05-08,2025-05-10,Ganga Freight
SO0007899,2025-05-08,2025-05-09,Sahyadri Roadlines
SO0007900,2025-05-08,2025-05-09,Ganga Freight
SO0007901,2025-05-08,2025-05-11,Ganga Freight
SO0007902,2025-05-08,2025-05-09,Ganga Freight
SO0007889,2025-05-08,2025-05-10,Sahyadri Roadlines
SO0007890,2025-05-08,2025-05-10,Sahyadri Roadlines
SO0007903,2025-05-08,2025-05-09,Deccan Express Logistics
SO0007904,2025-05-08,2025-05-09,Ganga Freight
SO0007905,2025-05-08,2025-05-11,Sahyadri Roadlines
SO0007892,2025-05-08,2025-05-11,Ganga Freight
SO0007893,2025-05-08,2025-05-09,Deccan Express Logistics
SO0007894,2025-05-08,2025-05-11,Ganga Freight
SO0007908,2025-05-09,2025-05-10,Deccan Express Logistics
SO0007909,2025-05-09,2025-05-14,Ganga Freight
SO0007920,2025-05-09,2025-05-12,Sahyadri Roadlines
SO0007910,2025-05-09,2025-05-10,Ganga Freight
SO0007911,2025-05-09,2025-05-10,Ganga Freight
SO0007912,2025-05-09,2025-05-10,Sahyadri Roadlines
SO0007914,2025-05-09,2025-05-10,Sahyadri Roadlines
SO0007915,2025-05-09,2025-05-11,Ganga Freight
SO0007916,2025-05-09,2025-05-11,Ganga Freight
SO0007917,2025-05-09,2025-05-10,Sahyadri Roadlines
SO0007895,2025-05-09,2025-05-11,Deccan Express Logistics
SO0007906,2025-05-09,2025-05-12,Deccan Express Logistics
SO0007907,2025-05-09,2025-05-12,Deccan Express Logistics
SO0007918,2025-05-09,2025-05-10,Sahyadri Roadlines
SO0007919,2025-05-09,2025-05-10,Ganga Freight
SO0007921,2025-05-10,2025-05-13,Sahyadri Roadlines
SO0007922,2025-05-10,2025-05-12,Sahyadri Roadlines
SO0007923,2025-05-10,2025-05-13,Ganga Freight
SO0007924,2025-05-10,2025-05-14,Ganga Freight
SO0007925,2025-05-10,2025-05-14,Deccan Express Logistics
SO0007913,2025-05-10,2025-05-12,Sahyadri Roadlines
SO0007926,2025-05-10,2025-05-12,Deccan Express Logistics
SO0007927,2025-05-10,2025-05-12,Sahyadri Roadlines
SO0007928,2025-05-10,2025-05-12,Sahyadri Roadlines
SO0007929,2025-05-10,2025-05-12,Ganga Freight
SO0007930,2025-05-10,2025-05-12,Sahyadri Roadlines
SO0007931,2025-05-12,2025-05-14,Sahyadri Roadlines
SO0007932,2025-05-12,2025-05-14,Sahyadri Roadlines
SO0007933,2025-05-12,2025-05-16,Ganga Freight
SO0007934,2025-05-12,2025-05-14,Sahyadri Roadlines
SO0007941,2025-05-12,2025-05-14,Ganga Freight
SO0007935,2025-05-12,2025-05-14,Ganga Freight
SO0007936,2025-05-12,2025-05-13,Ganga Freight
SO0007937,2025-05-12,2025-05-14,Ganga Freight
SO0007938,2025-05-12,2025-05-14,Ganga Freight
SO0007939,2025-05-12,2025-05-14,Ganga Freight
SO0007940,2025-05-12,2025-05-14,Sahyadri Roadlines
SO0007942,2025-05-13,2025-05-15,Deccan Express Logistics
SO0007943,2025-05-13,2025-05-15,Deccan Express Logistics
SO0007944,2025-05-13,2025-05-14,Ganga Freight
SO0007945,2025-05-13,2025-05-16,Deccan Express Logistics
SO0007946,2025-05-13,2025-05-16,Ganga Freight
SO0007947,2025-05-13,2025-05-14,Sahyadri Roadlines
SO0007948,2025-05-13,2025-05-14,Sahyadri Roadlines
SO0007951,2025-05-13,2025-05-15,Sahyadri Roadlines
SO0007952,2025-05-13,2025-05-15,Deccan Express Logistics
SO0007953,2025-05-14,2025-05-15,Ganga Freight
SO0007954,2025-05-14,2025-05-16,Ganga Freight
SO0007955,2025-05-14,2025-05-17,Deccan Express Logistics
SO0007956,2025-05-14,2025-05-15,Ganga Freight
SO0007949,2025-05-14,2025-05-16,Deccan Express Logistics
SO0007950,2025-05-14,2025-05-16,Deccan Express Logistics
SO0007957,2025-05-14,2025-05-15,Deccan Express Logistics
SO0007958,2025-05-14,2025-05-16,Deccan Express Logistics
SO0007963,2025-05-14,2025-05-15,Ganga Freight
SO0007968,2025-05-15,2025-05-18,Deccan Express Logistics
SO0007969,2025-05-15,2025-05-19,Sahyadri Roadlines
SO0007970,2025-05-15,2025-05-16,Ganga Freight
SO0007971,2025-05-15,2025-05-16,Deccan Express Logistics
SO0007972,2025-05-15,2025-05-17,Deccan Express Logistics
SO0007973,2025-05-15,2025-05-17,Deccan Express Logistics
SO0007974,2025-05-15,2025-05-16,Ganga Freight
SO0007959,2025-05-15,2025-05-17,Sahyadri Roadlines
SO0007960,2025-05-15,2025-05-17,Sahyadri Roadlines
SO0007961,2025-05-15,2025-05-16,Ganga Freight
SO0007962,2025-05-15,2025-05-17,Sahyadri Roadlines
SO0007975,2025-05-15,2025-05-16,Deccan Express Logistics
SO0007976,2025-05-15,2025-05-18,Ganga Freight
SO0007964,2025-05-15,2025-05-17,Deccan Express Logistics
SO0007965,2025-05-15,2025-05-16,Deccan Express Logistics
SO0007966,2025-05-15,2025-05-17,Sahyadri Roadlines
SO0007980,2025-05-16,2025-05-18,Sahyadri Roadlines
SO0007981,2025-05-16,2025-05-20,Ganga Freight
SO0007992,2025-05-16,2025-05-18,Ganga Freight
SO0007982,2025-05-16,2025-05-17,Sahyadri Roadlines
SO0007983,2025-05-16,2025-05-18,Sahyadri Roadlines
SO0007984,2025-05-16,2025-05-18,Deccan Express Logistics
SO0007985,2025-05-16,2025-05-18,Ganga Freight
SO0007977,2025-05-16,2025-05-18,Deccan Express Logistics
SO0007986,2025-05-16,2025-05-17,Sahyadri Roadlines
SO0007987,2025-05-16,2025-05-17,Ganga Freight
SO0007988,2025-05-16,2025-05-17,Deccan Express Logistics
SO0007989,2025-05-16,2025-05-17,Ganga Freight
SO0007967,2025-05-16,2025-05-18,Ganga Freight
SO0007978,2025-05-16,2025-05-19,Deccan Express Logistics
SO0007979,2025-05-16,2025-05-18,Deccan Express Logistics
SO0007990,2025-05-16,2025-05-17,Deccan Express Logistics
SO0007991,2025-05-16,2025-05-17,Sahyadri Roadlines
SO0007993,2025-05-17,2025-05-19,Deccan Express Logistics
SO0007994,2025-05-17,2025-05-19,Ganga Freight
SO0007995,2025-05-17,2025-05-20,Sahyadri Roadlines
SO0007996,2025-05-17,2025-05-20,Deccan Express Logistics
SO0007997,2025-05-17,2025-05-21,Ganga Freight
SO0007998,2025-05-17,2025-05-21,Ganga Freight
SO0007999,2025-05-17,2025-05-19,Ganga Freight
SO0008000,2025-05-17,2025-05-19,Sahyadri Roadlines
SO0008001,2025-05-17,2025-05-19,Sahyadri Roadlines
SO0008002,2025-05-17,2025-05-19,Ganga Freight
SO0008003,2025-05-19,2025-05-21,Sahyadri Roadlines
SO0008004,2025-05-19,2025-05-20,Sahyadri Roadlines
SO0008005,2025-05-19,2025-05-22,Sahyadri Roadlines
SO0008006,2025-05-19,2025-05-22,Deccan Express Logistics
SO0008013,2025-05-19,2025-05-21,Sahyadri Roadlines
SO0008007,2025-05-19,2025-05-21,Sahyadri Roadlines
SO0008008,2025-05-19,2025-05-20,Ganga Freight
SO0008009,2025-05-19,2025-05-20,Ganga Freight
SO0008010,2025-05-19,2025-05-21,Ganga Freight
SO0008011,2025-05-19,2025-05-22,Deccan Express Logistics
SO0008012,2025-05-19,2025-05-21,Deccan Express Logistics
SO0008014,2025-05-20,2025-05-21,Ganga Freight
SO0008015,2025-05-20,2025-05-21,Sahyadri Roadlines
SO0008016,2025-05-20,2025-05-21,Ganga Freight
SO0008017,2025-05-20,2025-05-22,Sahyadri Roadlines
SO0008018,2025-05-20,2025-05-22,Sahyadri Roadlines
SO0008019,2025-05-20,2025-05-21,Ganga Freight
SO0008020,2025-05-20,2025-05-21,Ganga Freight
SO0008021,2025-05-20,2025-05-22,Ganga Freight
SO0008023,2025-05-20,2025-05-22,Ganga Freight
SO0008024,2025-05-20,2025-05-24,Ganga Freight
SO0008025,2025-05-21,2025-05-23,Sahyadri Roadlines
SO0008026,2025-05-21,2025-05-23,Ganga Freight
SO0008027,2025-05-21,2025-05-24,Deccan Express Logistics
SO0008028,2025-05-21,2025-05-23,Ganga Freight
SO0008022,2025-05-21,2025-05-22,Ganga Freight
SO0008029,2025-05-21,2025-05-23,Ganga Freight
SO0008030,2025-05-21,2025-05-23,Sahyadri Roadlines
SO0008031,2025-05-21,2025-05-23,Sahyadri Roadlines
SO0008035,2025-05-21,2025-05-22,Sahyadri Roadlines
SO0008040,2025-05-22,2025-05-24,Deccan Express Logistics
SO0008041,2025-05-22,2025-05-27,Deccan Express Logistics
SO0008042,2025-05-22,2025-05-24,Ganga Freight
SO0008043,2025-05-22,2025-05-23,Deccan Express Logistics
SO0008044,2025-05-22,2025-05-23,Ganga Freight
SO0008045,2025-05-22,2025-05-24,Deccan Express Logistics
SO0008046,2025-05-22,2025-05-23,Deccan Express Logistics
SO0008032,2025-05-22,2025-05-24,Deccan Express Logistics
SO0008033,2025-05-22,2025-05-23,Sahyadri Roadlines
SO0008034,2025-05-22,2025-05-25,Ganga Freight
SO0008047,2025-05-22,2025-05-24,Ganga Freight
SO0008048,2025-05-22,2025-05-23,Sahyadri Roadlines
SO0008049,2025-05-22,2025-05-26,Ganga Freight
SO0008036,2025-05-22,2025-05-24,Sahyadri Roadlines
SO0008037,2025-05-22,2025-05-23,Deccan Express Logistics
SO0008038,2025-05-22,2025-05-25,Deccan Express Logistics
SO0008052,2025-05-23,2025-05-24,Ganga Freight
SO0008053,2025-05-23,2025-05-26,Ganga Freight
SO0008064,2025-05-23,2025-05-27,Deccan Express Logistics
SO0008054,2025-05-23,2025-05-26,Ganga Freight
SO0008055,2025-05-23,2025-05-25,Sahyadri Roadlines
SO0008056,2025-05-23,2025-05-24,Sahyadri Roadlines
SO0008057,2025-05-23,2025-05-25,Deccan Express Logistics
SO0008058,2025-05-23,2025-05-24,Ganga Freight
SO0008059,2025-05-23,2025-05-25,Ganga Freight
SO0008060,2025-05-23,2025-05-24,Sahyadri Roadlines
SO0008061,2025-05-23,2025-05-24,Deccan Express Logistics
SO0008039,2025-05-23,2025-05-26,Sahyadri Roadlines
SO0008050,2025-05-23,2025-05-25,Ganga Freight
SO0008051,2025-05-23,2025-05-25,Ganga Freight
SO0008065,2025-05-24,2025-05-27,Ganga Freight
SO0008066,2025-05-24,2025-05-27,Ganga Freight
SO0008067,2025-05-24,2025-05-26,Sahyadri Roadlines
SO0008068,2025-05-24,2025-05-27,Ganga Freight
SO0008069,2025-05-24,2025-05-27,Deccan Express Logistics
SO0008070,2025-05-24,2025-05-26,Deccan Express Logistics
SO0008071,2025-05-24,2025-05-27,Ganga Freight
SO0008072,2025-05-24,2025-05-27,Sahyadri Roadlines
SO0008062,2025-05-24,2025-05-26,Deccan Express Logistics
SO0008063,2025-05-24,2025-05-26,Sahyadri Roadlines
SO0008073,2025-05-24,2025-05-26,Deccan Express Logistics
SO0008075,2025-05-26,2025-05-29,Sahyadri Roadlines
SO0008076,2025-05-26,2025-05-28,Ganga Freight
SO0008077,2025-05-26,2025-05-30,Sahyadri Roadlines
SO0008078,2025-05-26,2025-05-29,Sahyadri Roadlines
SO0008085,2025-05-26,2025-05-29,Ganga Freight
SO0008079,2025-05-26,2025-05-27,Deccan Express Logistics
SO0008080,2025-05-26,2025-05-27,Ganga Freight
SO0008081,2025-05-26,2025-05-31,Sahyadri Roadlines
SO0008082,2025-05-26,2025-05-28,Sahyadri Roadlines
SO0008083,2025-05-26,2025-05-28,Sahyadri Roadlines
SO0008074,2025-05-26,2025-05-28,Ganga Freight
SO0008084,2025-05-26,2025-05-28,Deccan Express Logistics
SO0008086,2025-05-27,2025-05-29,Ganga Freight
SO0008087,2025-05-27,2025-05-29,Deccan Express Logistics
SO0008088,2025-05-27,2025-05-29,Deccan Express Logistics
SO0008089,2025-05-27,2025-05-29,Ganga Freight
SO0008090,2025-05-27,2025-05-30,Sahyadri Roadlines
SO0008091,2025-05-27,2025-05-30,Ganga Freight
SO0008092,2025-05-27,2025-05-29,Sahyadri Roadlines
SO0008093,2025-05-27,2025-05-29,Deccan Express Logistics
SO0008095,2025-05-27,2025-05-31,Sahyadri Roadlines
SO0008096,2025-05-27,2025-05-29,Deccan Express Logistics
SO0008097,2025-05-28,2025-05-30,Sahyadri Roadlines
SO0008098,2025-05-28,2025-05-30,Ganga Freight
SO0008099,2025-05-28,2025-06-01,Ganga Freight
SO0008100,2025-05-28,2025-05-29,Deccan Express Logistics
SO0008094,2025-05-28,2025-05-29,Deccan Express Logistics
SO0008101,2025-05-28,2025-05-29,Sahyadri Roadlines
SO0008102,2025-05-28,2025-05-29,Deccan Express Logistics
SO0008103,2025-05-28,2025-05-29,Ganga Freight
SO0008104,2025-05-28,2025-05-30,Deccan Express Logistics
SO0008107,2025-05-28,2025-05-30,Ganga Freight
SO0008112,2025-05-29,2025-05-31,Sahyadri Roadlines
SO0008113,2025-05-29,2025-06-03,Ganga Freight
SO0008114,2025-05-29,2025-05-30,Ganga Freight
SO0008115,2025-05-29,2025-05-30,Deccan Express Logistics
SO0008116,2025-05-29,2025-05-30,Deccan Express Logistics
SO0008117,2025-05-29,2025-06-01,Sahyadri Roadlines
SO0008118,2025-05-29,2025-05-30,Ganga Freight
SO0008105,2025-05-29,2025-05-30,Ganga Freight
SO0008106,2025-05-29,2025-06-01,Deccan Express Logistics
SO0008119,2025-05-29,2025-05-30,Sahyadri Roadlines
SO0008120,2025-05-29,2025-05-31,Ganga Freight
SO0008121,2025-05-29,2025-05-31,Ganga Freight
SO0008108,2025-05-29,2025-05-31,Deccan Express Logistics
SO0008109,2025-05-29,2025-05-31,Ganga Freight
SO0008110,2025-05-29,2025-06-01,Ganga Freight
SO0008124,2025-05-30,2025-06-01,Deccan Express Logistics
SO0008125,2025-05-30,2025-06-02,Ganga Freight
SO0008136,2025-05-30,2025-06-01,Deccan Express Logistics
SO0008126,2025-05-30,2025-06-01,Sahyadri Roadlines
SO0008127,2025-05-30,2025-05-31,Deccan Express Logistics
SO0008128,2025-05-30,2025-05-31,Ganga Freight
SO0008129,2025-05-30,2025-06-01,Deccan Express Logistics
SO0008130,2025-05-30,2025-05-31,Sahyadri Roadlines
SO0008131,2025-05-30,2025-05-31,Ganga Freight
SO0008132,2025-05-30,2025-05-31,Ganga Freight
SO0008133,2025-05-30,2025-06-01,Sahyadri Roadlines
SO0008111,2025-05-30,2025-06-02,Ganga Freight
SO0008122,2025-05-30,2025-06-02,Ganga Freight
SO0008123,2025-05-30,2025-06-02,Ganga Freight
SO0008137,2025-05-31,2025-06-02,Deccan Express Logistics
SO0008138,2025-05-31,2025-06-03,Deccan Express Logistics
SO0008139,2025-05-31,2025-06-02,Ganga Freight
SO0008140,2025-05-31,2025-06-03,Ganga Freight
SO0008141,2025-05-31,2025-06-04,Sahyadri Roadlines
SO0008142,2025-05-31,2025-06-02,Ganga Freight
SO0008143,2025-05-31,2025-06-03,Sahyadri Roadlines
SO0008144,2025-05-31,2025-06-02,Ganga Freight
SO0008134,2025-05-31,2025-06-01,Ganga Freight
SO0008135,2025-05-31,2025-06-02,Sahyadri Roadlines
SO0008145,2025-05-31,2025-06-03,Deccan Express Logistics
SO0008147,2025-06-02,2025-06-04,Deccan Express Logistics
SO0008148,2025-06-02,2025-06-04,Ganga Freight
SO0008149,2025-06-02,2025-06-05,Ganga Freight
SO0008150,2025-06-02,2025-06-05,Deccan Express Logistics
SO0008157,2025-06-02,2025-06-04,Deccan Express Logistics
SO0008151,2025-06-02,2025-06-03,Sahyadri Roadlines
SO0008152,2025-06-02,2025-06-03,Sahyadri Roadlines
SO0008153,2025-06-02,2025-06-04,Deccan Express Logistics
SO0008154,2025-06-02,2025-06-04,Ganga Freight
SO0008155,2025-06-02,2025-06-04,Ganga Freight
SO0008146,2025-06-02,2025-06-04,Deccan Express Logistics
SO0008156,2025-06-02,2025-06-04,Ganga Freight
SO0008158,2025-06-03,2025-06-04,Ganga Freight
SO0008159,2025-06-03,2025-06-05,Ganga Freight
SO0008160,2025-06-03,2025-06-04,Deccan Express Logistics
SO0008161,2025-06-03,2025-06-05,Sahyadri Roadlines
SO0008162,2025-06-03,2025-06-05,Sahyadri Roadlines
SO0008163,2025-06-03,2025-06-05,Sahyadri Roadlines
SO0008164,2025-06-03,2025-06-04,Deccan Express Logistics
SO0008165,2025-06-03,2025-06-05,Sahyadri Roadlines
SO0008167,2025-06-03,2025-06-05,Deccan Express Logistics
SO0008168,2025-06-03,2025-06-05,Deccan Express Logistics
SO0008169,2025-06-04,2025-06-05,Sahyadri Roadlines
SO0008170,2025-06-04,2025-06-06,Ganga Freight
SO0008171,2025-06-04,2025-06-07,Deccan Express Logistics
SO0008172,2025-06-04,2025-06-05,Sahyadri Roadlines
SO0008166,2025-06-04,2025-06-05,Ganga Freight
SO0008173,2025-06-04,2025-06-05,Sahyadri Roadlines
SO0008174,2025-06-04,2025-06-05,Sahyadri Roadlines
SO0008175,2025-06-04,2025-06-05,Deccan Express Logistics
SO0008176,2025-06-04,2025-06-06,Deccan Express Logistics
SO0008177,2025-06-04,2025-06-05,Deccan Express Logistics
SO0008179,2025-06-04,2025-06-05,Sahyadri Roadlines
SO0008184,2025-06-05,2025-06-08,Sahyadri Roadlines
SO0008185,2025-06-05,2025-06-09,Ganga Freight
SO0008186,2025-06-05,2025-06-06,Ganga Freight
SO0008187,2025-06-05,2025-06-07,Deccan Express Logistics
SO0008188,2025-06-05,2025-06-06,Ganga Freight
SO0008189,2025-06-05,2025-06-07,Deccan Express Logistics
SO0008190,2025-06-05,2025-06-06,Deccan Express Logistics
SO0008178,2025-06-05,2025-06-07,Ganga Freight
SO0008191,2025-06-05,2025-06-06,Ganga Freight
SO0008192,2025-06-05,2025-06-06,Ganga Freight
SO0008193,2025-06-05,2025-06-07,Ganga Freight
SO0008180,2025-06-05,2025-06-07,Ganga Freight
SO0008181,2025-06-05,2025-06-07,Sahyadri Roadlines
SO0008182,2025-06-05,2025-06-07,Sahyadri Roadlines
SO0008196,2025-06-06,2025-06-07,Deccan Express Logistics
SO0008197,2025-06-06,2025-06-09,Ganga Freight
SO0008208,2025-06-06,2025-06-08,Sahyadri Roadlines
SO0008198,2025-06-06,2025-06-07,Ganga Freight
SO0008199,2025-06-06,2025-06-08,Sahyadri Roadlines
SO0008200,2025-06-06,2025-06-07,Deccan Express Logistics
SO0008201,2025-06-06,2025-06-08,Sahyadri Roadlines
SO0008202,2025-06-06,2025-06-07,Deccan Express Logistics
SO0008203,2025-06-06,2025-06-07,Ganga Freight
SO0008204,2025-06-06,2025-06-09,Ganga Freight
SO0008205,2025-06-06,2025-06-07,Sahyadri Roadlines
SO0008183,2025-06-06,2025-06-09,Ganga Freight
SO0008194,2025-06-06,2025-06-08,Sahyadri Roadlines
SO0008195,2025-06-06,2025-06-08,Sahyadri Roadlines
SO0008206,2025-06-06,2025-06-07,Deccan Express Logistics
SO0008209,2025-06-07,2025-06-10,Sahyadri Roadlines
SO0008210,2025-06-07,2025-06-09,Ganga Freight
SO0008211,2025-06-07,2025-06-09,Ganga Freight
SO0008212,2025-06-07,2025-06-10,Ganga Freight
SO0008213,2025-06-07,2025-06-10,Ganga Freight
SO0008214,2025-06-07,2025-06-09,Deccan Express Logistics
SO0008215,2025-06-07,2025-06-09,Deccan Express Logistics
SO0008216,2025-06-07,2025-06-09,Sahyadri Roadlines
SO0008207,2025-06-07,2025-06-08,Sahyadri Roadlines
SO0008217,2025-06-07,2025-06-09,Ganga Freight
SO0008218,2025-06-07,2025-06-10,Deccan Express Logistics
SO0008219,2025-06-09,2025-06-11,Sahyadri Roadlines
SO0008220,2025-06-09,2025-06-10,Deccan Express Logistics
SO0008221,2025-06-09,2025-06-12,Ganga Freight
SO0008222,2025-06-09,2025-06-11,Deccan Express Logistics
SO0008229,2025-06-09,2025-06-11,Ganga Freight
SO0008223,2025-06-09,2025-06-10,Ganga Freight
SO0008224,2025-06-09,2025-06-10,Ganga Freight
SO0008225,2025-06-09,2025-06-13,Sahyadri Roadlines
SO0008226,2025-06-09,2025-06-11,Ganga Freight
SO0008227,2025-06-09,2025-06-13,Sahyadri Roadlines
SO0008228,2025-06-09,2025-06-11,Ganga Freight
SO0008230,2025-06-10,2025-06-12,Deccan Express Logistics
SO0008231,2025-06-10,2025-06-11,Deccan Express Logistics
SO0008232,2025-06-10,2025-06-11,Deccan Express Logistics
SO0008233,2025-06-10,2025-06-12,Sahyadri Roadlines
SO0008234,2025-06-10,2025-06-13,Deccan Express Logistics
SO0008235,2025-06-10,2025-06-13,Deccan Express Logistics
SO0008236,2025-06-10,2025-06-12,Sahyadri Roadlines
SO0008237,2025-06-10,2025-06-12,Sahyadri Roadlines
SO0008238,2025-06-10,2025-06-12,Sahyadri Roadlines
SO0008239,2025-06-10,2025-06-12,Deccan Express Logistics
SO0008240,2025-06-10,2025-06-13,Ganga Freight
SO0008241,2025-06-11,2025-06-12,Deccan Express Logistics
SO0008242,2025-06-11,2025-06-13,Deccan Express Logistics
SO0008243,2025-06-11,2025-06-14,Ganga Freight
SO0008244,2025-06-11,2025-06-12,Deccan Express Logistics
SO0008245,2025-06-11,2025-06-13,Ganga Freight
SO0008246,2025-06-11,2025-06-13,Sahyadri Roadlines
SO0008247,2025-06-11,2025-06-12,Sahyadri Roadlines
SO0008248,2025-06-11,2025-06-13,Deccan Express Logistics
SO0008249,2025-06-11,2025-06-12,Deccan Express Logistics
SO0008251,2025-06-11,2025-06-12,Ganga Freight
SO0008256,2025-06-12,2025-06-14,Deccan Express Logistics
SO0008257,2025-06-12,2025-06-15,Ganga Freight
SO0008258,2025-06-12,2025-06-14,Deccan Express Logistics
SO0008259,2025-06-12,2025-06-13,Ganga Freight
SO0008260,2025-06-12,2025-06-13,Deccan Express Logistics
SO0008261,2025-06-12,2025-06-14,Sahyadri Roadlines
SO0008262,2025-06-12,2025-06-13,Sahyadri Roadlines
SO0008250,2025-06-12,2025-06-14,Deccan Express Logistics
SO0008263,2025-06-12,2025-06-13,Deccan Express Logistics
SO0008264,2025-06-12,2025-06-13,Deccan Express Logistics
SO0008265,2025-06-12,2025-06-14,Ganga Freight
SO0008252,2025-06-12,2025-06-15,Deccan Express Logistics
SO0008253,2025-06-12,2025-06-13,Sahyadri Roadlines
SO0008254,2025-06-12,2025-06-15,Ganga Freight
SO0008268,2025-06-13,2025-06-14,Sahyadri Roadlines
SO0008269,2025-06-13,2025-06-17,Ganga Freight
SO0008280,2025-06-13,2025-06-15,Deccan Express Logistics
SO0008270,2025-06-13,2025-06-14,Sahyadri Roadlines
SO0008271,2025-06-13,2025-06-15,Deccan Express Logistics
SO0008272,2025-06-13,2025-06-14,Sahyadri Roadlines
SO0008273,2025-06-13,2025-06-15,Ganga Freight
SO0008274,2025-06-13,2025-06-14,Sahyadri Roadlines
SO0008275,2025-06-13,2025-06-14,Deccan Express Logistics
SO0008276,2025-06-13,2025-06-14,Deccan Express Logistics
SO0008277,2025-06-13,2025-06-14,Ganga Freight
SO0008255,2025-06-13,2025-06-15,Sahyadri Roadlines
SO0008266,2025-06-13,2025-06-16,Ganga Freight
SO0008267,2025-06-13,2025-06-16,Sahyadri Roadlines
SO0008278,2025-06-13,2025-06-14,Ganga Freight
SO0008279,2025-06-13,2025-06-14,Deccan Express Logistics
SO0008281,2025-06-14,2025-06-17,Ganga Freight
SO0008282,2025-06-14,2025-06-16,Ganga Freight
SO0008283,2025-06-14,2025-06-18,Deccan Express Logistics
SO0008284,2025-06-14,2025-06-17,Ganga Freight
SO0008285,2025-06-14,2025-06-17,Ganga Freight
SO0008286,2025-06-14,2025-06-16,Deccan Express Logistics
SO0008287,2025-06-14,2025-06-16,Sahyadri Roadlines
SO0008288,2025-06-14,2025-06-16,Ganga Freight
SO0008289,2025-06-14,2025-06-18,Sahyadri Roadlines
SO0008290,2025-06-14,2025-06-16,Deccan Express Logistics
SO0008291,2025-06-16,2025-06-18,Sahyadri Roadlines
SO0008292,2025-06-16,2025-06-17,Deccan Express Logistics
SO0008293,2025-06-16,2025-06-19,Ganga Freight
SO0008294,2025-06-16,2025-06-18,Ganga Freight
SO0008301,2025-06-16,2025-06-18,Sahyadri Roadlines
SO0008295,2025-06-16,2025-06-18,Ganga Freight
SO0008296,2025-06-16,2025-06-17,Ganga Freight
SO0008297,2025-06-16,2025-06-17,Deccan Express Logistics
SO0008298,2025-06-16,2025-06-18,Sahyadri Roadlines
SO0008299,2025-06-16,2025-06-18,Deccan Express Logistics
SO0008300,2025-06-16,2025-06-19,Sahyadri Roadlines
SO0008302,2025-06-17,2025-06-18,Deccan Express Logistics
SO0008303,2025-06-17,2025-06-18,Sahyadri Roadlines
SO0008304,2025-06-17,2025-06-18,Deccan Express Logistics
SO0008305,2025-06-17,2025-06-19,Ganga Freight
SO0008306,2025-06-17,2025-06-19,Sahyadri Roadlines
SO0008307,2025-06-17,2025-06-18,Sahyadri Roadlines
SO0008308,2025-06-17,2025-06-19,Ganga Freight
SO0008309,2025-06-17,2025-06-20,Deccan Express Logistics
SO0008310,2025-06-17,2025-06-19,Ganga Freight
SO0008311,2025-06-17,2025-06-19,Ganga Freight
SO0008312,2025-06-17,2025-06-19,Deccan Express Logistics
SO0008313,2025-06-18,2025-06-20,Ganga Freight
SO0008314,2025-06-18,2025-06-20,Deccan Express Logistics
SO0008315,2025-06-18,2025-06-21,Deccan Express Logistics
SO0008316,2025-06-18,2025-06-21,Sahyadri Roadlines
SO0008317,2025-06-18,2025-06-19,Ganga Freight
SO0008318,2025-06-18,2025-06-19,Sahyadri Roadlines
SO0008319,2025-06-18,2025-06-19,Deccan Express Logistics
SO0008320,2025-06-18,2025-06-20,Deccan Express Logistics
SO0008321,2025-06-18,2025-06-20,Sahyadri Roadlines
SO0008323,2025-06-18,2025-06-22,Deccan Express Logistics
SO0008328,2025-06-19,2025-06-22,Sahyadri Roadlines
SO0008329,2025-06-19,2025-06-23,Deccan Express Logistics
SO0008330,2025-06-19,2025-06-20,Ganga Freight
SO0008331,2025-06-19,2025-06-20,Deccan Express Logistics
SO0008332,2025-06-19,2025-06-20,Sahyadri Roadlines
SO0008333,2025-06-19,2025-06-21,Deccan Express Logistics
SO0008334,2025-06-19,2025-06-21,Deccan Express Logistics
SO0008322,2025-06-19,2025-06-21,Deccan Express Logistics
SO0008335,2025-06-19,2025-06-20,Sahyadri Roadlines
SO0008336,2025-06-19,2025-06-20,Sahyadri Roadlines
SO0008337,2025-06-19,2025-06-21,Deccan Express Logistics
SO0008324,2025-06-19,2025-06-21,Sahyadri Roadlines
SO0008325,2025-06-19,2025-06-20,Deccan Express Logistics
SO0008326,2025-06-19,2025-06-22,Deccan Express Logistics
SO0008340,2025-06-20,2025-06-21,Sahyadri Roadlines
SO0008341,2025-06-20,2025-06-25,Ganga Freight
SO0008352,2025-06-20,2025-06-22,Sahyadri Roadlines
SO0008342,2025-06-20,2025-06-21,Sahyadri Roadlines
SO0008343,2025-06-20,2025-06-21,Sahyadri Roadlines
SO0008344,2025-06-20,2025-06-22,Ganga Freight
SO0008346,2025-06-20,2025-06-21,Sahyadri Roadlines
SO0008347,2025-06-20,2025-06-21,Ganga Freight
SO0008348,2025-06-20,2025-06-23,Sahyadri Roadlines
SO0008349,2025-06-20,2025-06-21,Ganga Freight
SO0008327,2025-06-20,2025-06-22,Deccan Express Logistics
SO0008338,2025-06-20,2025-06-23,Deccan Express Logistics
SO0008339,2025-06-20,2025-06-23,Deccan Express Logistics
SO0008350,2025-06-20,2025-06-22,Deccan Express Logistics
SO0008353,2025-06-21,2025-06-23,Ganga Freight
SO0008354,2025-06-21,2025-06-23,Sahyadri Roadlines
SO0008355,2025-06-21,2025-06-24,Deccan Express Logistics
SO0008356,2025-06-21,2025-06-24,Sahyadri Roadlines
SO0008357,2025-06-21,2025-06-24,Deccan Express Logistics
SO0008345,2025-06-21,2025-06-23,Ganga Freight
SO0008358,2025-06-21,2025-06-24,Ganga Freight
SO0008359,2025-06-21,2025-06-23,Sahyadri Roadlines
SO0008360,2025-06-21,2025-06-23,Deccan Express Logistics
SO0008351,2025-06-21,2025-06-22,Ganga Freight
SO0008361,2025-06-21,2025-06-23,Deccan Express Logistics
SO0008362,2025-06-21,2025-06-24,Sahyadri Roadlines
SO0008363,2025-06-23,2025-06-25,Sahyadri Roadlines
SO0008364,2025-06-23,2025-06-24,Deccan Express Logistics
SO0008365,2025-06-23,2025-06-27,Deccan Express Logistics
SO0008366,2025-06-23,2025-06-25,Ganga Freight
SO0008373,2025-06-23,2025-06-26,Deccan Express Logistics
SO0008367,2025-06-23,2025-06-24,Deccan Express Logistics
SO0008368,2025-06-23,2025-06-24,Ganga Freight
SO0008369,2025-06-23,2025-06-24,Deccan Express Logistics
SO0008370,2025-06-23,2025-06-26,Sahyadri Roadlines
SO0008371,2025-06-23,2025-06-26,Deccan Express Logistics
SO0008372,2025-06-23,2025-06-26,Sahyadri Roadlines
SO0008374,2025-06-24,2025-06-25,Sahyadri Roadlines
SO0008375,2025-06-24,2025-06-25,Sahyadri Roadlines
SO0008376,2025-06-24,2025-06-26,Sahyadri Roadlines
SO0008377,2025-06-24,2025-06-27,Ganga Freight
SO0008378,2025-06-24,2025-06-27,Sahyadri Roadlines
SO0008379,2025-06-24,2025-06-26,Deccan Express Logistics
SO0008380,2025-06-24,2025-06-26,Ganga Freight
SO0008383,2025-06-24,2025-06-26,Sahyadri Roadlines
SO0008384,2025-06-24,2025-06-26,Sahyadri Roadlines
SO0008385,2025-06-25,2025-06-26,Deccan Express Logistics
SO0008386,2025-06-25,2025-06-27,Deccan Express Logistics
SO0008387,2025-06-25,2025-06-28,Deccan Express Logistics
SO0008388,2025-06-25,2025-06-26,Sahyadri Roadlines
SO0008381,2025-06-25,2025-06-27,Sahyadri Roadlines
SO0008382,2025-06-25,2025-06-26,Sahyadri Roadlines
SO0008389,2025-06-25,2025-06-26,Ganga Freight
SO0008390,2025-06-25,2025-06-26,Sahyadri Roadlines
SO0008395,2025-06-25,2025-06-26,Sahyadri Roadlines
SO0008400,2025-06-26,2025-06-29,Ganga Freight
SO0008401,2025-06-26,2025-06-30,Sahyadri Roadlines
SO0008402,2025-06-26,2025-06-27,Ganga Freight
SO0008403,2025-06-26,2025-06-27,Deccan Express Logistics
SO0008404,2025-06-26,2025-06-30,Deccan Express Logistics
SO0008405,2025-06-26,2025-06-28,Ganga Freight
SO0008406,2025-06-26,2025-06-27,Ganga Freight
SO0008391,2025-06-26,2025-06-27,Sahyadri Roadlines
SO0008392,2025-06-26,2025-06-28,Sahyadri Roadlines
SO0008393,2025-06-26,2025-06-28,Sahyadri Roadlines
SO0008394,2025-06-26,2025-06-29,Sahyadri Roadlines
SO0008407,2025-06-26,2025-06-28,Ganga Freight
SO0008408,2025-06-26,2025-06-27,Deccan Express Logistics
SO0008409,2025-06-26,2025-06-28,Ganga Freight
SO0008396,2025-06-26,2025-06-28,Deccan Express Logistics
SO0008397,2025-06-26,2025-06-28,Sahyadri Roadlines
SO0008398,2025-06-26,2025-06-28,Ganga Freight
SO0008412,2025-06-27,2025-06-28,Ganga Freight
SO0008413,2025-06-27,2025-06-30,Ganga Freight
SO0008424,2025-06-27,2025-06-30,Deccan Express Logistics
SO0008414,2025-06-27,2025-06-28,Sahyadri Roadlines
SO0008415,2025-06-27,2025-06-29,Ganga Freight
SO0008416,2025-06-27,2025-06-28,Ganga Freight
SO0008417,2025-06-27,2025-06-30,Deccan Express Logistics
SO0008418,2025-06-27,2025-06-28,Ganga Freight
SO0008419,2025-06-27,2025-06-29,Deccan Express Logistics
SO0008420,2025-06-27,2025-06-28,Deccan Express Logistics
SO0008421,2025-06-27,2025-06-29,Ganga Freight
SO0008399,2025-06-27,2025-06-29,Ganga Freight
SO0008410,2025-06-27,2025-06-30,Sahyadri Roadlines
SO0008411,2025-06-27,2025-06-29,Ganga Freight
SO0008422,2025-06-27,2025-06-28,Sahyadri Roadlines
SO0008425,2025-06-28,2025-07-01,Deccan Express Logistics
SO0008426,2025-06-28,2025-07-01,Ganga Freight
SO0008427,2025-06-28,2025-06-30,Sahyadri Roadlines
SO0008428,2025-06-28,2025-07-01,Ganga Freight
SO0008429,2025-06-28,2025-07-01,Deccan Express Logistics
SO0008430,2025-06-28,2025-06-30,Ganga Freight
SO0008431,2025-06-28,2025-06-30,Ganga Freight
SO0008432,2025-06-28,2025-06-30,Sahyadri Roadlines
SO0008423,2025-06-28,2025-06-29,Ganga Freight
SO0008433,2025-06-28,2025-06-30,Ganga Freight
SO0008434,2025-06-28,2025-06-30,Sahyadri Roadlines
SO0008435,2025-06-30,2025-07-02,Ganga Freight
SO0008436,2025-06-30,2025-07-01,Ganga Freight
SO0008437,2025-06-30,2025-07-04,Deccan Express Logistics
SO0008438,2025-06-30,2025-07-03,Ganga Freight
SO0008445,2025-06-30,2025-07-03,Deccan Express Logistics
SO0008439,2025-06-30,2025-07-01,Deccan Express Logistics
SO0008440,2025-06-30,2025-07-02,Sahyadri Roadlines
SO0008441,2025-06-30,2025-07-01,Sahyadri Roadlines
SO0008442,2025-06-30,2025-07-02,Sahyadri Roadlines
SO0008443,2025-06-30,2025-07-02,Sahyadri Roadlines
SO0008444,2025-06-30,2025-07-02,Sahyadri Roadlines
SO0008446,2025-07-01,2025-07-02,Ganga Freight
SO0008447,2025-07-01,2025-07-03,Ganga Freight
SO0008448,2025-07-01,2025-07-04,Ganga Freight
SO0008449,2025-07-01,2025-07-04,Deccan Express Logistics
SO0008450,2025-07-01,2025-07-04,Deccan Express Logistics
SO0008451,2025-07-01,2025-07-02,Sahyadri Roadlines
SO0008452,2025-07-01,2025-07-03,Deccan Express Logistics
SO0008453,2025-07-01,2025-07-04,Sahyadri Roadlines
SO0008454,2025-07-01,2025-07-02,Deccan Express Logistics
SO0008455,2025-07-01,2025-07-06,Ganga Freight
SO0008456,2025-07-01,2025-07-06,Deccan Express Logistics
SO0008457,2025-07-02,2025-07-06,Deccan Express Logistics
SO0008458,2025-07-02,2025-07-05,Ganga Freight
SO0008459,2025-07-02,2025-07-05,Ganga Freight
SO0008460,2025-07-02,2025-07-05,Deccan Express Logistics
SO0008461,2025-07-02,2025-07-06,Ganga Freight
SO0008462,2025-07-02,2025-07-04,Ganga Freight
SO0008463,2025-07-02,2025-07-03,Sahyadri Roadlines
SO0008464,2025-07-02,2025-07-05,Deccan Express Logistics
SO0008465,2025-07-02,2025-07-04,Deccan Express Logistics
SO0008467,2025-07-02,2025-07-03,Sahyadri Roadlines
SO0008472,2025-07-03,2025-07-06,Ganga Freight
SO0008473,2025-07-03,2025-07-06,Deccan Express Logistics
SO0008474,2025-07-03,2025-07-04,Sahyadri Roadlines
SO0008475,2025-07-03,2025-07-07,Sahyadri Roadlines
SO0008476,2025-07-03,2025-07-04,Deccan Express Logistics
SO0008477,2025-07-03,2025-07-05,Deccan Express Logistics
SO0008478,2025-07-03,2025-07-05,Ganga Freight
SO0008466,2025-07-03,2025-07-06,Deccan Express Logistics
SO0008479,2025-07-03,2025-07-04,Deccan Express Logistics
SO0008480,2025-07-03,2025-07-05,Deccan Express Logistics
SO0008481,2025-07-03,2025-07-07,Deccan Express Logistics
SO0008468,2025-07-03,2025-07-06,Deccan Express Logistics
SO0008469,2025-07-03,2025-07-05,Deccan Express Logistics
SO0008470,2025-07-03,2025-07-05,Sahyadri Roadlines
SO0008471,2025-07-03,2025-07-06,Deccan Express Logistics
SO0008484,2025-07-04,2025-07-05,Deccan Express Logistics
SO0008485,2025-07-04,2025-07-08,Sahyadri Roadlines
SO0008496,2025-07-04,2025-07-06,Sahyadri Roadlines
SO0008486,2025-07-04,2025-07-06,Sahyadri Roadlines
SO0008487,2025-07-04,2025-07-06,Deccan Express Logistics
SO0008488,2025-07-04,2025-07-08,Sahyadri Roadlines
SO0008489,2025-07-04,2025-07-07,Deccan Express Logistics
SO0008490,2025-07-04,2025-07-06,Sahyadri Roadlines
SO0008491,2025-07-04,2025-07-06,Deccan Express Logistics
SO0008492,2025-07-04,2025-07-06,Ganga Freight
SO0008493,2025-07-04,2025-07-05,Deccan Express Logistics
SO0008482,2025-07-04,2025-07-11,Sahyadri Roadlines
SO0008483,2025-07-04,2025-07-09,Deccan Express Logistics
SO0008494,2025-07-04,2025-07-06,Sahyadri Roadlines
SO0008495,2025-07-04,2025-07-09,Ganga Freight
SO0008497,2025-07-05,2025-07-08,Sahyadri Roadlines
SO0008498,2025-07-05,2025-07-07,Sahyadri Roadlines
SO0008499,2025-07-05,2025-07-10,Ganga Freight
SO0008500,2025-07-05,2025-07-11,Ganga Freight
SO0008501,2025-07-05,2025-07-09,Ganga Freight
SO0008502,2025-07-05,2025-07-08,Sahyadri Roadlines
SO0008503,2025-07-05,2025-07-09,Sahyadri Roadlines
SO0008504,2025-07-05,2025-07-07,Ganga Freight
SO0008505,2025-07-05,2025-07-08,Ganga Freight
SO0008506,2025-07-05,2025-07-11,Ganga Freight
SO0008507,2025-07-07,2025-07-09,Deccan Express Logistics
SO0008508,2025-07-07,2025-07-08,Ganga Freight
SO0008509,2025-07-07,2025-07-13,Deccan Express Logistics
SO0008510,2025-07-07,2025-07-10,Sahyadri Roadlines
SO0008517,2025-07-07,2025-07-09,Deccan Express Logistics
SO0008511,2025-07-07,2025-07-08,Ganga Freight
SO0008512,2025-07-07,2025-07-09,Deccan Express Logistics
SO0008513,2025-07-07,2025-07-08,Ganga Freight
SO0008514,2025-07-07,2025-07-09,Deccan Express Logistics
SO0008515,2025-07-07,2025-07-11,Ganga Freight
SO0008516,2025-07-07,2025-07-11,Ganga Freight
SO0008518,2025-07-08,2025-07-09,Deccan Express Logistics
SO0008519,2025-07-08,2025-07-11,Sahyadri Roadlines
SO0008520,2025-07-08,2025-07-09,Sahyadri Roadlines
SO0008521,2025-07-08,2025-07-10,Deccan Express Logistics
SO0008522,2025-07-08,2025-07-11,Ganga Freight
SO0008523,2025-07-08,2025-07-09,Ganga Freight
SO0008524,2025-07-08,2025-07-10,Ganga Freight
SO0008525,2025-07-08,2025-07-11,Deccan Express Logistics
SO0008527,2025-07-08,2025-07-13,Deccan Express Logistics
SO0008528,2025-07-08,2025-07-11,Ganga Freight
SO0008529,2025-07-09,2025-07-10,Ganga Freight
SO0008530,2025-07-09,2025-07-12,Deccan Express Logistics
SO0008531,2025-07-09,2025-07-14,Sahyadri Roadlines
SO0008532,2025-07-09,2025-07-11,Deccan Express Logistics
SO0008526,2025-07-09,2025-07-11,Deccan Express Logistics
SO0008533,2025-07-09,2025-07-11,Ganga Freight
SO0008534,2025-07-09,2025-07-10,Ganga Freight
SO0008535,2025-07-09,2025-07-11,Sahyadri Roadlines
SO0008536,2025-07-09,2025-07-12,Deccan Express Logistics
SO0008539,2025-07-09,2025-07-10,Deccan Express Logistics
SO0008544,2025-07-10,2025-07-12,Sahyadri Roadlines
SO0008545,2025-07-10,2025-07-13,Sahyadri Roadlines
SO0008546,2025-07-10,2025-07-11,Sahyadri Roadlines
SO0008547,2025-07-10,2025-07-11,Ganga Freight
SO0008548,2025-07-10,2025-07-12,Ganga Freight
SO0008549,2025-07-10,2025-07-13,Ganga Freight
SO0008550,2025-07-10,2025-07-12,Deccan Express Logistics
SO0008537,2025-07-10,2025-07-12,Sahyadri Roadlines
SO0008538,2025-07-10,2025-07-13,Deccan Express Logistics
SO0008551,2025-07-10,2025-07-11,Deccan Express Logistics
SO0008552,2025-07-10,2025-07-11,Ganga Freight
SO0008553,2025-07-10,2025-07-13,Ganga Freight
SO0008540,2025-07-10,2025-07-13,Sahyadri Roadlines
SO0008541,2025-07-10,2025-07-11,Sahyadri Roadlines
SO0008542,2025-07-10,2025-07-17,Deccan Express Logistics
SO0008556,2025-07-11,2025-07-12,Sahyadri Roadlines
SO0008557,2025-07-11,2025-07-16,Sahyadri Roadlines
SO0008568,2025-07-11,2025-07-15,Sahyadri Roadlines
SO0008558,2025-07-11,2025-07-13,Ganga Freight
SO0008559,2025-07-11,2025-07-12,Sahyadri Roadlines
SO0008560,2025-07-11,2025-07-13,Deccan Express Logistics
SO0008561,2025-07-11,2025-07-16,Ganga Freight
SO0008562,2025-07-11,2025-07-12,Deccan Express Logistics
SO0008563,2025-07-11,2025-07-13,Ganga Freight
SO0008564,2025-07-11,2025-07-13,Deccan Express Logistics
SO0008565,2025-07-11,2025-07-13,Sahyadri Roadlines
SO0008543,2025-07-11,2025-07-16,Deccan Express Logistics
SO0008554,2025-07-11,2025-07-15,Deccan Express Logistics
SO0008555,2025-07-11,2025-07-17,Sahyadri Roadlines
SO0008566,2025-07-11,2025-07-16,Deccan Express Logistics
SO0008567,2025-07-11,2025-07-15,Sahyadri Roadlines
SO0008569,2025-07-12,2025-07-15,Ganga Freight
SO0008570,2025-07-12,2025-07-15,Ganga Freight
SO0008571,2025-07-12,2025-07-16,Deccan Express Logistics
SO0008572,2025-07-12,2025-07-17,Deccan Express Logistics
SO0008573,2025-07-12,2025-07-16,Ganga Freight
SO0008574,2025-07-12,2025-07-15,Sahyadri Roadlines
SO0008575,2025-07-12,2025-07-16,Sahyadri Roadlines
SO0008576,2025-07-12,2025-07-15,Ganga Freight
SO0008577,2025-07-12,2025-07-17,Ganga Freight
SO0008578,2025-07-12,2025-07-15,Deccan Express Logistics
SO0008579,2025-07-14,2025-07-16,Sahyadri Roadlines
SO0008580,2025-07-14,2025-07-16,Deccan Express Logistics
SO0008581,2025-07-14,2025-07-22,Sahyadri Roadlines
SO0008582,2025-07-14,2025-07-17,Deccan Express Logistics
SO0008589,2025-07-14,2025-07-17,Deccan Express Logistics
SO0008583,2025-07-14,2025-07-21,Ganga Freight
SO0008584,2025-07-14,2025-07-17,Deccan Express Logistics
SO0008585,2025-07-14,2025-07-16,Deccan Express Logistics
SO0008586,2025-07-14,2025-07-16,Ganga Freight
SO0008587,2025-07-14,2025-07-19,Ganga Freight
SO0008588,2025-07-14,2025-07-18,Ganga Freight
SO0008590,2025-07-15,2025-07-17,Sahyadri Roadlines
SO0008591,2025-07-15,2025-07-18,Deccan Express Logistics
SO0008592,2025-07-15,2025-07-17,Ganga Freight
SO0008593,2025-07-15,2025-07-17,Sahyadri Roadlines
SO0008594,2025-07-15,2025-07-18,Sahyadri Roadlines
SO0008595,2025-07-15,2025-07-16,Deccan Express Logistics
SO0008596,2025-07-15,2025-07-16,Sahyadri Roadlines
SO0008597,2025-07-15,2025-07-18,Deccan Express Logistics
SO0008598,2025-07-15,2025-07-18,Deccan Express Logistics
SO0008599,2025-07-15,2025-07-19,Sahyadri Roadlines
SO0008600,2025-07-15,2025-07-18,Deccan Express Logistics
SO0008601,2025-07-16,2025-07-20,Deccan Express Logistics
SO0008602,2025-07-16,2025-07-18,Deccan Express Logistics
SO0008603,2025-07-16,2025-07-19,Sahyadri Roadlines
SO0008604,2025-07-16,2025-07-17,Sahyadri Roadlines
SO0008605,2025-07-16,2025-07-18,Sahyadri Roadlines
SO0008606,2025-07-16,2025-07-17,Ganga Freight
SO0008607,2025-07-16,2025-07-19,Deccan Express Logistics
SO0008608,2025-07-16,2025-07-21,Ganga Freight
SO0008609,2025-07-16,2025-07-22,Sahyadri Roadlines
SO0008611,2025-07-16,2025-07-18,Ganga Freight
SO0008616,2025-07-17,2025-07-21,Deccan Express Logistics
SO0008617,2025-07-17,2025-07-21,Deccan Express Logistics
SO0008618,2025-07-17,2025-07-19,Deccan Express Logistics
SO0008619,2025-07-17,2025-07-19,Ganga Freight
SO0008620,2025-07-17,2025-07-19,Sahyadri Roadlines
SO0008621,2025-07-17,2025-07-19,Ganga Freight
SO0008622,2025-07-17,2025-07-19,Ganga Freight
SO0008610,2025-07-17,2025-07-19,Sahyadri Roadlines
SO0008623,2025-07-17,2025-07-19,Deccan Express Logistics
SO0008624,2025-07-17,2025-07-19,Ganga Freight
SO0008625,2025-07-17,2025-07-20,Ganga Freight
SO0008612,2025-07-17,2025-07-20,Deccan Express Logistics
SO0008613,2025-07-17,2025-07-19,Deccan Express Logistics
SO0008614,2025-07-17,2025-07-25,Sahyadri Roadlines
SO0008628,2025-07-18,2025-07-20,Deccan Express Logistics
SO0008629,2025-07-18,2025-07-23,Deccan Express Logistics
SO0008640,2025-07-18,2025-07-20,Deccan Express Logistics
SO0008630,2025-07-18,2025-07-20,Ganga Freight
SO0008631,2025-07-18,2025-07-23,Ganga Freight
SO0008632,2025-07-18,2025-07-19,Ganga Freight
SO0008633,2025-07-18,2025-07-25,Deccan Express Logistics
SO0008634,2025-07-18,2025-07-20,Ganga Freight
SO0008635,2025-07-18,2025-07-21,Ganga Freight
SO0008636,2025-07-18,2025-07-19,Sahyadri Roadlines
SO0008637,2025-07-18,2025-07-20,Sahyadri Roadlines
SO0008615,2025-07-18,2025-07-21,Deccan Express Logistics
SO0008626,2025-07-18,2025-07-22,Sahyadri Roadlines
SO0008627,2025-07-18,2025-07-21,Deccan Express Logistics
SO0008641,2025-07-19,2025-07-23,Deccan Express Logistics
SO0008642,2025-07-19,2025-07-24,Deccan Express Logistics
SO0008643,2025-07-19,2025-07-21,Sahyadri Roadlines
SO0008644,2025-07-19,2025-07-23,Sahyadri Roadlines
SO0008645,2025-07-19,2025-07-23,Deccan Express Logistics
SO0008646,2025-07-19,2025-07-22,Deccan Express Logistics
SO0008647,2025-07-19,2025-07-23,Deccan Express Logistics
SO0008648,2025-07-19,2025-07-23,Sahyadri Roadlines
SO0008638,2025-07-19,2025-07-20,Sahyadri Roadlines
SO0008639,2025-07-19,2025-07-21,Sahyadri Roadlines
SO0008649,2025-07-19,2025-07-23,Sahyadri Roadlines
SO0008651,2025-07-21,2025-07-24,Sahyadri Roadlines
SO0008652,2025-07-21,2025-07-23,Deccan Express Logistics
SO0008653,2025-07-21,2025-07-26,Deccan Express Logistics
SO0008654,2025-07-21,2025-07-23,Deccan Express Logistics
SO0008661,2025-07-21,2025-07-23,Ganga Freight
SO0008655,2025-07-21,2025-07-24,Sahyadri Roadlines
SO0008656,2025-07-21,2025-07-23,Ganga Freight
SO0008657,2025-07-21,2025-07-23,Deccan Express Logistics
SO0008658,2025-07-21,2025-07-26,Deccan Express Logistics
SO0008659,2025-07-21,2025-07-24,Deccan Express Logistics
SO0008650,2025-07-21,2025-07-24,Ganga Freight
SO0008660,2025-07-21,2025-07-27,Deccan Express Logistics
SO0008662,2025-07-22,2025-07-24,Deccan Express Logistics
SO0008663,2025-07-22,2025-07-26,Ganga Freight
SO0008664,2025-07-22,2025-07-23,Sahyadri Roadlines
SO0008665,2025-07-22,2025-07-25,Deccan Express Logistics
SO0008666,2025-07-22,2025-07-25,Sahyadri Roadlines
SO0008667,2025-07-22,2025-07-24,Sahyadri Roadlines
SO0008668,2025-07-22,2025-07-24,Deccan Express Logistics
SO0008669,2025-07-22,2025-07-24,Sahyadri Roadlines
SO0008671,2025-07-22,2025-07-26,Ganga Freight
SO0008672,2025-07-22,2025-07-29,Ganga Freight
SO0008673,2025-07-23,2025-07-26,Sahyadri Roadlines
SO0008674,2025-07-23,2025-07-26,Ganga Freight
SO0008675,2025-07-23,2025-07-26,Ganga Freight
SO0008676,2025-07-23,2025-07-25,Ganga Freight
SO0008670,2025-07-23,2025-07-25,Sahyadri Roadlines
SO0008677,2025-07-23,2025-07-25,Sahyadri Roadlines
SO0008678,2025-07-23,2025-07-25,Deccan Express Logistics
SO0008679,2025-07-23,2025-07-25,Deccan Express Logistics
SO0008680,2025-07-23,2025-07-25,Ganga Freight
SO0008683,2025-07-23,2025-07-25,Deccan Express Logistics
SO0008688,2025-07-24,2025-07-28,Ganga Freight
SO0008689,2025-07-24,2025-07-27,Sahyadri Roadlines
SO0008690,2025-07-24,2025-07-26,Deccan Express Logistics
SO0008691,2025-07-24,2025-07-27,Deccan Express Logistics
SO0008692,2025-07-24,2025-07-25,Ganga Freight
SO0008693,2025-07-24,2025-07-27,Sahyadri Roadlines
SO0008694,2025-07-24,2025-07-25,Sahyadri Roadlines
SO0008681,2025-07-24,2025-07-25,Deccan Express Logistics
SO0008682,2025-07-24,2025-07-28,Deccan Express Logistics
SO0008695,2025-07-24,2025-07-25,Deccan Express Logistics
SO0008696,2025-07-24,2025-07-28,Sahyadri Roadlines
SO0008697,2025-07-24,2025-07-27,Sahyadri Roadlines
SO0008684,2025-07-24,2025-07-27,Ganga Freight
SO0008685,2025-07-24,2025-07-26,Ganga Freight
SO0008686,2025-07-24,2025-07-27,Deccan Express Logistics
SO0008700,2025-07-25,2025-07-27,Sahyadri Roadlines
SO0008701,2025-07-25,2025-07-29,Deccan Express Logistics
SO0008712,2025-07-25,2025-07-27,Sahyadri Roadlines
SO0008702,2025-07-25,2025-07-27,Deccan Express Logistics
SO0008703,2025-07-25,2025-07-28,Ganga Freight
SO0008704,2025-07-25,2025-07-26,Ganga Freight
SO0008705,2025-07-25,2025-07-30,Sahyadri Roadlines
SO0008706,2025-07-25,2025-07-27,Ganga Freight
SO0008707,2025-07-25,2025-07-26,Deccan Express Logistics
SO0008708,2025-07-25,2025-07-26,Deccan Express Logistics
SO0008709,2025-07-25,2025-07-29,Sahyadri Roadlines
SO0008687,2025-07-25,2025-07-29,Deccan Express Logistics
SO0008698,2025-07-25,2025-07-28,Ganga Freight
SO0008699,2025-07-25,2025-07-28,Deccan Express Logistics
SO0008710,2025-07-25,2025-07-27,Ganga Freight
SO0008711,2025-07-25,2025-07-27,Deccan Express Logistics
SO0008713,2025-07-26,2025-07-28,Sahyadri Roadlines
SO0008714,2025-07-26,2025-07-29,Deccan Express Logistics
SO0008715,2025-07-26,2025-07-30,Deccan Express Logistics
SO0008716,2025-07-26,2025-07-30,Deccan Express Logistics
SO0008717,2025-07-26,2025-07-29,Ganga Freight
SO0008718,2025-07-26,2025-07-28,Deccan Express Logistics
SO0008719,2025-07-26,2025-07-30,Deccan Express Logistics
SO0008720,2025-07-26,2025-07-28,Deccan Express Logistics
SO0008721,2025-07-26,2025-08-02,Ganga Freight
SO0008722,2025-07-26,2025-08-02,Deccan Express Logistics
SO0008723,2025-07-28,2025-08-01,Ganga Freight
SO0008724,2025-07-28,2025-07-30,Sahyadri Roadlines
SO0008725,2025-07-28,2025-08-02,Deccan Express Logistics
SO0008726,2025-07-28,2025-07-31,Ganga Freight
SO0008733,2025-07-28,2025-07-30,Deccan Express Logistics
SO0008727,2025-07-28,2025-07-30,Sahyadri Roadlines
SO0008728,2025-07-28,2025-07-30,Ganga Freight
SO0008729,2025-07-28,2025-07-30,Ganga Freight
SO0008730,2025-07-28,2025-07-30,Sahyadri Roadlines
SO0008731,2025-07-28,2025-08-01,Ganga Freight
SO0008732,2025-07-28,2025-08-03,Sahyadri Roadlines
SO0008734,2025-07-29,2025-07-31,Sahyadri Roadlines
SO0008735,2025-07-29,2025-07-30,Deccan Express Logistics
SO0008736,2025-07-29,2025-07-31,Ganga Freight
SO0008737,2025-07-29,2025-08-02,Sahyadri Roadlines
SO0008738,2025-07-29,2025-07-31,Sahyadri Roadlines
SO0008739,2025-07-29,2025-07-30,Ganga Freight
SO0008740,2025-07-29,2025-07-31,Ganga Freight
SO0008741,2025-07-29,2025-08-01,Deccan Express Logistics
SO0008742,2025-07-29,2025-07-31,Sahyadri Roadlines
SO0008743,2025-07-29,2025-08-01,Ganga Freight
SO0008744,2025-07-29,2025-08-03,Sahyadri Roadlines
SO0008745,2025-07-30,2025-07-31,Ganga Freight
SO0008746,2025-07-30,2025-08-01,Ganga Freight
SO0008747,2025-07-30,2025-08-04,Ganga Freight
SO0008748,2025-07-30,2025-08-03,Sahyadri Roadlines
SO0008749,2025-07-30,2025-08-02,Deccan Express Logistics
SO0008750,2025-07-30,2025-07-31,Sahyadri Roadlines
SO0008751,2025-07-30,2025-08-02,Deccan Express Logistics
SO0008752,2025-07-30,2025-08-05,Sahyadri Roadlines
SO0008753,2025-07-30,2025-08-02,Ganga Freight
SO0008754,2025-07-30,2025-08-03,Sahyadri Roadlines
SO0008755,2025-07-30,2025-08-02,Deccan Express Logistics
SO0008760,2025-07-31,2025-08-02,Deccan Express Logistics
SO0008761,2025-07-31,2025-08-04,Ganga Freight
SO0008762,2025-07-31,2025-08-03,Sahyadri Roadlines
SO0008763,2025-07-31,2025-08-01,Sahyadri Roadlines
SO0008764,2025-07-31,2025-08-01,Sahyadri Roadlines
SO0008765,2025-07-31,2025-08-04,Ganga Freight
SO0008766,2025-07-31,2025-08-04,Ganga Freight
SO0008767,2025-07-31,2025-08-02,Ganga Freight
SO0008768,2025-07-31,2025-08-03,Ganga Freight
SO0008769,2025-07-31,2025-08-05,Ganga Freight
SO0008756,2025-07-31,2025-08-02,Sahyadri Roadlines
SO0008757,2025-07-31,2025-08-02,Sahyadri Roadlines
SO0008758,2025-07-31,2025-08-08,Ganga Freight
SO0008772,2025-08-01,2025-08-03,Ganga Freight
SO0008773,2025-08-01,2025-08-04,Deccan Express Logistics
SO0008784,2025-08-01,2025-08-03,Ganga Freight
SO0008774,2025-08-01,2025-08-04,Sahyadri Roadlines
SO0008775,2025-08-01,2025-08-05,Sahyadri Roadlines
SO0008776,2025-08-01,2025-08-02,Deccan Express Logistics
SO0008777,2025-08-01,2025-08-04,Sahyadri Roadlines
SO0008778,2025-08-01,2025-08-03,Ganga Freight
SO0008779,2025-08-01,2025-08-03,Deccan Express Logistics
SO0008780,2025-08-01,2025-08-04,Sahyadri Roadlines
SO0008781,2025-08-01,2025-08-02,Deccan Express Logistics
SO0008759,2025-08-01,2025-08-03,Sahyadri Roadlines
SO0008770,2025-08-01,2025-08-04,Sahyadri Roadlines
SO0008771,2025-08-01,2025-08-04,Sahyadri Roadlines
SO0008782,2025-08-01,2025-08-02,Ganga Freight
SO0008783,2025-08-01,2025-08-03,Deccan Express Logistics
SO0008785,2025-08-02,2025-08-04,Deccan Express Logistics
SO0008786,2025-08-02,2025-08-04,Ganga Freight
SO0008787,2025-08-02,2025-08-04,Deccan Express Logistics
SO0008788,2025-08-02,2025-08-07,Deccan Express Logistics
SO0008789,2025-08-02,2025-08-06,Ganga Freight
SO0008790,2025-08-02,2025-08-05,Ganga Freight
SO0008791,2025-08-02,2025-08-05,Sahyadri Roadlines
SO0008792,2025-08-02,2025-08-05,Sahyadri Roadlines
SO0008793,2025-08-02,2025-08-05,Ganga Freight
SO0008794,2025-08-02,2025-08-09,Deccan Express Logistics
SO0008795,2025-08-04,2025-08-06,Sahyadri Roadlines
SO0008796,2025-08-04,2025-08-05,Deccan Express Logistics
SO0008797,2025-08-04,2025-08-10,Deccan Express Logistics
SO0008798,2025-08-04,2025-08-07,Deccan Express Logistics
SO0008805,2025-08-04,2025-08-07,Sahyadri Roadlines
SO0008799,2025-08-04,2025-08-09,Ganga Freight
SO0008800,2025-08-04,2025-08-06,Deccan Express Logistics
SO0008801,2025-08-04,2025-08-05,Sahyadri Roadlines
SO0008802,2025-08-04,2025-08-07,Sahyadri Roadlines
SO0008803,2025-08-04,2025-08-08,Ganga Freight
SO0008804,2025-08-04,2025-08-09,Sahyadri Roadlines
SO0008806,2025-08-05,2025-08-06,Sahyadri Roadlines
SO0008807,2025-08-05,2025-08-07,Ganga Freight
SO0008808,2025-08-05,2025-08-07,Ganga Freight
SO0008809,2025-08-05,2025-08-07,Deccan Express Logistics
SO0008810,2025-08-05,2025-08-09,Ganga Freight
SO0008811,2025-08-05,2025-08-07,Deccan Express Logistics
SO0008812,2025-08-05,2025-08-08,Ganga Freight
SO0008813,2025-08-05,2025-08-08,Sahyadri Roadlines
SO0008814,2025-08-05,2025-08-06,Sahyadri Roadlines
SO0008815,2025-08-05,2025-08-08,Deccan Express Logistics
SO0008816,2025-08-05,2025-08-10,Ganga Freight
SO0008817,2025-08-06,2025-08-09,Ganga Freight
SO0008818,2025-08-06,2025-08-08,Sahyadri Roadlines
SO0008819,2025-08-06,2025-08-09,Ganga Freight
SO0008820,2025-08-06,2025-08-08,Deccan Express Logistics
SO0008821,2025-08-06,2025-08-07,Sahyadri Roadlines
SO0008822,2025-08-06,2025-08-07,Ganga Freight
SO0008823,2025-08-06,2025-08-07,Deccan Express Logistics
SO0008824,2025-08-06,2025-08-08,Deccan Express Logistics
SO0008825,2025-08-06,2025-08-08,Ganga Freight
SO0008827,2025-08-06,2025-08-08,Deccan Express Logistics
SO0008832,2025-08-07,2025-08-10,Deccan Express Logistics
SO0008833,2025-08-07,2025-08-10,Sahyadri Roadlines
SO0008834,2025-08-07,2025-08-10,Sahyadri Roadlines
SO0008835,2025-08-07,2025-08-08,Ganga Freight
SO0008836,2025-08-07,2025-08-09,Sahyadri Roadlines
SO0008837,2025-08-07,2025-08-09,Sahyadri Roadlines
SO0008838,2025-08-07,2025-08-08,Sahyadri Roadlines
SO0008826,2025-08-07,2025-08-10,Sahyadri Roadlines
SO0008839,2025-08-07,2025-08-08,Sahyadri Roadlines
SO0008840,2025-08-07,2025-08-08,Deccan Express Logistics
SO0008841,2025-08-07,2025-08-09,Sahyadri Roadlines
SO0008828,2025-08-07,2025-08-10,Sahyadri Roadlines
SO0008829,2025-08-07,2025-08-09,Ganga Freight
SO0008830,2025-08-07,2025-08-12,Deccan Express Logistics
SO0008844,2025-08-08,2025-08-09,Deccan Express Logistics
SO0008845,2025-08-08,2025-08-13,Sahyadri Roadlines
SO0008856,2025-08-08,2025-08-12,Deccan Express Logistics
SO0008846,2025-08-08,2025-08-10,Deccan Express Logistics
SO0008847,2025-08-08,2025-08-10,Deccan Express Logistics
SO0008848,2025-08-08,2025-08-13,Sahyadri Roadlines
SO0008849,2025-08-08,2025-08-15,Deccan Express Logistics
SO0008850,2025-08-08,2025-08-10,Sahyadri Roadlines
SO0008851,2025-08-08,2025-08-09,Sahyadri Roadlines
SO0008852,2025-08-08,2025-08-09,Sahyadri Roadlines
SO0008853,2025-08-08,2025-08-10,Deccan Express Logistics
SO0008831,2025-08-08,2025-08-10,Ganga Freight
SO0008842,2025-08-08,2025-08-12,Ganga Freight
SO0008843,2025-08-08,2025-08-13,Sahyadri Roadlines
SO0008854,2025-08-08,2025-08-11,Sahyadri Roadlines
SO0008855,2025-08-08,2025-08-11,Ganga Freight
SO0008857,2025-08-09,2025-08-14,Ganga Freight
SO0008858,2025-08-09,2025-08-11,Sahyadri Roadlines
SO0008859,2025-08-09,2025-08-11,Ganga Freight
SO0008860,2025-08-09,2025-08-13,Ganga Freight
SO0008861,2025-08-09,2025-08-13,Deccan Express Logistics
SO0008862,2025-08-09,2025-08-13,Sahyadri Roadlines
SO0008863,2025-08-09,2025-08-11,Deccan Express Logistics
SO0008864,2025-08-09,2025-08-13,Sahyadri Roadlines
SO0008865,2025-08-09,2025-08-15,Ganga Freight
SO0008866,2025-08-09,2025-08-12,Ganga Freight
SO0008867,2025-08-11,2025-08-16,Sahyadri Roadlines
SO0008868,2025-08-11,2025-08-14,Ganga Freight
SO0008869,2025-08-11,2025-08-15,Sahyadri Roadlines
SO0008870,2025-08-11,2025-08-14,Deccan Express Logistics
SO0008877,2025-08-11,2025-08-16,Deccan Express Logistics
SO0008871,2025-08-11,2025-08-13,Sahyadri Roadlines
SO0008872,2025-08-11,2025-08-13,Deccan Express Logistics
SO0008873,2025-08-11,2025-08-14,Deccan Express Logistics
SO0008874,2025-08-11,2025-08-13,Deccan Express Logistics
SO0008875,2025-08-11,2025-08-16,Deccan Express Logistics
SO0008876,2025-08-11,2025-08-15,Deccan Express Logistics
SO0008878,2025-08-12,2025-08-14,Ganga Freight
SO0008879,2025-08-12,2025-08-14,Ganga Freight
SO0008880,2025-08-12,2025-08-13,Sahyadri Roadlines
SO0008881,2025-08-12,2025-08-17,Deccan Express Logistics
SO0008882,2025-08-12,2025-08-14,Deccan Express Logistics
SO0008883,2025-08-12,2025-08-15,Ganga Freight
SO0008884,2025-08-12,2025-08-15,Ganga Freight
SO0008885,2025-08-12,2025-08-14,Ganga Freight
SO0008887,2025-08-12,2025-08-17,Deccan Express Logistics
SO0008888,2025-08-12,2025-08-19,Sahyadri Roadlines
SO0008889,2025-08-13,2025-08-15,Ganga Freight
SO0008890,2025-08-13,2025-08-16,Sahyadri Roadlines
SO0008891,2025-08-13,2025-08-18,Deccan Express Logistics
SO0008892,2025-08-13,2025-08-14,Ganga Freight
SO0008886,2025-08-13,2025-08-14,Sahyadri Roadlines
SO0008893,2025-08-13,2025-08-14,Deccan Express Logistics
SO0008894,2025-08-13,2025-08-16,Ganga Freight
SO0008895,2025-08-13,2025-08-14,Ganga Freight
SO0008896,2025-08-13,2025-08-16,Sahyadri Roadlines
SO0008897,2025-08-13,2025-08-14,Sahyadri Roadlines
SO0008899,2025-08-13,2025-08-17,Deccan Express Logistics
SO0008904,2025-08-14,2025-08-17,Deccan Express Logistics
SO0008905,2025-08-14,2025-08-20,Sahyadri Roadlines
SO0008906,2025-08-14,2025-08-15,Sahyadri Roadlines
SO0008907,2025-08-14,2025-08-16,Ganga Freight
SO0008908,2025-08-14,2025-08-15,Ganga Freight
SO0008909,2025-08-14,2025-08-17,Deccan Express Logistics
SO0008910,2025-08-14,2025-08-15,Ganga Freight
SO0008898,2025-08-14,2025-08-17,Ganga Freight
SO0008911,2025-08-14,2025-08-15,Sahyadri Roadlines
SO0008912,2025-08-14,2025-08-16,Deccan Express Logistics
SO0008913,2025-08-14,2025-08-19,Sahyadri Roadlines
SO0008900,2025-08-14,2025-08-19,Deccan Express Logistics
SO0008901,2025-08-14,2025-08-20,Ganga Freight
SO0008902,2025-08-14,2025-08-18,Deccan Express Logistics
SO0008916,2025-08-15,2025-08-17,Ganga Freight
SO0008917,2025-08-15,2025-08-18,Ganga Freight
SO0008928,2025-08-15,2025-08-19,Deccan Express Logistics
SO0008918,2025-08-15,2025-08-16,Deccan Express Logistics
SO0008919,2025-08-15,2025-08-16,Ganga Freight
SO0008920,2025-08-15,2025-08-18,Sahyadri Roadlines
SO0008921,2025-08-15,2025-08-20,Ganga Freight
SO0008922,2025-08-15,2025-08-18,Ganga Freight
SO0008923,2025-08-15,2025-08-16,Deccan Express Logistics
SO0008924,2025-08-15,2025-08-17,Deccan Express Logistics
SO0008925,2025-08-15,2025-08-17,Ganga Freight
SO0008903,2025-08-15,2025-08-18,Sahyadri Roadlines
SO0008914,2025-08-15,2025-08-17,Sahyadri Roadlines
SO0008915,2025-08-15,2025-08-17,Ganga Freight
SO0008926,2025-08-15,2025-08-17,Deccan Express Logistics
SO0008929,2025-08-16,2025-08-22,Ganga Freight
SO0008930,2025-08-16,2025-08-19,Deccan Express Logistics
SO0008931,2025-08-16,2025-08-18,Ganga Freight
SO0008932,2025-08-16,2025-08-19,Deccan Express Logistics
SO0008933,2025-08-16,2025-08-19,Deccan Express Logistics
SO0008934,2025-08-16,2025-08-18,Ganga Freight
SO0008935,2025-08-16,2025-08-22,Ganga Freight
SO0008936,2025-08-16,2025-08-18,Sahyadri Roadlines
SO0008927,2025-08-16,2025-08-21,Ganga Freight
SO0008937,2025-08-16,2025-08-20,Deccan Express Logistics
SO0008938,2025-08-16,2025-08-18,Deccan Express Logistics
SO0008939,2025-08-18,2025-08-21,Sahyadri Roadlines
SO0008940,2025-08-18,2025-08-19,Deccan Express Logistics
SO0008941,2025-08-18,2025-08-23,Deccan Express Logistics
SO0008942,2025-08-18,2025-08-20,Sahyadri Roadlines
SO0008949,2025-08-18,2025-08-23,Deccan Express Logistics
SO0008943,2025-08-18,2025-08-21,Ganga Freight
SO0008944,2025-08-18,2025-08-20,Deccan Express Logistics
SO0008945,2025-08-18,2025-08-19,Deccan Express Logistics
SO0008946,2025-08-18,2025-08-20,Ganga Freight
SO0008947,2025-08-18,2025-08-22,Ganga Freight
SO0008948,2025-08-18,2025-08-22,Ganga Freight
SO0008950,2025-08-19,2025-08-21,Deccan Express Logistics
SO0008951,2025-08-19,2025-08-22,Ganga Freight
SO0008952,2025-08-19,2025-08-21,Deccan Express Logistics
SO0008953,2025-08-19,2025-08-21,Sahyadri Roadlines
SO0008954,2025-08-19,2025-08-23,Ganga Freight
SO0008955,2025-08-19,2025-08-20,Deccan Express Logistics
SO0008956,2025-08-19,2025-08-21,Deccan Express Logistics
SO0008957,2025-08-19,2025-08-22,Deccan Express Logistics
SO0008958,2025-08-19,2025-08-21,Deccan Express Logistics
SO0008959,2025-08-19,2025-08-22,Deccan Express Logistics
SO0008960,2025-08-19,2025-08-22,Deccan Express Logistics
SO0008961,2025-08-20,2025-08-21,Deccan Express Logistics
SO0008962,2025-08-20,2025-08-23,Sahyadri Roadlines
SO0008963,2025-08-20,2025-08-23,Sahyadri Roadlines
SO0008964,2025-08-20,2025-08-21,Ganga Freight
SO0008965,2025-08-20,2025-08-21,Deccan Express Logistics
SO0008966,2025-08-20,2025-08-22,Sahyadri Roadlines
SO0008967,2025-08-20,2025-08-21,Sahyadri Roadlines
SO0008968,2025-08-20,2025-08-25,Ganga Freight
SO0008969,2025-08-20,2025-08-23,Sahyadri Roadlines
SO0008971,2025-08-20,2025-08-22,Sahyadri Roadlines
SO0008976,2025-08-21,2025-08-23,Deccan Express Logistics
SO0008977,2025-08-21,2025-08-24,Ganga Freight
SO0008978,2025-08-21,2025-08-23,Sahyadri Roadlines
SO0008979,2025-08-21,2025-08-22,Deccan Express Logistics
SO0008980,2025-08-21,2025-08-23,Sahyadri Roadlines
SO0008981,2025-08-21,2025-08-23,Ganga Freight
SO0008982,2025-08-21,2025-08-23,Ganga Freight
SO0008970,2025-08-21,2025-08-24,Deccan Express Logistics
SO0008983,2025-08-21,2025-08-23,Ganga Freight
SO0008984,2025-08-21,2025-08-22,Sahyadri Roadlines
SO0008985,2025-08-21,2025-08-24,Sahyadri Roadlines
SO0008972,2025-08-21,2025-08-26,Ganga Freight
SO0008973,2025-08-21,2025-08-24,Deccan Express Logistics
SO0008974,2025-08-21,2025-08-25,Deccan Express Logistics
SO0008988,2025-08-22,2025-08-24,Sahyadri Roadlines
SO0008989,2025-08-22,2025-08-26,Deccan Express Logistics
SO0009000,2025-08-22,2025-08-24,Sahyadri Roadlines
SO0008990,2025-08-22,2025-08-23,Sahyadri Roadlines
SO0008991,2025-08-22,2025-08-23,Deccan Express Logistics
SO0008992,2025-08-22,2025-08-23,Deccan Express Logistics
SO0008994,2025-08-22,2025-08-24,Deccan Express Logistics
SO0008995,2025-08-22,2025-08-23,Ganga Freight
SO0008996,2025-08-22,2025-08-23,Ganga Freight
SO0008997,2025-08-22,2025-08-23,Deccan Express Logistics
SO0008975,2025-08-22,2025-08-24,Sahyadri Roadlines
SO0008986,2025-08-22,2025-08-27,Sahyadri Roadlines
SO0008987,2025-08-22,2025-08-24,Sahyadri Roadlines
SO0008998,2025-08-22,2025-08-23,Deccan Express Logistics
SO0009001,2025-08-23,2025-08-28,Ganga Freight
SO0009002,2025-08-23,2025-08-25,Sahyadri Roadlines
SO0009003,2025-08-23,2025-08-26,Deccan Express Logistics
SO0009004,2025-08-23,2025-08-29,Ganga Freight
SO0009005,2025-08-23,2025-08-26,Sahyadri Roadlines
SO0008993,2025-08-23,2025-08-26,Sahyadri Roadlines
SO0009006,2025-08-23,2025-08-27,Ganga Freight
SO0009007,2025-08-23,2025-08-25,Sahyadri Roadlines
SO0009008,2025-08-23,2025-08-25,Ganga Freight
SO0008999,2025-08-23,2025-08-25,Deccan Express Logistics
SO0009009,2025-08-23,2025-08-26,Deccan Express Logistics
SO0009010,2025-08-23,2025-08-25,Deccan Express Logistics
SO0009011,2025-08-25,2025-08-27,Sahyadri Roadlines
SO0009012,2025-08-25,2025-08-27,Deccan Express Logistics
SO0009013,2025-08-25,2025-08-31,Sahyadri Roadlines
SO0009014,2025-08-25,2025-08-30,Ganga Freight
SO0009021,2025-08-25,2025-08-29,Deccan Express Logistics
SO0009015,2025-08-25,2025-08-28,Ganga Freight
SO0009016,2025-08-25,2025-08-30,Ganga Freight
SO0009017,2025-08-25,2025-08-28,Deccan Express Logistics
SO0009018,2025-08-25,2025-08-27,Sahyadri Roadlines
SO0009019,2025-08-25,2025-08-27,Ganga Freight
SO0009020,2025-08-25,2025-08-29,Sahyadri Roadlines
SO0009022,2025-08-26,2025-08-27,Deccan Express Logistics
SO0009023,2025-08-26,2025-08-28,Sahyadri Roadlines
SO0009024,2025-08-26,2025-08-28,Ganga Freight
SO0009025,2025-08-26,2025-08-28,Sahyadri Roadlines
SO0009026,2025-08-26,2025-08-30,Ganga Freight
SO0009027,2025-08-26,2025-08-27,Deccan Express Logistics
SO0009028,2025-08-26,2025-08-29,Deccan Express Logistics
SO0009029,2025-08-26,2025-08-30,Sahyadri Roadlines
SO0009031,2025-08-26,2025-08-29,Sahyadri Roadlines
SO0009032,2025-08-26,2025-09-01,Ganga Freight
SO0009033,2025-08-27,2025-08-28,Deccan Express Logistics
SO0009034,2025-08-27,2025-08-30,Sahyadri Roadlines
SO0009035,2025-08-27,2025-08-30,Sahyadri Roadlines
SO0009036,2025-08-27,2025-08-28,Ganga Freight
SO0009030,2025-08-27,2025-08-29,Sahyadri Roadlines
SO0009037,2025-08-27,2025-08-29,Sahyadri Roadlines
SO0009038,2025-08-27,2025-08-28,Deccan Express Logistics
SO0009039,2025-08-27,2025-08-30,Ganga Freight
SO0009040,2025-08-27,2025-08-29,Deccan Express Logistics
SO0009041,2025-08-27,2025-08-31,Deccan Express Logistics
SO0009043,2025-08-27,2025-08-29,Sahyadri Roadlines
SO0009048,2025-08-28,2025-08-31,Deccan Express Logistics
SO0009049,2025-08-28,2025-08-31,Sahyadri Roadlines
SO0009050,2025-08-28,2025-08-29,Sahyadri Roadlines
SO0009051,2025-08-28,2025-09-03,Deccan Express Logistics
SO0009052,2025-08-28,2025-08-29,Deccan Express Logistics
SO0009053,2025-08-28,2025-09-02,Ganga Freight
SO0009054,2025-08-28,2025-08-29,Sahyadri Roadlines
SO0009042,2025-08-28,2025-08-30,Deccan Express Logistics
SO0009055,2025-08-28,2025-08-30,Sahyadri Roadlines
SO0009056,2025-08-28,2025-08-29,Ganga Freight
SO0009057,2025-08-28,2025-08-30,Ganga Freight
SO0009044,2025-08-28,2025-09-01,Sahyadri Roadlines
SO0009045,2025-08-28,2025-08-30,Ganga Freight
SO0009046,2025-08-28,2025-09-03,Ganga Freight
SO0009060,2025-08-29,2025-08-30,Ganga Freight
SO0009061,2025-08-29,2025-09-01,Sahyadri Roadlines
SO0009072,2025-08-29,2025-09-01,Deccan Express Logistics
SO0009062,2025-08-29,2025-09-02,Sahyadri Roadlines
SO0009063,2025-08-29,2025-08-31,Ganga Freight
SO0009064,2025-08-29,2025-08-31,Ganga Freight
SO0009065,2025-08-29,2025-08-31,Sahyadri Roadlines
SO0009066,2025-08-29,2025-09-01,Deccan Express Logistics
SO0009067,2025-08-29,2025-09-01,Sahyadri Roadlines
SO0009068,2025-08-29,2025-08-31,Deccan Express Logistics
SO0009069,2025-08-29,2025-09-01,Ganga Freight
SO0009047,2025-08-29,2025-08-31,Deccan Express Logistics
SO0009058,2025-08-29,2025-09-01,Sahyadri Roadlines
SO0009059,2025-08-29,2025-09-02,Ganga Freight
SO0009070,2025-08-29,2025-09-02,Ganga Freight
SO0009073,2025-08-30,2025-09-04,Sahyadri Roadlines
SO0009074,2025-08-30,2025-09-03,Ganga Freight
SO0009075,2025-08-30,2025-09-02,Ganga Freight
SO0009076,2025-08-30,2025-09-02,Sahyadri Roadlines
SO0009077,2025-08-30,2025-09-03,Ganga Freight
SO0009078,2025-08-30,2025-09-01,Sahyadri Roadlines
SO0009079,2025-08-30,2025-09-05,Sahyadri Roadlines
SO0009080,2025-08-30,2025-09-01,Ganga Freight
SO0009071,2025-08-30,2025-09-01,Deccan Express Logistics
SO0009081,2025-08-30,2025-09-02,Ganga Freight
SO0009082,2025-08-30,2025-09-06,Ganga Freight
SO0009083,2025-09-01,2025-09-04,Ganga Freight
SO0009084,2025-09-01,2025-09-02,Deccan Express Logistics
SO0009085,2025-09-01,2025-09-07,Sahyadri Roadlines
SO0009086,2025-09-01,2025-09-03,Ganga Freight
SO0009093,2025-09-01,2025-09-04,Deccan Express Logistics
SO0009087,2025-09-01,2025-09-03,Ganga Freight
SO0009088,2025-09-01,2025-09-02,Sahyadri Roadlines
SO0009089,2025-09-01,2025-09-03,Deccan Express Logistics
SO0009090,2025-09-01,2025-09-04,Ganga Freight
SO0009091,2025-09-01,2025-09-03,Sahyadri Roadlines
SO0009092,2025-09-01,2025-09-04,Deccan Express Logistics
SO0009094,2025-09-02,2025-09-03,Ganga Freight
SO0009095,2025-09-02,2025-09-03,Ganga Freight
SO0009096,2025-09-02,2025-09-03,Sahyadri Roadlines
SO0009097,2025-09-02,2025-09-05,Sahyadri Roadlines
SO0009098,2025-09-02,2025-09-05,Sahyadri Roadlines
SO0009099,2025-09-02,2025-09-03,Sahyadri Roadlines
SO0009100,2025-09-02,2025-09-04,Deccan Express Logistics
SO0009101,2025-09-02,2025-09-04,Sahyadri Roadlines
SO0009102,2025-09-02,2025-09-05,Ganga Freight
SO0009103,2025-09-02,2025-09-06,Deccan Express Logistics
SO0009104,2025-09-02,2025-09-06,Sahyadri Roadlines
SO0009105,2025-09-03,2025-09-04,Sahyadri Roadlines
SO0009106,2025-09-03,2025-09-06,Sahyadri Roadlines
SO0009107,2025-09-03,2025-09-06,Deccan Express Logistics
SO0009108,2025-09-03,2025-09-04,Deccan Express Logistics
SO0009109,2025-09-03,2025-09-04,Deccan Express Logistics
SO0009110,2025-09-03,2025-09-04,Deccan Express Logistics
SO0009111,2025-09-03,2025-09-04,Sahyadri Roadlines
SO0009112,2025-09-03,2025-09-06,Deccan Express Logistics
SO0009113,2025-09-03,2025-09-07,Deccan Express Logistics
SO0009115,2025-09-03,2025-09-06,Ganga Freight
SO0009120,2025-09-04,2025-09-09,Ganga Freight
SO0009121,2025-09-04,2025-09-07,Ganga Freight
SO0009122,2025-09-04,2025-09-06,Sahyadri Roadlines
SO0009123,2025-09-04,2025-09-05,Deccan Express Logistics
SO0009124,2025-09-04,2025-09-06,Ganga Freight
SO0009125,2025-09-04,2025-09-07,Ganga Freight
SO0009126,2025-09-04,2025-09-05,Sahyadri Roadlines
SO0009114,2025-09-04,2025-09-06,Sahyadri Roadlines
SO0009127,2025-09-04,2025-09-07,Deccan Express Logistics
SO0009128,2025-09-04,2025-09-06,Deccan Express Logistics
SO0009129,2025-09-04,2025-09-08,Deccan Express Logistics
SO0009116,2025-09-04,2025-09-06,Deccan Express Logistics
SO0009117,2025-09-04,2025-09-05,Ganga Freight
SO0009118,2025-09-04,2025-09-10,Ganga Freight
SO0009132,2025-09-05,2025-09-07,Sahyadri Roadlines
SO0009133,2025-09-05,2025-09-08,Sahyadri Roadlines
SO0009144,2025-09-05,2025-09-08,Ganga Freight
SO0009134,2025-09-05,2025-09-08,Ganga Freight
SO0009135,2025-09-05,2025-09-08,Deccan Express Logistics
SO0009136,2025-09-05,2025-09-06,Ganga Freight
SO0009137,2025-09-05,2025-09-09,Ganga Freight
SO0009138,2025-09-05,2025-09-07,Ganga Freight
SO0009139,2025-09-05,2025-09-07,Sahyadri Roadlines
SO0009140,2025-09-05,2025-09-06,Sahyadri Roadlines
SO0009141,2025-09-05,2025-09-07,Sahyadri Roadlines
SO0009119,2025-09-05,2025-09-07,Deccan Express Logistics
SO0009130,2025-09-05,2025-09-07,Deccan Express Logistics
SO0009131,2025-09-05,2025-09-09,Ganga Freight
SO0009142,2025-09-05,2025-09-07,Sahyadri Roadlines
SO0009145,2025-09-06,2025-09-08,Ganga Freight
SO0009146,2025-09-06,2025-09-08,Deccan Express Logistics
SO0009147,2025-09-06,2025-09-08,Deccan Express Logistics
SO0009148,2025-09-06,2025-09-13,Sahyadri Roadlines
SO0009149,2025-09-06,2025-09-09,Deccan Express Logistics
SO0009150,2025-09-06,2025-09-08,Sahyadri Roadlines
SO0009151,2025-09-06,2025-09-10,Ganga Freight
SO0009152,2025-09-06,2025-09-09,Ganga Freight
SO0009143,2025-09-06,2025-09-07,Sahyadri Roadlines
SO0009153,2025-09-06,2025-09-10,Ganga Freight
SO0009154,2025-09-06,2025-09-11,Deccan Express Logistics
SO0009155,2025-09-08,2025-09-11,Ganga Freight
SO0009156,2025-09-08,2025-09-10,Ganga Freight
SO0009157,2025-09-08,2025-09-12,Ganga Freight
SO0009158,2025-09-08,2025-09-11,Deccan Express Logistics
SO0009165,2025-09-08,2025-09-13,Sahyadri Roadlines
SO0009159,2025-09-08,2025-09-10,Deccan Express Logistics
SO0009160,2025-09-08,2025-09-12,Ganga Freight
SO0009161,2025-09-08,2025-09-09,Ganga Freight
SO0009162,2025-09-08,2025-09-11,Deccan Express Logistics
SO0009163,2025-09-08,2025-09-10,Ganga Freight
SO0009164,2025-09-08,2025-09-13,Ganga Freight
SO0009166,2025-09-09,2025-09-10,Sahyadri Roadlines
SO0009167,2025-09-09,2025-09-13,Sahyadri Roadlines
SO0009168,2025-09-09,2025-09-11,Ganga Freight
SO0009169,2025-09-09,2025-09-12,Ganga Freight
SO0009170,2025-09-09,2025-09-13,Deccan Express Logistics
SO0009171,2025-09-09,2025-09-10,Ganga Freight
SO0009172,2025-09-09,2025-09-11,Sahyadri Roadlines
SO0009173,2025-09-09,2025-09-13,Sahyadri Roadlines
SO0009174,2025-09-09,2025-09-11,Deccan Express Logistics
SO0009175,2025-09-09,2025-09-13,Sahyadri Roadlines
SO0009176,2025-09-09,2025-09-15,Ganga Freight
SO0009177,2025-09-10,2025-09-11,Deccan Express Logistics
SO0009178,2025-09-10,2025-09-13,Deccan Express Logistics
SO0009179,2025-09-10,2025-09-13,Ganga Freight
SO0009180,2025-09-10,2025-09-11,Sahyadri Roadlines
SO0009181,2025-09-10,2025-09-11,Ganga Freight
SO0009182,2025-09-10,2025-09-12,Deccan Express Logistics
SO0009183,2025-09-10,2025-09-12,Deccan Express Logistics
SO0009184,2025-09-10,2025-09-13,Ganga Freight
SO0009185,2025-09-10,2025-09-12,Sahyadri Roadlines
SO0009187,2025-09-10,2025-09-11,Sahyadri Roadlines
SO0009192,2025-09-11,2025-09-14,Deccan Express Logistics
SO0009193,2025-09-11,2025-09-15,Deccan Express Logistics
SO0009194,2025-09-11,2025-09-13,Ganga Freight
SO0009195,2025-09-11,2025-09-14,Ganga Freight
SO0009196,2025-09-11,2025-09-13,Deccan Express Logistics
SO0009197,2025-09-11,2025-09-13,Sahyadri Roadlines
SO0009198,2025-09-11,2025-09-12,Deccan Express Logistics
SO0009186,2025-09-11,2025-09-14,Deccan Express Logistics
SO0009199,2025-09-11,2025-09-12,Ganga Freight
SO0009200,2025-09-11,2025-09-12,Deccan Express Logistics
SO0009201,2025-09-11,2025-09-14,Ganga Freight
SO0009188,2025-09-11,2025-09-14,Deccan Express Logistics
SO0009189,2025-09-11,2025-09-12,Ganga Freight
SO0009190,2025-09-11,2025-09-17,Deccan Express Logistics
SO0009204,2025-09-12,2025-09-13,Deccan Express Logistics
SO0009205,2025-09-12,2025-09-19,Deccan Express Logistics
SO0009216,2025-09-12,2025-09-16,Sahyadri Roadlines
SO0009206,2025-09-12,2025-09-14,Deccan Express Logistics
SO0009207,2025-09-12,2025-09-13,Sahyadri Roadlines
SO0009208,2025-09-12,2025-09-13,Deccan Express Logistics
SO0009209,2025-09-12,2025-09-17,Sahyadri Roadlines
SO0009210,2025-09-12,2025-09-14,Sahyadri Roadlines
SO0009211,2025-09-12,2025-09-14,Ganga Freight
SO0009212,2025-09-12,2025-09-15,Ganga Freight
SO0009213,2025-09-12,2025-09-14,Deccan Express Logistics
SO0009191,2025-09-12,2025-09-14,Sahyadri Roadlines
SO0009202,2025-09-12,2025-09-15,Ganga Freight
SO0009203,2025-09-12,2025-09-15,Ganga Freight
SO0009214,2025-09-12,2025-09-16,Ganga Freight
SO0009217,2025-09-13,2025-09-16,Deccan Express Logistics
SO0009218,2025-09-13,2025-09-16,Sahyadri Roadlines
SO0009219,2025-09-13,2025-09-17,Deccan Express Logistics
SO0009220,2025-09-13,2025-09-18,Deccan Express Logistics
SO0009221,2025-09-13,2025-09-16,Ganga Freight
SO0009222,2025-09-13,2025-09-15,Deccan Express Logistics
SO0009223,2025-09-13,2025-09-15,Deccan Express Logistics
SO0009224,2025-09-13,2025-09-15,Ganga Freight
SO0009215,2025-09-13,2025-09-17,Sahyadri Roadlines
SO0009225,2025-09-13,2025-09-17,Sahyadri Roadlines
SO0009226,2025-09-13,2025-09-17,Sahyadri Roadlines
SO0009227,2025-09-15,2025-09-18,Ganga Freight
SO0009228,2025-09-15,2025-09-18,Sahyadri Roadlines
SO0009229,2025-09-15,2025-09-21,Deccan Express Logistics
SO0009230,2025-09-15,2025-09-18,Deccan Express Logistics
SO0009237,2025-09-15,2025-09-18,Deccan Express Logistics
SO0009231,2025-09-15,2025-09-18,Deccan Express Logistics
SO0009232,2025-09-15,2025-09-18,Ganga Freight
SO0009233,2025-09-15,2025-09-16,Deccan Express Logistics
SO0009234,2025-09-15,2025-09-17,Ganga Freight
SO0009235,2025-09-15,2025-09-19,Ganga Freight
SO0009236,2025-09-15,2025-09-19,Deccan Express Logistics
SO0009238,2025-09-16,2025-09-19,Deccan Express Logistics
SO0009239,2025-09-16,2025-09-18,Sahyadri Roadlines
SO0009240,2025-09-16,2025-09-17,Ganga Freight
SO0009241,2025-09-16,2025-09-20,Sahyadri Roadlines
SO0009242,2025-09-16,2025-09-18,Sahyadri Roadlines
SO0009243,2025-09-16,2025-09-19,Sahyadri Roadlines
SO0009244,2025-09-16,2025-09-17,Deccan Express Logistics
SO0009245,2025-09-16,2025-09-22,Sahyadri Roadlines
SO0009246,2025-09-16,2025-09-17,Deccan Express Logistics
SO0009247,2025-09-16,2025-09-20,Sahyadri Roadlines
SO0009248,2025-09-16,2025-09-19,Deccan Express Logistics
SO0009249,2025-09-17,2025-09-18,Sahyadri Roadlines
SO0009250,2025-09-17,2025-09-20,Deccan Express Logistics
SO0009251,2025-09-17,2025-09-20,Sahyadri Roadlines
SO0009252,2025-09-17,2025-09-20,Ganga Freight
SO0009253,2025-09-17,2025-09-19,Sahyadri Roadlines
SO0009254,2025-09-17,2025-09-20,Deccan Express Logistics
SO0009255,2025-09-17,2025-09-19,Deccan Express Logistics
SO0009256,2025-09-17,2025-09-20,Ganga Freight
SO0009257,2025-09-17,2025-09-21,Ganga Freight
SO0009258,2025-09-17,2025-09-19,Sahyadri Roadlines
SO0009259,2025-09-17,2025-09-19,Sahyadri Roadlines
SO0009264,2025-09-18,2025-09-22,Deccan Express Logistics
SO0009265,2025-09-18,2025-09-23,Deccan Express Logistics
SO0009266,2025-09-18,2025-09-19,Sahyadri Roadlines
SO0009267,2025-09-18,2025-09-19,Sahyadri Roadlines
SO0009268,2025-09-18,2025-09-19,Deccan Express Logistics
SO0009269,2025-09-18,2025-09-21,Deccan Express Logistics
SO0009270,2025-09-18,2025-09-19,Sahyadri Roadlines
SO0009271,2025-09-18,2025-09-21,Ganga Freight
SO0009272,2025-09-18,2025-09-21,Sahyadri Roadlines
SO0009273,2025-09-18,2025-09-22,Deccan Express Logistics
SO0009260,2025-09-18,2025-09-22,Sahyadri Roadlines
SO0009261,2025-09-18,2025-09-20,Deccan Express Logistics
SO0009262,2025-09-18,2025-09-21,Ganga Freight
SO0009276,2025-09-19,2025-09-20,Ganga Freight
SO0009277,2025-09-19,2025-09-23,Sahyadri Roadlines
SO0009288,2025-09-19,2025-09-22,Ganga Freight
SO0009278,2025-09-19,2025-09-22,Sahyadri Roadlines
SO0009279,2025-09-19,2025-09-22,Deccan Express Logistics
SO0009280,2025-09-19,2025-09-21,Deccan Express Logistics
SO0009281,2025-09-19,2025-09-22,Sahyadri Roadlines
SO0009282,2025-09-19,2025-09-21,Ganga Freight
SO0009283,2025-09-19,2025-09-21,Deccan Express Logistics
SO0009284,2025-09-19,2025-09-20,Sahyadri Roadlines
SO0009285,2025-09-19,2025-09-21,Ganga Freight
SO0009263,2025-09-19,2025-09-21,Deccan Express Logistics
SO0009274,2025-09-19,2025-09-22,Deccan Express Logistics
SO0009275,2025-09-19,2025-09-22,Deccan Express Logistics
SO0009286,2025-09-19,2025-09-25,Sahyadri Roadlines
SO0009287,2025-09-19,2025-09-22,Sahyadri Roadlines
SO0009289,2025-09-20,2025-09-24,Sahyadri Roadlines
SO0009290,2025-09-20,2025-09-23,Deccan Express Logistics
SO0009291,2025-09-20,2025-09-25,Sahyadri Roadlines
SO0009292,2025-09-20,2025-09-25,Ganga Freight
SO0009293,2025-09-20,2025-09-24,Deccan Express Logistics
SO0009294,2025-09-20,2025-09-22,Sahyadri Roadlines
SO0009295,2025-09-20,2025-09-24,Ganga Freight
SO0009296,2025-09-20,2025-09-23,Sahyadri Roadlines
SO0009297,2025-09-20,2025-09-25,Ganga Freight
SO0009298,2025-09-20,2025-09-22,Ganga Freight
SO0009299,2025-09-22,2025-09-24,Deccan Express Logistics
SO0009300,2025-09-22,2025-09-23,Deccan Express Logistics
SO0009301,2025-09-22,2025-09-29,Ganga Freight
SO0009302,2025-09-22,2025-09-25,Sahyadri Roadlines
SO0009309,2025-09-22,2025-09-25,Deccan Express Logistics
SO0009303,2025-09-22,2025-09-25,Ganga Freight
SO0009304,2025-09-22,2025-09-26,Deccan Express Logistics
SO0009305,2025-09-22,2025-09-24,Deccan Express Logistics
SO0009306,2025-09-22,2025-09-26,Ganga Freight
SO0009307,2025-09-22,2025-09-24,Sahyadri Roadlines
SO0009308,2025-09-22,2025-09-28,Ganga Freight
SO0009310,2025-09-23,2025-09-24,Ganga Freight
SO0009311,2025-09-23,2025-09-24,Deccan Express Logistics
SO0009312,2025-09-23,2025-09-25,Ganga Freight
SO0009313,2025-09-23,2025-09-26,Ganga Freight
SO0009314,2025-09-23,2025-09-26,Ganga Freight
SO0009315,2025-09-23,2025-09-25,Deccan Express Logistics
SO0009316,2025-09-23,2025-09-26,Deccan Express Logistics
SO0009317,2025-09-23,2025-09-26,Ganga Freight
SO0009318,2025-09-23,2025-09-26,Ganga Freight
SO0009319,2025-09-23,2025-09-26,Sahyadri Roadlines
SO0009320,2025-09-23,2025-10-01,Deccan Express Logistics
SO0009321,2025-09-24,2025-09-25,Sahyadri Roadlines
SO0009322,2025-09-24,2025-09-26,Deccan Express Logistics
SO0009323,2025-09-24,2025-09-27,Sahyadri Roadlines
SO0009324,2025-09-24,2025-09-27,Ganga Freight
SO0009325,2025-09-24,2025-09-25,Deccan Express Logistics
SO0009326,2025-09-24,2025-09-30,Ganga Freight
SO0009327,2025-09-24,2025-09-25,Deccan Express Logistics
SO0009328,2025-09-24,2025-09-28,Ganga Freight
SO0009329,2025-09-24,2025-09-25,Sahyadri Roadlines
SO0009330,2025-09-24,2025-09-28,Sahyadri Roadlines
SO0009331,2025-09-24,2025-09-27,Ganga Freight
SO0009336,2025-09-25,2025-09-28,Sahyadri Roadlines
SO0009337,2025-09-25,2025-09-28,Ganga Freight
SO0009338,2025-09-25,2025-09-27,Ganga Freight
SO0009339,2025-09-25,2025-09-26,Sahyadri Roadlines
SO0009340,2025-09-25,2025-09-27,Sahyadri Roadlines
SO0009341,2025-09-25,2025-09-29,Ganga Freight
SO0009342,2025-09-25,2025-09-28,Deccan Express Logistics
SO0009343,2025-09-25,2025-09-28,Sahyadri Roadlines
SO0009344,2025-09-25,2025-09-27,Deccan Express Logistics
SO0009345,2025-09-25,2025-09-27,Sahyadri Roadlines
SO0009332,2025-09-25,2025-09-27,Deccan Express Logistics
SO0009333,2025-09-25,2025-09-28,Sahyadri Roadlines
SO0009334,2025-09-25,2025-09-28,Deccan Express Logistics
SO0009348,2025-09-26,2025-09-28,Ganga Freight
SO0009349,2025-09-26,2025-09-29,Deccan Express Logistics
SO0009360,2025-09-26,2025-09-28,Deccan Express Logistics
SO0009350,2025-09-26,2025-10-01,Deccan Express Logistics
SO0009351,2025-09-26,2025-09-29,Ganga Freight
SO0009352,2025-09-26,2025-09-30,Sahyadri Roadlines
SO0009353,2025-09-26,2025-09-29,Sahyadri Roadlines
SO0009354,2025-09-26,2025-09-27,Ganga Freight
SO0009355,2025-09-26,2025-09-30,Ganga Freight
SO0009356,2025-09-26,2025-09-28,Ganga Freight
SO0009357,2025-09-26,2025-09-28,Deccan Express Logistics
SO0009335,2025-09-26,2025-09-28,Ganga Freight
SO0009346,2025-09-26,2025-10-03,Deccan Express Logistics
SO0009347,2025-09-26,2025-09-28,Sahyadri Roadlines
SO0009358,2025-09-26,2025-09-28,Deccan Express Logistics
SO0009359,2025-09-26,2025-10-01,Ganga Freight
SO0009361,2025-09-27,2025-09-30,Ganga Freight
SO0009362,2025-09-27,2025-10-01,Deccan Express Logistics
SO0009363,2025-09-27,2025-09-29,Sahyadri Roadlines
SO0009364,2025-09-27,2025-09-30,Ganga Freight
SO0009365,2025-09-27,2025-09-30,Ganga Freight
SO0009366,2025-09-27,2025-09-30,Sahyadri Roadlines
SO0009367,2025-09-27,2025-10-02,Deccan Express Logistics
SO0009368,2025-09-27,2025-09-29,Deccan Express Logistics
SO0009369,2025-09-27,2025-09-29,Deccan Express Logistics
SO0009370,2025-09-27,2025-10-02,Deccan Express Logistics
SO0009371,2025-09-29,2025-10-02,Deccan Express Logistics
SO0009372,2025-09-29,2025-10-01,Deccan Express Logistics
SO0009373,2025-09-29,2025-10-03,Sahyadri Roadlines
SO0009374,2025-09-29,2025-10-02,Ganga Freight
SO0009381,2025-09-29,2025-10-03,Deccan Express Logistics
SO0009375,2025-09-29,2025-10-03,Ganga Freight
SO0009376,2025-09-29,2025-10-01,Ganga Freight
SO0009377,2025-09-29,2025-10-01,Sahyadri Roadlines
SO0009378,2025-09-29,2025-10-01,Sahyadri Roadlines
SO0009379,2025-09-29,2025-10-02,Sahyadri Roadlines
SO0009380,2025-09-29,2025-10-03,Sahyadri Roadlines
SO0009382,2025-09-30,2025-10-01,Deccan Express Logistics
SO0009383,2025-09-30,2025-10-01,Sahyadri Roadlines
SO0009384,2025-09-30,2025-10-02,Ganga Freight
SO0009385,2025-09-30,2025-10-03,Sahyadri Roadlines
SO0009386,2025-09-30,2025-10-02,Sahyadri Roadlines
SO0009387,2025-09-30,2025-10-01,Ganga Freight
SO0009388,2025-09-30,2025-10-02,Ganga Freight
SO0009389,2025-09-30,2025-10-04,Ganga Freight
SO0009391,2025-09-30,2025-10-04,Deccan Express Logistics
SO0009392,2025-09-30,2025-10-03,Sahyadri Roadlines
SO0009393,2025-10-01,2025-10-02,Deccan Express Logistics
SO0009394,2025-10-01,2025-10-04,Deccan Express Logistics
SO0009395,2025-10-01,2025-10-04,Sahyadri Roadlines
SO0009396,2025-10-01,2025-10-03,Deccan Express Logistics
SO0009390,2025-10-01,2025-10-03,Ganga Freight
SO0009397,2025-10-01,2025-10-03,Deccan Express Logistics
SO0009398,2025-10-01,2025-10-02,Sahyadri Roadlines
SO0009399,2025-10-01,2025-10-02,Ganga Freight
SO0009400,2025-10-01,2025-10-03,Sahyadri Roadlines
SO0009401,2025-10-01,2025-10-05,Sahyadri Roadlines
SO0009403,2025-10-01,2025-10-03,Deccan Express Logistics
SO0009408,2025-10-02,2025-10-04,Ganga Freight
SO0009409,2025-10-02,2025-10-06,Deccan Express Logistics
SO0009410,2025-10-02,2025-10-03,Ganga Freight
SO0009411,2025-10-02,2025-10-03,Deccan Express Logistics
SO0009412,2025-10-02,2025-10-03,Sahyadri Roadlines
SO0009413,2025-10-02,2025-10-05,Sahyadri Roadlines
SO0009414,2025-10-02,2025-10-04,Ganga Freight
SO0009402,2025-10-02,2025-10-04,Sahyadri Roadlines
SO0009415,2025-10-02,2025-10-03,Sahyadri Roadlines
SO0009416,2025-10-02,2025-10-04,Ganga Freight
SO0009417,2025-10-02,2025-10-04,Deccan Express Logistics
SO0009404,2025-10-02,2025-10-05,Ganga Freight
SO0009405,2025-10-02,2025-10-04,Deccan Express Logistics
SO0009406,2025-10-02,2025-10-04,Ganga Freight
SO0009420,2025-10-03,2025-10-04,Deccan Express Logistics
SO0009421,2025-10-03,2025-10-06,Deccan Express Logistics
SO0009432,2025-10-03,2025-10-07,Ganga Freight
SO0009422,2025-10-03,2025-10-04,Deccan Express Logistics
SO0009423,2025-10-03,2025-10-05,Deccan Express Logistics
SO0009424,2025-10-03,2025-10-04,Deccan Express Logistics
SO0009426,2025-10-03,2025-10-04,Ganga Freight
SO0009427,2025-10-03,2025-10-04,Deccan Express Logistics
SO0009428,2025-10-03,2025-10-05,Deccan Express Logistics
SO0009429,2025-10-03,2025-10-04,Ganga Freight
SO0009407,2025-10-03,2025-10-05,Sahyadri Roadlines
SO0009418,2025-10-03,2025-10-06,Sahyadri Roadlines
SO0009419,2025-10-03,2025-10-05,Ganga Freight
SO0009433,2025-10-04,2025-10-06,Sahyadri Roadlines
SO0009434,2025-10-04,2025-10-06,Sahyadri Roadlines
SO0009435,2025-10-04,2025-10-06,Sahyadri Roadlines
SO0009436,2025-10-04,2025-10-07,Sahyadri Roadlines
SO0009437,2025-10-04,2025-10-09,Ganga Freight
SO0009425,2025-10-04,2025-10-06,Sahyadri Roadlines
SO0009438,2025-10-04,2025-10-06,Deccan Express Logistics
SO0009439,2025-10-04,2025-10-06,Sahyadri Roadlines
SO0009440,2025-10-04,2025-10-06,Deccan Express Logistics
SO0009430,2025-10-04,2025-10-05,Ganga Freight
SO0009431,2025-10-04,2025-10-05,Ganga Freight
SO0009443,2025-10-06,2025-10-08,Sahyadri Roadlines
SO0009444,2025-10-06,2025-10-07,Sahyadri Roadlines
SO0009445,2025-10-06,2025-10-11,Sahyadri Roadlines
SO0009446,2025-10-06,2025-10-08,Sahyadri Roadlines
SO0009453,2025-10-06,2025-10-08,Ganga Freight
SO0009447,2025-10-06,2025-10-07,Sahyadri Roadlines
SO0009448,2025-10-06,2025-10-07,Ganga Freight
SO0009449,2025-10-06,2025-10-09,Ganga Freight
SO0009450,2025-10-06,2025-10-08,Sahyadri Roadlines
SO0009451,2025-10-06,2025-10-08,Sahyadri Roadlines
SO0009441,2025-10-06,2025-10-08,Sahyadri Roadlines
SO0009442,2025-10-06,2025-10-08,Deccan Express Logistics
SO0009452,2025-10-06,2025-10-08,Deccan Express Logistics
SO0009454,2025-10-07,2025-10-08,Deccan Express Logistics
SO0009455,2025-10-07,2025-10-08,Deccan Express Logistics
SO0009456,2025-10-07,2025-10-08,Sahyadri Roadlines
SO0009457,2025-10-07,2025-10-10,Ganga Freight
SO0009458,2025-10-07,2025-10-09,Ganga Freight
SO0009459,2025-10-07,2025-10-08,Deccan Express Logistics
SO0009460,2025-10-07,2025-10-08,Deccan Express Logistics
SO0009463,2025-10-07,2025-10-09,Ganga Freight
SO0009464,2025-10-07,2025-10-10,Ganga Freight
SO0009465,2025-10-08,2025-10-09,Ganga Freight
SO0009466,2025-10-08,2025-10-11,Ganga Freight
SO0009467,2025-10-08,2025-10-11,Sahyadri Roadlines
SO0009468,2025-10-08,2025-10-09,Sahyadri Roadlines
SO0009461,2025-10-08,2025-10-10,Ganga Freight
SO0009462,2025-10-08,2025-10-09,Deccan Express Logistics
SO0009469,2025-10-08,2025-10-09,Sahyadri Roadlines
SO0009475,2025-10-08,2025-10-10,Sahyadri Roadlines
SO0009480,2025-10-09,2025-10-11,Deccan Express Logistics
SO0009481,2025-10-09,2025-10-12,Ganga Freight
SO0009482,2025-10-09,2025-10-10,Deccan Express Logistics
SO0009483,2025-10-09,2025-10-10,Sahyadri Roadlines
SO0009484,2025-10-09,2025-10-10,Deccan Express Logistics
SO0009485,2025-10-09,2025-10-11,Ganga Freight
SO0009486,2025-10-09,2025-10-10,Ganga Freight
SO0009470,2025-10-09,2025-10-10,Deccan Express Logistics
SO0009471,2025-10-09,2025-10-10,Ganga Freight
SO0009472,2025-10-09,2025-10-11,Sahyadri Roadlines
SO0009473,2025-10-09,2025-10-11,Deccan Express Logistics
SO0009474,2025-10-09,2025-10-11,Ganga Freight
SO0009476,2025-10-09,2025-10-11,Sahyadri Roadlines
SO0009477,2025-10-09,2025-10-11,Sahyadri Roadlines
SO0009478,2025-10-09,2025-10-11,Deccan Express Logistics
SO0009492,2025-10-10,2025-10-12,Sahyadri Roadlines
SO0009493,2025-10-10,2025-10-13,Ganga Freight
SO0009504,2025-10-10,2025-10-12,Deccan Express Logistics
SO0009494,2025-10-10,2025-10-13,Deccan Express Logistics
SO0009495,2025-10-10,2025-10-13,Ganga Freight
SO0009496,2025-10-10,2025-10-11,Sahyadri Roadlines
SO0009487,2025-10-10,2025-10-11,Ganga Freight
SO0009488,2025-10-10,2025-10-11,Ganga Freight
SO0009489,2025-10-10,2025-10-12,Deccan Express Logistics
SO0009498,2025-10-10,2025-10-11,Deccan Express Logistics
SO0009499,2025-10-10,2025-10-11,Deccan Express Logistics
SO0009500,2025-10-10,2025-10-12,Ganga Freight
SO0009501,2025-10-10,2025-10-12,Sahyadri Roadlines
SO0009479,2025-10-10,2025-10-13,Ganga Freight
SO0009490,2025-10-10,2025-10-14,Deccan Express Logistics
SO0009491,2025-10-10,2025-10-14,Sahyadri Roadlines
SO0009505,2025-10-11,2025-10-14,Ganga Freight
SO0009506,2025-10-11,2025-10-14,Sahyadri Roadlines
SO0009507,2025-10-11,2025-10-13,Deccan Express Logistics
SO0009508,2025-10-11,2025-10-14,Sahyadri Roadlines
SO0009509,2025-10-11,2025-10-14,Deccan Express Logistics
SO0009497,2025-10-11,2025-10-15,Deccan Express Logistics
SO0009510,2025-10-11,2025-10-14,Deccan Express Logistics
SO0009511,2025-10-11,2025-10-14,Sahyadri Roadlines
SO0009512,2025-10-11,2025-10-13,Deccan Express Logistics
SO0009502,2025-10-11,2025-10-12,Deccan Express Logistics
SO0009503,2025-10-11,2025-10-12,Ganga Freight
SO0009515,2025-10-13,2025-10-15,Ganga Freight
SO0009516,2025-10-13,2025-10-15,Deccan Express Logistics
SO0009517,2025-10-13,2025-10-16,Deccan Express Logistics
SO0009518,2025-10-13,2025-10-15,Deccan Express Logistics
SO0009525,2025-10-13,2025-10-16,Sahyadri Roadlines
SO0009519,2025-10-13,2025-10-14,Ganga Freight
SO0009520,2025-10-13,2025-10-15,Ganga Freight
SO0009521,2025-10-13,2025-10-14,Ganga Freight
SO0009523,2025-10-13,2025-10-15,Sahyadri Roadlines
SO0009513,2025-10-13,2025-10-15,Deccan Express Logistics
SO0009514,2025-10-13,2025-10-15,Sahyadri Roadlines
SO0009526,2025-10-14,2025-10-17,Ganga Freight
SO0009527,2025-10-14,2025-10-15,Ganga Freight
SO0009528,2025-10-14,2025-10-16,Deccan Express Logistics
SO0009529,2025-10-14,2025-10-16,Sahyadri Roadlines
SO0009522,2025-10-14,2025-10-18,Deccan Express Logistics
SO0009530,2025-10-14,2025-10-16,Deccan Express Logistics
SO0009531,2025-10-14,2025-10-16,Sahyadri Roadlines
SO0009532,2025-10-14,2025-10-16,Sahyadri Roadlines
SO0009524,2025-10-14,2025-10-16,Deccan Express Logistics
SO0009537,2025-10-15,2025-10-16,Ganga Freight
SO0009538,2025-10-15,2025-10-18,Deccan Express Logistics
SO0009539,2025-10-15,2025-10-19,Deccan Express Logistics
SO0009540,2025-10-15,2025-10-17,Deccan Express Logistics
SO0009533,2025-10-15,2025-10-17,Ganga Freight
SO0009534,2025-10-15,2025-10-16,Deccan Express Logistics
SO0009541,2025-10-15,2025-10-16,Sahyadri Roadlines
SO0009535,2025-10-15,2025-10-17,Ganga Freight
SO0009536,2025-10-15,2025-10-17,Deccan Express Logistics
SO0009552,2025-10-16,2025-10-18,Deccan Express Logistics
SO0009553,2025-10-16,2025-10-20,Deccan Express Logistics
SO0009554,2025-10-16,2025-10-17,Sahyadri Roadlines
SO0009555,2025-10-16,2025-10-17,Sahyadri Roadlines
SO0009556,2025-10-16,2025-10-17,Sahyadri Roadlines
SO0009557,2025-10-16,2025-10-18,Deccan Express Logistics
SO0009558,2025-10-16,2025-10-18,Deccan Express Logistics
SO0009542,2025-10-16,2025-10-18,Deccan Express Logistics
SO0009543,2025-10-16,2025-10-17,Deccan Express Logistics
SO0009544,2025-10-16,2025-10-18,Ganga Freight
SO0009545,2025-10-16,2025-10-18,Ganga Freight
SO0009546,2025-10-16,2025-10-18,Ganga Freight
SO0009547,2025-10-16,2025-10-17,Deccan Express Logistics
SO0009564,2025-10-17,2025-10-19,Sahyadri Roadlines
SO0009565,2025-10-17,2025-10-20,Sahyadri Roadlines
SO0009576,2025-10-17,2025-10-20,Deccan Express Logistics
SO0009566,2025-10-17,2025-10-18,Deccan Express Logistics
SO0009567,2025-10-17,2025-10-18,Sahyadri Roadlines
SO0009568,2025-10-17,2025-10-19,Ganga Freight
SO0009559,2025-10-17,2025-10-18,Ganga Freight
SO0009560,2025-10-17,2025-10-18,Ganga Freight
SO0009561,2025-10-17,2025-10-20,Deccan Express Logistics
SO0009570,2025-10-17,2025-10-18,Sahyadri Roadlines
SO0009571,2025-10-17,2025-10-18,Ganga Freight
SO0009572,2025-10-17,2025-10-18,Ganga Freight
SO0009573,2025-10-17,2025-10-18,Deccan Express Logistics
SO0009548,2025-10-17,2025-10-21,Sahyadri Roadlines
SO0009549,2025-10-17,2025-10-18,Sahyadri Roadlines
SO0009577,2025-10-18,2025-10-20,Deccan Express Logistics
SO0009578,2025-10-18,2025-10-20,Deccan Express Logistics
SO0009579,2025-10-18,2025-10-20,Sahyadri Roadlines
SO0009580,2025-10-18,2025-10-21,Sahyadri Roadlines
SO0009569,2025-10-18,2025-10-20,Sahyadri Roadlines
SO0009582,2025-10-18,2025-10-20,Ganga Freight
SO0009583,2025-10-18,2025-10-20,Ganga Freight
SO0009584,2025-10-18,2025-10-20,Deccan Express Logistics
SO0009550,2025-10-18,2025-10-21,Deccan Express Logistics
SO0009551,2025-10-18,2025-10-20,Sahyadri Roadlines
SO0009562,2025-10-18,2025-10-20,Sahyadri Roadlines
SO0009563,2025-10-18,2025-10-20,Ganga Freight
SO0009581,2025-10-20,2025-10-24,Ganga Freight
SO0009587,2025-10-20,2025-10-22,Ganga Freight
SO0009588,2025-10-20,2025-10-23,Ganga Freight
SO0009589,2025-10-20,2025-10-23,Sahyadri Roadlines
SO0009590,2025-10-20,2025-10-22,Sahyadri Roadlines
SO0009597,2025-10-20,2025-10-23,Ganga Freight
SO0009591,2025-10-20,2025-10-23,Ganga Freight
SO0009592,2025-10-20,2025-10-22,Deccan Express Logistics
SO0009593,2025-10-20,2025-10-21,Sahyadri Roadlines
SO0009595,2025-10-20,2025-10-23,Deccan Express Logistics
SO0009574,2025-10-20,2025-10-22,Ganga Freight
SO0009575,2025-10-20,2025-10-22,Sahyadri Roadlines
SO0009598,2025-10-21,2025-10-22,Ganga Freight
SO0009599,2025-10-21,2025-10-22,Ganga Freight
SO0009600,2025-10-21,2025-10-22,Ganga Freight
SO0009601,2025-10-21,2025-10-23,Ganga Freight
SO0009594,2025-10-21,2025-10-23,Ganga Freight
SO0009602,2025-10-21,2025-10-24,Ganga Freight
SO0009603,2025-10-21,2025-10-22,Deccan Express Logistics
SO0009604,2025-10-21,2025-10-22,Sahyadri Roadlines
SO0009585,2025-10-21,2025-10-23,Ganga Freight
SO0009586,2025-10-21,2025-10-23,Deccan Express Logistics
SO0009609,2025-10-22,2025-10-23,Deccan Express Logistics
SO0009610,2025-10-22,2025-10-25,Ganga Freight
SO0009611,2025-10-22,2025-10-26,Deccan Express Logistics
SO0009612,2025-10-22,2025-10-24,Sahyadri Roadlines
SO0009605,2025-10-22,2025-10-24,Deccan Express Logistics
SO0009606,2025-10-22,2025-10-23,Deccan Express Logistics
SO0009613,2025-10-22,2025-10-23,Deccan Express Logistics
SO0009596,2025-10-22,2025-10-24,Sahyadri Roadlines
SO0009607,2025-10-22,2025-10-25,Deccan Express Logistics
SO0009624,2025-10-23,2025-10-25,Ganga Freight
SO0009625,2025-10-23,2025-10-26,Deccan Express Logistics
SO0009626,2025-10-23,2025-10-24,Sahyadri Roadlines
SO0009627,2025-10-23,2025-10-24,Sahyadri Roadlines
SO0009628,2025-10-23,2025-10-25,Deccan Express Logistics
SO0009629,2025-10-23,2025-10-25,Sahyadri Roadlines
SO0009630,2025-10-23,2025-10-24,Ganga Freight
SO0009614,2025-10-23,2025-10-24,Sahyadri Roadlines
SO0009615,2025-10-23,2025-10-25,Sahyadri Roadlines
SO0009616,2025-10-23,2025-10-25,Sahyadri Roadlines
SO0009617,2025-10-23,2025-10-24,Ganga Freight
SO0009618,2025-10-23,2025-10-26,Sahyadri Roadlines
SO0009608,2025-10-23,2025-10-25,Ganga Freight
SO0009636,2025-10-24,2025-10-26,Deccan Express Logistics
SO0009637,2025-10-24,2025-10-27,Deccan Express Logistics
SO0009648,2025-10-24,2025-10-26,Ganga Freight
SO0009638,2025-10-24,2025-10-25,Sahyadri Roadlines
SO0009639,2025-10-24,2025-10-25,Ganga Freight
SO0009640,2025-10-24,2025-10-25,Sahyadri Roadlines
SO0009631,2025-10-24,2025-10-26,Sahyadri Roadlines
SO0009632,2025-10-24,2025-10-25,Deccan Express Logistics
SO0009633,2025-10-24,2025-10-27,Deccan Express Logistics
SO0009642,2025-10-24,2025-10-28,Ganga Freight
SO0009643,2025-10-24,2025-10-25,Ganga Freight
SO0009644,2025-10-24,2025-10-26,Deccan Express Logistics
SO0009645,2025-10-24,2025-10-25,Sahyadri Roadlines
SO0009619,2025-10-24,2025-10-25,Deccan Express Logistics
SO0009649,2025-10-25,2025-10-28,Ganga Freight
SO0009650,2025-10-25,2025-10-27,Sahyadri Roadlines
SO0009651,2025-10-25,2025-10-27,Sahyadri Roadlines
SO0009652,2025-10-25,2025-10-28,Sahyadri Roadlines
SO0009653,2025-10-25,2025-10-29,Ganga Freight
SO0009641,2025-10-25,2025-10-27,Ganga Freight
SO0009654,2025-10-25,2025-10-27,Ganga Freight
SO0009655,2025-10-25,2025-10-27,Deccan Express Logistics
SO0009656,2025-10-25,2025-10-27,Ganga Freight
SO0009620,2025-10-25,2025-10-28,Deccan Express Logistics
SO0009621,2025-10-25,2025-10-27,Sahyadri Roadlines
SO0009622,2025-10-25,2025-10-28,Ganga Freight
SO0009659,2025-10-27,2025-10-30,Sahyadri Roadlines
SO0009660,2025-10-27,2025-10-28,Ganga Freight
SO0009661,2025-10-27,2025-10-30,Deccan Express Logistics
SO0009662,2025-10-27,2025-10-29,Ganga Freight
SO0009669,2025-10-27,2025-10-29,Deccan Express Logistics
SO0009663,2025-10-27,2025-10-28,Ganga Freight
SO0009664,2025-10-27,2025-10-28,Ganga Freight
SO0009665,2025-10-27,2025-10-28,Deccan Express Logistics
SO0009666,2025-10-27,2025-10-29,Deccan Express Logistics
SO0009667,2025-10-27,2025-10-29,Sahyadri Roadlines
SO0009623,2025-10-27,2025-10-31,Deccan Express Logistics
SO0009634,2025-10-27,2025-10-29,Sahyadri Roadlines
SO0009635,2025-10-27,2025-10-29,Deccan Express Logistics
SO0009646,2025-10-27,2025-10-28,Ganga Freight
SO0009647,2025-10-27,2025-10-29,Deccan Express Logistics
SO0009670,2025-10-28,2025-10-30,Ganga Freight
SO0009671,2025-10-28,2025-10-29,Deccan Express Logistics
SO0009672,2025-10-28,2025-10-29,Ganga Freight
SO0009673,2025-10-28,2025-10-30,Sahyadri Roadlines
SO0009674,2025-10-28,2025-10-31,Sahyadri Roadlines
SO0009675,2025-10-28,2025-10-30,Ganga Freight
SO0009676,2025-10-28,2025-10-29,Sahyadri Roadlines
SO0009677,2025-10-28,2025-10-30,Ganga Freight
SO0009657,2025-10-28,2025-10-30,Deccan Express Logistics
SO0009658,2025-10-28,2025-10-30,Ganga Freight
SO0009668,2025-10-28,2025-10-30,Sahyadri Roadlines
SO0009681,2025-10-29,2025-10-30,Deccan Express Logistics
SO0009682,2025-10-29,2025-10-31,Deccan Express Logistics
SO0009683,2025-10-29,2025-11-02,Deccan Express Logistics
SO0009684,2025-10-29,2025-10-30,Deccan Express Logistics
SO0009678,2025-10-29,2025-10-31,Ganga Freight
SO0009685,2025-10-29,2025-10-31,Ganga Freight
SO0009686,2025-10-29,2025-10-30,Deccan Express Logistics
SO0009687,2025-10-29,2025-10-31,Deccan Express Logistics
SO0009688,2025-10-29,2025-10-31,Sahyadri Roadlines
SO0009689,2025-10-29,2025-10-30,Ganga Freight
SO0009679,2025-10-29,2025-11-01,Sahyadri Roadlines
SO0009680,2025-10-29,2025-11-01,Deccan Express Logistics
SO0009696,2025-10-30,2025-11-01,Sahyadri Roadlines
SO0009697,2025-10-30,2025-11-02,Deccan Express Logistics
SO0009698,2025-10-30,2025-10-31,Sahyadri Roadlines
SO0009699,2025-10-30,2025-11-01,Ganga Freight
SO0009700,2025-10-30,2025-10-31,Ganga Freight
SO0009701,2025-10-30,2025-11-01,Deccan Express Logistics
SO0009702,2025-10-30,2025-11-01,Sahyadri Roadlines
SO0009690,2025-10-30,2025-11-01,Ganga Freight
SO0009703,2025-10-30,2025-11-01,Sahyadri Roadlines
SO0009704,2025-10-30,2025-10-31,Deccan Express Logistics
SO0009705,2025-10-30,2025-11-01,Deccan Express Logistics
SO0009691,2025-10-30,2025-10-31,Sahyadri Roadlines
SO0009708,2025-10-31,2025-11-01,Sahyadri Roadlines
SO0009709,2025-10-31,2025-11-03,Deccan Express Logistics
SO0009720,2025-10-31,2025-11-03,Deccan Express Logistics
SO0009710,2025-10-31,2025-11-01,Ganga Freight
SO0009711,2025-10-31,2025-11-01,Sahyadri Roadlines
SO0009712,2025-10-31,2025-11-01,Sahyadri Roadlines
SO0009714,2025-10-31,2025-11-01,Sahyadri Roadlines
SO0009715,2025-10-31,2025-11-01,Deccan Express Logistics
SO0009716,2025-10-31,2025-11-02,Ganga Freight
SO0009717,2025-10-31,2025-11-01,Ganga Freight
SO0009692,2025-10-31,2025-11-03,Sahyadri Roadlines
SO0009693,2025-10-31,2025-11-02,Sahyadri Roadlines
SO0009694,2025-10-31,2025-11-04,Sahyadri Roadlines
SO0009721,2025-11-01,2025-11-03,Ganga Freight
SO0009722,2025-11-01,2025-11-03,Deccan Express Logistics
SO0009723,2025-11-01,2025-11-03,Sahyadri Roadlines
SO0009724,2025-11-01,2025-11-04,Deccan Express Logistics
SO0009725,2025-11-01,2025-11-06,Deccan Express Logistics
SO0009713,2025-11-01,2025-11-04,Deccan Express Logistics
SO0009726,2025-11-01,2025-11-04,Sahyadri Roadlines
SO0009727,2025-11-01,2025-11-03,Sahyadri Roadlines
SO0009728,2025-11-01,2025-11-03,Ganga Freight
SO0009695,2025-11-01,2025-11-03,Sahyadri Roadlines
SO0009706,2025-11-01,2025-11-03,Deccan Express Logistics
SO0009707,2025-11-01,2025-11-03,Ganga Freight
SO0009718,2025-11-01,2025-11-03,Sahyadri Roadlines
SO0009731,2025-11-03,2025-11-05,Deccan Express Logistics
SO0009732,2025-11-03,2025-11-05,Ganga Freight
SO0009733,2025-11-03,2025-11-07,Deccan Express Logistics
SO0009734,2025-11-03,2025-11-06,Sahyadri Roadlines
SO0009741,2025-11-03,2025-11-06,Deccan Express Logistics
SO0009735,2025-11-03,2025-11-05,Deccan Express Logistics
SO0009736,2025-11-03,2025-11-04,Deccan Express Logistics
SO0009737,2025-11-03,2025-11-04,Ganga Freight
SO0009738,2025-11-03,2025-11-05,Sahyadri Roadlines
SO0009739,2025-11-03,2025-11-05,Deccan Express Logistics
SO0009719,2025-11-03,2025-11-05,Deccan Express Logistics
SO0009729,2025-11-03,2025-11-07,Ganga Freight
SO0009730,2025-11-03,2025-11-05,Sahyadri Roadlines
SO0009740,2025-11-03,2025-11-05,Deccan Express Logistics
SO0009742,2025-11-04,2025-11-06,Ganga Freight
SO0009743,2025-11-04,2025-11-05,Deccan Express Logistics
SO0009744,2025-11-04,2025-11-06,Sahyadri Roadlines
SO0009745,2025-11-04,2025-11-06,Deccan Express Logistics
SO0009746,2025-11-04,2025-11-07,Ganga Freight
SO0009747,2025-11-04,2025-11-06,Ganga Freight
SO0009748,2025-11-04,2025-11-06,Deccan Express Logistics
SO0009749,2025-11-04,2025-11-07,Ganga Freight
SO0009751,2025-11-04,2025-11-06,Sahyadri Roadlines
SO0009752,2025-11-04,2025-11-08,Deccan Express Logistics
SO0009753,2025-11-05,2025-11-06,Deccan Express Logistics
SO0009754,2025-11-05,2025-11-09,Sahyadri Roadlines
SO0009755,2025-11-05,2025-11-08,Deccan Express Logistics
SO0009756,2025-11-05,2025-11-08,Ganga Freight
SO0009750,2025-11-05,2025-11-06,Deccan Express Logistics
SO0009757,2025-11-05,2025-11-06,Deccan Express Logistics
SO0009758,2025-11-05,2025-11-06,Deccan Express Logistics
SO0009759,2025-11-05,2025-11-06,Sahyadri Roadlines
SO0009760,2025-11-05,2025-11-07,Deccan Express Logistics
SO0009763,2025-11-05,2025-11-07,Deccan Express Logistics
SO0009768,2025-11-06,2025-11-08,Deccan Express Logistics
SO0009769,2025-11-06,2025-11-09,Sahyadri Roadlines
SO0009770,2025-11-06,2025-11-07,Deccan Express Logistics
SO0009771,2025-11-06,2025-11-07,Deccan Express Logistics
SO0009772,2025-11-06,2025-11-08,Sahyadri Roadlines
SO0009773,2025-11-06,2025-11-08,Sahyadri Roadlines
SO0009774,2025-11-06,2025-11-07,Deccan Express Logistics
SO0009761,2025-11-06,2025-11-09,Ganga Freight
SO0009762,2025-11-06,2025-11-09,Sahyadri Roadlines
SO0009775,2025-11-06,2025-11-07,Deccan Express Logistics
SO0009776,2025-11-06,2025-11-09,Ganga Freight
SO0009777,2025-11-06,2025-11-08,Ganga Freight
SO0009764,2025-11-06,2025-11-10,Sahyadri Roadlines
SO0009765,2025-11-06,2025-11-08,Sahyadri Roadlines
SO0009766,2025-11-06,2025-11-10,Sahyadri Roadlines
SO0009780,2025-11-07,2025-11-08,Ganga Freight
SO0009781,2025-11-07,2025-11-10,Sahyadri Roadlines
SO0009792,2025-11-07,2025-11-09,Ganga Freight
SO0009782,2025-11-07,2025-11-09,Deccan Express Logistics
SO0009783,2025-11-07,2025-11-08,Deccan Express Logistics
SO0009784,2025-11-07,2025-11-08,Sahyadri Roadlines
SO0009785,2025-11-07,2025-11-10,Sahyadri Roadlines
SO0009786,2025-11-07,2025-11-08,Ganga Freight
SO0009787,2025-11-07,2025-11-08,Sahyadri Roadlines
SO0009788,2025-11-07,2025-11-08,Sahyadri Roadlines
SO0009789,2025-11-07,2025-11-08,Deccan Express Logistics
SO0009767,2025-11-07,2025-11-10,Ganga Freight
SO0009778,2025-11-07,2025-11-09,Ganga Freight
SO0009779,2025-11-07,2025-11-09,Deccan Express Logistics
SO0009790,2025-11-07,2025-11-08,Ganga Freight
SO0009793,2025-11-08,2025-11-11,Ganga Freight
SO0009794,2025-11-08,2025-11-10,Sahyadri Roadlines
SO0009795,2025-11-08,2025-11-10,Deccan Express Logistics
SO0009796,2025-11-08,2025-11-11,Ganga Freight
SO0009797,2025-11-08,2025-11-11,Deccan Express Logistics
SO0009798,2025-11-08,2025-11-10,Deccan Express Logistics
SO0009799,2025-11-08,2025-11-10,Sahyadri Roadlines
SO0009800,2025-11-08,2025-11-11,Ganga Freight
SO0009791,2025-11-08,2025-11-09,Ganga Freight
SO0009801,2025-11-08,2025-11-10,Deccan Express Logistics
SO0009802,2025-11-08,2025-11-11,Sahyadri Roadlines
SO0009803,2025-11-10,2025-11-12,Sahyadri Roadlines
SO0009804,2025-11-10,2025-11-12,Deccan Express Logistics
SO0009805,2025-11-10,2025-11-14,Deccan Express Logistics
SO0009806,2025-11-10,2025-11-12,Sahyadri Roadlines
SO0009813,2025-11-10,2025-11-12,Deccan Express Logistics
SO0009807,2025-11-10,2025-11-11,Sahyadri Roadlines
SO0009808,2025-11-10,2025-11-12,Sahyadri Roadlines
SO0009809,2025-11-10,2025-11-11,Deccan Express Logistics
SO0009810,2025-11-10,2025-11-14,Deccan Express Logistics
SO0009811,2025-11-10,2025-11-13,Ganga Freight
SO0009812,2025-11-10,2025-11-12,Ganga Freight
SO0009814,2025-11-11,2025-11-13,Sahyadri Roadlines
SO0009815,2025-11-11,2025-11-12,Sahyadri Roadlines
SO0009816,2025-11-11,2025-11-13,Ganga Freight
SO0009817,2025-11-11,2025-11-13,Sahyadri Roadlines
SO0009818,2025-11-11,2025-11-13,Sahyadri Roadlines
SO0009819,2025-11-11,2025-11-13,Sahyadri Roadlines
SO0009820,2025-11-11,2025-11-13,Sahyadri Roadlines
SO0009821,2025-11-11,2025-11-13,Deccan Express Logistics
SO0009822,2025-11-11,2025-11-12,Deccan Express Logistics
SO0009823,2025-11-11,2025-11-14,Deccan Express Logistics
SO0009824,2025-11-11,2025-11-14,Ganga Freight
SO0009825,2025-11-12,2025-11-13,Sahyadri Roadlines
SO0009826,2025-11-12,2025-11-14,Sahyadri Roadlines
SO0009827,2025-11-12,2025-11-15,Sahyadri Roadlines
SO0009828,2025-11-12,2025-11-14,Ganga Freight
SO0009829,2025-11-12,2025-11-13,Deccan Express Logistics
SO0009830,2025-11-12,2025-11-13,Deccan Express Logistics
SO0009831,2025-11-12,2025-11-14,Deccan Express Logistics
SO0009832,2025-11-12,2025-11-16,Deccan Express Logistics
SO0009833,2025-11-12,2025-11-13,Ganga Freight
SO0009835,2025-11-12,2025-11-14,Ganga Freight
SO0009840,2025-11-13,2025-11-15,Deccan Express Logistics
SO0009841,2025-11-13,2025-11-16,Sahyadri Roadlines
SO0009842,2025-11-13,2025-11-15,Ganga Freight
SO0009843,2025-11-13,2025-11-14,Sahyadri Roadlines
SO0009844,2025-11-13,2025-11-15,Sahyadri Roadlines
SO0009845,2025-11-13,2025-11-16,Sahyadri Roadlines
SO0009846,2025-11-13,2025-11-15,Ganga Freight
SO0009834,2025-11-13,2025-11-15,Ganga Freight
SO0009847,2025-11-13,2025-11-16,Ganga Freight
SO0009848,2025-11-13,2025-11-14,Deccan Express Logistics
SO0009849,2025-11-13,2025-11-16,Sahyadri Roadlines
SO0009836,2025-11-13,2025-11-15,Sahyadri Roadlines
SO0009837,2025-11-13,2025-11-14,Deccan Express Logistics
SO0009838,2025-11-13,2025-11-15,Ganga Freight
SO0009852,2025-11-14,2025-11-15,Deccan Express Logistics
SO0009853,2025-11-14,2025-11-17,Ganga Freight
SO0009864,2025-11-14,2025-11-16,Ganga Freight
SO0009854,2025-11-14,2025-11-15,Deccan Express Logistics
SO0009855,2025-11-14,2025-11-15,Deccan Express Logistics
SO0009856,2025-11-14,2025-11-15,Ganga Freight
SO0009857,2025-11-14,2025-11-16,Deccan Express Logistics
SO0009858,2025-11-14,2025-11-16,Sahyadri Roadlines
SO0009859,2025-11-14,2025-11-15,Ganga Freight
SO0009860,2025-11-14,2025-11-15,Ganga Freight
SO0009861,2025-11-14,2025-11-16,Ganga Freight
SO0009839,2025-11-14,2025-11-16,Sahyadri Roadlines
SO0009850,2025-11-14,2025-11-16,Deccan Express Logistics
SO0009851,2025-11-14,2025-11-17,Sahyadri Roadlines
SO0009862,2025-11-14,2025-11-15,Sahyadri Roadlines
SO0009863,2025-11-14,2025-11-15,Sahyadri Roadlines
SO0009865,2025-11-15,2025-11-17,Deccan Express Logistics
SO0009866,2025-11-15,2025-11-17,Deccan Express Logistics
SO0009867,2025-11-15,2025-11-17,Sahyadri Roadlines
SO0009868,2025-11-15,2025-11-18,Deccan Express Logistics
SO0009869,2025-11-15,2025-11-18,Ganga Freight
SO0009870,2025-11-15,2025-11-18,Deccan Express Logistics
SO0009871,2025-11-15,2025-11-17,Sahyadri Roadlines
SO0009872,2025-11-15,2025-11-17,Sahyadri Roadlines
SO0009873,2025-11-15,2025-11-17,Ganga Freight
SO0009874,2025-11-15,2025-11-18,Ganga Freight
SO0009875,2025-11-17,2025-11-19,Sahyadri Roadlines
SO0009876,2025-11-17,2025-11-18,Ganga Freight
SO0009877,2025-11-17,2025-11-21,Deccan Express Logistics
SO0009878,2025-11-17,2025-11-20,Deccan Express Logistics
SO0009885,2025-11-17,2025-11-20,Sahyadri Roadlines
SO0009879,2025-11-17,2025-11-18,Deccan Express Logistics
SO0009880,2025-11-17,2025-11-18,Ganga Freight
SO0009881,2025-11-17,2025-11-19,Deccan Express Logistics
SO0009882,2025-11-17,2025-11-19,Ganga Freight
SO0009883,2025-11-17,2025-11-19,Sahyadri Roadlines
SO0009884,2025-11-17,2025-11-19,Deccan Express Logistics
SO0009886,2025-11-18,2025-11-19,Deccan Express Logistics
SO0009887,2025-11-18,2025-11-19,Sahyadri Roadlines
SO0009888,2025-11-18,2025-11-19,Deccan Express Logistics
SO0009889,2025-11-18,2025-11-20,Ganga Freight
SO0009890,2025-11-18,2025-11-20,Deccan Express Logistics
SO0009891,2025-11-18,2025-11-19,Ganga Freight
SO0009892,2025-11-18,2025-11-19,Ganga Freight
SO0009893,2025-11-18,2025-11-21,Sahyadri Roadlines
SO0009894,2025-11-18,2025-11-19,Sahyadri Roadlines
SO0009895,2025-11-18,2025-11-20,Ganga Freight
SO0009896,2025-11-18,2025-11-20,Sahyadri Roadlines
SO0009897,2025-11-19,2025-11-21,Ganga Freight
SO0009898,2025-11-19,2025-11-21,Deccan Express Logistics
SO0009899,2025-11-19,2025-11-23,Ganga Freight
SO0009900,2025-11-19,2025-11-20,Sahyadri Roadlines
SO0009901,2025-11-19,2025-11-21,Deccan Express Logistics
SO0009902,2025-11-19,2025-11-20,Deccan Express Logistics
SO0009903,2025-11-19,2025-11-20,Sahyadri Roadlines
SO0009904,2025-11-19,2025-11-21,Sahyadri Roadlines
SO0009905,2025-11-19,2025-11-20,Deccan Express Logistics
SO0009907,2025-11-19,2025-11-20,Sahyadri Roadlines
SO0009912,2025-11-20,2025-11-22,Ganga Freight
SO0009913,2025-11-20,2025-11-23,Sahyadri Roadlines
SO0009914,2025-11-20,2025-11-21,Ganga Freight
SO0009915,2025-11-20,2025-11-22,Sahyadri Roadlines
SO0009916,2025-11-20,2025-11-22,Ganga Freight
SO0009917,2025-11-20,2025-11-22,Deccan Express Logistics
SO0009918,2025-11-20,2025-11-21,Deccan Express Logistics
SO0009906,2025-11-20,2025-11-23,Ganga Freight
SO0009919,2025-11-20,2025-11-21,Sahyadri Roadlines
SO0009920,2025-11-20,2025-11-21,Sahyadri Roadlines
SO0009921,2025-11-20,2025-11-22,Ganga Freight
SO0009908,2025-11-20,2025-11-22,Deccan Express Logistics
SO0009909,2025-11-20,2025-11-21,Deccan Express Logistics
SO0009910,2025-11-20,2025-11-22,Ganga Freight
SO0009924,2025-11-21,2025-11-22,Sahyadri Roadlines
SO0009925,2025-11-21,2025-11-25,Ganga Freight
SO0009936,2025-11-21,2025-11-23,Sahyadri Roadlines
SO0009926,2025-11-21,2025-11-22,Sahyadri Roadlines
SO0009927,2025-11-21,2025-11-23,Deccan Express Logistics
SO0009928,2025-11-21,2025-11-23,Ganga Freight
SO0009929,2025-11-21,2025-11-24,Deccan Express Logistics
SO0009930,2025-11-21,2025-11-22,Sahyadri Roadlines
SO0009931,2025-11-21,2025-11-22,Ganga Freight
SO0009932,2025-11-21,2025-11-24,Sahyadri Roadlines
SO0009933,2025-11-21,2025-11-22,Ganga Freight
SO0009911,2025-11-21,2025-11-23,Sahyadri Roadlines
SO0009922,2025-11-21,2025-11-24,Ganga Freight
SO0009923,2025-11-21,2025-11-23,Sahyadri Roadlines
SO0009934,2025-11-21,2025-11-22,Deccan Express Logistics
SO0009935,2025-11-21,2025-11-24,Deccan Express Logistics
SO0009937,2025-11-22,2025-11-26,Ganga Freight
SO0009938,2025-11-22,2025-11-24,Deccan Express Logistics
SO0009939,2025-11-22,2025-11-24,Deccan Express Logistics
SO0009940,2025-11-22,2025-11-27,Deccan Express Logistics
SO0009941,2025-11-22,2025-11-26,Deccan Express Logistics
SO0009942,2025-11-22,2025-11-25,Ganga Freight
SO0009943,2025-11-22,2025-11-24,Sahyadri Roadlines
SO0009944,2025-11-22,2025-11-24,Deccan Express Logistics
SO0009945,2025-11-22,2025-11-24,Sahyadri Roadlines
SO0009946,2025-11-22,2025-11-24,Sahyadri Roadlines
SO0009947,2025-11-24,2025-11-26,Sahyadri Roadlines
SO0009948,2025-11-24,2025-11-25,Sahyadri Roadlines
SO0009949,2025-11-24,2025-11-27,Ganga Freight
SO0009950,2025-11-24,2025-11-26,Deccan Express Logistics
SO0009957,2025-11-24,2025-11-27,Ganga Freight
SO0009951,2025-11-24,2025-11-26,Deccan Express Logistics
SO0009952,2025-11-24,2025-11-26,Ganga Freight
SO0009953,2025-11-24,2025-11-25,Sahyadri Roadlines
SO0009954,2025-11-24,2025-11-27,Sahyadri Roadlines
SO0009955,2025-11-24,2025-11-27,Ganga Freight
SO0009956,2025-11-24,2025-11-27,Sahyadri Roadlines
SO0009958,2025-11-25,2025-11-26,Deccan Express Logistics
SO0009959,2025-11-25,2025-11-26,Ganga Freight
SO0009960,2025-11-25,2025-11-26,Sahyadri Roadlines
SO0009961,2025-11-25,2025-11-28,Ganga Freight
SO0009962,2025-11-25,2025-11-27,Deccan Express Logistics
SO0009963,2025-11-25,2025-11-27,Deccan Express Logistics
SO0009964,2025-11-25,2025-11-26,Deccan Express Logistics
SO0009965,2025-11-25,2025-11-27,Ganga Freight
SO0009967,2025-11-25,2025-11-27,Sahyadri Roadlines
SO0009968,2025-11-25,2025-11-28,Deccan Express Logistics
SO0009969,2025-11-26,2025-11-28,Deccan Express Logistics
SO0009970,2025-11-26,2025-11-29,Deccan Express Logistics
SO0009971,2025-11-26,2025-11-29,Ganga Freight
SO0009972,2025-11-26,2025-11-28,Deccan Express Logistics
SO0009966,2025-11-26,2025-11-27,Deccan Express Logistics
SO0009973,2025-11-26,2025-11-27,Deccan Express Logistics
SO0009974,2025-11-26,2025-11-27,Deccan Express Logistics
SO0009975,2025-11-26,2025-11-27,Deccan Express Logistics
SO0009976,2025-11-26,2025-11-30,Deccan Express Logistics
SO0009977,2025-11-26,2025-11-27,Ganga Freight
SO0009979,2025-11-26,2025-11-27,Sahyadri Roadlines
SO0009984,2025-11-27,2025-11-29,Sahyadri Roadlines
SO0009985,2025-11-27,2025-11-30,Ganga Freight
SO0009986,2025-11-27,2025-11-29,Deccan Express Logistics
SO0009987,2025-11-27,2025-11-28,Sahyadri Roadlines
SO0009988,2025-11-27,2025-11-28,Deccan Express Logistics
SO0009989,2025-11-27,2025-11-29,Ganga Freight
SO0009990,2025-11-27,2025-11-28,Deccan Express Logistics
SO0009978,2025-11-27,2025-11-29,Sahyadri Roadlines
SO0009991,2025-11-27,2025-11-29,Deccan Express Logistics
SO0009992,2025-11-27,2025-11-28,Sahyadri Roadlines
SO0009993,2025-11-27,2025-11-30,Sahyadri Roadlines
SO0009980,2025-11-27,2025-11-29,Sahyadri Roadlines
SO0009981,2025-11-27,2025-11-29,Deccan Express Logistics
SO0009982,2025-11-27,2025-11-29,Sahyadri Roadlines
SO0009996,2025-11-28,2025-11-29,Deccan Express Logistics
SO0009997,2025-11-28,2025-12-01,Ganga Freight
SO0010008,2025-11-28,2025-11-30,Sahyadri Roadlines
SO0009998,2025-11-28,2025-11-29,Sahyadri Roadlines
SO0009999,2025-11-28,2025-11-29,Sahyadri Roadlines
SO0010000,2025-11-28,2025-11-29,Sahyadri Roadlines
SO0010001,2025-11-28,2025-12-01,Deccan Express Logistics
SO0010002,2025-11-28,2025-11-29,Deccan Express Logistics
SO0010003,2025-11-28,2025-11-29,Sahyadri Roadlines
SO0010004,2025-11-28,2025-11-29,Ganga Freight
SO0010005,2025-11-28,2025-11-29,Sahyadri Roadlines
SO0009983,2025-11-28,2025-11-30,Ganga Freight
SO0009994,2025-11-28,2025-11-30,Sahyadri Roadlines
SO0009995,2025-11-28,2025-12-01,Sahyadri Roadlines
SO0010006,2025-11-28,2025-11-30,Deccan Express Logistics
SO0010007,2025-11-28,2025-11-29,Sahyadri Roadlines
SO0010009,2025-11-29,2025-12-01,Deccan Express Logistics
SO0010010,2025-11-29,2025-12-01,Deccan Express Logistics
SO0010011,2025-11-29,2025-12-02,Sahyadri Roadlines
SO0010012,2025-11-29,2025-12-03,Sahyadri Roadlines
SO0010013,2025-11-29,2025-12-02,Sahyadri Roadlines
SO0010014,2025-11-29,2025-12-01,Sahyadri Roadlines
SO0010015,2025-11-29,2025-12-01,Sahyadri Roadlines
SO0010016,2025-11-29,2025-12-03,Ganga Freight
SO0010017,2025-11-29,2025-12-02,Sahyadri Roadlines
SO0010018,2025-11-29,2025-12-01,Sahyadri Roadlines
SO0010019,2025-12-01,2025-12-03,Ganga Freight
SO0010020,2025-12-01,2025-12-02,Sahyadri Roadlines
SO0010021,2025-12-01,2025-12-04,Sahyadri Roadlines
SO0010022,2025-12-01,2025-12-03,Ganga Freight
SO0010029,2025-12-01,2025-12-03,Sahyadri Roadlines
SO0010023,2025-12-01,2025-12-03,Sahyadri Roadlines
SO0010024,2025-12-01,2025-12-02,Sahyadri Roadlines
SO0010025,2025-12-01,2025-12-02,Ganga Freight
SO0010026,2025-12-01,2025-12-03,Sahyadri Roadlines
SO0010027,2025-12-01,2025-12-04,Sahyadri Roadlines
SO0010028,2025-12-01,2025-12-04,Ganga Freight
SO0010030,2025-12-02,2025-12-03,Sahyadri Roadlines
SO0010031,2025-12-02,2025-12-04,Sahyadri Roadlines
SO0010032,2025-12-02,2025-12-03,Deccan Express Logistics
SO0010033,2025-12-02,2025-12-05,Sahyadri Roadlines
SO0010034,2025-12-02,2025-12-04,Ganga Freight
SO0010035,2025-12-02,2025-12-04,Ganga Freight
SO0010036,2025-12-02,2025-12-03,Ganga Freight
SO0010037,2025-12-02,2025-12-04,Ganga Freight
SO0010039,2025-12-02,2025-12-05,Ganga Freight
SO0010040,2025-12-02,2025-12-04,Deccan Express Logistics
SO0010041,2025-12-03,2025-12-04,Deccan Express Logistics
SO0010042,2025-12-03,2025-12-05,Ganga Freight
SO0010043,2025-12-03,2025-12-06,Ganga Freight
SO0010044,2025-12-03,2025-12-05,Sahyadri Roadlines
SO0010038,2025-12-03,2025-12-04,Sahyadri Roadlines
SO0010045,2025-12-03,2025-12-04,Deccan Express Logistics
SO0010046,2025-12-03,2025-12-04,Ganga Freight
SO0010047,2025-12-03,2025-12-05,Sahyadri Roadlines
SO0010048,2025-12-03,2025-12-05,Ganga Freight
SO0010049,2025-12-03,2025-12-04,Deccan Express Logistics
SO0010051,2025-12-03,2025-12-04,Ganga Freight
SO0010056,2025-12-04,2025-12-06,Ganga Freight
SO0010057,2025-12-04,2025-12-07,Deccan Express Logistics
SO0010058,2025-12-04,2025-12-05,Ganga Freight
SO0010059,2025-12-04,2025-12-05,Sahyadri Roadlines
SO0010060,2025-12-04,2025-12-06,Deccan Express Logistics
SO0010061,2025-12-04,2025-12-08,Ganga Freight
SO0010062,2025-12-04,2025-12-05,Sahyadri Roadlines
SO0010050,2025-12-04,2025-12-07,Ganga Freight
SO0010063,2025-12-04,2025-12-05,Sahyadri Roadlines
SO0010064,2025-12-04,2025-12-05,Sahyadri Roadlines
SO0010065,2025-12-04,2025-12-06,Sahyadri Roadlines
SO0010052,2025-12-04,2025-12-06,Sahyadri Roadlines
SO0010053,2025-12-04,2025-12-05,Deccan Express Logistics
SO0010054,2025-12-04,2025-12-07,Deccan Express Logistics
SO0010068,2025-12-05,2025-12-06,Ganga Freight
SO0010069,2025-12-05,2025-12-10,Sahyadri Roadlines
SO0010080,2025-12-05,2025-12-07,Ganga Freight
SO0010070,2025-12-05,2025-12-06,Ganga Freight
SO0010071,2025-12-05,2025-12-08,Ganga Freight
SO0010072,2025-12-05,2025-12-06,Sahyadri Roadlines
SO0010073,2025-12-05,2025-12-07,Sahyadri Roadlines
SO0010074,2025-12-05,2025-12-08,Deccan Express Logistics
SO0010075,2025-12-05,2025-12-06,Deccan Express Logistics
SO0010076,2025-12-05,2025-12-07,Ganga Freight
SO0010077,2025-12-05,2025-12-06,Ganga Freight
SO0010055,2025-12-05,2025-12-07,Sahyadri Roadlines
SO0010066,2025-12-05,2025-12-07,Deccan Express Logistics
SO0010067,2025-12-05,2025-12-07,Sahyadri Roadlines
SO0010078,2025-12-05,2025-12-07,Ganga Freight
SO0010081,2025-12-06,2025-12-08,Deccan Express Logistics
SO0010082,2025-12-06,2025-12-08,Ganga Freight
SO0010083,2025-12-06,2025-12-09,Deccan Express Logistics
SO0010084,2025-12-06,2025-12-09,Deccan Express Logistics
SO0010085,2025-12-06,2025-12-09,Sahyadri Roadlines
SO0010086,2025-12-06,2025-12-08,Sahyadri Roadlines
SO0010087,2025-12-06,2025-12-08,Ganga Freight
SO0010088,2025-12-06,2025-12-09,Ganga Freight
SO0010079,2025-12-06,2025-12-08,Sahyadri Roadlines
SO0010089,2025-12-06,2025-12-08,Ganga Freight
SO0010090,2025-12-06,2025-12-08,Deccan Express Logistics
SO0010091,2025-12-08,2025-12-10,Ganga Freight
SO0010092,2025-12-08,2025-12-10,Sahyadri Roadlines
SO0010093,2025-12-08,2025-12-13,Sahyadri Roadlines
SO0010094,2025-12-08,2025-12-10,Ganga Freight
SO0010101,2025-12-08,2025-12-11,Sahyadri Roadlines
SO0010095,2025-12-08,2025-12-09,Deccan Express Logistics
SO0010096,2025-12-08,2025-12-09,Ganga Freight
SO0010097,2025-12-08,2025-12-10,Deccan Express Logistics
SO0010098,2025-12-08,2025-12-10,Ganga Freight
SO0010099,2025-12-08,2025-12-10,Deccan Express Logistics
SO0010100,2025-12-08,2025-12-10,Sahyadri Roadlines
SO0010102,2025-12-09,2025-12-10,Sahyadri Roadlines
SO0010103,2025-12-09,2025-12-10,Sahyadri Roadlines
SO0010104,2025-12-09,2025-12-12,Sahyadri Roadlines
SO0010105,2025-12-09,2025-12-11,Deccan Express Logistics
SO0010106,2025-12-09,2025-12-12,Ganga Freight
SO0010107,2025-12-09,2025-12-11,Sahyadri Roadlines
SO0010108,2025-12-09,2025-12-10,Ganga Freight
SO0010109,2025-12-09,2025-12-11,Sahyadri Roadlines
SO0010110,2025-12-09,2025-12-10,Sahyadri Roadlines
SO0010111,2025-12-09,2025-12-12,Ganga Freight
SO0010112,2025-12-09,2025-12-11,Ganga Freight
SO0010113,2025-12-10,2025-12-11,Ganga Freight
SO0010114,2025-12-10,2025-12-12,Sahyadri Roadlines
SO0010115,2025-12-10,2025-12-14,Deccan Express Logistics
SO0010116,2025-12-10,2025-12-11,Ganga Freight
SO0010117,2025-12-10,2025-12-11,Ganga Freight
SO0010118,2025-12-10,2025-12-12,Deccan Express Logistics
SO0010119,2025-12-10,2025-12-13,Ganga Freight
SO0010120,2025-12-10,2025-12-12,Deccan Express Logistics
SO0010121,2025-12-10,2025-12-12,Sahyadri Roadlines
SO0010123,2025-12-10,2025-12-11,Sahyadri Roadlines
SO0010128,2025-12-11,2025-12-13,Deccan Express Logistics
SO0010129,2025-12-11,2025-12-14,Ganga Freight
SO0010130,2025-12-11,2025-12-12,Ganga Freight
SO0010131,2025-12-11,2025-12-12,Sahyadri Roadlines
SO0010132,2025-12-11,2025-12-12,Ganga Freight
SO0010133,2025-12-11,2025-12-13,Deccan Express Logistics
SO0010134,2025-12-11,2025-12-13,Deccan Express Logistics
SO0010122,2025-12-11,2025-12-13,Deccan Express Logistics
SO0010135,2025-12-11,2025-12-12,Ganga Freight
SO0010136,2025-12-11,2025-12-14,Sahyadri Roadlines
SO0010137,2025-12-11,2025-12-13,Sahyadri Roadlines
SO0010124,2025-12-11,2025-12-13,Sahyadri Roadlines
SO0010125,2025-12-11,2025-12-12,Deccan Express Logistics
SO0010126,2025-12-11,2025-12-13,Ganga Freight
SO0010140,2025-12-12,2025-12-14,Sahyadri Roadlines
SO0010141,2025-12-12,2025-12-15,Ganga Freight
SO0010152,2025-12-12,2025-12-15,Ganga Freight
SO0010142,2025-12-12,2025-12-13,Sahyadri Roadlines
SO0010143,2025-12-12,2025-12-13,Ganga Freight
SO0010144,2025-12-12,2025-12-13,Sahyadri Roadlines
SO0010145,2025-12-12,2025-12-14,Deccan Express Logistics
SO0010146,2025-12-12,2025-12-13,Ganga Freight
SO0010147,2025-12-12,2025-12-13,Sahyadri Roadlines
SO0010148,2025-12-12,2025-12-13,Ganga Freight
SO0010149,2025-12-12,2025-12-14,Ganga Freight
SO0010127,2025-12-12,2025-12-14,Deccan Express Logistics
SO0010138,2025-12-12,2025-12-14,Ganga Freight
SO0010139,2025-12-12,2025-12-14,Ganga Freight
SO0010150,2025-12-12,2025-12-13,Deccan Express Logistics
SO0010151,2025-12-12,2025-12-13,Sahyadri Roadlines
SO0010153,2025-12-13,2025-12-15,Ganga Freight
SO0010154,2025-12-13,2025-12-16,Sahyadri Roadlines
SO0010155,2025-12-13,2025-12-16,Ganga Freight
SO0010156,2025-12-13,2025-12-17,Ganga Freight
SO0010157,2025-12-13,2025-12-16,Ganga Freight
SO0010158,2025-12-13,2025-12-16,Sahyadri Roadlines
SO0010159,2025-12-13,2025-12-15,Ganga Freight
SO0010160,2025-12-13,2025-12-15,Deccan Express Logistics
SO0010161,2025-12-13,2025-12-18,Deccan Express Logistics
SO0010162,2025-12-13,2025-12-15,Ganga Freight
SO0010163,2025-12-15,2025-12-17,Deccan Express Logistics
SO0010164,2025-12-15,2025-12-16,Deccan Express Logistics
SO0010165,2025-12-15,2025-12-18,Sahyadri Roadlines
SO0010166,2025-12-15,2025-12-17,Deccan Express Logistics
SO0010173,2025-12-15,2025-12-17,Ganga Freight
SO0010167,2025-12-15,2025-12-17,Ganga Freight
SO0010168,2025-12-15,2025-12-16,Ganga Freight
SO0010169,2025-12-15,2025-12-17,Sahyadri Roadlines
SO0010170,2025-12-15,2025-12-17,Deccan Express Logistics
SO0010171,2025-12-15,2025-12-17,Deccan Express Logistics
SO0010172,2025-12-15,2025-12-18,Sahyadri Roadlines
SO0010174,2025-12-16,2025-12-17,Sahyadri Roadlines
SO0010175,2025-12-16,2025-12-17,Sahyadri Roadlines
SO0010176,2025-12-16,2025-12-18,Sahyadri Roadlines
SO0010177,2025-12-16,2025-12-18,Sahyadri Roadlines
SO0010178,2025-12-16,2025-12-18,Ganga Freight
SO0010179,2025-12-16,2025-12-17,Deccan Express Logistics
SO0010180,2025-12-16,2025-12-17,Ganga Freight
SO0010183,2025-12-16,2025-12-19,Ganga Freight
SO0010184,2025-12-16,2025-12-18,Sahyadri Roadlines
SO0010185,2025-12-17,2025-12-18,Deccan Express Logistics
SO0010186,2025-12-17,2025-12-19,Deccan Express Logistics
SO0010187,2025-12-17,2025-12-20,Deccan Express Logistics
SO0010188,2025-12-17,2025-12-18,Sahyadri Roadlines
SO0010181,2025-12-17,2025-12-20,Deccan Express Logistics
SO0010182,2025-12-17,2025-12-18,Deccan Express Logistics
SO0010189,2025-12-17,2025-12-18,Deccan Express Logistics
SO0010190,2025-12-17,2025-12-19,Sahyadri Roadlines
SO0010191,2025-12-17,2025-12-18,Ganga Freight
SO0010195,2025-12-17,2025-12-18,Sahyadri Roadlines
SO0010200,2025-12-18,2025-12-20,Deccan Express Logistics
SO0010201,2025-12-18,2025-12-21,Deccan Express Logistics
SO0010202,2025-12-18,2025-12-19,Sahyadri Roadlines
SO0010203,2025-12-18,2025-12-20,Ganga Freight
SO0010204,2025-12-18,2025-12-20,Sahyadri Roadlines
SO0010205,2025-12-18,2025-12-21,Ganga Freight
SO0010206,2025-12-18,2025-12-19,Deccan Express Logistics
SO0010192,2025-12-18,2025-12-22,Ganga Freight
SO0010193,2025-12-18,2025-12-21,Ganga Freight
SO0010194,2025-12-18,2025-12-21,Deccan Express Logistics
SO0010207,2025-12-18,2025-12-20,Ganga Freight
SO0010208,2025-12-18,2025-12-19,Ganga Freight
SO0010209,2025-12-18,2025-12-20,Sahyadri Roadlines
SO0010196,2025-12-18,2025-12-20,Deccan Express Logistics
SO0010197,2025-12-18,2025-12-19,Ganga Freight
SO0010198,2025-12-18,2025-12-20,Ganga Freight
SO0010212,2025-12-19,2025-12-20,Deccan Express Logistics
SO0010213,2025-12-19,2025-12-22,Sahyadri Roadlines
SO0010224,2025-12-19,2025-12-21,Sahyadri Roadlines
SO0010214,2025-12-19,2025-12-22,Ganga Freight
SO0010215,2025-12-19,2025-12-20,Deccan Express Logistics
SO0010216,2025-12-19,2025-12-20,Ganga Freight
SO0010217,2025-12-19,2025-12-21,Sahyadri Roadlines
SO0010218,2025-12-19,2025-12-22,Ganga Freight
SO0010219,2025-12-19,2025-12-20,Ganga Freight
SO0010220,2025-12-19,2025-12-21,Deccan Express Logistics
SO0010221,2025-12-19,2025-12-20,Ganga Freight
SO0010199,2025-12-19,2025-12-21,Deccan Express Logistics
SO0010210,2025-12-19,2025-12-21,Sahyadri Roadlines
SO0010211,2025-12-19,2025-12-21,Sahyadri Roadlines
SO0010222,2025-12-19,2025-12-20,Deccan Express Logistics
SO0010223,2025-12-19,2025-12-21,Ganga Freight
SO0010225,2025-12-20,2025-12-22,Ganga Freight
SO0010226,2025-12-20,2025-12-22,Ganga Freight
SO0010227,2025-12-20,2025-12-22,Ganga Freight
SO0010228,2025-12-20,2025-12-23,Deccan Express Logistics
SO0010229,2025-12-20,2025-12-23,Ganga Freight
SO0010230,2025-12-20,2025-12-24,Sahyadri Roadlines
SO0010231,2025-12-20,2025-12-22,Ganga Freight
SO0010232,2025-12-20,2025-12-24,Deccan Express Logistics
SO0010233,2025-12-20,2025-12-22,Deccan Express Logistics
SO0010234,2025-12-20,2025-12-22,Ganga Freight
SO0010235,2025-12-22,2025-12-26,Deccan Express Logistics
SO0010236,2025-12-22,2025-12-23,Sahyadri Roadlines
SO0010237,2025-12-22,2025-12-28,Deccan Express Logistics
SO0010238,2025-12-22,2025-12-24,Sahyadri Roadlines
SO0010245,2025-12-22,2025-12-25,Sahyadri Roadlines
SO0010239,2025-12-22,2025-12-23,Sahyadri Roadlines
SO0010240,2025-12-22,2025-12-25,Deccan Express Logistics
SO0010241,2025-12-22,2025-12-23,Sahyadri Roadlines
SO0010242,2025-12-22,2025-12-24,Ganga Freight
SO0010243,2025-12-22,2025-12-25,Ganga Freight
SO0010244,2025-12-22,2025-12-24,Ganga Freight
SO0010246,2025-12-23,2025-12-24,Ganga Freight
SO0010247,2025-12-23,2025-12-24,Deccan Express Logistics
SO0010248,2025-12-23,2025-12-24,Ganga Freight
SO0010249,2025-12-23,2025-12-25,Ganga Freight
SO0010250,2025-12-23,2025-12-25,Sahyadri Roadlines
SO0010251,2025-12-23,2025-12-24,Ganga Freight
SO0010252,2025-12-23,2025-12-24,Ganga Freight
SO0010253,2025-12-23,2025-12-26,Ganga Freight
SO0010255,2025-12-23,2025-12-25,Deccan Express Logistics
SO0010256,2025-12-23,2025-12-25,Deccan Express Logistics
SO0010257,2025-12-24,2025-12-26,Ganga Freight
SO0010258,2025-12-24,2025-12-27,Sahyadri Roadlines
SO0010259,2025-12-24,2025-12-27,Ganga Freight
SO0010260,2025-12-24,2025-12-25,Deccan Express Logistics
SO0010254,2025-12-24,2025-12-25,Sahyadri Roadlines
SO0010261,2025-12-24,2025-12-25,Ganga Freight
SO0010262,2025-12-24,2025-12-25,Ganga Freight
SO0010263,2025-12-24,2025-12-26,Ganga Freight
SO0010264,2025-12-24,2025-12-26,Deccan Express Logistics
SO0010267,2025-12-24,2025-12-25,Ganga Freight
SO0010272,2025-12-25,2025-12-27,Ganga Freight
SO0010273,2025-12-25,2025-12-29,Deccan Express Logistics
SO0010274,2025-12-25,2025-12-26,Sahyadri Roadlines
SO0010275,2025-12-25,2025-12-29,Deccan Express Logistics
SO0010276,2025-12-25,2025-12-26,Sahyadri Roadlines
SO0010277,2025-12-25,2025-12-27,Ganga Freight
SO0010278,2025-12-25,2025-12-26,Sahyadri Roadlines
SO0010265,2025-12-25,2025-12-26,Sahyadri Roadlines
SO0010266,2025-12-25,2025-12-27,Ganga Freight
SO0010279,2025-12-25,2025-12-26,Deccan Express Logistics
SO0010280,2025-12-25,2025-12-27,Deccan Express Logistics
SO0010281,2025-12-25,2025-12-27,Sahyadri Roadlines
SO0010268,2025-12-25,2025-12-27,Ganga Freight
SO0010269,2025-12-25,2025-12-26,Deccan Express Logistics
SO0010270,2025-12-25,2025-12-27,Ganga Freight
SO0010284,2025-12-26,2025-12-28,Sahyadri Roadlines
SO0010285,2025-12-26,2025-12-30,Ganga Freight
SO0010296,2025-12-26,2025-12-29,Sahyadri Roadlines
SO0010286,2025-12-26,2025-12-27,Ganga Freight
SO0010287,2025-12-26,2025-12-27,Sahyadri Roadlines
SO0010288,2025-12-26,2025-12-28,Sahyadri Roadlines
SO0010289,2025-12-26,2025-12-28,Ganga Freight
SO0010290,2025-12-26,2025-12-27,Ganga Freight
SO0010291,2025-12-26,2025-12-27,Ganga Freight
SO0010292,2025-12-26,2025-12-27,Deccan Express Logistics
SO0010293,2025-12-26,2025-12-28,Deccan Express Logistics
SO0010271,2025-12-26,2025-12-28,Ganga Freight
SO0010282,2025-12-26,2025-12-28,Deccan Express Logistics
SO0010283,2025-12-26,2025-12-28,Deccan Express Logistics
SO0010294,2025-12-26,2025-12-27,Ganga Freight
SO0010295,2025-12-26,2025-12-27,Deccan Express Logistics
SO0010297,2025-12-27,2025-12-29,Ganga Freight
SO0010298,2025-12-27,2025-12-29,Ganga Freight
SO0010299,2025-12-27,2025-12-29,Sahyadri Roadlines
SO0010300,2025-12-27,2025-12-30,Deccan Express Logistics
SO0010301,2025-12-27,2025-12-30,Sahyadri Roadlines
SO0010302,2025-12-27,2025-12-29,Deccan Express Logistics
SO0010303,2025-12-27,2025-12-30,Sahyadri Roadlines
SO0010304,2025-12-27,2025-12-29,Sahyadri Roadlines
SO0010305,2025-12-27,2025-12-29,Deccan Express Logistics
SO0010306,2025-12-27,2025-12-29,Ganga Freight
SO0010307,2025-12-29,2025-12-31,Deccan Express Logistics
SO0010308,2025-12-29,2025-12-30,Sahyadri Roadlines
SO0010309,2025-12-29,2026-01-01,Ganga Freight
SO0010310,2025-12-29,2025-12-31,Deccan Express Logistics
SO0010317,2025-12-29,2025-12-31,Sahyadri Roadlines
SO0010311,2025-12-29,2025-12-30,Ganga Freight
SO0010312,2025-12-29,2025-12-30,Sahyadri Roadlines
SO0010313,2025-12-29,2025-12-30,Sahyadri Roadlines
SO0010314,2025-12-29,2026-01-02,Sahyadri Roadlines
SO0010315,2025-12-29,2025-12-31,Deccan Express Logistics
SO0010316,2025-12-29,2026-01-02,Sahyadri Roadlines
SO0010318,2025-12-30,2025-12-31,Deccan Express Logistics
SO0010319,2025-12-30,2025-12-31,Ganga Freight
SO0010320,2025-12-30,2025-12-31,Sahyadri Roadlines
SO0010321,2025-12-30,2026-01-01,Sahyadri Roadlines
SO0010322,2025-12-30,2026-01-03,Deccan Express Logistics
SO0010323,2025-12-30,2025-12-31,Sahyadri Roadlines
SO0010324,2025-12-30,2025-12-31,Ganga Freight
SO0010325,2025-12-30,2026-01-01,Sahyadri Roadlines
SO0010326,2025-12-30,2025-12-31,Deccan Express Logistics
SO0010327,2025-12-30,2026-01-02,Ganga Freight
SO0010328,2025-12-30,2026-01-02,Deccan Express Logistics
SO0010329,2025-12-31,2026-01-03,Sahyadri Roadlines
SO0010330,2025-12-31,2026-01-03,Sahyadri Roadlines
SO0010331,2025-12-31,2026-01-03,Ganga Freight
SO0010332,2025-12-31,2026-01-01,Ganga Freight
SO0010333,2025-12-31,2026-01-02,Deccan Express Logistics
SO0010334,2025-12-31,2026-01-01,Deccan Express Logistics
SO0010335,2025-12-31,2026-01-01,Sahyadri Roadlines
SO0010336,2025-12-31,2026-01-03,Deccan Express Logistics
SO0010337,2025-12-31,2026-01-02,Ganga Freight
SO0010339,2025-12-31,2026-01-02,Deccan Express Logistics
SO0010344,2026-01-01,2026-01-03,Deccan Express Logistics
SO0010345,2026-01-01,2026-01-04,Sahyadri Roadlines
SO0010346,2026-01-01,2026-01-03,Ganga Freight
SO0010347,2026-01-01,2026-01-05,Deccan Express Logistics
SO0010348,2026-01-01,2026-01-02,Sahyadri Roadlines
SO0010349,2026-01-01,2026-01-04,Ganga Freight
SO0010350,2026-01-01,2026-01-02,Deccan Express Logistics
SO0010338,2026-01-01,2026-01-03,Ganga Freight
SO0010351,2026-01-01,2026-01-03,Ganga Freight
SO0010352,2026-01-01,2026-01-02,Deccan Express Logistics
SO0010353,2026-01-01,2026-01-03,Sahyadri Roadlines
SO0010340,2026-01-01,2026-01-03,Sahyadri Roadlines
SO0010341,2026-01-01,2026-01-02,Ganga Freight
SO0010342,2026-01-01,2026-01-03,Deccan Express Logistics
SO0010343,2026-01-01,2026-01-05,Sahyadri Roadlines
SO0010356,2026-01-02,2026-01-03,Ganga Freight
SO0010357,2026-01-02,2026-01-06,Ganga Freight
SO0010368,2026-01-02,2026-01-04,Ganga Freight
SO0010358,2026-01-02,2026-01-03,Deccan Express Logistics
SO0010359,2026-01-02,2026-01-03,Sahyadri Roadlines
SO0010360,2026-01-02,2026-01-03,Sahyadri Roadlines
SO0010361,2026-01-02,2026-01-04,Ganga Freight
SO0010362,2026-01-02,2026-01-04,Sahyadri Roadlines
SO0010363,2026-01-02,2026-01-04,Sahyadri Roadlines
SO0010364,2026-01-02,2026-01-03,Sahyadri Roadlines
SO0010365,2026-01-02,2026-01-03,Ganga Freight
SO0010354,2026-01-02,2026-01-04,Sahyadri Roadlines
SO0010355,2026-01-02,2026-01-04,Deccan Express Logistics
SO0010366,2026-01-02,2026-01-04,Sahyadri Roadlines
SO0010367,2026-01-02,2026-01-03,Deccan Express Logistics
SO0010369,2026-01-03,2026-01-06,Deccan Express Logistics
SO0010370,2026-01-03,2026-01-05,Sahyadri Roadlines
SO0010371,2026-01-03,2026-01-05,Deccan Express Logistics
SO0010372,2026-01-03,2026-01-06,Ganga Freight
SO0010373,2026-01-03,2026-01-06,Deccan Express Logistics
SO0010374,2026-01-03,2026-01-05,Ganga Freight
SO0010375,2026-01-03,2026-01-06,Sahyadri Roadlines
SO0010376,2026-01-03,2026-01-05,Sahyadri Roadlines
SO0010377,2026-01-03,2026-01-05,Sahyadri Roadlines
SO0010378,2026-01-03,2026-01-06,Deccan Express Logistics
SO0010379,2026-01-05,2026-01-07,Sahyadri Roadlines
SO0010380,2026-01-05,2026-01-06,Deccan Express Logistics
SO0010381,2026-01-05,2026-01-08,Sahyadri Roadlines
SO0010382,2026-01-05,2026-01-07,Ganga Freight
SO0010389,2026-01-05,2026-01-07,Deccan Express Logistics
SO0010383,2026-01-05,2026-01-06,Sahyadri Roadlines
SO0010384,2026-01-05,2026-01-06,Ganga Freight
SO0010385,2026-01-05,2026-01-06,Ganga Freight
SO0010386,2026-01-05,2026-01-08,Ganga Freight
SO0010387,2026-01-05,2026-01-07,Ganga Freight
SO0010388,2026-01-05,2026-01-09,Ganga Freight
SO0010390,2026-01-06,2026-01-07,Ganga Freight
SO0010391,2026-01-06,2026-01-07,Deccan Express Logistics
SO0010392,2026-01-06,2026-01-07,Ganga Freight
SO0010393,2026-01-06,2026-01-08,Sahyadri Roadlines
SO0010394,2026-01-06,2026-01-09,Deccan Express Logistics
SO0010395,2026-01-06,2026-01-07,Ganga Freight
SO0010396,2026-01-06,2026-01-08,Ganga Freight
SO0010397,2026-01-06,2026-01-08,Sahyadri Roadlines
SO0010398,2026-01-06,2026-01-08,Deccan Express Logistics
SO0010399,2026-01-06,2026-01-08,Deccan Express Logistics
SO0010400,2026-01-06,2026-01-08,Ganga Freight
SO0010401,2026-01-07,2026-01-08,Ganga Freight
SO0010402,2026-01-07,2026-01-09,Sahyadri Roadlines
SO0010403,2026-01-07,2026-01-10,Deccan Express Logistics
SO0010404,2026-01-07,2026-01-09,Sahyadri Roadlines
SO0010405,2026-01-07,2026-01-09,Deccan Express Logistics
SO0010406,2026-01-07,2026-01-10,Sahyadri Roadlines
SO0010407,2026-01-07,2026-01-08,Deccan Express Logistics
SO0010408,2026-01-07,2026-01-10,Sahyadri Roadlines
SO0010409,2026-01-07,2026-01-08,Sahyadri Roadlines
SO0010411,2026-01-07,2026-01-09,Ganga Freight
SO0010416,2026-01-08,2026-01-10,Ganga Freight
SO0010417,2026-01-08,2026-01-12,Ganga Freight
SO0010418,2026-01-08,2026-01-09,Sahyadri Roadlines
SO0010419,2026-01-08,2026-01-10,Ganga Freight
SO0010420,2026-01-08,2026-01-09,Deccan Express Logistics
SO0010421,2026-01-08,2026-01-10,Deccan Express Logistics
SO0010422,2026-01-08,2026-01-09,Ganga Freight
SO0010410,2026-01-08,2026-01-10,Sahyadri Roadlines
SO0010423,2026-01-08,2026-01-09,Ganga Freight
SO0010424,2026-01-08,2026-01-09,Deccan Express Logistics
SO0010425,2026-01-08,2026-01-10,Deccan Express Logistics
SO0010412,2026-01-08,2026-01-10,Sahyadri Roadlines
SO0010413,2026-01-08,2026-01-10,Sahyadri Roadlines
SO0010414,2026-01-08,2026-01-11,Ganga Freight
SO0010428,2026-01-09,2026-01-11,Sahyadri Roadlines
SO0010429,2026-01-09,2026-01-12,Deccan Express Logistics
SO0010440,2026-01-09,2026-01-11,Sahyadri Roadlines
SO0010430,2026-01-09,2026-01-11,Ganga Freight
SO0010431,2026-01-09,2026-01-10,Sahyadri Roadlines
SO0010432,2026-01-09,2026-01-10,Deccan Express Logistics
SO0010434,2026-01-09,2026-01-11,Ganga Freight
SO0010435,2026-01-09,2026-01-10,Deccan Express Logistics
SO0010436,2026-01-09,2026-01-10,Deccan Express Logistics
SO0010437,2026-01-09,2026-01-10,Sahyadri Roadlines
SO0010415,2026-01-09,2026-01-12,Deccan Express Logistics
SO0010426,2026-01-09,2026-01-11,Ganga Freight
SO0010427,2026-01-09,2026-01-13,Ganga Freight
SO0010438,2026-01-09,2026-01-10,Sahyadri Roadlines
SO0010439,2026-01-09,2026-01-10,Ganga Freight
SO0010441,2026-01-10,2026-01-12,Sahyadri Roadlines
SO0010442,2026-01-10,2026-01-13,Ganga Freight
SO0010443,2026-01-10,2026-01-13,Sahyadri Roadlines
SO0010444,2026-01-10,2026-01-13,Sahyadri Roadlines
SO0010445,2026-01-10,2026-01-13,Ganga Freight
SO0010433,2026-01-10,2026-01-13,Sahyadri Roadlines
SO0010446,2026-01-10,2026-01-13,Ganga Freight
SO0010447,2026-01-10,2026-01-14,Ganga Freight
SO0010448,2026-01-10,2026-01-12,Ganga Freight
SO0010449,2026-01-10,2026-01-13,Sahyadri Roadlines
SO0010450,2026-01-10,2026-01-12,Deccan Express Logistics
SO0010451,2026-01-12,2026-01-14,Deccan Express Logistics
SO0010452,2026-01-12,2026-01-13,Ganga Freight
SO0010453,2026-01-12,2026-01-15,Deccan Express Logistics
SO0010454,2026-01-12,2026-01-14,Sahyadri Roadlines
SO0010461,2026-01-12,2026-01-14,Sahyadri Roadlines
SO0010455,2026-01-12,2026-01-13,Sahyadri Roadlines
SO0010456,2026-01-12,2026-01-13,Ganga Freight
SO0010457,2026-01-12,2026-01-13,Sahyadri Roadlines
SO0010458,2026-01-12,2026-01-14,Sahyadri Roadlines
SO0010459,2026-01-12,2026-01-14,Sahyadri Roadlines
SO0010460,2026-01-12,2026-01-14,Ganga Freight
SO0010462,2026-01-13,2026-01-15,Deccan Express Logistics
SO0010463,2026-01-13,2026-01-15,Deccan Express Logistics
SO0010464,2026-01-13,2026-01-14,Deccan Express Logistics
SO0010465,2026-01-13,2026-01-15,Deccan Express Logistics
SO0010466,2026-01-13,2026-01-16,Deccan Express Logistics
SO0010467,2026-01-13,2026-01-15,Sahyadri Roadlines
SO0010468,2026-01-13,2026-01-14,Ganga Freight
SO0010469,2026-01-13,2026-01-16,Deccan Express Logistics
SO0010471,2026-01-13,2026-01-16,Ganga Freight
SO0010472,2026-01-13,2026-01-15,Ganga Freight
SO0010473,2026-01-14,2026-01-16,Sahyadri Roadlines
SO0010474,2026-01-14,2026-01-16,Deccan Express Logistics
SO0010475,2026-01-14,2026-01-18,Ganga Freight
SO0010476,2026-01-14,2026-01-15,Ganga Freight
SO0010470,2026-01-14,2026-01-15,Deccan Express Logistics
SO0010477,2026-01-14,2026-01-15,Deccan Express Logistics
SO0010478,2026-01-14,2026-01-15,Deccan Express Logistics
SO0010479,2026-01-14,2026-01-15,Ganga Freight
SO0010480,2026-01-14,2026-01-16,Deccan Express Logistics
SO0010481,2026-01-14,2026-01-15,Deccan Express Logistics
SO0010483,2026-01-14,2026-01-15,Ganga Freight
SO0010488,2026-01-15,2026-01-17,Ganga Freight
SO0010489,2026-01-15,2026-01-18,Ganga Freight
SO0010490,2026-01-15,2026-01-16,Ganga Freight
SO0010491,2026-01-15,2026-01-17,Ganga Freight
SO0010492,2026-01-15,2026-01-16,Ganga Freight
SO0010493,2026-01-15,2026-01-17,Deccan Express Logistics
SO0010494,2026-01-15,2026-01-16,Ganga Freight
SO0010482,2026-01-15,2026-01-17,Deccan Express Logistics
SO0010495,2026-01-15,2026-01-16,Sahyadri Roadlines
SO0010496,2026-01-15,2026-01-16,Ganga Freight
SO0010497,2026-01-15,2026-01-18,Sahyadri Roadlines
SO0010484,2026-01-15,2026-01-17,Ganga Freight
SO0010485,2026-01-15,2026-01-16,Deccan Express Logistics
SO0010486,2026-01-15,2026-01-17,Deccan Express Logistics
SO0010500,2026-01-16,2026-01-18,Deccan Express Logistics
SO0010501,2026-01-16,2026-01-20,Sahyadri Roadlines
SO0010512,2026-01-16,2026-01-18,Ganga Freight
SO0010502,2026-01-16,2026-01-18,Ganga Freight
SO0010503,2026-01-16,2026-01-17,Ganga Freight
SO0010504,2026-01-16,2026-01-18,Deccan Express Logistics
SO0010505,2026-01-16,2026-01-18,Ganga Freight
SO0010506,2026-01-16,2026-01-17,Deccan Express Logistics
SO0010507,2026-01-16,2026-01-18,Sahyadri Roadlines
SO0010508,2026-01-16,2026-01-17,Deccan Express Logistics
SO0010509,2026-01-16,2026-01-17,Sahyadri Roadlines
SO0010487,2026-01-16,2026-01-18,Ganga Freight
SO0010498,2026-01-16,2026-01-18,Ganga Freight
SO0010499,2026-01-16,2026-01-18,Deccan Express Logistics
SO0010510,2026-01-16,2026-01-19,Ganga Freight
SO0010511,2026-01-16,2026-01-17,Ganga Freight
SO0010513,2026-01-17,2026-01-19,Deccan Express Logistics
SO0010514,2026-01-17,2026-01-19,Sahyadri Roadlines
SO0010515,2026-01-17,2026-01-21,Sahyadri Roadlines
SO0010516,2026-01-17,2026-01-21,Ganga Freight
SO0010517,2026-01-17,2026-01-20,Ganga Freight
SO0010518,2026-01-17,2026-01-19,Ganga Freight
SO0010519,2026-01-17,2026-01-20,Deccan Express Logistics
SO0010520,2026-01-17,2026-01-19,Sahyadri Roadlines
SO0010521,2026-01-17,2026-01-19,Sahyadri Roadlines
SO0010522,2026-01-17,2026-01-20,Sahyadri Roadlines
SO0010523,2026-01-19,2026-01-23,Ganga Freight
SO0010524,2026-01-19,2026-01-20,Ganga Freight
SO0010525,2026-01-19,2026-01-24,Deccan Express Logistics
SO0010526,2026-01-19,2026-01-21,Ganga Freight
SO0010533,2026-01-19,2026-01-21,Ganga Freight
SO0010527,2026-01-19,2026-01-21,Ganga Freight
SO0010528,2026-01-19,2026-01-20,Ganga Freight
SO0010529,2026-01-19,2026-01-22,Ganga Freight
SO0010530,2026-01-19,2026-01-21,Sahyadri Roadlines
SO0010531,2026-01-19,2026-01-21,Ganga Freight
SO0010532,2026-01-19,2026-01-21,Sahyadri Roadlines
SO0010534,2026-01-20,2026-01-21,Sahyadri Roadlines
SO0010535,2026-01-20,2026-01-22,Ganga Freight
SO0010536,2026-01-20,2026-01-22,Sahyadri Roadlines
SO0010537,2026-01-20,2026-01-24,Deccan Express Logistics
SO0010538,2026-01-20,2026-01-22,Sahyadri Roadlines
SO0010539,2026-01-20,2026-01-22,Deccan Express Logistics
SO0010540,2026-01-20,2026-01-21,Ganga Freight
SO0010541,2026-01-20,2026-01-22,Deccan Express Logistics
SO0010543,2026-01-20,2026-01-24,Deccan Express Logistics
SO0010544,2026-01-20,2026-01-23,Ganga Freight
SO0010545,2026-01-21,2026-01-22,Ganga Freight
SO0010546,2026-01-21,2026-01-23,Deccan Express Logistics
SO0010547,2026-01-21,2026-01-25,Deccan Express Logistics
SO0010548,2026-01-21,2026-01-25,Deccan Express Logistics
SO0010542,2026-01-21,2026-01-22,Ganga Freight
SO0010549,2026-01-21,2026-01-23,Ganga Freight
SO0010550,2026-01-21,2026-01-22,Deccan Express Logistics
SO0010551,2026-01-21,2026-01-22,Ganga Freight
SO0010552,2026-01-21,2026-01-23,Ganga Freight
SO0010553,2026-01-21,2026-01-22,Ganga Freight
SO0010555,2026-01-21,2026-01-24,Deccan Express Logistics
SO0010560,2026-01-22,2026-01-25,Sahyadri Roadlines
SO0010561,2026-01-22,2026-01-25,Sahyadri Roadlines
SO0010562,2026-01-22,2026-01-23,Deccan Express Logistics
SO0010563,2026-01-22,2026-01-23,Deccan Express Logistics
SO0010564,2026-01-22,2026-01-24,Ganga Freight
SO0010565,2026-01-22,2026-01-24,Sahyadri Roadlines
SO0010566,2026-01-22,2026-01-24,Sahyadri Roadlines
SO0010554,2026-01-22,2026-01-25,Ganga Freight
SO0010567,2026-01-22,2026-01-23,Deccan Express Logistics
SO0010568,2026-01-22,2026-01-23,Ganga Freight
SO0010569,2026-01-22,2026-01-24,Deccan Express Logistics
SO0010556,2026-01-22,2026-01-24,Sahyadri Roadlines
SO0010557,2026-01-22,2026-01-23,Sahyadri Roadlines
SO0010558,2026-01-22,2026-01-24,Ganga Freight
SO0010572,2026-01-23,2026-01-24,Sahyadri Roadlines
SO0010573,2026-01-23,2026-01-26,Ganga Freight
SO0010584,2026-01-23,2026-01-25,Deccan Express Logistics
SO0010574,2026-01-23,2026-01-24,Sahyadri Roadlines
SO0010575,2026-01-23,2026-01-24,Sahyadri Roadlines
SO0010576,2026-01-23,2026-01-24,Sahyadri Roadlines
SO0010577,2026-01-23,2026-01-25,Ganga Freight
SO0010578,2026-01-23,2026-01-24,Deccan Express Logistics
SO0010579,2026-01-23,2026-01-24,Ganga Freight
SO0010580,2026-01-23,2026-01-24,Deccan Express Logistics
SO0010581,2026-01-23,2026-01-24,Sahyadri Roadlines
SO0010559,2026-01-23,2026-01-25,Ganga Freight
SO0010570,2026-01-23,2026-01-25,Deccan Express Logistics
SO0010571,2026-01-23,2026-01-25,Sahyadri Roadlines
SO0010582,2026-01-23,2026-01-24,Deccan Express Logistics
SO0010585,2026-01-24,2026-01-26,Deccan Express Logistics
SO0010586,2026-01-24,2026-01-26,Deccan Express Logistics
SO0010587,2026-01-24,2026-01-26,Ganga Freight
SO0010588,2026-01-24,2026-01-27,Sahyadri Roadlines
SO0010589,2026-01-24,2026-01-27,Sahyadri Roadlines
SO0010590,2026-01-24,2026-01-26,Deccan Express Logistics
SO0010591,2026-01-24,2026-01-26,Ganga Freight
SO0010592,2026-01-24,2026-01-27,Sahyadri Roadlines
SO0010583,2026-01-24,2026-01-25,Ganga Freight
SO0010593,2026-01-24,2026-01-27,Ganga Freight
SO0010594,2026-01-24,2026-01-26,Ganga Freight
SO0010595,2026-01-26,2026-01-28,Sahyadri Roadlines
SO0010596,2026-01-26,2026-01-27,Sahyadri Roadlines
SO0010597,2026-01-26,2026-01-30,Deccan Express Logistics
SO0010598,2026-01-26,2026-01-28,Sahyadri Roadlines
SO0010605,2026-01-26,2026-01-29,Ganga Freight
SO0010599,2026-01-26,2026-01-27,Sahyadri Roadlines
SO0010600,2026-01-26,2026-01-27,Sahyadri Roadlines
SO0010601,2026-01-26,2026-01-27,Deccan Express Logistics
SO0010602,2026-01-26,2026-01-29,Deccan Express Logistics
SO0010603,2026-01-26,2026-01-29,Ganga Freight
SO0010604,2026-01-26,2026-01-28,Deccan Express Logistics
SO0010606,2026-01-27,2026-01-28,Sahyadri Roadlines
SO0010607,2026-01-27,2026-01-28,Sahyadri Roadlines
SO0010608,2026-01-27,2026-01-29,Sahyadri Roadlines
SO0010609,2026-01-27,2026-01-29,Ganga Freight
SO0010610,2026-01-27,2026-01-29,Sahyadri Roadlines
SO0010611,2026-01-27,2026-01-29,Deccan Express Logistics
SO0010612,2026-01-27,2026-01-28,Sahyadri Roadlines
SO0010613,2026-01-27,2026-01-29,Deccan Express Logistics
SO0010615,2026-01-27,2026-01-29,Ganga Freight
SO0010616,2026-01-27,2026-01-29,Deccan Express Logistics
SO0010617,2026-01-28,2026-01-29,Ganga Freight
SO0010618,2026-01-28,2026-01-30,Deccan Express Logistics
SO0010619,2026-01-28,2026-02-01,Sahyadri Roadlines
SO0010620,2026-01-28,2026-01-29,Deccan Express Logistics
SO0010614,2026-01-28,2026-01-29,Deccan Express Logistics
SO0010621,2026-01-28,2026-01-29,Sahyadri Roadlines
SO0010622,2026-01-28,2026-01-29,Deccan Express Logistics
SO0010623,2026-01-28,2026-01-30,Ganga Freight
SO0010624,2026-01-28,2026-01-30,Ganga Freight
SO0010625,2026-01-28,2026-01-29,Deccan Express Logistics
SO0010627,2026-01-28,2026-01-30,Deccan Express Logistics
SO0010632,2026-01-29,2026-01-31,Ganga Freight
SO0010633,2026-01-29,2026-02-01,Ganga Freight
SO0010634,2026-01-29,2026-01-30,Ganga Freight
SO0010635,2026-01-29,2026-01-30,Deccan Express Logistics
SO0010636,2026-01-29,2026-01-31,Sahyadri Roadlines
SO0010637,2026-01-29,2026-02-01,Sahyadri Roadlines
SO0010638,2026-01-29,2026-01-31,Ganga Freight
SO0010626,2026-01-29,2026-01-31,Ganga Freight
SO0010639,2026-01-29,2026-01-30,Deccan Express Logistics
SO0010640,2026-01-29,2026-01-30,Ganga Freight
SO0010641,2026-01-29,2026-01-31,Sahyadri Roadlines
SO0010628,2026-01-29,2026-01-31,Sahyadri Roadlines
SO0010629,2026-01-29,2026-01-31,Ganga Freight
SO0010630,2026-01-29,2026-02-01,Deccan Express Logistics
SO0010644,2026-01-30,2026-02-01,Deccan Express Logistics
SO0010645,2026-01-30,2026-02-02,Sahyadri Roadlines
SO0010656,2026-01-30,2026-02-01,Ganga Freight
SO0010646,2026-01-30,2026-02-01,Sahyadri Roadlines
SO0010647,2026-01-30,2026-01-31,Sahyadri Roadlines
SO0010648,2026-01-30,2026-01-31,Ganga Freight
SO0010649,2026-01-30,2026-02-01,Deccan Express Logistics
SO0010650,2026-01-30,2026-01-31,Deccan Express Logistics
SO0010651,2026-01-30,2026-02-02,Deccan Express Logistics
SO0010652,2026-01-30,2026-02-01,Ganga Freight
SO0010653,2026-01-30,2026-01-31,Ganga Freight
SO0010631,2026-01-30,2026-02-03,Sahyadri Roadlines
SO0010642,2026-01-30,2026-02-01,Deccan Express Logistics
SO0010643,2026-01-30,2026-02-02,Deccan Express Logistics
SO0010654,2026-01-30,2026-01-31,Deccan Express Logistics
SO0010655,2026-01-30,2026-01-31,Sahyadri Roadlines
SO0010657,2026-01-31,2026-02-02,Sahyadri Roadlines
SO0010658,2026-01-31,2026-02-02,Ganga Freight
SO0010659,2026-01-31,2026-02-02,Deccan Express Logistics
SO0010660,2026-01-31,2026-02-03,Sahyadri Roadlines
SO0010661,2026-01-31,2026-02-03,Deccan Express Logistics
SO0010662,2026-01-31,2026-02-03,Sahyadri Roadlines
SO0010663,2026-01-31,2026-02-02,Deccan Express Logistics
SO0010664,2026-01-31,2026-02-03,Ganga Freight
SO0010665,2026-01-31,2026-02-03,Ganga Freight
SO0010666,2026-01-31,2026-02-03,Ganga Freight
SO0010667,2026-02-02,2026-02-05,Deccan Express Logistics
SO0010668,2026-02-02,2026-02-03,Sahyadri Roadlines
SO0010669,2026-02-02,2026-02-06,Sahyadri Roadlines
SO0010670,2026-02-02,2026-02-04,Deccan Express Logistics
SO0010677,2026-02-02,2026-02-04,Deccan Express Logistics
SO0010671,2026-02-02,2026-02-03,Deccan Express Logistics
SO0010672,2026-02-02,2026-02-04,Deccan Express Logistics
SO0010673,2026-02-02,2026-02-03,Deccan Express Logistics
SO0010674,2026-02-02,2026-02-04,Deccan Express Logistics
SO0010675,2026-02-02,2026-02-04,Deccan Express Logistics
SO0010676,2026-02-02,2026-02-04,Ganga Freight
SO0010678,2026-02-03,2026-02-04,Sahyadri Roadlines
SO0010679,2026-02-03,2026-02-04,Ganga Freight
SO0010680,2026-02-03,2026-02-05,Ganga Freight
SO0010681,2026-02-03,2026-02-06,Ganga Freight
SO0010682,2026-02-03,2026-02-05,Deccan Express Logistics
SO0010683,2026-02-03,2026-02-04,Sahyadri Roadlines
SO0010684,2026-02-03,2026-02-04,Ganga Freight
SO0010685,2026-02-03,2026-02-05,Ganga Freight
SO0010686,2026-02-03,2026-02-04,Ganga Freight
SO0010687,2026-02-03,2026-02-05,Deccan Express Logistics
SO0010688,2026-02-03,2026-02-06,Deccan Express Logistics
SO0010689,2026-02-04,2026-02-06,Deccan Express Logistics
SO0010690,2026-02-04,2026-02-06,Ganga Freight
SO0010691,2026-02-04,2026-02-09,Sahyadri Roadlines
SO0010692,2026-02-04,2026-02-05,Deccan Express Logistics
SO0010693,2026-02-04,2026-02-07,Sahyadri Roadlines
SO0010694,2026-02-04,2026-02-06,Deccan Express Logistics
SO0010695,2026-02-04,2026-02-05,Ganga Freight
SO0010696,2026-02-04,2026-02-07,Ganga Freight
SO0010697,2026-02-04,2026-02-06,Deccan Express Logistics
SO0010699,2026-02-04,2026-02-05,Ganga Freight
SO0010704,2026-02-05,2026-02-08,Ganga Freight
SO0010705,2026-02-05,2026-02-09,Deccan Express Logistics
SO0010706,2026-02-05,2026-02-07,Ganga Freight
SO0010707,2026-02-05,2026-02-06,Ganga Freight
SO0010708,2026-02-05,2026-02-06,Sahyadri Roadlines
SO0010709,2026-02-05,2026-02-07,Ganga Freight
SO0010710,2026-02-05,2026-02-06,Ganga Freight
SO0010698,2026-02-05,2026-02-07,Ganga Freight
SO0010711,2026-02-05,2026-02-06,Deccan Express Logistics
SO0010712,2026-02-05,2026-02-06,Deccan Express Logistics
SO0010713,2026-02-05,2026-02-07,Deccan Express Logistics
SO0010700,2026-02-05,2026-02-08,Deccan Express Logistics
SO0010701,2026-02-05,2026-02-07,Deccan Express Logistics
SO0010702,2026-02-05,2026-02-07,Deccan Express Logistics
SO0010716,2026-02-06,2026-02-07,Sahyadri Roadlines
SO0010717,2026-02-06,2026-02-09,Sahyadri Roadlines
SO0010728,2026-02-06,2026-02-08,Ganga Freight
SO0010718,2026-02-06,2026-02-07,Sahyadri Roadlines
SO0010719,2026-02-06,2026-02-07,Deccan Express Logistics
SO0010720,2026-02-06,2026-02-07,Sahyadri Roadlines
SO0010721,2026-02-06,2026-02-10,Ganga Freight
SO0010722,2026-02-06,2026-02-08,Sahyadri Roadlines
SO0010723,2026-02-06,2026-02-07,Sahyadri Roadlines
SO0010724,2026-02-06,2026-02-07,Ganga Freight
SO0010725,2026-02-06,2026-02-10,Sahyadri Roadlines
SO0010703,2026-02-06,2026-02-08,Deccan Express Logistics
SO0010714,2026-02-06,2026-02-09,Sahyadri Roadlines
SO0010715,2026-02-06,2026-02-08,Ganga Freight
SO0010726,2026-02-06,2026-02-08,Deccan Express Logistics
SO0010727,2026-02-06,2026-02-07,Deccan Express Logistics
SO0010729,2026-02-07,2026-02-10,Ganga Freight
SO0010730,2026-02-07,2026-02-09,Sahyadri Roadlines
SO0010731,2026-02-07,2026-02-12,Sahyadri Roadlines
SO0010732,2026-02-07,2026-02-11,Sahyadri Roadlines
SO0010733,2026-02-07,2026-02-10,Ganga Freight
SO0010734,2026-02-07,2026-02-10,Deccan Express Logistics
SO0010735,2026-02-07,2026-02-09,Deccan Express Logistics
SO0010736,2026-02-07,2026-02-09,Ganga Freight
SO0010737,2026-02-07,2026-02-09,Sahyadri Roadlines
SO0010738,2026-02-07,2026-02-09,Ganga Freight
SO0010739,2026-02-09,2026-02-11,Deccan Express Logistics
SO0010740,2026-02-09,2026-02-11,Deccan Express Logistics
SO0010741,2026-02-09,2026-02-12,Ganga Freight
SO0010742,2026-02-09,2026-02-12,Ganga Freight
SO0010749,2026-02-09,2026-02-11,Sahyadri Roadlines
SO0010743,2026-02-09,2026-02-10,Deccan Express Logistics
SO0010744,2026-02-09,2026-02-10,Ganga Freight
SO0010745,2026-02-09,2026-02-11,Ganga Freight
SO0010746,2026-02-09,2026-02-11,Ganga Freight
SO0010747,2026-02-09,2026-02-12,Sahyadri Roadlines
SO0010748,2026-02-09,2026-02-12,Ganga Freight
SO0010750,2026-02-10,2026-02-11,Ganga Freight
SO0010751,2026-02-10,2026-02-12,Sahyadri Roadlines
SO0010752,2026-02-10,2026-02-11,Sahyadri Roadlines
SO0010753,2026-02-10,2026-02-13,Sahyadri Roadlines
SO0010754,2026-02-10,2026-02-13,Sahyadri Roadlines
SO0010755,2026-02-10,2026-02-11,Ganga Freight
SO0010756,2026-02-10,2026-02-11,Sahyadri Roadlines
SO0010757,2026-02-10,2026-02-12,Ganga Freight
SO0010758,2026-02-10,2026-02-11,Ganga Freight
SO0010759,2026-02-10,2026-02-13,Sahyadri Roadlines
SO0010760,2026-02-10,2026-02-12,Deccan Express Logistics
SO0010761,2026-02-11,2026-02-13,Sahyadri Roadlines
SO0010762,2026-02-11,2026-02-14,Ganga Freight
SO0010763,2026-02-11,2026-02-14,Sahyadri Roadlines
SO0010764,2026-02-11,2026-02-12,Deccan Express Logistics
SO0010765,2026-02-11,2026-02-12,Ganga Freight
SO0010766,2026-02-11,2026-02-12,Ganga Freight
SO0010767,2026-02-11,2026-02-12,Deccan Express Logistics
SO0010768,2026-02-11,2026-02-13,Deccan Express Logistics
SO0010769,2026-02-11,2026-02-12,Ganga Freight
SO0010771,2026-02-11,2026-02-13,Deccan Express Logistics
SO0010776,2026-02-12,2026-02-14,Ganga Freight
SO0010777,2026-02-12,2026-02-16,Sahyadri Roadlines
SO0010778,2026-02-12,2026-02-13,Ganga Freight
SO0010779,2026-02-12,2026-02-13,Ganga Freight
SO0010780,2026-02-12,2026-02-13,Sahyadri Roadlines
SO0010781,2026-02-12,2026-02-14,Deccan Express Logistics
SO0010782,2026-02-12,2026-02-13,Sahyadri Roadlines
SO0010770,2026-02-12,2026-02-14,Deccan Express Logistics
SO0010783,2026-02-12,2026-02-13,Ganga Freight
SO0010784,2026-02-12,2026-02-13,Ganga Freight
SO0010785,2026-02-12,2026-02-14,Sahyadri Roadlines
SO0010772,2026-02-12,2026-02-14,Ganga Freight
SO0010773,2026-02-12,2026-02-13,Deccan Express Logistics
SO0010774,2026-02-12,2026-02-14,Deccan Express Logistics
SO0010788,2026-02-13,2026-02-14,Ganga Freight
SO0010789,2026-02-13,2026-02-16,Sahyadri Roadlines
SO0010800,2026-02-13,2026-02-15,Sahyadri Roadlines
SO0010790,2026-02-13,2026-02-14,Deccan Express Logistics
SO0010791,2026-02-13,2026-02-14,Deccan Express Logistics
SO0010792,2026-02-13,2026-02-14,Sahyadri Roadlines
SO0010793,2026-02-13,2026-02-15,Sahyadri Roadlines
SO0010794,2026-02-13,2026-02-15,Deccan Express Logistics
SO0010795,2026-02-13,2026-02-14,Ganga Freight
SO0010796,2026-02-13,2026-02-14,Deccan Express Logistics
SO0010797,2026-02-13,2026-02-14,Deccan Express Logistics
SO0010775,2026-02-13,2026-02-16,Sahyadri Roadlines
SO0010786,2026-02-13,2026-02-15,Sahyadri Roadlines
SO0010787,2026-02-13,2026-02-15,Sahyadri Roadlines
SO0010801,2026-02-14,2026-02-16,Sahyadri Roadlines
SO0010802,2026-02-14,2026-02-16,Ganga Freight
SO0010803,2026-02-14,2026-02-16,Ganga Freight
SO0010804,2026-02-14,2026-02-17,Sahyadri Roadlines
SO0010805,2026-02-14,2026-02-17,Sahyadri Roadlines
SO0010806,2026-02-14,2026-02-16,Ganga Freight
SO0010807,2026-02-14,2026-02-18,Deccan Express Logistics
SO0010808,2026-02-14,2026-02-16,Ganga Freight
SO0010798,2026-02-14,2026-02-15,Deccan Express Logistics
SO0010799,2026-02-14,2026-02-15,Ganga Freight
SO0010809,2026-02-14,2026-02-16,Sahyadri Roadlines
SO0010811,2026-02-16,2026-02-18,Ganga Freight
SO0010812,2026-02-16,2026-02-17,Sahyadri Roadlines
SO0010813,2026-02-16,2026-02-19,Deccan Express Logistics
SO0010814,2026-02-16,2026-02-19,Sahyadri Roadlines
SO0010821,2026-02-16,2026-02-18,Sahyadri Roadlines
SO0010815,2026-02-16,2026-02-18,Deccan Express Logistics
SO0010816,2026-02-16,2026-02-18,Deccan Express Logistics
SO0010817,2026-02-16,2026-02-18,Ganga Freight
SO0010818,2026-02-16,2026-02-19,Deccan Express Logistics
SO0010819,2026-02-16,2026-02-18,Ganga Freight
SO0010810,2026-02-16,2026-02-20,Deccan Express Logistics
SO0010820,2026-02-16,2026-02-18,Sahyadri Roadlines
SO0010822,2026-02-17,2026-02-18,Ganga Freight
SO0010823,2026-02-17,2026-02-18,Deccan Express Logistics
SO0010824,2026-02-17,2026-02-18,Deccan Express Logistics
SO0010825,2026-02-17,2026-02-19,Sahyadri Roadlines
SO0010826,2026-02-17,2026-02-19,Sahyadri Roadlines
SO0010827,2026-02-17,2026-02-18,Sahyadri Roadlines
SO0010828,2026-02-17,2026-02-18,Sahyadri Roadlines
SO0010829,2026-02-17,2026-02-19,Deccan Express Logistics
SO0010830,2026-02-17,2026-02-18,Sahyadri Roadlines
SO0010831,2026-02-17,2026-02-19,Deccan Express Logistics
SO0010832,2026-02-17,2026-02-20,Sahyadri Roadlines
SO0010833,2026-02-18,2026-02-19,Sahyadri Roadlines
SO0010834,2026-02-18,2026-02-20,Deccan Express Logistics
SO0010835,2026-02-18,2026-02-21,Deccan Express Logistics
SO0010836,2026-02-18,2026-02-19,Ganga Freight
SO0010837,2026-02-18,2026-02-19,Ganga Freight
SO0010838,2026-02-18,2026-02-20,Deccan Express Logistics
SO0010839,2026-02-18,2026-02-20,Ganga Freight
SO0010840,2026-02-18,2026-02-20,Deccan Express Logistics
SO0010841,2026-02-18,2026-02-19,Sahyadri Roadlines
SO0010843,2026-02-18,2026-02-19,Deccan Express Logistics
SO0010848,2026-02-19,2026-02-21,Deccan Express Logistics
SO0010849,2026-02-19,2026-02-23,Sahyadri Roadlines
SO0010850,2026-02-19,2026-02-20,Deccan Express Logistics
SO0010851,2026-02-19,2026-02-20,Sahyadri Roadlines
SO0010852,2026-02-19,2026-02-22,Deccan Express Logistics
SO0010853,2026-02-19,2026-02-22,Ganga Freight
SO0010854,2026-02-19,2026-02-21,Deccan Express Logistics
SO0010842,2026-02-19,2026-02-21,Sahyadri Roadlines
SO0010855,2026-02-19,2026-02-21,Ganga Freight
SO0010856,2026-02-19,2026-02-20,Ganga Freight
SO0010857,2026-02-19,2026-02-23,Deccan Express Logistics
SO0010844,2026-02-19,2026-02-21,Sahyadri Roadlines
SO0010845,2026-02-19,2026-02-21,Ganga Freight
SO0010846,2026-02-19,2026-02-21,Deccan Express Logistics
SO0010847,2026-02-19,2026-02-21,Ganga Freight
SO0010860,2026-02-20,2026-02-21,Ganga Freight
SO0010861,2026-02-20,2026-02-23,Ganga Freight
SO0010872,2026-02-20,2026-02-22,Deccan Express Logistics
SO0010862,2026-02-20,2026-02-21,Deccan Express Logistics
SO0010863,2026-02-20,2026-02-22,Deccan Express Logistics
SO0010864,2026-02-20,2026-02-22,Deccan Express Logistics
SO0010865,2026-02-20,2026-02-22,Sahyadri Roadlines
SO0010866,2026-02-20,2026-02-22,Sahyadri Roadlines
SO0010867,2026-02-20,2026-02-21,Sahyadri Roadlines
SO0010868,2026-02-20,2026-02-21,Ganga Freight
SO0010869,2026-02-20,2026-02-22,Deccan Express Logistics
SO0010858,2026-02-20,2026-02-22,Ganga Freight
SO0010859,2026-02-20,2026-02-22,Deccan Express Logistics
SO0010870,2026-02-20,2026-02-21,Deccan Express Logistics
SO0010871,2026-02-20,2026-02-23,Deccan Express Logistics
SO0010873,2026-02-21,2026-02-25,Ganga Freight
SO0010874,2026-02-21,2026-02-23,Sahyadri Roadlines
SO0010875,2026-02-21,2026-02-23,Sahyadri Roadlines
SO0010876,2026-02-21,2026-02-24,Sahyadri Roadlines
SO0010877,2026-02-21,2026-02-24,Deccan Express Logistics
SO0010878,2026-02-21,2026-02-23,Deccan Express Logistics
SO0010879,2026-02-21,2026-02-26,Sahyadri Roadlines
SO0010880,2026-02-21,2026-02-23,Sahyadri Roadlines
SO0010881,2026-02-21,2026-02-24,Ganga Freight
SO0010882,2026-02-21,2026-02-23,Deccan Express Logistics
SO0010883,2026-02-23,2026-02-25,Ganga Freight
SO0010884,2026-02-23,2026-02-25,Deccan Express Logistics
SO0010885,2026-02-23,2026-02-26,Sahyadri Roadlines
SO0010886,2026-02-23,2026-02-25,Ganga Freight
SO0010893,2026-02-23,2026-02-28,Deccan Express Logistics
SO0010887,2026-02-23,2026-02-25,Deccan Express Logistics
SO0010888,2026-02-23,2026-02-24,Sahyadri Roadlines
SO0010889,2026-02-23,2026-02-24,Deccan Express Logistics
SO0010890,2026-02-23,2026-02-26,Deccan Express Logistics
SO0010891,2026-02-23,2026-02-25,Deccan Express Logistics
SO0010892,2026-02-23,2026-02-25,Ganga Freight
SO0010894,2026-02-24,2026-02-25,Deccan Express Logistics
SO0010895,2026-02-24,2026-02-25,Deccan Express Logistics
SO0010896,2026-02-24,2026-02-25,Ganga Freight
SO0010897,2026-02-24,2026-02-26,Ganga Freight
SO0010898,2026-02-24,2026-02-27,Deccan Express Logistics
SO0010899,2026-02-24,2026-02-25,Deccan Express Logistics
SO0010900,2026-02-24,2026-02-25,Deccan Express Logistics
SO0010901,2026-02-24,2026-02-27,Sahyadri Roadlines
SO0010902,2026-02-24,2026-02-25,Ganga Freight
SO0010903,2026-02-24,2026-02-26,Ganga Freight
SO0010904,2026-02-24,2026-02-26,Deccan Express Logistics
SO0010905,2026-02-25,2026-02-26,Deccan Express Logistics
SO0010906,2026-02-25,2026-02-28,Sahyadri Roadlines
SO0010907,2026-02-25,2026-02-28,Sahyadri Roadlines
SO0010908,2026-02-25,2026-02-27,Ganga Freight
SO0010909,2026-02-25,2026-02-28,Sahyadri Roadlines
SO0010910,2026-02-25,2026-02-26,Ganga Freight
SO0010911,2026-02-25,2026-02-28,Ganga Freight
SO0010912,2026-02-25,2026-02-27,Sahyadri Roadlines
SO0010913,2026-02-25,2026-02-26,Ganga Freight
SO0010915,2026-02-25,2026-02-26,Ganga Freight
SO0010920,2026-02-26,2026-03-02,Ganga Freight
SO0010921,2026-02-26,2026-03-01,Ganga Freight
SO0010922,2026-02-26,2026-02-27,Deccan Express Logistics
SO0010923,2026-02-26,2026-02-27,Sahyadri Roadlines
SO0010924,2026-02-26,2026-02-28,Sahyadri Roadlines
SO0010925,2026-02-26,2026-02-28,Ganga Freight
SO0010926,2026-02-26,2026-02-28,Sahyadri Roadlines
SO0010914,2026-02-26,2026-02-28,Ganga Freight
SO0010927,2026-02-26,2026-02-28,Sahyadri Roadlines
SO0010928,2026-02-26,2026-02-28,Ganga Freight
SO0010929,2026-02-26,2026-02-28,Sahyadri Roadlines
SO0010916,2026-02-26,2026-02-28,Deccan Express Logistics
SO0010917,2026-02-26,2026-02-27,Sahyadri Roadlines
SO0010918,2026-02-26,2026-03-02,Ganga Freight
SO0010932,2026-02-27,2026-02-28,Sahyadri Roadlines
SO0010933,2026-02-27,2026-03-02,Ganga Freight
SO0010944,2026-02-27,2026-03-04,Ganga Freight
SO0010934,2026-02-27,2026-03-01,Sahyadri Roadlines
SO0010935,2026-02-27,2026-03-01,Ganga Freight
SO0010936,2026-02-27,2026-03-01,Deccan Express Logistics
SO0010937,2026-02-27,2026-03-01,Deccan Express Logistics
SO0010938,2026-02-27,2026-02-28,Deccan Express Logistics
SO0010939,2026-02-27,2026-03-01,Ganga Freight
SO0010940,2026-02-27,2026-02-28,Sahyadri Roadlines
SO0010941,2026-02-27,2026-02-28,Deccan Express Logistics
SO0010919,2026-02-27,2026-03-01,Ganga Freight
SO0010930,2026-02-27,2026-03-02,Sahyadri Roadlines
SO0010931,2026-02-27,2026-03-02,Sahyadri Roadlines
SO0010942,2026-02-27,2026-02-28,Deccan Express Logistics
SO0010945,2026-02-28,2026-03-02,Sahyadri Roadlines
SO0010946,2026-02-28,2026-03-02,Deccan Express Logistics
SO0010947,2026-02-28,2026-03-02,Deccan Express Logistics
SO0010948,2026-02-28,2026-03-03,Ganga Freight
SO0010949,2026-02-28,2026-03-04,Sahyadri Roadlines
SO0010950,2026-02-28,2026-03-04,Ganga Freight
SO0010951,2026-02-28,2026-03-02,Sahyadri Roadlines
SO0010952,2026-02-28,2026-03-02,Deccan Express Logistics
SO0010943,2026-02-28,2026-03-01,Sahyadri Roadlines
SO0010953,2026-02-28,2026-03-02,Sahyadri Roadlines
SO0010954,2026-02-28,2026-03-02,Sahyadri Roadlines
SO0010955,2026-03-02,2026-03-04,Deccan Express Logistics
SO0010956,2026-03-02,2026-03-03,Deccan Express Logistics
SO0010957,2026-03-02,2026-03-06,Ganga Freight
SO0010958,2026-03-02,2026-03-04,Ganga Freight
SO0010965,2026-03-02,2026-03-04,Sahyadri Roadlines
SO0010959,2026-03-02,2026-03-03,Ganga Freight
SO0010960,2026-03-02,2026-03-03,Deccan Express Logistics
SO0010961,2026-03-02,2026-03-03,Deccan Express Logistics
SO0010962,2026-03-02,2026-03-04,Deccan Express Logistics
SO0010963,2026-03-02,2026-03-05,Sahyadri Roadlines
SO0010964,2026-03-02,2026-03-04,Ganga Freight
SO0010966,2026-03-03,2026-03-05,Deccan Express Logistics
SO0010967,2026-03-03,2026-03-05,Deccan Express Logistics
SO0010968,2026-03-03,2026-03-04,Sahyadri Roadlines
SO0010969,2026-03-03,2026-03-05,Ganga Freight
SO0010970,2026-03-03,2026-03-06,Ganga Freight
SO0010971,2026-03-03,2026-03-04,Ganga Freight
SO0010972,2026-03-03,2026-03-04,Ganga Freight
SO0010973,2026-03-03,2026-03-05,Deccan Express Logistics
SO0010974,2026-03-03,2026-03-05,Sahyadri Roadlines
SO0010975,2026-03-03,2026-03-05,Ganga Freight
SO0010976,2026-03-03,2026-03-05,Sahyadri Roadlines
SO0010977,2026-03-04,2026-03-06,Ganga Freight
SO0010978,2026-03-04,2026-03-06,Sahyadri Roadlines
SO0010979,2026-03-04,2026-03-08,Ganga Freight
SO0010980,2026-03-04,2026-03-05,Ganga Freight
SO0010981,2026-03-04,2026-03-05,Ganga Freight
SO0010982,2026-03-04,2026-03-05,Sahyadri Roadlines
SO0010983,2026-03-04,2026-03-06,Deccan Express Logistics
SO0010984,2026-03-04,2026-03-07,Ganga Freight
SO0010985,2026-03-04,2026-03-06,Ganga Freight
SO0010987,2026-03-04,2026-03-05,Sahyadri Roadlines
SO0010992,2026-03-05,2026-03-08,Ganga Freight
SO0010993,2026-03-05,2026-03-08,Deccan Express Logistics
SO0010994,2026-03-05,2026-03-07,Ganga Freight
SO0010995,2026-03-05,2026-03-07,Deccan Express Logistics
SO0010996,2026-03-05,2026-03-06,Deccan Express Logistics
SO0010997,2026-03-05,2026-03-07,Ganga Freight
SO0010998,2026-03-05,2026-03-06,Sahyadri Roadlines
SO0010986,2026-03-05,2026-03-07,Deccan Express Logistics
SO0010999,2026-03-05,2026-03-06,Ganga Freight
SO0011000,2026-03-05,2026-03-07,Sahyadri Roadlines
SO0011001,2026-03-05,2026-03-08,Sahyadri Roadlines
SO0010988,2026-03-05,2026-03-07,Ganga Freight
SO0010989,2026-03-05,2026-03-07,Sahyadri Roadlines
SO0010990,2026-03-05,2026-03-07,Ganga Freight
SO0011004,2026-03-06,2026-03-07,Deccan Express Logistics
SO0011005,2026-03-06,2026-03-09,Deccan Express Logistics
SO0011016,2026-03-06,2026-03-08,Ganga Freight
SO0011006,2026-03-06,2026-03-08,Ganga Freight
SO0011007,2026-03-06,2026-03-07,Deccan Express Logistics
SO0011008,2026-03-06,2026-03-07,Deccan Express Logistics
SO0011009,2026-03-06,2026-03-08,Deccan Express Logistics
SO0011010,2026-03-06,2026-03-07,Deccan Express Logistics
SO0011011,2026-03-06,2026-03-07,Sahyadri Roadlines
SO0011012,2026-03-06,2026-03-07,Ganga Freight
SO0011013,2026-03-06,2026-03-08,Deccan Express Logistics
SO0010991,2026-03-06,2026-03-08,Ganga Freight
SO0011002,2026-03-06,2026-03-08,Deccan Express Logistics
SO0011003,2026-03-06,2026-03-09,Deccan Express Logistics
SO0011014,2026-03-06,2026-03-10,Ganga Freight
SO0011015,2026-03-06,2026-03-07,Sahyadri Roadlines
SO0011017,2026-03-07,2026-03-09,Sahyadri Roadlines
SO0011018,2026-03-07,2026-03-09,Sahyadri Roadlines
SO0011019,2026-03-07,2026-03-09,Ganga Freight
SO0011020,2026-03-07,2026-03-11,Ganga Freight
SO0011021,2026-03-07,2026-03-10,Sahyadri Roadlines
SO0011022,2026-03-07,2026-03-09,Ganga Freight
SO0011023,2026-03-07,2026-03-09,Deccan Express Logistics
SO0011024,2026-03-07,2026-03-11,Deccan Express Logistics
SO0011025,2026-03-07,2026-03-11,Ganga Freight
SO0011026,2026-03-07,2026-03-10,Ganga Freight
SO0011027,2026-03-09,2026-03-12,Sahyadri Roadlines
SO0011028,2026-03-09,2026-03-12,Sahyadri Roadlines
SO0011029,2026-03-09,2026-03-12,Deccan Express Logistics
SO0011030,2026-03-09,2026-03-11,Ganga Freight
SO0011037,2026-03-09,2026-03-12,Deccan Express Logistics
SO0011031,2026-03-09,2026-03-12,Ganga Freight
SO0011032,2026-03-09,2026-03-10,Deccan Express Logistics
SO0011033,2026-03-09,2026-03-11,Deccan Express Logistics
SO0011034,2026-03-09,2026-03-11,Sahyadri Roadlines
SO0011035,2026-03-09,2026-03-12,Sahyadri Roadlines
SO0011036,2026-03-09,2026-03-11,Sahyadri Roadlines
SO0011038,2026-03-10,2026-03-11,Deccan Express Logistics
SO0011039,2026-03-10,2026-03-11,Sahyadri Roadlines
SO0011040,2026-03-10,2026-03-11,Sahyadri Roadlines
SO0011041,2026-03-10,2026-03-12,Ganga Freight
SO0011042,2026-03-10,2026-03-12,Ganga Freight
SO0011043,2026-03-10,2026-03-11,Ganga Freight
SO0011044,2026-03-10,2026-03-11,Sahyadri Roadlines
SO0011045,2026-03-10,2026-03-12,Ganga Freight
SO0011046,2026-03-10,2026-03-11,Sahyadri Roadlines
SO0011047,2026-03-10,2026-03-12,Deccan Express Logistics
SO0011048,2026-03-10,2026-03-13,Ganga Freight
SO0011049,2026-03-11,2026-03-12,Sahyadri Roadlines
SO0011050,2026-03-11,2026-03-13,Ganga Freight
SO0011051,2026-03-11,2026-03-15,Ganga Freight
SO0011052,2026-03-11,2026-03-12,Deccan Express Logistics
SO0011053,2026-03-11,2026-03-12,Sahyadri Roadlines
SO0011054,2026-03-11,2026-03-13,Deccan Express Logistics
SO0011055,2026-03-11,2026-03-13,Ganga Freight
SO0011056,2026-03-11,2026-03-13,Sahyadri Roadlines
SO0011057,2026-03-11,2026-03-12,Deccan Express Logistics
SO0011058,2026-03-11,2026-03-14,Ganga Freight
SO0011059,2026-03-11,2026-03-12,Deccan Express Logistics
SO0011064,2026-03-12,2026-03-15,Ganga Freight
SO0011065,2026-03-12,2026-03-15,Ganga Freight
SO0011066,2026-03-12,2026-03-14,Ganga Freight
SO0011067,2026-03-12,2026-03-13,Ganga Freight
SO0011068,2026-03-12,2026-03-13,Deccan Express Logistics
SO0011069,2026-03-12,2026-03-14,Ganga Freight
SO0011070,2026-03-12,2026-03-13,Ganga Freight
SO0011071,2026-03-12,2026-03-13,Ganga Freight
SO0011072,2026-03-12,2026-03-14,Ganga Freight
SO0011073,2026-03-12,2026-03-14,Sahyadri Roadlines
SO0011060,2026-03-12,2026-03-15,Deccan Express Logistics
SO0011061,2026-03-12,2026-03-13,Ganga Freight
SO0011062,2026-03-12,2026-03-14,Sahyadri Roadlines
SO0011076,2026-03-13,2026-03-14,Sahyadri Roadlines
SO0011077,2026-03-13,2026-03-16,Sahyadri Roadlines
SO0011088,2026-03-13,2026-03-15,Sahyadri Roadlines
SO0011078,2026-03-13,2026-03-15,Ganga Freight
SO0011079,2026-03-13,2026-03-14,Sahyadri Roadlines
SO0011080,2026-03-13,2026-03-14,Ganga Freight
SO0011081,2026-03-13,2026-03-15,Sahyadri Roadlines
SO0011082,2026-03-13,2026-03-14,Ganga Freight
SO0011083,2026-03-13,2026-03-15,Sahyadri Roadlines
SO0011084,2026-03-13,2026-03-14,Sahyadri Roadlines
SO0011085,2026-03-13,2026-03-14,Deccan Express Logistics
SO0011063,2026-03-13,2026-03-15,Deccan Express Logistics
SO0011074,2026-03-13,2026-03-15,Sahyadri Roadlines
SO0011075,2026-03-13,2026-03-16,Ganga Freight
SO0011086,2026-03-13,2026-03-15,Ganga Freight
SO0011087,2026-03-13,2026-03-15,Deccan Express Logistics
SO0011089,2026-03-14,2026-03-16,Deccan Express Logistics
SO0011090,2026-03-14,2026-03-16,Ganga Freight
SO0011091,2026-03-14,2026-03-16,Sahyadri Roadlines
SO0011092,2026-03-14,2026-03-17,Deccan Express Logistics
SO0011093,2026-03-14,2026-03-18,Ganga Freight
SO0011094,2026-03-14,2026-03-16,Deccan Express Logistics
SO0011095,2026-03-14,2026-03-18,Sahyadri Roadlines
SO0011096,2026-03-14,2026-03-17,Deccan Express Logistics
SO0011097,2026-03-14,2026-03-17,Sahyadri Roadlines
SO0011098,2026-03-14,2026-03-17,Ganga Freight
SO0011099,2026-03-16,2026-03-19,Ganga Freight
SO0011100,2026-03-16,2026-03-17,Deccan Express Logistics
SO0011101,2026-03-16,2026-03-20,Sahyadri Roadlines
SO0011102,2026-03-16,2026-03-18,Ganga Freight
SO0011109,2026-03-16,2026-03-18,Sahyadri Roadlines
SO0011103,2026-03-16,2026-03-17,Deccan Express Logistics
SO0011104,2026-03-16,2026-03-17,Ganga Freight
SO0011105,2026-03-16,2026-03-18,Sahyadri Roadlines
SO0011106,2026-03-16,2026-03-18,Sahyadri Roadlines
SO0011107,2026-03-16,2026-03-18,Deccan Express Logistics
SO0011108,2026-03-16,2026-03-19,Deccan Express Logistics
SO0011110,2026-03-17,2026-03-18,Deccan Express Logistics
SO0011111,2026-03-17,2026-03-19,Sahyadri Roadlines
SO0011112,2026-03-17,2026-03-18,Sahyadri Roadlines
SO0011113,2026-03-17,2026-03-20,Deccan Express Logistics
SO0011114,2026-03-17,2026-03-19,Sahyadri Roadlines
SO0011115,2026-03-17,2026-03-18,Ganga Freight
SO0011116,2026-03-17,2026-03-19,Ganga Freight
SO0011117,2026-03-17,2026-03-20,Sahyadri Roadlines
SO0011118,2026-03-17,2026-03-19,Ganga Freight
SO0011119,2026-03-17,2026-03-19,Deccan Express Logistics
SO0011120,2026-03-17,2026-03-19,Ganga Freight
SO0011121,2026-03-18,2026-03-19,Deccan Express Logistics
SO0011122,2026-03-18,2026-03-20,Deccan Express Logistics
SO0011123,2026-03-18,2026-03-21,Deccan Express Logistics
SO0011124,2026-03-18,2026-03-19,Deccan Express Logistics
SO0011125,2026-03-18,2026-03-20,Deccan Express Logistics
SO0011126,2026-03-18,2026-03-20,Sahyadri Roadlines
SO0011127,2026-03-18,2026-03-19,Sahyadri Roadlines
SO0011128,2026-03-18,2026-03-20,Sahyadri Roadlines
SO0011129,2026-03-18,2026-03-19,Deccan Express Logistics
SO0011131,2026-03-18,2026-03-19,Ganga Freight
SO0011136,2026-03-19,2026-03-21,Ganga Freight
SO0011137,2026-03-19,2026-03-23,Ganga Freight
SO0011138,2026-03-19,2026-03-20,Sahyadri Roadlines
SO0011139,2026-03-19,2026-03-21,Sahyadri Roadlines
SO0011140,2026-03-19,2026-03-22,Ganga Freight
SO0011141,2026-03-19,2026-03-21,Deccan Express Logistics
SO0011142,2026-03-19,2026-03-20,Deccan Express Logistics
SO0011130,2026-03-19,2026-03-21,Deccan Express Logistics
SO0011143,2026-03-19,2026-03-20,Ganga Freight
SO0011144,2026-03-19,2026-03-20,Deccan Express Logistics
SO0011145,2026-03-19,2026-03-21,Sahyadri Roadlines
SO0011132,2026-03-19,2026-03-21,Deccan Express Logistics
SO0011133,2026-03-19,2026-03-20,Sahyadri Roadlines
SO0011134,2026-03-19,2026-03-21,Sahyadri Roadlines
SO0011148,2026-03-20,2026-03-21,Ganga Freight
SO0011149,2026-03-20,2026-03-24,Deccan Express Logistics
SO0011160,2026-03-20,2026-03-23,Ganga Freight
SO0011150,2026-03-20,2026-03-21,Ganga Freight
SO0011151,2026-03-20,2026-03-21,Sahyadri Roadlines
SO0011152,2026-03-20,2026-03-21,Sahyadri Roadlines
SO0011154,2026-03-20,2026-03-22,Ganga Freight
SO0011155,2026-03-20,2026-03-21,Deccan Express Logistics
SO0011156,2026-03-20,2026-03-21,Sahyadri Roadlines
SO0011157,2026-03-20,2026-03-21,Deccan Express Logistics
SO0011135,2026-03-20,2026-03-22,Sahyadri Roadlines
SO0011146,2026-03-20,2026-03-22,Deccan Express Logistics
SO0011147,2026-03-20,2026-03-24,Ganga Freight
SO0011158,2026-03-20,2026-03-22,Sahyadri Roadlines
SO0011159,2026-03-20,2026-03-22,Deccan Express Logistics
SO0011161,2026-03-21,2026-03-23,Sahyadri Roadlines
SO0011162,2026-03-21,2026-03-23,Sahyadri Roadlines
SO0011163,2026-03-21,2026-03-25,Deccan Express Logistics
SO0011164,2026-03-21,2026-03-24,Sahyadri Roadlines
SO0011165,2026-03-21,2026-03-24,Deccan Express Logistics
SO0011153,2026-03-21,2026-03-23,Deccan Express Logistics
SO0011166,2026-03-21,2026-03-24,Deccan Express Logistics
SO0011167,2026-03-21,2026-03-24,Ganga Freight
SO0011168,2026-03-21,2026-03-23,Ganga Freight
SO0011169,2026-03-21,2026-03-24,Deccan Express Logistics
SO0011170,2026-03-21,2026-03-24,Deccan Express Logistics
SO0011171,2026-03-23,2026-03-25,Ganga Freight
SO0011172,2026-03-23,2026-03-24,Sahyadri Roadlines
SO0011173,2026-03-23,2026-03-26,Deccan Express Logistics
SO0011174,2026-03-23,2026-03-26,Ganga Freight
SO0011181,2026-03-23,2026-03-25,Ganga Freight
SO0011175,2026-03-23,2026-03-24,Ganga Freight
SO0011176,2026-03-23,2026-03-25,Ganga Freight
SO0011177,2026-03-23,2026-03-24,Sahyadri Roadlines
SO0011178,2026-03-23,2026-03-25,Sahyadri Roadlines
SO0011179,2026-03-23,2026-03-25,Sahyadri Roadlines
SO0011180,2026-03-23,2026-03-25,Ganga Freight
SO0011182,2026-03-24,2026-03-25,Sahyadri Roadlines
SO0011183,2026-03-24,2026-03-25,Sahyadri Roadlines
SO0011184,2026-03-24,2026-03-26,Ganga Freight
SO0011185,2026-03-24,2026-03-26,Deccan Express Logistics
SO0011186,2026-03-24,2026-03-28,Deccan Express Logistics
SO0011187,2026-03-24,2026-03-26,Ganga Freight
SO0011188,2026-03-24,2026-03-25,Ganga Freight
SO0011189,2026-03-24,2026-03-26,Sahyadri Roadlines
SO0011190,2026-03-24,2026-03-26,Ganga Freight
SO0011191,2026-03-24,2026-03-26,Sahyadri Roadlines
SO0011192,2026-03-24,2026-03-28,Deccan Express Logistics
SO0011193,2026-03-25,2026-03-26,Deccan Express Logistics
SO0011194,2026-03-25,2026-03-27,Sahyadri Roadlines
SO0011195,2026-03-25,2026-03-29,Deccan Express Logistics
SO0011196,2026-03-25,2026-03-26,Deccan Express Logistics
SO0011197,2026-03-25,2026-03-27,Ganga Freight
SO0011198,2026-03-25,2026-03-26,Deccan Express Logistics
SO0011199,2026-03-25,2026-03-26,Sahyadri Roadlines
SO0011200,2026-03-25,2026-03-27,Deccan Express Logistics
SO0011201,2026-03-25,2026-03-26,Deccan Express Logistics
SO0011203,2026-03-25,2026-03-26,Deccan Express Logistics
SO0011208,2026-03-26,2026-03-28,Sahyadri Roadlines
SO0011209,2026-03-26,2026-03-29,Deccan Express Logistics
SO0011210,2026-03-26,2026-03-27,Ganga Freight
SO0011211,2026-03-26,2026-03-27,Ganga Freight
SO0011212,2026-03-26,2026-03-28,Deccan Express Logistics
SO0011213,2026-03-26,2026-03-29,Deccan Express Logistics
SO0011214,2026-03-26,2026-03-27,Ganga Freight
SO0011202,2026-03-26,2026-03-29,Sahyadri Roadlines
SO0011215,2026-03-26,2026-03-27,Ganga Freight
SO0011216,2026-03-26,2026-03-28,Sahyadri Roadlines
SO0011217,2026-03-26,2026-03-28,Ganga Freight
SO0011204,2026-03-26,2026-03-28,Sahyadri Roadlines
SO0011205,2026-03-26,2026-03-28,Deccan Express Logistics
SO0011206,2026-03-26,2026-03-28,Deccan Express Logistics
SO0011220,2026-03-27,2026-03-28,Deccan Express Logistics
SO0011221,2026-03-27,2026-03-30,Sahyadri Roadlines
SO0011232,2026-03-27,2026-03-30,Ganga Freight
SO0011222,2026-03-27,2026-03-29,Ganga Freight
SO0011223,2026-03-27,2026-03-30,Deccan Express Logistics
SO0011224,2026-03-27,2026-03-29,Sahyadri Roadlines
SO0011225,2026-03-27,2026-03-29,Deccan Express Logistics
SO0011226,2026-03-27,2026-03-28,Ganga Freight
SO0011227,2026-03-27,2026-03-28,Ganga Freight
SO0011228,2026-03-27,2026-03-29,Ganga Freight
SO0011229,2026-03-27,2026-03-28,Deccan Express Logistics
SO0011207,2026-03-27,2026-03-30,Ganga Freight
SO0011218,2026-03-27,2026-03-29,Deccan Express Logistics
SO0011219,2026-03-27,2026-03-29,Deccan Express Logistics
SO0011230,2026-03-27,2026-03-28,Sahyadri Roadlines
SO0011233,2026-03-28,2026-03-30,Ganga Freight
SO0011234,2026-03-28,2026-04-01,Deccan Express Logistics
SO0011235,2026-03-28,2026-04-01,Deccan Express Logistics
SO0011236,2026-03-28,2026-03-31,Sahyadri Roadlines
SO0011237,2026-03-28,2026-03-31,Sahyadri Roadlines
SO0011238,2026-03-28,2026-03-31,Ganga Freight
SO0011239,2026-03-28,2026-03-30,Sahyadri Roadlines
SO0011240,2026-03-28,2026-04-01,Sahyadri Roadlines
SO0011231,2026-03-28,2026-03-29,Ganga Freight
SO0011241,2026-03-28,2026-03-30,Sahyadri Roadlines
SO0011242,2026-03-28,2026-03-30,Deccan Express Logistics
SO0011243,2026-03-30,2026-04-01,Ganga Freight
SO0011244,2026-03-30,2026-03-31,Deccan Express Logistics
SO0011245,2026-03-30,2026-04-02,Sahyadri Roadlines
SO0011246,2026-03-30,2026-04-01,Ganga Freight
SO0011253,2026-03-30,2026-04-01,Deccan Express Logistics
SO0011247,2026-03-30,2026-03-31,Sahyadri Roadlines
SO0011248,2026-03-30,2026-03-31,Ganga Freight
SO0011249,2026-03-30,2026-03-31,Sahyadri Roadlines
SO0011250,2026-03-30,2026-04-01,Sahyadri Roadlines
SO0011251,2026-03-30,2026-04-02,Ganga Freight
SO0011252,2026-03-30,2026-04-01,Sahyadri Roadlines
SO0011254,2026-03-31,2026-04-01,Sahyadri Roadlines
SO0011255,2026-03-31,2026-04-01,Deccan Express Logistics
SO0011256,2026-03-31,2026-04-01,Sahyadri Roadlines
SO0011257,2026-03-31,2026-04-02,Ganga Freight
SO0011258,2026-03-31,2026-04-03,Ganga Freight
SO0011259,2026-03-31,2026-04-02,Ganga Freight
SO0011260,2026-03-31,2026-04-02,Deccan Express Logistics
SO0011261,2026-03-31,2026-04-02,Deccan Express Logistics
SO0011262,2026-03-31,2026-04-01,Ganga Freight
SO0011263,2026-03-31,2026-04-03,Ganga Freight
SO0011264,2026-03-31,2026-04-02,Deccan Express Logistics
